split,idx,y_true,p_pos
test,0,0,0.006513
test,1,0,0.138637
test,2,0,0.006413
test,3,0,0.068787
test,4,0,0.996286
test,5,0,0.011365
test,6,0,0.018405
test,7,0,0.002850
test,8,0,0.003915
test,9,0,0.002720
test,10,0,0.002642
test,11,0,0.019890
test,12,0,0.002873
test,13,0,0.016309
test,14,0,0.005011
test,15,0,0.011245
test,16,0,0.006603
test,17,0,0.006693
test,18,0,0.996455
test,19,0,0.007696
test,20,0,0.990366
test,21,0,0.152158
test,22,0,0.004451
test,23,0,0.007360
test,24,0,0.010945
test,25,0,0.006732
test,26,0,0.227126
test,27,0,0.064713
test,28,0,0.004023
test,29,0,0.114715
test,30,0,0.008561
test,31,0,0.002817
test,32,0,0.934035
test,33,0,0.005797
test,34,0,0.007969
test,35,0,0.002683
test,36,0,0.043285
test,37,0,0.942454
test,38,0,0.003594
test,39,0,0.007108
test,40,0,0.003511
test,41,0,0.004628
test,42,0,0.005031
test,43,0,0.003260
test,44,0,0.004315
test,45,0,0.003063
test,46,0,0.762070
test,47,0,0.005240
test,48,0,0.002924
test,49,0,0.002790
test,50,0,0.010150
test,51,0,0.050988
test,52,0,0.005697
test,53,0,0.006864
test,54,0,0.024775
test,55,0,0.014104
test,56,0,0.037821
test,57,0,0.009126
test,58,0,0.026887
test,59,0,0.011869
test,60,0,0.003969
test,61,0,0.007969
test,62,0,0.006302
test,63,0,0.013795
test,64,0,0.002621
test,65,0,0.003477
test,66,0,0.023021
test,67,0,0.004374
test,68,0,0.003173
test,69,0,0.005385
test,70,0,0.012089
test,71,0,0.012408
test,72,0,0.003907
test,73,0,0.971618
test,74,0,0.062560
test,75,0,0.014392
test,76,0,0.007504
test,77,0,0.005946
test,78,0,0.010798
test,79,0,0.020745
test,80,0,0.003130
test,81,0,0.012674
test,82,0,0.007094
test,83,0,0.005190
test,84,0,0.005555
test,85,0,0.007403
test,86,0,0.150528
test,87,0,0.545218
test,88,0,0.989347
test,89,0,0.004468
test,90,0,0.003028
test,91,0,0.003324
test,92,0,0.083740
test,93,0,0.141045
test,94,0,0.002890
test,95,0,0.268366
test,96,0,0.022694
test,97,0,0.011497
test,98,0,0.138520
test,99,0,0.003273
test,100,0,0.003497
test,101,0,0.017292
test,102,0,0.003396
test,103,0,0.121321
test,104,0,0.003802
test,105,0,0.004682
test,106,0,0.005140
test,107,0,0.011115
test,108,0,0.003052
test,109,0,0.331120
test,110,0,0.008000
test,111,0,0.003390
test,112,0,0.008204
test,113,0,0.004718
test,114,0,0.051942
test,115,0,0.005190
test,116,0,0.004953
test,117,0,0.004046
test,118,0,0.227985
test,119,0,0.010170
test,120,0,0.004755
test,121,0,0.033274
test,122,0,0.008236
test,123,0,0.004094
test,124,0,0.694355
test,125,0,0.004248
test,126,0,0.005598
test,127,0,0.003907
test,128,0,0.014644
test,129,0,0.829146
test,130,0,0.007332
test,131,0,0.007403
test,132,0,0.633127
test,133,0,0.005469
test,134,0,0.010072
test,135,0,0.002694
test,136,0,0.007969
test,137,0,0.009250
test,138,0,0.005374
test,139,0,0.003324
test,140,0,0.031769
test,141,0,0.004774
test,142,0,0.002710
test,143,0,0.981962
test,144,0,0.008031
test,145,0,0.004000
test,146,0,0.003344
test,147,0,0.006074
test,148,0,0.368832
test,149,0,0.047558
test,150,0,0.005459
test,151,0,0.004664
test,152,0,0.003945
test,153,0,0.908374
test,154,0,0.004858
test,155,0,0.004340
test,156,0,0.002736
test,157,0,0.004298
test,158,0,0.005980
test,159,0,0.002981
test,160,0,0.990422
test,161,0,0.004281
test,162,0,0.003390
test,163,0,0.006145
test,164,0,0.002726
test,165,0,0.002678
test,166,0,0.003477
test,167,0,0.008762
test,168,0,0.003758
test,169,0,0.003167
test,170,0,0.003900
test,171,0,0.003629
test,172,0,0.003832
test,173,0,0.005031
test,174,0,0.002731
test,175,0,0.003185
test,176,0,0.003884
test,177,0,0.003087
test,178,0,0.004399
test,179,0,0.002668
test,180,0,0.002981
test,181,0,0.006376
test,182,0,0.002449
test,183,0,0.912514
test,184,0,0.981293
test,185,0,0.003229
test,186,0,0.010288
test,187,0,0.004896
test,188,0,0.028034
test,189,0,0.004512
test,190,0,0.003318
test,191,0,0.005664
test,192,0,0.052912
test,193,0,0.002720
test,194,0,0.688049
test,195,0,0.023087
test,196,0,0.005797
test,197,0,0.002652
test,198,0,0.009358
test,199,0,0.004802
test,200,0,0.026056
test,201,0,0.417509
test,202,0,0.020004
test,203,0,0.033653
test,204,0,0.004256
test,205,0,0.003953
test,206,0,0.004601
test,207,0,0.006438
test,208,0,0.023780
test,209,0,0.002912
test,210,0,0.003124
test,211,0,0.007475
test,212,0,0.008078
test,213,0,0.006426
test,214,0,0.004934
test,215,0,0.002912
test,216,0,0.003179
test,217,0,0.005992
test,218,0,0.974018
test,219,0,0.006241
test,220,0,0.003423
test,221,0,0.003552
test,222,0,0.003915
test,223,0,0.006145
test,224,0,0.002975
test,225,0,0.002449
test,226,0,0.007577
test,227,0,0.969556
test,228,0,0.002884
test,229,0,0.003430
test,230,0,0.987616
test,231,0,0.063251
test,232,0,0.005480
test,233,0,0.008951
test,234,0,0.026007
test,235,0,0.097262
test,236,0,0.301671
test,237,0,0.004182
test,238,0,0.003063
test,239,0,0.004425
test,240,0,0.003357
test,241,0,0.005051
test,242,0,0.017577
test,243,0,0.013663
test,244,0,0.867934
test,245,0,0.002958
test,246,0,0.002924
test,247,0,0.005200
test,248,0,0.016818
test,249,0,0.002801
test,250,0,0.013822
test,251,0,0.002918
test,252,0,0.091220
test,253,0,0.002941
test,254,0,0.002774
test,255,0,0.007275
test,256,0,0.002406
test,257,0,0.013428
test,258,0,0.003267
test,259,0,0.005021
test,260,0,0.005312
test,261,0,0.005544
test,262,0,0.004298
test,263,0,0.004315
test,264,0,0.002964
test,265,0,0.886027
test,266,0,0.004207
test,267,0,0.005406
test,268,0,0.027066
test,269,0,0.010052
test,270,0,0.005120
test,271,0,0.077448
test,272,0,0.006958
test,273,0,0.003976
test,274,0,0.003877
test,275,0,0.005002
test,276,0,0.007681
test,277,0,0.014104
test,278,0,0.040313
test,279,0,0.006890
test,280,0,0.007577
test,281,0,0.017969
test,282,0,0.003273
test,283,0,0.006193
test,284,0,0.018370
test,285,0,0.976957
test,286,0,0.007121
test,287,0,0.006958
test,288,0,0.985635
test,289,0,0.906983
test,290,0,0.006904
test,291,0,0.004046
test,292,0,0.006157
test,293,0,0.050894
test,294,0,0.006539
test,295,0,0.006890
test,296,0,0.712382
test,297,0,0.003643
test,298,0,0.002689
test,299,0,0.004142
test,300,0,0.005240
test,301,0,0.003248
test,302,0,0.003191
test,303,0,0.004315
test,304,0,0.003787
test,305,0,0.002657
test,306,0,0.010860
test,307,0,0.009055
test,308,0,0.701509
test,309,0,0.003136
test,310,0,0.003773
test,311,0,0.010328
test,312,0,0.002453
test,313,0,0.995226
test,314,0,0.006784
test,315,0,0.003524
test,316,0,0.005374
test,317,0,0.008830
test,318,0,0.075517
test,319,0,0.002531
test,320,0,0.012710
test,321,0,0.010591
test,322,0,0.003773
test,323,0,0.003410
test,324,0,0.021595
test,325,0,0.003292
test,326,0,0.003136
test,327,0,0.004000
test,328,0,0.004709
test,329,0,0.004737
test,330,0,0.007053
test,331,0,0.002153
test,332,0,0.003817
test,333,0,0.005011
test,334,0,0.005512
test,335,0,0.003010
test,336,0,0.114220
test,337,0,0.011453
test,338,0,0.011420
test,339,0,0.009690
test,340,0,0.012100
test,341,0,0.008140
test,342,0,0.008000
test,343,0,0.013046
test,344,0,0.918261
test,345,0,0.005343
test,346,0,0.003204
test,347,0,0.011823
test,348,0,0.008172
test,349,0,0.002785
test,350,0,0.028953
test,351,0,0.008429
test,352,0,0.003331
test,353,0,0.856512
test,354,0,0.010663
test,355,0,0.014672
test,356,0,0.235021
test,357,0,0.004039
test,358,0,0.011755
test,359,0,0.003817
test,360,0,0.002981
test,361,0,0.003423
test,362,0,0.008577
test,363,0,0.516992
test,364,0,0.003430
test,365,0,0.002952
test,366,0,0.008528
test,367,0,0.003483
test,368,0,0.177098
test,369,0,0.002726
test,370,0,0.893030
test,371,0,0.002785
test,372,0,0.002411
test,373,0,0.006771
test,374,0,0.003430
test,375,0,0.004442
test,376,0,0.002715
test,377,0,0.003254
test,378,0,0.007696
test,379,0,0.003286
test,380,0,0.003531
test,381,0,0.029036
test,382,0,0.009504
test,383,0,0.969671
test,384,0,0.016561
test,385,0,0.003046
test,386,0,0.002941
test,387,0,0.007726
test,388,0,0.007969
test,389,0,0.003197
test,390,0,0.005021
test,391,0,0.014504
test,392,0,0.012420
test,393,0,0.007771
test,394,0,0.003286
test,395,0,0.002834
test,396,0,0.007636
test,397,0,0.008462
test,398,0,0.003961
test,399,0,0.007607
test,400,0,0.004102
test,401,0,0.004182
test,402,0,0.003248
test,403,0,0.002673
test,404,0,0.005775
test,405,0,0.694717
test,406,0,0.007953
test,407,0,0.012552
test,408,0,0.005130
test,409,0,0.009055
test,410,0,0.004094
test,411,0,0.004281
test,412,0,0.062103
test,413,0,0.006062
test,414,0,0.003984
test,415,0,0.017210
test,416,0,0.154759
test,417,0,0.005427
test,418,0,0.005060
test,419,0,0.992920
test,420,0,0.006476
test,421,0,0.005302
test,422,0,0.003915
test,423,0,0.016246
test,424,0,0.008000
test,425,0,0.007756
test,426,0,0.008511
test,427,0,0.003160
test,428,0,0.008528
test,429,0,0.003483
test,430,0,0.011869
test,431,0,0.034980
test,432,0,0.002823
test,433,0,0.014200
test,434,0,0.002541
test,435,0,0.719482
test,436,0,0.057865
test,437,0,0.006229
test,438,0,0.004365
test,439,0,0.016014
test,440,0,0.010418
test,441,0,0.012135
test,442,0,0.037644
test,443,0,0.004700
test,444,0,0.008847
test,445,0,0.204819
test,446,0,0.973620
test,447,0,0.032806
test,448,0,0.029563
test,449,0,0.002998
test,450,0,0.008156
test,451,0,0.003130
test,452,0,0.009898
test,453,0,0.019531
test,454,0,0.016705
test,455,0,0.002952
test,456,0,0.003034
test,457,0,0.003004
test,458,0,0.003538
test,459,0,0.003229
test,460,0,0.004783
test,461,0,0.002566
test,462,0,0.005080
test,463,0,0.004191
test,464,0,0.006850
test,465,0,0.002878
test,466,0,0.008236
test,467,0,0.005797
test,468,0,0.003969
test,469,0,0.004877
test,470,0,0.003664
test,471,0,0.003470
test,472,0,0.005854
test,473,0,0.005946
test,474,0,0.003930
test,475,0,0.017210
test,476,0,0.008046
test,477,0,0.004094
test,478,0,0.915959
test,479,0,0.955981
test,480,0,0.005051
test,481,0,0.004094
test,482,0,0.925567
test,483,0,0.078678
test,484,0,0.016153
test,485,0,0.011973
test,486,0,0.003416
test,487,0,0.004015
test,488,0,0.004340
test,489,0,0.003430
test,490,0,0.002987
test,491,0,0.004150
test,492,0,0.005888
test,493,0,0.002586
test,494,0,0.002924
test,495,0,0.003483
test,496,0,0.002834
test,497,0,0.024822
test,498,0,0.002828
test,499,0,0.005797
test,500,0,0.016785
test,501,0,0.017210
test,502,0,0.005555
test,503,0,0.003608
test,504,0,0.004408
test,505,0,0.007108
test,506,0,0.003552
test,507,0,0.011321
test,508,0,0.004000
test,509,0,0.002473
test,510,0,0.005797
test,511,0,0.013532
test,512,0,0.004290
test,513,0,0.003299
test,514,0,0.004820
test,515,0,0.002647
test,516,0,0.733356
test,517,0,0.006706
test,518,0,0.003729
test,519,0,0.003105
test,520,0,0.024940
test,521,0,0.010591
test,522,0,0.005854
test,523,0,0.003559
test,524,0,0.007681
test,525,0,0.649023
test,526,0,0.955026
test,527,0,0.989140
test,528,0,0.024168
test,529,0,0.003456
test,530,0,0.011288
test,531,0,0.003643
test,532,0,0.002473
test,533,0,0.004191
test,534,0,0.977219
test,535,0,0.003854
test,536,0,0.003817
test,537,0,0.006513
test,538,0,0.310485
test,539,0,0.011332
test,540,0,0.669691
test,541,0,0.007360
test,542,0,0.010229
test,543,0,0.002958
test,544,0,0.003751
test,545,0,0.003969
test,546,0,0.008899
test,547,0,0.003160
test,548,0,0.005911
test,549,0,0.002647
test,550,0,0.009268
test,551,0,0.003930
test,552,0,0.002884
test,553,0,0.009975
test,554,0,0.008627
test,555,0,0.005002
test,556,0,0.011137
test,557,0,0.002710
test,558,0,0.003470
test,559,0,0.982922
test,560,0,0.009559
test,561,0,0.012336
test,562,0,0.002596
test,563,0,0.003984
test,564,0,0.023509
test,565,0,0.004992
test,566,0,0.956104
test,567,0,0.947624
test,568,0,0.004070
test,569,0,0.005261
test,570,0,0.006266
test,571,0,0.018212
test,572,0,0.006004
test,573,0,0.004849
test,574,0,0.008015
test,575,0,0.003142
test,576,0,0.004783
test,577,0,0.004764
test,578,0,0.012031
test,579,0,0.005220
test,580,0,0.967960
test,581,0,0.003099
test,582,0,0.012432
test,583,0,0.020864
test,584,0,0.993961
test,585,0,0.010714
test,586,0,0.051177
test,587,0,0.009268
test,588,0,0.349227
test,589,0,0.004655
test,590,0,0.003443
test,591,0,0.024446
test,592,0,0.567053
test,593,0,0.003260
test,594,0,0.048316
test,595,0,0.002652
test,596,0,0.008711
test,597,0,0.004905
test,598,0,0.003573
test,599,0,0.024054
test,600,0,0.038975
test,601,0,0.004973
test,602,0,0.046292
test,603,0,0.028707
test,604,0,0.005533
test,605,0,0.006811
test,606,0,0.006513
test,607,0,0.979275
test,608,0,0.010489
test,609,0,0.006145
test,610,0,0.006241
test,611,0,0.008364
test,612,0,0.007446
test,613,0,0.006771
test,614,0,0.004290
test,615,0,0.002606
test,616,0,0.006145
test,617,0,0.214280
test,618,0,0.003254
test,619,0,0.006401
test,620,0,0.987568
test,621,0,0.004953
test,622,0,0.002941
test,623,0,0.002901
test,624,0,0.023712
test,625,0,0.005775
test,626,0,0.004365
test,627,0,0.090735
test,628,0,0.002673
test,629,0,0.005120
test,630,0,0.003884
test,631,0,0.002941
test,632,0,0.003118
test,633,0,0.043285
test,634,0,0.002591
test,635,0,0.002795
test,636,0,0.005395
test,637,0,0.003969
test,638,0,0.006229
test,639,0,0.003197
test,640,0,0.018160
test,641,0,0.005002
test,642,0,0.021410
test,643,0,0.004199
test,644,0,0.014518
test,645,0,0.003197
test,646,0,0.068040
test,647,0,0.002779
test,648,0,0.006426
test,649,0,0.004054
test,650,0,0.002526
test,651,0,0.004811
test,652,0,0.003390
test,653,0,0.004746
test,654,0,0.003839
test,655,0,0.003773
test,656,0,0.003344
test,657,0,0.003344
test,658,0,0.004374
test,659,0,0.005140
test,660,0,0.003945
test,661,0,0.008544
test,662,0,0.003292
test,663,0,0.004365
test,664,0,0.003430
test,665,0,0.103160
test,666,0,0.002704
test,667,0,0.003795
test,668,0,0.002601
test,669,0,0.841305
test,670,0,0.004199
test,671,0,0.007607
test,672,0,0.002720
test,673,0,0.004556
test,674,0,0.009214
test,675,0,0.007135
test,676,0,0.006169
test,677,0,0.003028
test,678,0,0.035712
test,679,0,0.003671
test,680,0,0.011486
test,681,0,0.003331
test,682,0,0.006985
test,683,0,0.013454
test,684,0,0.005631
test,685,0,0.006798
test,686,0,0.017276
test,687,0,0.003679
test,688,0,0.002806
test,689,0,0.003093
test,690,0,0.005469
test,691,0,0.994259
test,692,0,0.052912
test,693,0,0.005190
test,694,0,0.005642
test,695,0,0.016818
test,696,0,0.806243
test,697,0,0.005416
test,698,0,0.026456
test,699,0,0.166201
test,700,0,0.261944
test,701,0,0.995198
test,702,0,0.515445
test,703,0,0.002521
test,704,0,0.003416
test,705,0,0.003173
test,706,0,0.606732
test,707,0,0.991406
test,708,0,0.002774
test,709,0,0.007317
test,710,0,0.009179
test,711,0,0.019345
test,712,0,0.003877
test,713,0,0.012896
test,714,0,0.023871
test,715,0,0.991716
test,716,0,0.003216
test,717,0,0.028355
test,718,0,0.003216
test,719,0,0.010850
test,720,0,0.004886
test,721,0,0.992568
test,722,0,0.045948
test,723,0,0.003028
test,724,0,0.012432
test,725,0,0.007621
test,726,0,0.003930
test,727,0,0.005200
test,728,0,0.130507
test,729,0,0.002511
test,730,0,0.003643
test,731,0,0.298440
test,732,0,0.009413
test,733,0,0.939526
test,734,0,0.014928
test,735,0,0.061933
test,736,0,0.633637
test,737,0,0.016340
test,738,0,0.008000
test,739,0,0.011223
test,740,0,0.012674
test,741,0,0.723993
test,742,0,0.002652
test,743,0,0.002731
test,744,0,0.006217
test,745,0,0.003900
test,746,0,0.003463
test,747,0,0.006488
test,748,0,0.002975
test,749,0,0.041540
test,750,0,0.002439
test,751,0,0.784649
test,752,0,0.014504
test,753,0,0.015968
test,754,0,0.005923
test,755,0,0.002987
test,756,0,0.084342
test,757,0,0.009634
test,758,0,0.986258
test,759,0,0.007726
test,760,0,0.007892
test,761,0,0.062274
test,762,0,0.003112
test,763,0,0.003765
test,764,0,0.005002
test,765,0,0.002601
test,766,0,0.003396
test,767,0,0.002890
test,768,0,0.004340
test,769,0,0.514720
test,770,0,0.005877
test,771,0,0.003636
test,772,0,0.035578
test,773,0,0.003945
test,774,0,0.030043
test,775,0,0.002901
test,776,0,0.991571
test,777,0,0.003087
test,778,0,0.005719
test,779,0,0.786623
test,780,0,0.982971
test,781,0,0.063890
test,782,0,0.004637
test,783,0,0.002929
test,784,0,0.004574
test,785,0,0.003436
test,786,0,0.004425
test,787,0,0.064713
test,788,0,0.022890
test,789,0,0.006327
test,790,0,0.008678
test,791,0,0.004610
test,792,0,0.002845
test,793,0,0.007149
test,794,0,0.003318
test,795,0,0.004700
test,796,0,0.068226
test,797,0,0.002373
test,798,0,0.051893
test,799,0,0.004486
test,800,0,0.004207
test,801,0,0.009936
test,802,0,0.015233
test,803,0,0.004134
test,804,0,0.008220
test,805,0,0.996802
test,806,0,0.003299
test,807,0,0.007219
test,808,0,0.005741
test,809,0,0.005437
test,810,0,0.067731
test,811,0,0.008156
test,812,0,0.008413
test,813,0,0.020410
test,814,0,0.005385
test,815,0,0.003580
test,816,0,0.005090
test,817,0,0.027195
test,818,0,0.004468
test,819,0,0.006426
test,820,0,0.030938
test,821,0,0.007726
test,822,0,0.007923
test,823,0,0.002873
test,824,0,0.028436
test,825,0,0.008495
test,826,0,0.020274
test,827,0,0.006680
test,828,0,0.004849
test,829,0,0.974869
test,830,0,0.027221
test,831,0,0.222869
test,832,0,0.006811
test,833,0,0.005911
test,834,0,0.004746
test,835,0,0.009879
test,836,0,0.017577
test,837,0,0.003312
test,838,0,0.002507
test,839,0,0.775265
test,840,0,0.003052
test,841,0,0.002411
test,842,0,0.006971
test,843,0,0.006327
test,844,0,0.002742
test,845,0,0.003248
test,846,0,0.003312
test,847,0,0.979919
test,848,0,0.036494
test,849,0,0.005261
test,850,0,0.004273
test,851,0,0.007108
test,852,0,0.005011
test,853,0,0.951549
test,854,0,0.003148
test,855,0,0.004830
test,856,0,0.044266
test,857,0,0.003817
test,858,0,0.002704
test,859,0,0.012821
test,860,0,0.003517
test,861,0,0.003615
test,862,0,0.088978
test,863,0,0.002256
test,864,0,0.319360
test,865,0,0.003403
test,866,0,0.007861
test,867,0,0.977241
test,868,0,0.003580
test,869,0,0.005719
test,870,0,0.710879
test,871,0,0.015410
test,872,0,0.008627
test,873,0,0.002439
test,874,0,0.004062
test,875,0,0.004547
test,876,0,0.005675
test,877,0,0.005200
test,878,0,0.002924
test,879,0,0.002736
test,880,0,0.005011
test,881,0,0.014490
test,882,0,0.007149
test,883,0,0.018671
test,884,0,0.012456
test,885,0,0.003093
test,886,0,0.003357
test,887,0,0.986098
test,888,0,0.002850
test,889,0,0.079997
test,890,0,0.011519
test,891,0,0.003531
test,892,0,0.008172
test,893,0,0.010033
test,894,0,0.140749
test,895,0,0.007275
test,896,0,0.004477
test,897,0,0.008109
test,898,0,0.002895
test,899,0,0.004830
test,900,0,0.003028
test,901,0,0.994667
test,902,0,0.005923
test,903,0,0.017459
test,904,0,0.669205
test,905,0,0.020100
test,906,0,0.004062
test,907,0,0.005911
test,908,0,0.005354
test,909,0,0.004682
test,910,0,0.006169
test,911,0,0.012147
test,912,0,0.019033
test,913,0,0.002884
test,914,0,0.003664
test,915,0,0.003729
test,916,0,0.995133
test,917,0,0.785802
test,918,0,0.006864
test,919,0,0.061480
test,920,0,0.036152
test,921,0,0.003436
test,922,0,0.004007
test,923,0,0.008882
test,924,0,0.006266
test,925,0,0.006121
test,926,0,0.012019
test,927,0,0.004315
test,928,0,0.005820
test,929,0,0.002867
test,930,0,0.004357
test,931,0,0.004503
test,932,0,0.004070
test,933,0,0.003517
test,934,0,0.004925
test,935,0,0.016014
test,936,0,0.986598
test,937,0,0.007121
test,938,0,0.005060
test,939,0,0.004332
test,940,0,0.172102
test,941,0,0.009304
test,942,0,0.982254
test,943,0,0.015574
test,944,0,0.005544
test,945,0,0.004281
test,946,0,0.011823
test,947,0,0.885829
test,948,0,0.005911
test,949,0,0.432812
test,950,0,0.167219
test,951,0,0.003118
test,952,0,0.004232
test,953,0,0.007039
test,954,0,0.733165
test,955,0,0.007025
test,956,0,0.014814
test,957,0,0.174692
test,958,0,0.018815
test,959,0,0.008745
test,960,0,0.012171
test,961,0,0.007275
test,962,0,0.004973
test,963,0,0.004174
test,964,0,0.006181
test,965,0,0.004709
test,966,0,0.024215
test,967,0,0.006062
test,968,0,0.918918
test,969,0,0.007303
test,970,0,0.004298
test,971,0,0.005312
test,972,0,0.055413
test,973,0,0.013338
test,974,0,0.003318
test,975,0,0.003686
test,976,0,0.003615
test,977,0,0.002987
test,978,0,0.002895
test,979,0,0.003953
test,980,0,0.924142
test,981,0,0.010714
test,982,0,0.043083
test,983,0,0.008544
test,984,0,0.059374
test,985,0,0.003390
test,986,0,0.007726
test,987,0,0.978281
test,988,0,0.003594
test,989,0,0.011321
test,990,0,0.003992
test,991,0,0.003204
test,992,0,0.865452
test,993,0,0.009214
test,994,0,0.004592
test,995,0,0.046034
test,996,0,0.005533
test,997,0,0.017094
test,998,0,0.004332
test,999,0,0.002591
test,1000,0,0.004102
test,1001,0,0.991032
test,1002,0,0.010632
test,1003,0,0.006133
test,1004,0,0.016122
test,1005,0,0.003357
test,1006,0,0.019051
test,1007,0,0.002895
test,1008,0,0.002401
test,1009,0,0.035079
test,1010,0,0.253584
test,1011,0,0.010052
test,1012,0,0.004802
test,1013,0,0.711631
test,1014,0,0.004802
test,1015,0,0.004174
test,1016,0,0.014986
test,1017,0,0.012662
test,1018,0,0.002616
test,1019,0,0.006193
test,1020,0,0.006998
test,1021,0,0.019290
test,1022,0,0.023331
test,1023,0,0.003847
test,1024,0,0.009746
test,1025,0,0.003470
test,1026,0,0.002964
test,1027,0,0.004592
test,1028,0,0.003216
test,1029,0,0.003477
test,1030,0,0.004256
test,1031,0,0.002663
test,1032,0,0.003559
test,1033,0,0.003148
test,1034,0,0.002873
test,1035,0,0.003028
test,1036,0,0.002392
test,1037,0,0.933854
test,1038,0,0.005946
test,1039,0,0.003286
test,1040,0,0.003299
test,1041,0,0.005292
test,1042,0,0.100437
test,1043,0,0.003729
test,1044,0,0.007446
test,1045,0,0.002411
test,1046,0,0.003862
test,1047,0,0.003517
test,1048,0,0.003046
test,1049,0,0.003299
test,1050,0,0.003267
test,1051,0,0.002487
test,1052,0,0.006401
test,1053,0,0.005843
test,1054,0,0.006401
test,1055,0,0.003693
test,1056,0,0.005523
test,1057,0,0.004746
test,1058,0,0.003248
test,1059,0,0.004486
test,1060,0,0.007475
test,1061,0,0.070176
test,1062,0,0.020685
test,1063,0,0.006364
test,1064,0,0.011201
test,1065,0,0.006039
test,1066,0,0.008348
test,1067,0,0.005697
test,1068,0,0.004849
test,1069,0,0.009126
test,1070,0,0.003765
test,1071,0,0.010229
test,1072,0,0.006133
test,1073,0,0.002720
test,1074,0,0.007039
test,1075,0,0.982220
test,1076,0,0.005100
test,1077,0,0.003622
test,1078,0,0.027611
test,1079,0,0.005609
test,1080,0,0.004348
test,1081,0,0.015529
test,1082,0,0.003671
test,1083,0,0.004628
test,1084,0,0.010229
test,1085,0,0.003517
test,1086,0,0.003148
test,1087,0,0.004764
test,1088,0,0.007332
test,1089,0,0.003087
test,1090,0,0.002998
test,1091,0,0.002779
test,1092,0,0.004126
test,1093,0,0.047382
test,1094,0,0.002790
test,1095,0,0.002642
test,1096,0,0.016340
test,1097,0,0.003318
test,1098,0,0.003531
test,1099,0,0.003286
test,1100,0,0.004382
test,1101,0,0.004592
test,1102,0,0.019161
test,1103,0,0.006864
test,1104,0,0.003504
test,1105,0,0.006193
test,1106,0,0.006971
test,1107,0,0.009975
test,1108,0,0.003093
test,1109,0,0.005969
test,1110,0,0.002747
test,1111,0,0.006971
test,1112,0,0.004323
test,1113,0,0.017342
test,1114,0,0.003580
test,1115,0,0.005598
test,1116,0,0.005395
test,1117,0,0.003040
test,1118,0,0.013020
test,1119,0,0.996406
test,1120,0,0.003443
test,1121,0,0.002392
test,1122,0,0.163445
test,1123,0,0.007490
test,1124,0,0.046812
test,1125,0,0.971293
test,1126,0,0.005002
test,1127,0,0.010871
test,1128,0,0.961786
test,1129,0,0.003765
test,1130,0,0.006086
test,1131,0,0.004556
test,1132,0,0.004134
test,1133,0,0.004512
test,1134,0,0.011201
test,1135,0,0.004830
test,1136,0,0.006364
test,1137,0,0.005653
test,1138,0,0.005653
test,1139,0,0.014644
test,1140,0,0.005427
test,1141,0,0.003118
test,1142,0,0.005374
test,1143,0,0.018978
test,1144,0,0.003566
test,1145,0,0.004802
test,1146,0,0.003052
test,1147,0,0.017986
test,1148,0,0.991522
test,1149,0,0.014186
test,1150,0,0.006719
test,1151,0,0.188548
test,1152,0,0.181771
test,1153,0,0.004134
test,1154,0,0.012601
test,1155,0,0.003976
test,1156,0,0.026912
test,1157,0,0.004700
test,1158,0,0.021969
test,1159,0,0.006413
test,1160,0,0.054399
test,1161,0,0.026056
test,1162,0,0.007108
test,1163,0,0.007801
test,1164,0,0.054249
test,1165,0,0.058777
test,1166,0,0.003010
test,1167,0,0.002969
test,1168,0,0.004174
test,1169,0,0.003436
test,1170,0,0.007053
test,1171,0,0.004015
test,1172,0,0.005190
test,1173,0,0.005512
test,1174,0,0.128197
test,1175,0,0.004215
test,1176,0,0.004425
test,1177,0,0.006339
test,1178,0,0.003552
test,1179,0,0.009765
test,1180,0,0.027743
test,1181,0,0.005501
test,1182,0,0.002571
test,1183,0,0.011927
test,1184,0,0.003969
test,1185,0,0.003075
test,1186,0,0.006526
test,1187,0,0.003780
test,1188,0,0.004538
test,1189,0,0.004530
test,1190,0,0.011029
test,1191,0,0.014504
test,1192,0,0.104112
test,1193,0,0.006229
test,1194,0,0.007923
test,1195,0,0.003299
test,1196,0,0.005200
test,1197,0,0.003545
test,1198,0,0.003686
test,1199,0,0.002663
test,1200,0,0.003802
test,1201,0,0.004166
test,1202,0,0.008830
test,1203,0,0.004348
test,1204,0,0.011961
test,1205,0,0.003130
test,1206,0,0.002763
test,1207,0,0.970212
test,1208,0,0.004207
test,1209,0,0.004078
test,1210,0,0.003456
test,1211,0,0.005261
test,1212,0,0.003305
test,1213,0,0.002785
test,1214,0,0.007332
test,1215,0,0.004046
test,1216,0,0.009708
test,1217,0,0.393997
test,1218,0,0.995842
test,1219,0,0.985608
test,1220,0,0.002878
test,1221,0,0.003034
test,1222,0,0.004382
test,1223,0,0.934991
test,1224,0,0.007135
test,1225,0,0.822189
test,1226,0,0.024893
test,1227,0,0.003636
test,1228,0,0.002987
test,1229,0,0.902952
test,1230,0,0.006229
test,1231,0,0.004118
test,1232,0,0.002596
test,1233,0,0.004223
test,1234,0,0.007039
test,1235,0,0.041540
test,1236,0,0.003324
test,1237,0,0.008332
test,1238,0,0.004207
test,1239,0,0.004086
test,1240,0,0.004102
test,1241,0,0.005642
test,1242,0,0.003463
test,1243,0,0.005697
test,1244,0,0.002856
test,1245,0,0.002790
test,1246,0,0.002463
test,1247,0,0.003057
test,1248,0,0.007816
test,1249,0,0.004521
test,1250,0,0.003167
test,1251,0,0.003622
test,1252,0,0.004110
test,1253,0,0.099996
test,1254,0,0.550456
test,1255,0,0.005251
test,1256,0,0.012324
test,1257,0,0.003869
test,1258,0,0.003222
test,1259,0,0.005140
test,1260,0,0.036425
test,1261,0,0.004486
test,1262,0,0.006958
test,1263,0,0.003538
test,1264,0,0.007461
test,1265,0,0.003318
test,1266,0,0.010189
test,1267,0,0.002373
test,1268,0,0.164114
test,1269,0,0.002878
test,1270,0,0.004915
test,1271,0,0.005911
test,1272,0,0.003707
test,1273,0,0.272315
test,1274,0,0.004547
test,1275,0,0.003477
test,1276,0,0.006121
test,1277,0,0.012797
test,1278,0,0.020062
test,1279,0,0.010632
test,1280,0,0.031709
test,1281,0,0.028248
test,1282,0,0.002637
test,1283,0,0.135690
test,1284,0,0.019833
test,1285,0,0.011343
test,1286,0,0.458008
test,1287,0,0.059976
test,1288,0,0.003907
test,1289,0,0.008762
test,1290,0,0.009108
test,1291,0,0.012933
test,1292,0,0.005180
test,1293,0,0.002946
test,1294,0,0.953188
test,1295,0,0.012384
test,1296,0,0.004015
test,1297,0,0.003063
test,1298,0,0.011147
test,1299,0,0.060252
test,1300,0,0.020139
test,1301,0,0.004486
test,1302,0,0.003700
test,1303,0,0.007533
test,1304,0,0.022222
test,1305,0,0.007938
test,1306,0,0.004460
test,1307,0,0.008015
test,1308,0,0.004746
test,1309,0,0.068226
test,1310,0,0.968797
test,1311,0,0.004583
test,1312,0,0.068600
test,1313,0,0.006971
test,1314,0,0.004007
test,1315,0,0.014406
test,1316,0,0.003273
test,1317,0,0.988580
test,1318,0,0.144934
test,1319,0,0.017729
test,1320,0,0.159741
test,1321,0,0.006758
test,1322,0,0.007219
test,1323,0,0.004158
test,1324,0,0.004655
test,1325,0,0.013415
test,1326,0,0.006784
test,1327,0,0.006217
test,1328,0,0.040693
test,1329,0,0.014914
test,1330,0,0.003273
test,1331,0,0.003350
test,1332,0,0.022180
test,1333,0,0.005741
test,1334,0,0.023509
test,1335,0,0.014857
test,1336,0,0.002449
test,1337,0,0.007726
test,1338,0,0.003324
test,1339,0,0.003643
test,1340,0,0.003608
test,1341,0,0.002795
test,1342,0,0.007303
test,1343,0,0.002907
test,1344,0,0.053354
test,1345,0,0.944638
test,1346,0,0.008268
test,1347,0,0.004256
test,1348,0,0.005854
test,1349,0,0.002817
test,1350,0,0.078607
test,1351,0,0.002768
test,1352,0,0.046725
test,1353,0,0.005271
test,1354,0,0.005150
test,1355,0,0.002726
test,1356,0,0.002497
test,1357,0,0.002812
test,1358,0,0.004191
test,1359,0,0.291939
test,1360,0,0.002987
test,1361,0,0.002758
test,1362,0,0.011094
test,1363,0,0.006290
test,1364,0,0.068662
test,1365,0,0.003173
test,1366,0,0.989119
test,1367,0,0.002596
test,1368,0,0.004718
test,1369,0,0.003615
test,1370,0,0.003331
test,1371,0,0.003566
test,1372,0,0.004039
test,1373,0,0.004839
test,1374,0,0.003736
test,1375,0,0.002497
test,1376,0,0.003450
test,1377,0,0.004365
test,1378,0,0.004015
test,1379,0,0.003650
test,1380,0,0.002637
test,1381,0,0.003884
test,1382,0,0.003594
test,1383,0,0.004365
test,1384,0,0.005090
test,1385,0,0.008125
test,1386,0,0.006266
test,1387,0,0.192691
test,1388,0,0.003884
test,1389,0,0.003154
test,1390,0,0.002758
test,1391,0,0.002673
test,1392,0,0.002823
test,1393,0,0.017900
test,1394,0,0.002969
test,1395,0,0.005031
test,1396,0,0.002935
test,1397,0,0.004486
test,1398,0,0.005577
test,1399,0,0.975969
test,1400,0,0.002616
test,1401,0,0.002731
test,1402,0,0.002430
test,1403,0,0.002611
test,1404,0,0.002541
test,1405,0,0.003179
test,1406,0,0.007651
test,1407,0,0.042523
test,1408,0,0.007771
test,1409,0,0.005448
test,1410,0,0.002521
test,1411,0,0.003729
test,1412,0,0.013083
test,1413,0,0.003854
test,1414,0,0.004468
test,1415,0,0.055720
test,1416,0,0.019308
test,1417,0,0.226998
test,1418,0,0.003594
test,1419,0,0.016641
test,1420,0,0.123471
test,1421,0,0.002952
test,1422,0,0.462708
test,1423,0,0.003260
test,1424,0,0.006401
test,1425,0,0.005675
test,1426,0,0.003034
test,1427,0,0.005697
test,1428,0,0.002616
test,1429,0,0.011420
test,1430,0,0.019738
test,1431,0,0.004046
test,1432,0,0.009055
test,1433,0,0.005587
test,1434,0,0.003057
test,1435,0,0.004512
test,1436,0,0.230920
test,1437,0,0.004046
test,1438,0,0.003286
test,1439,0,0.003130
test,1440,0,0.004746
test,1441,0,0.012396
test,1442,0,0.006811
test,1443,0,0.005312
test,1444,0,0.024988
test,1445,0,0.003497
test,1446,0,0.003686
test,1447,0,0.002817
test,1448,0,0.003324
test,1449,0,0.103386
test,1450,0,0.004503
test,1451,0,0.003693
test,1452,0,0.003511
test,1453,0,0.002895
test,1454,0,0.002975
test,1455,0,0.083815
test,1456,0,0.006339
test,1457,0,0.189071
test,1458,0,0.004102
test,1459,0,0.003370
test,1460,0,0.008316
test,1461,0,0.991221
test,1462,0,0.007504
test,1463,0,0.002611
test,1464,0,0.002627
test,1465,0,0.015922
test,1466,0,0.013480
test,1467,0,0.003832
test,1468,0,0.003028
test,1469,0,0.045395
test,1470,0,0.007261
test,1471,0,0.003210
test,1472,0,0.010268
test,1473,0,0.003357
test,1474,0,0.003357
test,1475,0,0.003832
test,1476,0,0.002981
test,1477,0,0.004332
test,1478,0,0.251832
test,1479,0,0.002779
test,1480,0,0.283285
test,1481,0,0.004417
test,1482,0,0.004323
test,1483,0,0.004700
test,1484,0,0.008000
test,1485,0,0.005002
test,1486,0,0.003305
test,1487,0,0.018334
test,1488,0,0.007816
test,1489,0,0.006564
test,1490,0,0.004565
test,1491,0,0.215929
test,1492,0,0.006811
test,1493,0,0.955194
test,1494,0,0.346790
test,1495,0,0.004556
test,1496,0,0.021719
test,1497,0,0.004849
test,1498,0,0.974653
test,1499,0,0.003124
test,1500,0,0.007403
test,1501,0,0.003318
test,1502,0,0.151781
test,1503,0,0.003470
test,1504,0,0.002895
test,1505,0,0.004166
test,1506,0,0.003945
test,1507,0,0.009126
test,1508,0,0.006944
test,1509,0,0.027690
test,1510,0,0.004820
test,1511,0,0.005150
test,1512,0,0.003636
test,1513,0,0.003229
test,1514,0,0.002975
test,1515,0,0.003945
test,1516,0,0.026355
test,1517,0,0.002556
test,1518,0,0.004530
test,1519,0,0.024238
test,1520,0,0.005354
test,1521,0,0.006133
test,1522,0,0.003423
test,1523,0,0.994225
test,1524,0,0.971886
test,1525,0,0.004166
test,1526,0,0.007247
test,1527,0,0.004477
test,1528,0,0.002912
test,1529,0,0.007374
test,1530,0,0.004905
test,1531,0,0.006958
test,1532,0,0.006062
test,1533,0,0.009304
test,1534,0,0.036563
test,1535,0,0.013889
test,1536,0,0.004199
test,1537,0,0.005491
test,1538,0,0.002551
test,1539,0,0.004174
test,1540,0,0.002993
test,1541,0,0.004182
test,1542,0,0.005820
test,1543,0,0.015739
test,1544,0,0.002785
test,1545,0,0.004240
test,1546,0,0.003403
test,1547,0,0.003081
test,1548,0,0.004792
test,1549,0,0.035847
test,1550,0,0.004015
test,1551,0,0.026305
test,1552,0,0.005642
test,1553,0,0.003463
test,1554,0,0.004199
test,1555,0,0.003615
test,1556,0,0.018090
test,1557,0,0.010368
test,1558,0,0.005416
test,1559,0,0.007636
test,1560,0,0.002890
test,1561,0,0.002492
test,1562,0,0.008172
test,1563,0,0.004232
test,1564,0,0.003517
test,1565,0,0.002975
test,1566,0,0.006680
test,1567,0,0.018851
test,1568,0,0.004973
test,1569,0,0.007923
test,1570,0,0.003587
test,1571,0,0.005374
test,1572,0,0.005533
test,1573,0,0.002699
test,1574,0,0.099733
test,1575,0,0.018725
test,1576,0,0.006351
test,1577,0,0.003210
test,1578,0,0.004298
test,1579,0,0.897156
test,1580,0,0.003191
test,1581,0,0.415996
test,1582,0,0.004182
test,1583,0,0.003587
test,1584,0,0.003700
test,1585,0,0.008830
test,1586,0,0.004460
test,1587,0,0.015160
test,1588,0,0.008000
test,1589,0,0.448925
test,1590,0,0.003657
test,1591,0,0.004240
test,1592,0,0.009161
test,1593,0,0.004565
test,1594,0,0.007289
test,1595,0,0.003142
test,1596,0,0.006680
test,1597,0,0.032806
test,1598,0,0.003517
test,1599,0,0.005364
test,1600,0,0.003722
test,1601,0,0.004150
test,1602,0,0.003081
test,1603,0,0.042325
test,1604,0,0.003915
test,1605,0,0.020587
test,1606,0,0.007756
test,1607,0,0.002616
test,1608,0,0.994677
test,1609,0,0.004802
test,1610,0,0.006074
test,1611,0,0.025982
test,1612,0,0.003363
test,1613,0,0.002929
test,1614,0,0.007094
test,1615,0,0.005865
test,1616,0,0.007066
test,1617,0,0.003099
test,1618,0,0.003337
test,1619,0,0.002571
test,1620,0,0.179028
test,1621,0,0.012504
test,1622,0,0.005544
test,1623,0,0.003312
test,1624,0,0.005730
test,1625,0,0.006181
test,1626,0,0.279337
test,1627,0,0.022890
test,1628,0,0.005512
test,1629,0,0.159021
test,1630,0,0.004232
test,1631,0,0.003517
test,1632,0,0.005437
test,1633,0,0.038142
test,1634,0,0.008728
test,1635,0,0.993229
test,1636,0,0.004547
test,1637,0,0.007533
test,1638,0,0.004118
test,1639,0,0.939913
test,1640,0,0.003390
test,1641,0,0.002531
test,1642,0,0.003787
test,1643,0,0.002596
test,1644,0,0.010268
test,1645,0,0.104112
test,1646,0,0.004062
test,1647,0,0.003490
test,1648,0,0.008678
test,1649,0,0.285920
test,1650,0,0.007461
test,1651,0,0.010777
test,1652,0,0.002901
test,1653,0,0.532022
test,1654,0,0.002652
test,1655,0,0.007094
test,1656,0,0.004610
test,1657,0,0.003714
test,1658,0,0.040351
test,1659,0,0.041540
test,1660,0,0.006603
test,1661,0,0.004070
test,1662,0,0.003884
test,1663,0,0.032590
test,1664,0,0.004015
test,1665,0,0.010189
test,1666,0,0.004944
test,1667,0,0.010829
test,1668,0,0.003028
test,1669,0,0.008413
test,1670,0,0.003312
test,1671,0,0.008284
test,1672,0,0.003862
test,1673,0,0.003046
test,1674,0,0.003028
test,1675,0,0.007846
test,1676,0,0.003945
test,1677,0,0.004223
test,1678,0,0.040465
test,1679,0,0.003260
test,1680,0,0.018194
test,1681,0,0.017746
test,1682,0,0.002581
test,1683,0,0.003248
test,1684,0,0.924824
test,1685,0,0.008951
test,1686,0,0.041774
test,1687,0,0.003707
test,1688,0,0.004915
test,1689,0,0.005753
test,1690,0,0.003331
test,1691,0,0.004215
test,1692,0,0.006890
test,1693,0,0.003160
test,1694,0,0.063482
test,1695,0,0.008847
test,1696,0,0.027247
test,1697,0,0.016947
test,1698,0,0.003081
test,1699,0,0.004574
test,1700,0,0.141045
test,1701,0,0.007846
test,1702,0,0.004357
test,1703,0,0.036118
test,1704,0,0.979823
test,1705,0,0.032467
test,1706,0,0.004655
test,1707,0,0.081629
test,1708,0,0.029817
test,1709,0,0.006388
test,1710,0,0.004046
test,1711,0,0.005544
test,1712,0,0.004315
test,1713,0,0.003976
test,1714,0,0.009908
test,1715,0,0.004078
test,1716,0,0.002907
test,1717,0,0.006074
test,1718,0,0.002907
test,1719,0,0.002487
test,1720,0,0.005480
test,1721,0,0.074973
test,1722,0,0.004315
test,1723,0,0.002873
test,1724,0,0.058669
test,1725,0,0.003907
test,1726,0,0.002406
test,1727,0,0.004062
test,1728,0,0.003191
test,1729,0,0.005566
test,1730,0,0.003267
test,1731,0,0.003847
test,1732,0,0.005566
test,1733,0,0.003862
test,1734,0,0.002473
test,1735,0,0.003383
test,1736,0,0.003396
test,1737,0,0.002774
test,1738,0,0.906818
test,1739,0,0.220426
test,1740,0,0.888178
test,1741,0,0.003608
test,1742,0,0.002699
test,1743,0,0.003318
test,1744,0,0.007149
test,1745,0,0.005609
test,1746,0,0.002521
test,1747,0,0.005051
test,1748,0,0.003693
test,1749,0,0.008031
test,1750,0,0.008300
test,1751,0,0.034197
test,1752,0,0.982117
test,1753,0,0.010808
test,1754,0,0.010818
test,1755,0,0.004538
test,1756,0,0.099470
test,1757,0,0.006121
test,1758,0,0.006771
test,1759,0,0.029146
test,1760,0,0.039490
test,1761,0,0.008046
test,1762,0,0.008332
test,1763,0,0.010150
test,1764,0,0.009746
test,1765,0,0.002785
test,1766,0,0.003802
test,1767,0,0.005865
test,1768,0,0.003436
test,1769,0,0.060919
test,1770,0,0.002319
test,1771,0,0.002867
test,1772,0,0.005797
test,1773,0,0.990551
test,1774,0,0.003063
test,1775,0,0.004054
test,1776,0,0.022307
test,1777,0,0.015604
test,1778,0,0.007066
test,1779,0,0.008078
test,1780,0,0.940408
test,1781,0,0.012958
test,1782,0,0.005865
test,1783,0,0.002924
test,1784,0,0.392861
test,1785,0,0.994077
test,1786,0,0.932453
test,1787,0,0.003130
test,1788,0,0.018779
test,1789,0,0.505645
test,1790,0,0.004802
test,1791,0,0.088583
test,1792,0,0.002878
test,1793,0,0.002867
test,1794,0,0.011094
test,1795,0,0.002556
test,1796,0,0.004547
test,1797,0,0.003686
test,1798,0,0.003160
test,1799,0,0.003892
test,1800,0,0.003884
test,1801,0,0.003511
test,1802,0,0.003470
test,1803,0,0.005060
test,1804,0,0.004442
test,1805,0,0.004306
test,1806,0,0.004382
test,1807,0,0.004062
test,1808,0,0.015029
test,1809,0,0.020430
test,1810,0,0.004273
test,1811,0,0.989948
test,1812,0,0.003463
test,1813,0,0.002890
test,1814,0,0.003028
test,1815,0,0.003436
test,1816,0,0.003976
test,1817,0,0.005448
test,1818,0,0.005865
test,1819,0,0.002993
test,1820,0,0.014282
test,1821,0,0.019681
test,1822,0,0.017078
test,1823,0,0.003900
test,1824,0,0.003112
test,1825,0,0.005934
test,1826,0,0.016293
test,1827,0,0.004867
test,1828,0,0.003976
test,1829,0,0.005719
test,1830,0,0.034326
test,1831,0,0.584360
test,1832,0,0.010601
test,1833,0,0.002673
test,1834,0,0.003124
test,1835,0,0.005011
test,1836,0,0.005120
test,1837,0,0.038071
test,1838,0,0.004357
test,1839,0,0.938857
test,1840,0,0.002473
test,1841,0,0.043043
test,1842,0,0.086401
test,1843,0,0.066327
test,1844,0,0.006290
test,1845,0,0.003984
test,1846,0,0.006850
test,1847,0,0.002596
test,1848,0,0.005865
test,1849,0,0.003524
test,1850,0,0.007969
test,1851,0,0.006364
test,1852,0,0.007332
test,1853,0,0.003396
test,1854,0,0.009161
test,1855,0,0.005354
test,1856,0,0.012312
test,1857,0,0.005620
test,1858,0,0.021781
test,1859,0,0.003915
test,1860,0,0.004925
test,1861,0,0.971806
test,1862,0,0.017029
test,1863,0,0.002895
test,1864,0,0.002657
test,1865,0,0.003847
test,1866,0,0.004755
test,1867,0,0.003780
test,1868,0,0.005190
test,1869,0,0.003235
test,1870,0,0.004682
test,1871,0,0.004000
test,1872,0,0.004425
test,1873,0,0.006376
test,1874,0,0.024540
test,1875,0,0.015815
test,1876,0,0.010653
test,1877,0,0.003028
test,1878,0,0.005070
test,1879,0,0.377971
test,1880,0,0.003318
test,1881,0,0.003463
test,1882,0,0.002611
test,1883,0,0.002964
test,1884,0,0.002779
test,1885,0,0.007756
test,1886,0,0.006732
test,1887,0,0.040655
test,1888,0,0.004332
test,1889,0,0.003046
test,1890,0,0.883839
test,1891,0,0.006501
test,1892,0,0.006217
test,1893,0,0.004811
test,1894,0,0.008015
test,1895,0,0.930774
test,1896,0,0.009268
test,1897,0,0.011115
test,1898,0,0.004547
test,1899,0,0.005448
test,1900,0,0.003650
test,1901,0,0.005416
test,1902,0,0.003235
test,1903,0,0.021719
test,1904,0,0.005292
test,1905,0,0.474332
test,1906,0,0.008644
test,1907,0,0.002924
test,1908,0,0.004126
test,1909,0,0.003046
test,1910,0,0.013248
test,1911,0,0.010976
test,1912,0,0.065605
test,1913,0,0.003657
test,1914,0,0.061031
test,1915,0,0.002616
test,1916,0,0.009486
test,1917,0,0.002801
test,1918,0,0.003312
test,1919,0,0.009486
test,1920,0,0.003511
test,1921,0,0.005865
test,1922,0,0.003587
test,1923,0,0.005544
test,1924,0,0.013663
test,1925,0,0.009055
test,1926,0,0.003022
test,1927,0,0.003081
test,1928,0,0.021865
test,1929,0,0.040503
test,1930,0,0.007696
test,1931,0,0.006193
test,1932,0,0.059866
test,1933,0,0.005459
test,1934,0,0.010818
test,1935,0,0.003729
test,1936,0,0.002918
test,1937,0,0.002694
test,1938,0,0.003010
test,1939,0,0.002715
test,1940,0,0.003081
test,1941,0,0.004512
test,1942,0,0.003892
test,1943,0,0.002993
test,1944,0,0.002941
test,1945,0,0.004664
test,1946,0,0.002591
test,1947,0,0.002768
test,1948,0,0.003099
test,1949,0,0.004574
test,1950,0,0.003490
test,1951,0,0.006266
test,1952,0,0.003357
test,1953,0,0.005934
test,1954,0,0.003016
test,1955,0,0.003052
test,1956,0,0.003900
test,1957,0,0.003383
test,1958,0,0.004802
test,1959,0,0.003299
test,1960,0,0.011029
test,1961,0,0.003377
test,1962,0,0.003028
test,1963,0,0.468395
test,1964,0,0.002657
test,1965,0,0.003105
test,1966,0,0.009504
test,1967,0,0.004737
test,1968,0,0.006145
test,1969,0,0.004078
test,1970,0,0.038793
test,1971,0,0.941654
test,1972,0,0.061819
test,1973,0,0.007923
test,1974,0,0.004755
test,1975,0,0.006850
test,1976,0,0.016122
test,1977,0,0.005140
test,1978,0,0.004601
test,1979,0,0.016168
test,1980,0,0.004728
test,1981,0,0.002785
test,1982,0,0.012336
test,1983,0,0.004248
test,1984,0,0.019106
test,1985,0,0.004340
test,1986,0,0.098860
test,1987,0,0.964422
test,1988,0,0.004915
test,1989,0,0.006501
test,1990,0,0.005741
test,1991,0,0.131452
test,1992,0,0.990587
test,1993,0,0.010368
test,1994,0,0.004755
test,1995,0,0.003130
test,1996,0,0.006438
test,1997,0,0.846133
test,1998,0,0.007289
test,1999,0,0.006628
test,2000,0,0.011332
test,2001,0,0.004357
test,2002,0,0.005080
test,2003,0,0.003907
test,2004,0,0.005323
test,2005,0,0.042364
test,2006,0,0.990348
test,2007,0,0.003004
test,2008,0,0.003497
test,2009,0,0.005708
test,2010,0,0.002566
test,2011,0,0.006050
test,2012,0,0.003594
test,2013,0,0.068289
test,2014,0,0.004700
test,2015,0,0.003714
test,2016,0,0.003022
test,2017,0,0.003136
test,2018,0,0.019253
test,2019,0,0.003722
test,2020,0,0.002946
test,2021,0,0.006015
test,2022,0,0.009394
test,2023,0,0.973894
test,2024,0,0.004094
test,2025,0,0.005854
test,2026,0,0.005957
test,2027,0,0.600408
test,2028,0,0.010229
test,2029,0,0.008252
test,2030,0,0.003854
test,2031,0,0.012277
test,2032,0,0.010673
test,2033,0,0.003390
test,2034,0,0.008429
test,2035,0,0.003832
test,2036,0,0.023871
test,2037,0,0.003945
test,2038,0,0.014616
test,2039,0,0.006015
test,2040,0,0.005281
test,2041,0,0.007636
test,2042,0,0.003286
test,2043,0,0.003545
test,2044,0,0.004774
test,2045,0,0.002839
test,2046,0,0.004628
test,2047,0,0.004039
test,2048,0,0.002647
test,2049,0,0.003832
test,2050,0,0.003758
test,2051,0,0.003099
test,2052,0,0.008140
test,2053,0,0.924483
test,2054,0,0.002541
test,2055,0,0.002987
test,2056,0,0.005070
test,2057,0,0.004391
test,2058,0,0.005664
test,2059,0,0.033495
test,2060,0,0.003022
test,2061,0,0.002895
test,2062,0,0.019625
test,2063,0,0.131118
test,2064,0,0.005031
test,2065,0,0.003081
test,2066,0,0.011586
test,2067,0,0.004102
test,2068,0,0.005210
test,2069,0,0.007771
test,2070,0,0.003945
test,2071,0,0.003847
test,2072,0,0.003436
test,2073,0,0.004182
test,2074,0,0.002768
test,2075,0,0.003559
test,2076,0,0.053010
test,2077,0,0.006217
test,2078,0,0.011094
test,2079,0,0.008495
test,2080,0,0.995018
test,2081,0,0.005587
test,2082,0,0.002981
test,2083,0,0.018887
test,2084,0,0.002993
test,2085,0,0.003722
test,2086,0,0.004150
test,2087,0,0.006133
test,2088,0,0.004718
test,2089,0,0.955981
test,2090,0,0.003443
test,2091,0,0.117978
test,2092,0,0.004215
test,2093,0,0.003832
test,2094,0,0.004182
test,2095,0,0.268701
test,2096,0,0.011915
test,2097,0,0.395835
test,2098,0,0.007907
test,2099,0,0.002473
test,2100,0,0.003222
test,2101,0,0.002521
test,2102,0,0.008528
test,2103,0,0.002731
test,2104,0,0.004886
test,2105,0,0.010014
test,2106,0,0.008796
test,2107,0,0.004896
test,2108,0,0.005011
test,2109,0,0.005130
test,2110,0,0.005395
test,2111,0,0.002278
test,2112,0,0.005364
test,2113,0,0.026632
test,2114,0,0.013809
test,2115,0,0.006877
test,2116,0,0.004682
test,2117,0,0.062217
test,2118,0,0.012809
test,2119,0,0.002817
test,2120,0,0.005664
test,2121,0,0.008268
test,2122,0,0.006314
test,2123,0,0.003254
test,2124,0,0.008316
test,2125,0,0.380773
test,2126,0,0.005011
test,2127,0,0.020765
test,2128,0,0.004925
test,2129,0,0.874346
test,2130,0,0.002747
test,2131,0,0.010209
test,2132,0,0.013402
test,2133,0,0.009898
test,2134,0,0.007094
test,2135,0,0.007577
test,2136,0,0.003063
test,2137,0,0.012920
test,2138,0,0.003707
test,2139,0,0.009394
test,2140,0,0.007417
test,2141,0,0.003160
test,2142,0,0.005323
test,2143,0,0.003900
test,2144,0,0.003254
test,2145,0,0.959649
test,2146,0,0.004944
test,2147,0,0.003969
test,2148,0,0.003191
test,2149,0,0.005797
test,2150,0,0.002929
test,2151,0,0.002790
test,2152,0,0.002576
test,2153,0,0.005697
test,2154,0,0.009376
test,2155,0,0.008172
test,2156,0,0.002823
test,2157,0,0.003531
test,2158,0,0.005923
test,2159,0,0.003390
test,2160,0,0.997042
test,2161,0,0.004332
test,2162,0,0.017045
test,2163,0,0.009541
test,2164,0,0.003722
test,2165,0,0.002473
test,2166,0,0.002975
test,2167,0,0.008000
test,2168,0,0.007877
test,2169,0,0.002502
test,2170,0,0.002941
test,2171,0,0.004281
test,2172,0,0.004191
test,2173,0,0.005220
test,2174,0,0.003787
test,2175,0,0.002790
test,2176,0,0.003524
test,2177,0,0.009784
test,2178,0,0.002720
test,2179,0,0.009746
test,2180,0,0.012124
test,2181,0,0.007984
test,2182,0,0.008577
test,2183,0,0.016466
test,2184,0,0.012171
test,2185,0,0.005730
test,2186,0,0.004281
test,2187,0,0.003130
test,2188,0,0.012241
test,2189,0,0.988154
test,2190,0,0.987351
test,2191,0,0.003456
test,2192,0,0.003292
test,2193,0,0.002785
test,2194,0,0.011586
test,2195,0,0.009841
test,2196,0,0.003430
test,2197,0,0.002606
test,2198,0,0.932883
test,2199,0,0.982987
test,2200,0,0.004944
test,2201,0,0.008078
test,2202,0,0.003118
test,2203,0,0.003601
test,2204,0,0.006438
test,2205,0,0.026531
test,2206,0,0.002736
test,2207,0,0.732783
test,2208,0,0.006339
test,2209,0,0.006364
test,2210,0,0.010179
test,2211,0,0.015937
test,2212,0,0.006771
test,2213,0,0.020410
test,2214,0,0.518409
test,2215,0,0.036459
test,2216,0,0.005820
test,2217,0,0.002975
test,2218,0,0.002795
test,2219,0,0.003148
test,2220,0,0.004070
test,2221,0,0.009879
test,2222,0,0.007205
test,2223,0,0.005051
test,2224,0,0.009898
test,2225,0,0.004207
test,2226,0,0.006339
test,2227,0,0.003403
test,2228,0,0.002878
test,2229,0,0.002975
test,2230,0,0.018021
test,2231,0,0.003057
test,2232,0,0.005002
test,2233,0,0.002742
test,2234,0,0.003069
test,2235,0,0.007303
test,2236,0,0.003517
test,2237,0,0.002621
test,2238,0,0.006850
test,2239,0,0.006463
test,2240,0,0.988403
test,2241,0,0.003679
test,2242,0,0.011801
test,2243,0,0.011575
test,2244,0,0.008985
test,2245,0,0.892656
test,2246,0,0.005664
test,2247,0,0.058561
test,2248,0,0.023509
test,2249,0,0.010111
test,2250,0,0.017900
test,2251,0,0.021719
test,2252,0,0.006931
test,2253,0,0.009376
test,2254,0,0.004158
test,2255,0,0.007877
test,2256,0,0.045058
test,2257,0,0.024988
test,2258,0,0.004070
test,2259,0,0.002895
test,2260,0,0.004357
test,2261,0,0.005210
test,2262,0,0.015189
test,2263,0,0.005220
test,2264,0,0.009541
test,2265,0,0.007219
test,2266,0,0.003204
test,2267,0,0.986376
test,2268,0,0.130895
test,2269,0,0.017935
test,2270,0,0.974018
test,2271,0,0.013033
test,2272,0,0.002901
test,2273,0,0.008745
test,2274,0,0.003580
test,2275,0,0.003443
test,2276,0,0.022457
test,2277,0,0.002987
test,2278,0,0.002993
test,2279,0,0.004460
test,2280,0,0.003930
test,2281,0,0.007953
test,2282,0,0.003765
test,2283,0,0.020235
test,2284,0,0.004357
test,2285,0,0.014588
test,2286,0,0.005210
test,2287,0,0.019290
test,2288,0,0.002511
test,2289,0,0.008364
test,2290,0,0.003824
test,2291,0,0.008544
test,2292,0,0.995133
test,2293,0,0.017883
test,2294,0,0.004408
test,2295,0,0.003832
test,2296,0,0.003324
test,2297,0,0.002912
test,2298,0,0.004399
test,2299,0,0.177811
test,2300,0,0.008813
test,2301,0,0.004434
test,2302,0,0.555307
test,2303,0,0.014842
test,2304,0,0.023939
test,2305,0,0.015906
test,2306,0,0.005512
test,2307,0,0.003305
test,2308,0,0.005775
test,2309,0,0.002606
test,2310,0,0.008577
test,2311,0,0.240239
test,2312,0,0.003057
test,2313,0,0.002364
test,2314,0,0.003148
test,2315,0,0.002964
test,2316,0,0.005080
test,2317,0,0.007548
test,2318,0,0.006098
test,2319,0,0.003260
test,2320,0,0.700178
test,2321,0,0.005854
test,2322,0,0.980839
test,2323,0,0.003344
test,2324,0,0.010308
test,2325,0,0.009784
test,2326,0,0.003279
test,2327,0,0.009994
test,2328,0,0.006290
test,2329,0,0.013467
test,2330,0,0.002795
test,2331,0,0.015709
test,2332,0,0.013532
test,2333,0,0.010694
test,2334,0,0.010520
test,2335,0,0.041153
test,2336,0,0.023109
test,2337,0,0.006667
test,2338,0,0.014490
test,2339,0,0.003191
test,2340,0,0.003714
test,2341,0,0.004315
test,2342,0,0.054249
test,2343,0,0.003686
test,2344,0,0.008204
test,2345,0,0.005577
test,2346,0,0.006074
test,2347,0,0.003305
test,2348,0,0.004408
test,2349,0,0.004000
test,2350,0,0.006877
test,2351,0,0.885285
test,2352,0,0.991684
test,2353,0,0.002969
test,2354,0,0.019606
test,2355,0,0.004925
test,2356,0,0.004078
test,2357,0,0.004728
test,2358,0,0.005992
test,2359,0,0.012360
test,2360,0,0.003443
test,2361,0,0.003839
test,2362,0,0.011126
test,2363,0,0.734596
test,2364,0,0.005190
test,2365,0,0.993649
test,2366,0,0.008140
test,2367,0,0.006680
test,2368,0,0.004039
test,2369,0,0.020391
test,2370,0,0.005406
test,2371,0,0.022117
test,2372,0,0.030272
test,2373,0,0.003839
test,2374,0,0.002683
test,2375,0,0.004425
test,2376,0,0.626010
test,2377,0,0.007681
test,2378,0,0.005501
test,2379,0,0.008140
test,2380,0,0.011665
test,2381,0,0.007490
test,2382,0,0.030502
test,2383,0,0.004126
test,2384,0,0.032528
test,2385,0,0.085556
test,2386,0,0.024633
test,2387,0,0.302134
test,2388,0,0.004468
test,2389,0,0.055056
test,2390,0,0.114023
test,2391,0,0.003483
test,2392,0,0.005598
test,2393,0,0.004764
test,2394,0,0.006603
test,2395,0,0.003839
test,2396,0,0.010818
test,2397,0,0.003312
test,2398,0,0.003483
test,2399,0,0.003191
test,2400,0,0.002453
test,2401,0,0.008951
test,2402,0,0.004764
test,2403,0,0.944177
test,2404,0,0.010550
test,2405,0,0.993123
test,2406,0,0.008544
test,2407,0,0.004290
test,2408,0,0.003337
test,2409,0,0.006169
test,2410,0,0.130396
test,2411,0,0.843251
test,2412,0,0.009376
test,2413,0,0.688835
test,2414,0,0.002516
test,2415,0,0.003483
test,2416,0,0.004486
test,2417,0,0.005888
test,2418,0,0.002611
test,2419,0,0.003573
test,2420,0,0.002850
test,2421,0,0.005406
test,2422,0,0.003900
test,2423,0,0.003839
test,2424,0,0.003057
test,2425,0,0.003069
test,2426,0,0.006015
test,2427,0,0.006133
test,2428,0,0.005620
test,2429,0,0.977564
test,2430,0,0.008284
test,2431,0,0.004142
test,2432,0,0.010663
test,2433,0,0.003743
test,2434,0,0.002673
test,2435,0,0.041852
test,2436,0,0.009541
test,2437,0,0.961425
test,2438,0,0.008779
test,2439,0,0.002895
test,2440,0,0.003057
test,2441,0,0.002763
test,2442,0,0.008156
test,2443,0,0.313315
test,2444,0,0.004619
test,2445,0,0.973720
test,2446,0,0.463819
test,2447,0,0.984782
test,2448,0,0.023803
test,2449,0,0.003396
test,2450,0,0.003010
test,2451,0,0.004682
test,2452,0,0.005385
test,2453,0,0.004332
test,2454,0,0.009596
test,2455,0,0.849410
test,2456,0,0.227126
test,2457,0,0.210929
test,2458,0,0.003286
test,2459,0,0.004783
test,2460,0,0.003650
test,2461,0,0.003664
test,2462,0,0.009376
test,2463,0,0.012784
test,2464,0,0.006719
test,2465,0,0.002217
test,2466,0,0.015131
test,2467,0,0.007696
test,2468,0,0.945045
test,2469,0,0.007261
test,2470,0,0.016029
test,2471,0,0.765330
test,2472,0,0.181046
test,2473,0,0.009869
test,2474,0,0.987640
test,2475,0,0.043569
test,2476,0,0.003046
test,2477,0,0.994456
test,2478,0,0.010318
test,2479,0,0.003938
test,2480,0,0.004628
test,2481,0,0.003410
test,2482,0,0.002935
test,2483,0,0.002731
test,2484,0,0.023286
test,2485,0,0.003370
test,2486,0,0.005697
test,2487,0,0.970937
test,2488,0,0.085633
test,2489,0,0.005911
test,2490,0,0.008511
test,2491,0,0.023667
test,2492,0,0.009003
test,2493,0,0.006864
test,2494,0,0.737111
test,2495,0,0.634812
test,2496,0,0.969613
test,2497,0,0.004094
test,2498,0,0.004783
test,2499,0,0.008156
test,2500,0,0.991289
test,2501,0,0.005469
test,2502,0,0.698844
test,2503,0,0.050191
test,2504,0,0.004709
test,2505,0,0.013689
test,2506,0,0.003204
test,2507,0,0.398553
test,2508,0,0.008172
test,2509,0,0.005041
test,2510,0,0.057705
test,2511,0,0.009746
test,2512,0,0.003900
test,2513,0,0.004315
test,2514,0,0.965381
test,2515,0,0.003854
test,2516,0,0.004839
test,2517,0,0.014010
test,2518,0,0.004792
test,2519,0,0.011508
test,2520,0,0.007651
test,2521,0,0.368108
test,2522,0,0.007504
test,2523,0,0.002873
test,2524,0,0.004199
test,2525,0,0.006628
test,2526,0,0.010091
test,2527,0,0.901488
test,2528,0,0.005406
test,2529,0,0.040389
test,2530,0,0.018003
test,2531,0,0.006388
test,2532,0,0.532957
test,2533,0,0.007607
test,2534,0,0.033024
test,2535,0,0.024845
test,2536,0,0.008577
test,2537,0,0.006798
test,2538,0,0.003370
test,2539,0,0.009322
test,2540,0,0.004332
test,2541,0,0.004240
test,2542,0,0.009578
test,2543,0,0.003847
test,2544,0,0.040999
test,2545,0,0.011687
test,2546,0,0.179387
test,2547,0,0.006917
test,2548,0,0.002720
test,2549,0,0.900966
test,2550,0,0.010052
test,2551,0,0.014957
test,2552,0,0.011051
test,2553,0,0.002642
test,2554,0,0.051702
test,2555,0,0.038502
test,2556,0,0.004348
test,2557,0,0.004556
test,2558,0,0.003615
test,2559,0,0.016340
test,2560,0,0.366420
test,2561,0,0.007577
test,2562,0,0.003010
test,2563,0,0.004365
test,2564,0,0.081082
test,2565,0,0.003344
test,2566,0,0.008933
test,2567,0,0.003810
test,2568,0,0.004811
test,2569,0,0.009803
test,2570,0,0.005598
test,2571,0,0.008916
test,2572,0,0.040999
test,2573,0,0.006654
test,2574,0,0.002958
test,2575,0,0.006654
test,2576,0,0.062274
test,2577,0,0.003693
test,2578,0,0.003456
test,2579,0,0.002731
test,2580,0,0.003679
test,2581,0,0.003953
test,2582,0,0.005480
test,2583,0,0.014010
test,2584,0,0.006513
test,2585,0,0.003112
test,2586,0,0.006917
test,2587,0,0.011409
test,2588,0,0.002801
test,2589,0,0.007219
test,2590,0,0.003130
test,2591,0,0.004110
test,2592,0,0.004503
test,2593,0,0.004896
test,2594,0,0.003470
test,2595,0,0.003802
test,2596,0,0.009020
test,2597,0,0.004811
test,2598,0,0.009879
test,2599,0,0.007346
test,2600,0,0.036016
test,2601,0,0.003802
test,2602,0,0.005021
test,2603,0,0.003248
test,2604,0,0.039453
test,2605,0,0.017292
test,2606,0,0.003046
test,2607,0,0.321194
test,2608,0,0.005427
test,2609,0,0.002642
test,2610,0,0.005190
test,2611,0,0.003773
test,2612,0,0.002411
test,2613,0,0.003075
test,2614,0,0.004166
test,2615,0,0.003900
test,2616,0,0.004477
test,2617,0,0.002463
test,2618,0,0.009765
test,2619,0,0.004610
test,2620,0,0.993189
test,2621,0,0.955651
test,2622,0,0.002817
test,2623,0,0.002987
test,2624,0,0.003601
test,2625,0,0.004199
test,2626,0,0.867373
test,2627,0,0.003052
test,2628,0,0.002763
test,2629,0,0.003922
test,2630,0,0.002731
test,2631,0,0.002774
test,2632,0,0.002812
test,2633,0,0.004298
test,2634,0,0.025299
test,2635,0,0.004223
test,2636,0,0.002867
test,2637,0,0.002715
test,2638,0,0.003751
test,2639,0,0.083666
test,2640,0,0.002975
test,2641,0,0.980673
test,2642,0,0.007938
test,2643,0,0.004166
test,2644,0,0.003337
test,2645,0,0.012396
test,2646,0,0.003173
test,2647,0,0.002795
test,2648,0,0.002987
test,2649,0,0.010591
test,2650,0,0.002941
test,2651,0,0.004628
test,2652,0,0.003961
test,2653,0,0.002647
test,2654,0,0.982922
test,2655,0,0.003892
test,2656,0,0.002473
test,2657,0,0.004078
test,2658,0,0.005364
test,2659,0,0.005261
test,2660,0,0.010268
test,2661,0,0.004248
test,2662,0,0.004118
test,2663,0,0.012324
test,2664,0,0.003758
test,2665,0,0.004273
test,2666,0,0.008446
test,2667,0,0.004256
test,2668,0,0.008611
test,2669,0,0.006811
test,2670,0,0.004332
test,2671,0,0.004460
test,2672,0,0.002586
test,2673,0,0.011376
test,2674,0,0.989140
test,2675,0,0.003477
test,2676,0,0.003286
test,2677,0,0.004637
test,2678,0,0.005523
test,2679,0,0.004503
test,2680,0,0.016964
test,2681,0,0.008015
test,2682,0,0.002758
test,2683,0,0.003773
test,2684,0,0.004764
test,2685,0,0.003629
test,2686,0,0.929504
test,2687,0,0.011190
test,2688,0,0.996784
test,2689,0,0.123524
test,2690,0,0.160266
test,2691,0,0.008046
test,2692,0,0.007135
test,2693,0,0.004062
test,2694,0,0.006958
test,2695,0,0.002981
test,2696,0,0.029591
test,2697,0,0.003854
test,2698,0,0.010798
test,2699,0,0.030186
test,2700,0,0.005041
test,2701,0,0.006944
test,2702,0,0.003324
test,2703,0,0.002747
test,2704,0,0.005312
test,2705,0,0.005150
test,2706,0,0.727637
test,2707,0,0.005631
test,2708,0,0.002392
test,2709,0,0.007504
test,2710,0,0.004521
test,2711,0,0.003075
test,2712,0,0.004248
test,2713,0,0.014118
test,2714,0,0.003436
test,2715,0,0.003167
test,2716,0,0.005459
test,2717,0,0.091951
test,2718,0,0.002901
test,2719,0,0.003254
test,2720,0,0.003664
test,2721,0,0.002556
test,2722,0,0.003531
test,2723,0,0.005160
test,2724,0,0.016964
test,2725,0,0.010052
test,2726,0,0.003260
test,2727,0,0.203075
test,2728,0,0.004290
test,2729,0,0.002768
test,2730,0,0.003552
test,2731,0,0.009340
test,2732,0,0.003693
test,2733,0,0.006552
test,2734,0,0.293000
test,2735,0,0.002774
test,2736,0,0.002912
test,2737,0,0.008916
test,2738,0,0.003087
test,2739,0,0.003191
test,2740,0,0.004306
test,2741,0,0.004792
test,2742,0,0.003531
test,2743,0,0.003292
test,2744,0,0.005385
test,2745,0,0.004934
test,2746,0,0.005448
test,2747,0,0.015321
test,2748,0,0.005041
test,2749,0,0.003915
test,2750,0,0.987735
test,2751,0,0.014928
test,2752,0,0.015189
test,2753,0,0.005854
test,2754,0,0.993807
test,2755,0,0.031709
test,2756,0,0.014434
test,2757,0,0.003531
test,2758,0,0.951006
test,2759,0,0.004858
test,2760,0,0.084606
test,2761,0,0.005406
test,2762,0,0.003930
test,2763,0,0.003969
test,2764,0,0.004811
test,2765,0,0.004601
test,2766,0,0.966537
test,2767,0,0.002993
test,2768,0,0.002492
test,2769,0,0.019833
test,2770,0,0.010881
test,2771,0,0.891717
test,2772,0,0.006109
test,2773,0,0.003729
test,2774,0,0.003456
test,2775,0,0.004486
test,2776,0,0.041735
test,2777,0,0.081520
test,2778,0,0.005533
test,2779,0,0.003802
test,2780,0,0.022436
test,2781,0,0.006426
test,2782,0,0.004150
test,2783,0,0.006193
test,2784,0,0.182207
test,2785,0,0.004886
test,2786,0,0.005598
test,2787,0,0.021657
test,2788,0,0.018264
test,2789,0,0.008220
test,2790,0,0.003010
test,2791,0,0.002720
test,2792,0,0.012077
test,2793,0,0.008204
test,2794,0,0.003707
test,2795,0,0.004601
test,2796,0,0.002834
test,2797,0,0.004399
test,2798,0,0.015499
test,2799,0,0.089933
test,2800,0,0.005427
test,2801,0,0.020255
test,2802,0,0.936168
test,2803,0,0.006998
test,2804,0,0.030705
test,2805,0,0.098425
test,2806,0,0.005911
test,2807,0,0.720565
test,2808,0,0.004655
test,2809,0,0.992975
test,2810,0,0.976084
test,2811,0,0.017292
test,2812,0,0.006476
test,2813,0,0.003743
test,2814,0,0.035377
test,2815,0,0.992626
test,2816,0,0.005653
test,2817,0,0.003817
test,2818,0,0.003370
test,2819,0,0.005686
test,2820,0,0.020626
test,2821,0,0.770637
test,2822,0,0.007205
test,2823,0,0.054702
test,2824,0,0.004619
test,2825,0,0.004953
test,2826,0,0.004574
test,2827,0,0.253399
test,2828,0,0.003034
test,2829,0,0.003463
test,2830,0,0.977132
test,2831,0,0.006205
test,2832,0,0.005437
test,2833,0,0.121738
test,2834,0,0.134719
test,2835,0,0.003566
test,2836,0,0.004086
test,2837,0,0.020864
test,2838,0,0.003229
test,2839,0,0.005900
test,2840,0,0.996078
test,2841,0,0.127110
test,2842,0,0.005753
test,2843,0,0.002763
test,2844,0,0.003976
test,2845,0,0.005240
test,2846,0,0.620909
test,2847,0,0.006426
test,2848,0,0.010881
test,2849,0,0.119408
test,2850,0,0.006169
test,2851,0,0.002632
test,2852,0,0.004820
test,2853,0,0.003758
test,2854,0,0.006603
test,2855,0,0.005544
test,2856,0,0.002516
test,2857,0,0.727443
test,2858,0,0.018978
test,2859,0,0.004391
test,2860,0,0.003573
test,2861,0,0.002884
test,2862,0,0.762557
test,2863,0,0.007969
test,2864,0,0.003839
test,2865,0,0.002758
test,2866,0,0.003643
test,2867,0,0.014159
test,2868,0,0.036839
test,2869,0,0.005786
test,2870,0,0.007519
test,2871,0,0.002742
test,2872,0,0.003657
test,2873,0,0.002647
test,2874,0,0.006758
test,2875,0,0.004425
test,2876,0,0.004365
test,2877,0,0.013096
test,2878,0,0.003130
test,2879,0,0.008015
test,2880,0,0.005642
test,2881,0,0.006074
test,2882,0,0.005865
test,2883,0,0.005753
test,2884,0,0.631367
test,2885,0,0.004094
test,2886,0,0.003383
test,2887,0,0.004086
test,2888,0,0.019051
test,2889,0,0.009126
test,2890,0,0.426829
test,2891,0,0.003112
test,2892,0,0.002571
test,2893,0,0.008140
test,2894,0,0.008015
test,2895,0,0.006062
test,2896,0,0.002845
test,2897,0,0.004477
test,2898,0,0.003580
test,2899,0,0.994089
test,2900,0,0.010072
test,2901,0,0.472988
test,2902,0,0.003573
test,2903,0,0.004015
test,2904,0,0.002668
test,2905,0,0.002652
test,2906,0,0.004332
test,2907,0,0.003636
test,2908,0,0.002439
test,2909,0,0.018003
test,2910,0,0.003136
test,2911,0,0.005261
test,2912,0,0.003817
test,2913,0,0.164114
test,2914,0,0.005427
test,2915,0,0.004166
test,2916,0,0.002862
test,2917,0,0.008348
test,2918,0,0.005292
test,2919,0,0.003350
test,2920,0,0.002606
test,2921,0,0.007563
test,2922,0,0.004820
test,2923,0,0.003787
test,2924,0,0.992169
test,2925,0,0.002806
test,2926,0,0.002657
test,2927,0,0.007389
test,2928,0,0.004830
test,2929,0,0.007039
test,2930,0,0.004166
test,2931,0,0.301054
test,2932,0,0.003657
test,2933,0,0.268893
test,2934,0,0.003573
test,2935,0,0.002763
test,2936,0,0.003773
test,2937,0,0.004664
test,2938,0,0.005437
test,2939,0,0.006027
test,2940,0,0.002468
test,2941,0,0.004323
test,2942,0,0.002731
test,2943,0,0.926304
test,2944,0,0.005653
test,2945,0,0.005070
test,2946,0,0.003105
test,2947,0,0.008495
test,2948,0,0.003173
test,2949,0,0.002360
test,2950,0,0.024470
test,2951,0,0.004839
test,2952,0,0.013571
test,2953,0,0.002981
test,2954,0,0.005210
test,2955,0,0.084342
test,2956,0,0.004434
test,2957,0,0.002415
test,2958,0,0.918334
test,2959,0,0.004126
test,2960,0,0.003810
test,2961,0,0.003545
test,2962,0,0.014700
test,2963,0,0.002998
test,2964,0,0.099908
test,2965,0,0.944022
test,2966,0,0.004248
test,2967,0,0.005753
test,2968,0,0.028626
test,2969,0,0.002541
test,2970,0,0.003204
test,2971,0,0.014296
test,2972,0,0.004764
test,2973,0,0.004830
test,2974,0,0.006339
test,2975,0,0.004468
test,2976,0,0.863679
test,2977,0,0.003700
test,2978,0,0.005775
test,2979,0,0.007219
test,2980,0,0.003953
test,2981,0,0.002785
test,2982,0,0.748720
test,2983,0,0.003204
test,2984,0,0.987129
test,2985,0,0.824674
test,2986,0,0.016641
test,2987,0,0.015277
test,2988,0,0.006351
test,2989,0,0.013223
test,2990,0,0.005333
test,2991,0,0.003643
test,2992,0,0.005251
test,2993,0,0.021166
test,2994,0,0.005374
test,2995,0,0.004158
test,2996,0,0.003787
test,2997,0,0.010923
test,2998,0,0.010591
test,2999,0,0.004811
test,3000,0,0.017392
test,3001,0,0.005240
test,3002,0,0.004031
test,3003,0,0.002561
test,3004,0,0.002839
test,3005,0,0.083217
test,3006,0,0.006364
test,3007,0,0.004039
test,3008,0,0.967380
test,3009,0,0.005011
test,3010,0,0.015102
test,3011,0,0.015649
test,3012,0,0.139162
test,3013,0,0.005809
test,3014,0,0.005395
test,3015,0,0.002434
test,3016,0,0.005865
test,3017,0,0.002779
test,3018,0,0.004391
test,3019,0,0.016091
test,3020,0,0.007094
test,3021,0,0.008762
test,3022,0,0.042245
test,3023,0,0.003984
test,3024,0,0.006266
test,3025,0,0.003862
test,3026,0,0.004357
test,3027,0,0.002912
test,3028,0,0.002420
test,3029,0,0.023848
test,3030,0,0.003260
test,3031,0,0.012147
test,3032,0,0.003087
test,3033,0,0.004232
test,3034,0,0.005240
test,3035,0,0.035948
test,3036,0,0.003124
test,3037,0,0.005469
test,3038,0,0.003069
test,3039,0,0.004340
test,3040,0,0.003130
test,3041,0,0.003235
test,3042,0,0.028953
test,3043,0,0.226698
test,3044,0,0.005011
test,3045,0,0.018090
test,3046,0,0.002763
test,3047,0,0.002296
test,3048,0,0.003377
test,3049,0,0.003900
test,3050,0,0.030473
test,3051,0,0.867148
test,3052,0,0.005809
test,3053,0,0.003016
test,3054,0,0.009596
test,3055,0,0.005323
test,3056,0,0.397471
test,3057,0,0.006931
test,3058,0,0.006050
test,3059,0,0.010111
test,3060,0,0.007012
test,3061,0,0.864597
test,3062,0,0.007389
test,3063,0,0.002929
test,3064,0,0.003504
test,3065,0,0.928214
test,3066,0,0.002884
test,3067,0,0.004737
test,3068,0,0.007135
test,3069,0,0.003531
test,3070,0,0.003273
test,3071,0,0.004315
test,3072,0,0.002890
test,3073,0,0.003622
test,3074,0,0.002157
test,3075,0,0.982524
test,3076,0,0.005070
test,3077,0,0.002392
test,3078,0,0.004434
test,3079,0,0.003915
test,3080,0,0.092360
test,3081,0,0.002935
test,3082,0,0.006931
test,3083,0,0.002981
test,3084,0,0.003260
test,3085,0,0.004619
test,3086,0,0.004619
test,3087,0,0.006027
test,3088,0,0.018264
test,3089,0,0.991748
test,3090,0,0.005448
test,3091,0,0.003112
test,3092,0,0.004460
test,3093,0,0.002981
test,3094,0,0.003566
test,3095,0,0.005220
test,3096,0,0.006488
test,3097,0,0.003436
test,3098,0,0.126246
test,3099,0,0.006998
test,3100,0,0.058132
test,3101,0,0.003629
test,3102,0,0.003587
test,3103,0,0.024031
test,3104,0,0.002895
test,3105,0,0.007771
test,3106,0,0.006590
test,3107,0,0.986752
test,3108,0,0.005764
test,3109,0,0.121895
test,3110,0,0.756717
test,3111,0,0.008728
test,3112,0,0.012384
test,3113,0,0.011846
test,3114,0,0.005719
test,3115,0,0.005577
test,3116,0,0.925297
test,3117,0,0.003615
test,3118,0,0.003517
test,3119,0,0.003477
test,3120,0,0.003148
test,3121,0,0.353763
test,3122,0,0.004240
test,3123,0,0.955899
test,3124,0,0.819099
test,3125,0,0.004538
test,3126,0,0.016980
test,3127,0,0.010818
test,3128,0,0.007666
test,3129,0,0.006314
test,3130,0,0.003010
test,3131,0,0.006864
test,3132,0,0.003105
test,3133,0,0.005448
test,3134,0,0.004054
test,3135,0,0.003403
test,3136,0,0.013223
test,3137,0,0.005459
test,3138,0,0.015724
test,3139,0,0.486335
test,3140,0,0.007861
test,3141,0,0.871201
test,3142,0,0.004700
test,3143,0,0.002715
test,3144,0,0.017013
test,3145,0,0.007533
test,3146,0,0.005160
test,3147,0,0.002726
test,3148,0,0.018905
test,3149,0,0.004628
test,3150,0,0.002834
test,3151,0,0.008511
test,3152,0,0.007831
test,3153,0,0.003363
test,3154,0,0.009376
test,3155,0,0.011051
test,3156,0,0.003383
test,3157,0,0.038538
test,3158,0,0.003136
test,3159,0,0.003383
test,3160,0,0.002627
test,3161,0,0.006004
test,3162,0,0.006771
test,3163,0,0.011180
test,3164,0,0.002779
test,3165,0,0.004094
test,3166,0,0.003118
test,3167,0,0.002828
test,3168,0,0.003636
test,3169,0,0.002596
test,3170,0,0.002355
test,3171,0,0.005051
test,3172,0,0.006693
test,3173,0,0.002647
test,3174,0,0.004340
test,3175,0,0.004110
test,3176,0,0.009578
test,3177,0,0.065425
test,3178,0,0.044681
test,3179,0,0.005021
test,3180,0,0.004126
test,3181,0,0.003773
test,3182,0,0.007877
test,3183,0,0.003915
test,3184,0,0.004451
test,3185,0,0.002981
test,3186,0,0.928862
test,3187,0,0.005261
test,3188,0,0.003312
test,3189,0,0.003229
test,3190,0,0.003900
test,3191,0,0.004746
test,3192,0,0.002397
test,3193,0,0.005820
test,3194,0,0.008046
test,3195,0,0.041813
test,3196,0,0.004664
test,3197,0,0.013519
test,3198,0,0.002867
test,3199,0,0.002647
test,3200,0,0.535159
test,3201,0,0.005992
test,3202,0,0.005230
test,3203,0,0.008951
test,3204,0,0.004078
test,3205,0,0.983597
test,3206,0,0.983534
test,3207,0,0.003443
test,3208,0,0.002901
test,3209,0,0.002823
test,3210,0,0.006641
test,3211,0,0.003160
test,3212,0,0.002576
test,3213,0,0.004062
test,3214,0,0.013558
test,3215,0,0.007108
test,3216,0,0.005031
test,3217,0,0.032161
test,3218,0,0.004792
test,3219,0,0.002912
test,3220,0,0.005877
test,3221,0,0.004700
test,3222,0,0.759359
test,3223,0,0.003069
test,3224,0,0.004118
test,3225,0,0.013902
test,3226,0,0.006877
test,3227,0,0.003390
test,3228,0,0.005031
test,3229,0,0.491872
test,3230,0,0.006944
test,3231,0,0.005090
test,3232,0,0.003305
test,3233,0,0.010923
test,3234,0,0.003559
test,3235,0,0.009126
test,3236,0,0.004290
test,3237,0,0.008015
test,3238,0,0.010428
test,3239,0,0.031619
test,3240,0,0.004166
test,3241,0,0.003559
test,3242,0,0.003463
test,3243,0,0.007984
test,3244,0,0.065306
test,3245,0,0.923108
test,3246,0,0.003286
test,3247,0,0.003832
test,3248,0,0.003729
test,3249,0,0.006654
test,3250,0,0.029201
test,3251,0,0.003693
test,3252,0,0.004764
test,3253,0,0.977088
test,3254,0,0.002482
test,3255,0,0.009965
test,3256,0,0.021045
test,3257,0,0.003069
test,3258,0,0.002969
test,3259,0,0.017392
test,3260,0,0.009232
test,3261,0,0.966505
test,3262,0,0.002878
test,3263,0,0.002373
test,3264,0,0.013996
test,3265,0,0.003456
test,3266,0,0.003900
test,3267,0,0.003615
test,3268,0,0.002663
test,3269,0,0.005110
test,3270,0,0.021492
test,3271,0,0.136436
test,3272,0,0.003679
test,3273,0,0.002531
test,3274,0,0.013584
test,3275,0,0.002768
test,3276,0,0.003357
test,3277,0,0.870982
test,3278,0,0.003179
test,3279,0,0.002678
test,3280,0,0.006513
test,3281,0,0.002581
test,3282,0,0.004811
test,3283,0,0.007289
test,3284,0,0.016498
test,3285,0,0.005448
test,3286,0,0.003124
test,3287,0,0.979354
test,3288,0,0.005051
test,3289,0,0.003016
test,3290,0,0.003456
test,3291,0,0.005261
test,3292,0,0.002823
test,3293,0,0.006121
test,3294,0,0.005533
test,3295,0,0.010023
test,3296,0,0.002606
test,3297,0,0.004007
test,3298,0,0.003729
test,3299,0,0.004298
test,3300,0,0.005577
test,3301,0,0.003248
test,3302,0,0.004340
test,3303,0,0.023465
test,3304,0,0.003729
test,3305,0,0.923454
test,3306,0,0.003248
test,3307,0,0.006706
test,3308,0,0.003758
test,3309,0,0.004728
test,3310,0,0.002531
test,3311,0,0.060087
test,3312,0,0.005100
test,3313,0,0.004007
test,3314,0,0.022201
test,3315,0,0.005686
test,3316,0,0.099645
test,3317,0,0.003112
test,3318,0,0.003657
test,3319,0,0.006667
test,3320,0,0.004332
test,3321,0,0.101322
test,3322,0,0.003930
test,3323,0,0.014118
test,3324,0,0.003248
test,3325,0,0.004830
test,3326,0,0.003179
test,3327,0,0.006145
test,3328,0,0.044266
test,3329,0,0.003969
test,3330,0,0.039937
test,3331,0,0.003707
test,3332,0,0.006564
test,3333,0,0.002516
test,3334,0,0.003450
test,3335,0,0.143668
test,3336,0,0.029619
test,3337,0,0.006039
test,3338,0,0.003204
test,3339,0,0.005459
test,3340,0,0.043896
test,3341,0,0.004142
test,3342,0,0.004046
test,3343,0,0.031589
test,3344,0,0.329877
test,3345,0,0.016340
test,3346,0,0.023532
test,3347,0,0.004700
test,3348,0,0.003136
test,3349,0,0.004673
test,3350,0,0.005609
test,3351,0,0.003057
test,3352,0,0.005957
test,3353,0,0.006771
test,3354,0,0.041501
test,3355,0,0.010550
test,3356,0,0.009467
test,3357,0,0.013236
test,3358,0,0.002541
test,3359,0,0.985356
test,3360,0,0.983754
test,3361,0,0.926703
test,3362,0,0.003337
test,3363,0,0.976602
test,3364,0,0.005831
test,3365,0,0.003112
test,3366,0,0.005992
test,3367,0,0.007121
test,3368,0,0.002790
test,3369,0,0.003267
test,3370,0,0.003312
test,3371,0,0.008000
test,3372,0,0.012784
test,3373,0,0.005312
test,3374,0,0.494469
test,3375,0,0.003305
test,3376,0,0.004290
test,3377,0,0.978385
test,3378,0,0.516390
test,3379,0,0.004646
test,3380,0,0.003650
test,3381,0,0.004215
test,3382,0,0.012760
test,3383,0,0.004357
test,3384,0,0.009376
test,3385,0,0.989771
test,3386,0,0.984456
test,3387,0,0.005577
test,3388,0,0.003463
test,3389,0,0.003511
test,3390,0,0.006501
test,3391,0,0.003930
test,3392,0,0.995635
test,3393,0,0.452706
test,3394,0,0.003456
test,3395,0,0.004417
test,3396,0,0.003758
test,3397,0,0.004434
test,3398,0,0.009304
test,3399,0,0.006811
test,3400,0,0.003961
test,3401,0,0.004547
test,3402,0,0.006413
test,3403,0,0.002531
test,3404,0,0.005051
test,3405,0,0.986205
test,3406,0,0.007289
test,3407,0,0.006628
test,3408,0,0.011332
test,3409,0,0.004357
test,3410,0,0.005080
test,3411,0,0.003907
test,3412,0,0.005323
test,3413,0,0.042364
test,3414,0,0.990348
test,3415,0,0.003004
test,3416,0,0.003497
test,3417,0,0.005708
test,3418,0,0.002566
test,3419,0,0.006050
test,3420,0,0.003594
test,3421,0,0.068289
test,3422,0,0.004700
test,3423,0,0.003714
test,3424,0,0.003022
test,3425,0,0.032682
test,3426,0,0.005261
test,3427,0,0.011778
test,3428,0,0.002918
test,3429,0,0.003279
test,3430,0,0.019290
test,3431,0,0.030416
test,3432,0,0.018978
test,3433,0,0.003559
test,3434,0,0.003552
test,3435,0,0.008093
test,3436,0,0.008864
test,3437,0,0.017013
test,3438,0,0.007533
test,3439,0,0.005160
test,3440,0,0.002726
test,3441,0,0.018905
test,3442,0,0.004628
test,3443,0,0.002834
test,3444,0,0.008511
test,3445,0,0.007831
test,3446,0,0.003363
test,3447,0,0.009376
test,3448,0,0.011051
test,3449,0,0.003383
test,3450,0,0.038538
test,3451,0,0.945951
test,3452,0,0.004207
test,3453,0,0.024563
test,3454,0,0.026887
test,3455,0,0.012772
test,3456,0,0.005480
test,3457,0,0.007490
test,3458,0,0.003229
test,3459,0,0.022201
test,3460,0,0.012995
test,3461,0,0.006824
test,3462,0,0.003743
test,3463,0,0.004451
test,3464,0,0.005312
test,3465,0,0.008140
test,3466,0,0.006027
test,3467,0,0.037468
test,3468,0,0.004746
test,3469,0,0.978875
test,3470,0,0.007389
test,3471,0,0.900792
test,3472,0,0.960621
test,3473,0,0.060252
test,3474,0,0.004583
test,3475,0,0.028301
test,3476,0,0.004281
test,3477,0,0.008511
test,3478,0,0.006205
test,3479,0,0.002952
test,3480,0,0.002611
test,3481,0,0.017611
test,3482,0,0.003758
test,3483,0,0.844985
test,3484,0,0.028844
test,3485,0,0.002591
test,3486,0,0.075995
test,3487,0,0.980243
test,3488,0,0.759493
test,3489,0,0.013121
test,3490,0,0.002834
test,3491,0,0.003559
test,3492,0,0.034980
test,3493,0,0.002839
test,3494,0,0.002850
test,3495,0,0.003707
test,3496,0,0.010489
test,3497,0,0.003877
test,3498,0,0.004223
test,3499,0,0.009090
test,3500,0,0.124213
test,3501,0,0.002611
test,3502,0,0.009449
test,3503,0,0.006552
test,3504,0,0.002828
test,3505,0,0.002341
test,3506,0,0.003318
test,3507,0,0.005323
test,3508,0,0.015876
test,3509,0,0.003318
test,3510,0,0.008332
test,3511,0,0.002790
test,3512,0,0.005469
test,3513,0,0.042444
test,3514,0,0.011766
test,3515,0,0.002296
test,3516,0,0.006145
test,3517,0,0.002601
test,3518,0,0.003279
test,3519,0,0.003099
test,3520,0,0.011620
test,3521,0,0.002768
test,3522,0,0.004408
test,3523,0,0.003892
test,3524,0,0.031470
test,3525,0,0.005150
test,3526,0,0.003063
test,3527,0,0.011710
test,3528,0,0.002627
test,3529,0,0.004023
test,3530,0,0.102844
test,3531,0,0.007984
test,3532,0,0.034100
test,3533,0,0.002845
test,3534,0,0.006526
test,3535,0,0.023871
test,3536,0,0.004820
test,3537,0,0.003142
test,3538,0,0.019457
test,3539,0,0.003714
test,3540,0,0.019438
test,3541,0,0.003040
test,3542,0,0.002779
test,3543,0,0.943504
test,3544,0,0.002964
test,3545,0,0.003241
test,3546,0,0.004323
test,3547,0,0.501034
test,3548,0,0.003758
test,3549,0,0.009634
test,3550,0,0.013121
test,3551,0,0.006241
test,3552,0,0.003267
test,3553,0,0.997649
test,3554,0,0.004086
test,3555,0,0.003383
test,3556,0,0.003629
test,3557,0,0.009090
test,3558,0,0.003436
test,3559,0,0.680242
test,3560,0,0.004460
test,3561,0,0.123049
test,3562,0,0.017493
test,3563,0,0.004078
test,3564,0,0.003580
test,3565,0,0.004477
test,3566,0,0.004158
test,3567,0,0.003383
test,3568,0,0.727975
test,3569,0,0.004265
test,3570,0,0.002918
test,3571,0,0.007389
test,3572,0,0.348146
test,3573,0,0.003622
test,3574,0,0.002878
test,3575,0,0.995801
test,3576,0,0.004849
test,3577,0,0.005385
test,3578,0,0.990642
test,3579,0,0.002536
test,3580,0,0.009690
test,3581,0,0.002895
test,3582,0,0.012698
test,3583,0,0.003312
test,3584,0,0.003780
test,3585,0,0.003643
test,3586,0,0.003608
test,3587,0,0.317215
test,3588,0,0.002845
test,3589,0,0.002323
test,3590,0,0.002873
test,3591,0,0.004592
test,3592,0,0.004425
test,3593,0,0.017342
test,3594,0,0.005021
test,3595,0,0.018978
test,3596,0,0.922273
test,3597,0,0.030968
test,3598,0,0.029284
test,3599,0,0.021885
test,3600,0,0.945248
test,3601,0,0.004521
test,3602,0,0.003267
test,3603,0,0.002924
test,3604,0,0.003105
test,3605,0,0.036908
test,3606,0,0.004601
test,3607,0,0.002946
test,3608,0,0.003052
test,3609,0,0.003075
test,3610,0,0.004357
test,3611,0,0.018905
test,3612,0,0.004223
test,3613,0,0.004925
test,3614,0,0.007651
test,3615,0,0.004078
test,3616,0,0.025638
test,3617,0,0.002162
test,3618,0,0.002752
test,3619,0,0.003148
test,3620,0,0.007417
test,3621,0,0.002935
test,3622,0,0.002699
test,3623,0,0.002652
test,3624,0,0.866133
test,3625,0,0.010550
test,3626,0,0.004992
test,3627,0,0.005544
test,3628,0,0.027376
test,3629,0,0.038575
test,3630,0,0.004110
test,3631,0,0.972779
test,3632,0,0.008627
test,3633,0,0.004248
test,3634,0,0.004408
test,3635,0,0.004110
test,3636,0,0.016947
test,3637,0,0.004215
test,3638,0,0.005080
test,3639,0,0.002998
test,3640,0,0.004915
test,3641,0,0.003318
test,3642,0,0.003953
test,3643,0,0.005598
test,3644,0,0.002516
test,3645,0,0.004357
test,3646,0,0.004102
test,3647,0,0.019419
test,3648,0,0.156749
test,3649,0,0.760740
test,3650,0,0.022201
test,3651,0,0.031949
test,3652,0,0.003892
test,3653,0,0.006388
test,3654,0,0.005957
test,3655,0,0.005220
test,3656,0,0.424472
test,3657,0,0.050611
test,3658,0,0.005080
test,3659,0,0.432258
test,3660,0,0.004886
test,3661,0,0.004820
test,3662,0,0.953923
test,3663,0,0.018142
test,3664,0,0.006253
test,3665,0,0.286369
test,3666,0,0.003093
test,3667,0,0.003410
test,3668,0,0.022479
test,3669,0,0.846006
test,3670,0,0.007317
test,3671,0,0.013729
test,3672,0,0.005911
test,3673,0,0.003566
test,3674,0,0.580753
test,3675,0,0.062103
test,3676,0,0.003847
test,3677,0,0.003222
test,3678,0,0.007360
test,3679,0,0.003483
test,3680,0,0.002823
test,3681,0,0.965414
test,3682,0,0.030243
test,3683,0,0.003016
test,3684,0,0.004357
test,3685,0,0.005011
test,3686,0,0.004811
test,3687,0,0.957517
test,3688,0,0.010091
test,3689,0,0.741019
test,3690,0,0.058993
test,3691,0,0.004764
test,3692,0,0.901314
test,3693,0,0.003671
test,3694,0,0.002845
test,3695,0,0.004315
test,3696,0,0.004054
test,3697,0,0.006181
test,3698,0,0.006004
test,3699,0,0.003069
test,3700,0,0.003087
test,3701,0,0.005180
test,3702,0,0.003643
test,3703,0,0.400936
test,3704,0,0.003430
test,3705,0,0.006476
test,3706,0,0.012698
test,3707,0,0.745815
test,3708,0,0.005753
test,3709,0,0.867598
test,3710,0,0.003403
test,3711,0,0.003279
test,3712,0,0.003787
test,3713,0,0.051654
test,3714,0,0.005598
test,3715,0,0.003832
test,3716,0,0.993795
test,3717,0,0.002998
test,3718,0,0.004256
test,3719,0,0.004199
test,3720,0,0.002895
test,3721,0,0.006590
test,3722,0,0.005110
test,3723,0,0.004191
test,3724,0,0.006290
test,3725,0,0.004070
test,3726,0,0.013650
test,3727,0,0.975530
test,3728,0,0.007417
test,3729,0,0.016014
test,3730,0,0.013506
test,3731,0,0.003179
test,3732,0,0.053651
test,3733,0,0.004174
test,3734,0,0.003817
test,3735,0,0.003700
test,3736,0,0.002586
test,3737,0,0.005797
test,3738,0,0.029591
test,3739,0,0.004174
test,3740,0,0.125708
test,3741,0,0.003892
test,3742,0,0.003758
test,3743,0,0.003707
test,3744,0,0.008561
test,3745,0,0.003566
test,3746,0,0.002946
test,3747,0,0.004340
test,3748,0,0.003167
test,3749,0,0.020547
test,3750,0,0.004992
test,3751,0,0.003566
test,3752,0,0.004503
test,3753,0,0.002632
test,3754,0,0.003016
test,3755,0,0.005031
test,3756,0,0.003396
test,3757,0,0.997194
test,3758,0,0.005292
test,3759,0,0.210969
test,3760,0,0.003650
test,3761,0,0.005555
test,3762,0,0.008125
test,3763,0,0.015174
test,3764,0,0.004199
test,3765,0,0.025761
test,3766,0,0.903379
test,3767,0,0.014351
test,3768,0,0.152916
test,3769,0,0.003450
test,3770,0,0.005120
test,3771,0,0.003344
test,3772,0,0.003112
test,3773,0,0.270673
test,3774,0,0.616792
test,3775,0,0.039937
test,3776,0,0.005980
test,3777,0,0.003260
test,3778,0,0.010101
test,3779,0,0.002758
test,3780,0,0.018671
test,3781,0,0.006824
test,3782,0,0.004348
test,3783,0,0.987900
test,3784,0,0.994780
test,3785,0,0.078008
test,3786,0,0.994369
test,3787,0,0.003191
test,3788,0,0.078997
test,3789,0,0.072637
test,3790,0,0.007289
test,3791,0,0.004007
test,3792,0,0.004811
test,3793,0,0.004737
test,3794,0,0.064890
test,3795,0,0.114418
test,3796,0,0.009975
test,3797,0,0.035611
test,3798,0,0.019550
test,3799,0,0.006917
test,3800,0,0.004867
test,3801,0,0.004399
test,3802,0,0.004556
test,3803,0,0.012540
test,3804,0,0.004357
test,3805,0,0.003204
test,3806,0,0.505741
test,3807,0,0.007519
test,3808,0,0.009822
test,3809,0,0.002720
test,3810,0,0.007108
test,3811,0,0.003714
test,3812,0,0.004728
test,3813,0,0.007923
test,3814,0,0.012710
test,3815,0,0.004417
test,3816,0,0.004628
test,3817,0,0.013809
test,3818,0,0.003587
test,3819,0,0.004417
test,3820,0,0.003112
test,3821,0,0.002606
test,3822,0,0.002895
test,3823,0,0.002571
test,3824,0,0.185947
test,3825,0,0.002632
test,3826,0,0.002657
test,3827,0,0.009541
test,3828,0,0.002637
test,3829,0,0.002981
test,3830,0,0.003765
test,3831,0,0.855610
test,3832,0,0.003204
test,3833,0,0.003124
test,3834,0,0.002774
test,3835,0,0.291384
test,3836,0,0.003847
test,3837,0,0.003229
test,3838,0,0.019106
test,3839,0,0.403714
test,3840,0,0.019719
test,3841,0,0.007053
test,3842,0,0.005110
test,3843,0,0.972727
test,3844,0,0.004503
test,3845,0,0.015830
test,3846,0,0.006501
test,3847,0,0.004102
test,3848,0,0.022265
test,3849,0,0.003154
test,3850,0,0.004783
test,3851,0,0.002993
test,3852,0,0.003636
test,3853,0,0.002742
test,3854,0,0.004126
test,3855,0,0.005923
test,3856,0,0.003430
test,3857,0,0.002591
test,3858,0,0.003241
test,3859,0,0.003580
test,3860,0,0.007563
test,3861,0,0.006062
test,3862,0,0.002546
test,3863,0,0.002823
test,3864,0,0.008062
test,3865,0,0.003350
test,3866,0,0.003197
test,3867,0,0.141697
test,3868,0,0.009108
test,3869,0,0.024822
test,3870,0,0.011288
test,3871,0,0.006890
test,3872,0,0.004486
test,3873,0,0.027040
test,3874,0,0.002873
test,3875,0,0.004086
test,3876,0,0.587144
test,3877,0,0.002425
test,3878,0,0.004070
test,3879,0,0.003707
test,3880,0,0.953188
test,3881,0,0.003976
test,3882,0,0.003229
test,3883,0,0.005385
test,3884,0,0.511210
test,3885,0,0.954393
test,3886,0,0.005230
test,3887,0,0.035145
test,3888,0,0.003622
test,3889,0,0.002586
test,3890,0,0.006027
test,3891,0,0.003423
test,3892,0,0.003324
test,3893,0,0.771198
test,3894,0,0.007261
test,3895,0,0.003802
test,3896,0,0.003664
test,3897,0,0.006526
test,3898,0,0.035511
test,3899,0,0.003069
test,3900,0,0.003477
test,3901,0,0.003052
test,3902,0,0.965609
test,3903,0,0.002642
test,3904,0,0.003953
test,3905,0,0.012007
test,3906,0,0.009765
test,3907,0,0.135575
test,3908,0,0.007080
test,3909,0,0.006590
test,3910,0,0.015321
test,3911,0,0.003953
test,3912,0,0.119923
test,3913,0,0.006476
test,3914,0,0.004442
test,3915,0,0.003390
test,3916,0,0.005992
test,3917,0,0.006253
test,3918,0,0.002406
test,3919,0,0.020785
test,3920,0,0.004007
test,3921,0,0.004102
test,3922,0,0.012384
test,3923,0,0.004637
test,3924,0,0.009708
test,3925,0,0.005261
test,3926,0,0.004142
test,3927,0,0.003847
test,3928,0,0.015044
test,3929,0,0.003185
test,3930,0,0.005501
test,3931,0,0.007533
test,3932,0,0.004637
test,3933,0,0.091870
test,3934,0,0.007726
test,3935,0,0.003248
test,3936,0,0.003877
test,3937,0,0.003992
test,3938,0,0.005820
test,3939,0,0.920146
test,3940,0,0.010509
test,3941,0,0.004973
test,3942,0,0.010777
test,3943,0,0.005491
test,3944,0,0.004601
test,3945,0,0.004306
test,3946,0,0.002621
test,3947,0,0.005587
test,3948,0,0.002430
test,3949,0,0.004877
test,3950,0,0.003877
test,3951,0,0.003773
test,3952,0,0.008985
test,3953,0,0.004046
test,3954,0,0.002601
test,3955,0,0.005533
test,3956,0,0.007346
test,3957,0,0.002652
test,3958,0,0.002586
test,3959,0,0.003915
test,3960,0,0.003643
test,3961,0,0.003004
test,3962,0,0.002591
test,3963,0,0.003714
test,3964,0,0.004054
test,3965,0,0.003573
test,3966,0,0.003743
test,3967,0,0.014658
test,3968,0,0.021595
test,3969,0,0.003751
test,3970,0,0.004273
test,3971,0,0.008695
test,3972,0,0.005070
test,3973,0,0.002834
test,3974,0,0.003490
test,3975,0,0.003976
test,3976,0,0.005533
test,3977,0,0.025785
test,3978,0,0.003922
test,3979,0,0.003057
test,3980,0,0.006552
test,3981,0,0.010408
test,3982,0,0.901314
test,3983,0,0.004102
test,3984,0,0.006004
test,3985,0,0.002768
test,3986,0,0.005809
test,3987,0,0.003430
test,3988,0,0.004565
test,3989,0,0.004110
test,3990,0,0.009994
test,3991,0,0.003693
test,3992,0,0.005923
test,3993,0,0.907804
test,3994,0,0.005220
test,3995,0,0.002768
test,3996,0,0.011288
test,3997,0,0.006904
test,3998,0,0.005764
test,3999,0,0.003900
test,4000,0,0.013849
test,4001,0,0.004610
test,4002,0,0.723847
test,4003,0,0.003524
test,4004,0,0.002998
test,4005,0,0.003664
test,4006,0,0.056081
test,4007,0,0.009975
test,4008,0,0.005923
test,4009,0,0.004290
test,4010,0,0.002878
test,4011,0,0.002673
test,4012,0,0.013415
test,4013,0,0.975202
test,4014,0,0.004442
test,4015,0,0.003390
test,4016,0,0.002616
test,4017,0,0.002652
test,4018,0,0.002581
test,4019,0,0.003470
test,4020,0,0.002689
test,4021,0,0.002715
test,4022,0,0.002704
test,4023,0,0.002561
test,4024,0,0.002763
test,4025,0,0.002742
test,4026,0,0.002444
test,4027,0,0.002806
test,4028,0,0.002502
test,4029,0,0.002752
test,4030,0,0.003099
test,4031,0,0.003173
test,4032,0,0.002867
test,4033,0,0.002884
test,4034,0,0.002969
test,4035,0,0.002601
test,4036,0,0.009020
test,4037,0,0.003142
test,4038,0,0.002652
test,4039,0,0.002397
test,4040,0,0.003765
test,4041,0,0.009634
test,4042,0,0.006062
test,4043,0,0.005577
test,4044,0,0.004764
test,4045,0,0.004925
test,4046,0,0.007012
test,4047,0,0.004118
test,4048,0,0.009055
test,4049,0,0.004265
test,4050,0,0.006074
test,4051,0,0.014672
test,4052,0,0.004973
test,4053,0,0.002946
test,4054,0,0.007080
test,4055,0,0.220091
test,4056,0,0.020765
test,4057,0,0.020924
test,4058,0,0.004574
test,4059,0,0.301054
test,4060,0,0.004062
test,4061,0,0.003191
test,4062,0,0.032682
test,4063,0,0.263362
test,4064,0,0.003010
test,4065,0,0.008125
test,4066,0,0.002747
test,4067,0,0.004039
test,4068,0,0.980562
test,4069,0,0.005843
test,4070,0,0.003483
test,4071,0,0.003279
test,4072,0,0.006098
test,4073,0,0.016947
test,4074,0,0.951684
test,4075,0,0.023264
test,4076,0,0.003559
test,4077,0,0.008745
test,4078,0,0.489397
test,4079,0,0.003436
test,4080,0,0.010653
test,4081,0,0.005051
test,4082,0,0.028898
test,4083,0,0.012698
test,4084,0,0.002981
test,4085,0,0.004126
test,4086,0,0.029479
test,4087,0,0.972650
test,4088,0,0.005946
test,4089,0,0.049131
test,4090,0,0.941975
test,4091,0,0.012480
test,4092,0,0.005946
test,4093,0,0.007621
test,4094,0,0.006098
test,4095,0,0.004451
test,4096,0,0.005343
test,4097,0,0.006771
test,4098,0,0.020410
test,4099,0,0.518409
test,4100,0,0.036459
test,4101,0,0.005820
test,4102,0,0.002975
test,4103,0,0.002795
test,4104,0,0.003148
test,4105,0,0.004070
test,4106,0,0.009879
test,4107,0,0.013929
test,4108,0,0.004682
test,4109,0,0.002637
test,4110,0,0.006667
test,4111,0,0.003847
test,4112,0,0.146820
test,4113,0,0.004673
test,4114,0,0.026964
test,4115,0,0.004896
test,4116,0,0.957078
test,4117,0,0.003318
test,4118,0,0.997484
test,4119,0,0.015845
test,4120,0,0.027928
test,4121,0,0.007177
test,4122,0,0.003112
test,4123,0,0.005170
test,4124,0,0.002964
test,4125,0,0.003235
test,4126,0,0.003601
test,4127,0,0.002652
test,4128,0,0.013769
test,4129,0,0.004774
test,4130,0,0.002673
test,4131,0,0.003337
test,4132,0,0.006426
test,4133,0,0.003456
test,4134,0,0.004166
test,4135,0,0.004256
test,4136,0,0.004046
test,4137,0,0.005240
test,4138,0,0.002710
test,4139,0,0.040961
test,4140,0,0.005865
test,4141,0,0.026380
test,4142,0,0.005240
test,4143,0,0.003130
test,4144,0,0.008429
test,4145,0,0.006784
test,4146,0,0.002425
test,4147,0,0.002742
test,4148,0,0.896433
test,4149,0,0.004655
test,4150,0,0.002265
test,4151,0,0.074164
test,4152,0,0.003416
test,4153,0,0.004792
test,4154,0,0.004556
test,4155,0,0.003423
test,4156,0,0.003004
test,4157,0,0.002689
test,4158,0,0.020984
test,4159,0,0.008125
test,4160,0,0.004174
test,4161,0,0.009108
test,4162,0,0.003969
test,4163,0,0.005080
test,4164,0,0.003922
test,4165,0,0.008968
test,4166,0,0.004417
test,4167,0,0.061593
test,4168,0,0.995652
test,4169,0,0.008968
test,4170,0,0.003179
test,4171,0,0.034197
test,4172,0,0.004174
test,4173,0,0.003403
test,4174,0,0.004086
test,4175,0,0.935287
test,4176,0,0.010777
test,4177,0,0.003650
test,4178,0,0.006732
test,4179,0,0.002907
test,4180,0,0.003260
test,4181,0,0.003686
test,4182,0,0.011778
test,4183,0,0.007261
test,4184,0,0.005323
test,4185,0,0.030215
test,4186,0,0.003854
test,4187,0,0.053403
test,4188,0,0.470079
test,4189,0,0.005240
test,4190,0,0.017062
test,4191,0,0.941439
test,4192,0,0.953405
test,4193,0,0.002458
test,4194,0,0.003377
test,4195,0,0.009559
test,4196,0,0.992364
test,4197,0,0.004102
test,4198,0,0.005354
test,4199,0,0.003260
test,4200,0,0.003229
test,4201,0,0.003707
test,4202,0,0.044225
test,4203,0,0.003976
test,4204,0,0.017459
test,4205,0,0.005491
test,4206,0,0.004142
test,4207,0,0.022307
test,4208,0,0.002694
test,4209,0,0.121165
test,4210,0,0.002867
test,4211,0,0.003040
test,4212,0,0.487948
test,4213,0,0.002736
test,4214,0,0.003765
test,4215,0,0.009055
test,4216,0,0.004495
test,4217,0,0.010033
test,4218,0,0.005577
test,4219,0,0.002663
test,4220,0,0.004399
test,4221,0,0.004357
test,4222,0,0.042802
test,4223,0,0.005312
test,4224,0,0.003069
test,4225,0,0.003057
test,4226,0,0.004110
test,4227,0,0.016753
test,4228,0,0.003004
test,4229,0,0.003179
test,4230,0,0.003736
test,4231,0,0.003028
test,4232,0,0.003377
test,4233,0,0.049681
test,4234,0,0.012576
test,4235,0,0.008140
test,4236,0,0.742375
test,4237,0,0.003057
test,4238,0,0.003817
test,4239,0,0.009003
test,4240,0,0.004070
test,4241,0,0.005041
test,4242,0,0.003004
test,4243,0,0.002964
test,4244,0,0.002458
test,4245,0,0.910704
test,4246,0,0.004223
test,4247,0,0.005021
test,4248,0,0.002566
test,4249,0,0.002958
test,4250,0,0.229190
test,4251,0,0.005911
test,4252,0,0.006971
test,4253,0,0.009936
test,4254,0,0.052038
test,4255,0,0.012054
test,4256,0,0.003817
test,4257,0,0.005261
test,4258,0,0.003229
test,4259,0,0.003436
test,4260,0,0.007786
test,4261,0,0.016899
test,4262,0,0.988470
test,4263,0,0.002895
test,4264,0,0.005911
test,4265,0,0.004408
test,4266,0,0.008968
test,4267,0,0.002806
test,4268,0,0.003657
test,4269,0,0.004849
test,4270,0,0.004357
test,4271,0,0.002878
test,4272,0,0.011710
test,4273,0,0.019681
test,4274,0,0.002415
test,4275,0,0.005523
test,4276,0,0.004468
test,4277,0,0.004265
test,4278,0,0.003559
test,4279,0,0.008779
test,4280,0,0.003884
test,4281,0,0.397500
test,4282,0,0.005957
test,4283,0,0.004718
test,4284,0,0.003324
test,4285,0,0.038430
test,4286,0,0.004273
test,4287,0,0.002812
test,4288,0,0.006971
test,4289,0,0.003396
test,4290,0,0.004886
test,4291,0,0.041852
test,4292,0,0.004031
test,4293,0,0.006027
test,4294,0,0.002758
test,4295,0,0.982591
test,4296,0,0.002812
test,4297,0,0.008611
test,4298,0,0.040999
test,4299,0,0.002647
test,4300,0,0.008093
test,4301,0,0.005261
test,4302,0,0.005395
test,4303,0,0.003099
test,4304,0,0.003028
test,4305,0,0.002958
test,4306,0,0.002785
test,4307,0,0.003004
test,4308,0,0.003063
test,4309,0,0.002492
test,4310,0,0.103205
test,4311,0,0.003260
test,4312,0,0.012277
test,4313,0,0.009727
test,4314,0,0.006217
test,4315,0,0.002355
test,4316,0,0.008125
test,4317,0,0.005587
test,4318,0,0.005934
test,4319,0,0.004691
test,4320,0,0.971806
test,4321,0,0.002736
test,4322,0,0.004755
test,4323,0,0.002850
test,4324,0,0.024446
test,4325,0,0.005523
test,4326,0,0.277522
test,4327,0,0.039788
test,4328,0,0.003204
test,4329,0,0.004574
test,4330,0,0.019161
test,4331,0,0.990025
test,4332,0,0.004610
test,4333,0,0.003028
test,4334,0,0.008348
test,4335,0,0.011938
test,4336,0,0.010408
test,4337,0,0.003075
test,4338,0,0.002752
test,4339,0,0.958654
test,4340,0,0.003087
test,4341,0,0.005031
test,4342,0,0.003305
test,4343,0,0.775775
test,4344,0,0.006278
test,4345,0,0.009003
test,4346,0,0.002998
test,4347,0,0.007621
test,4348,0,0.007953
test,4349,0,0.006745
test,4350,0,0.005210
test,4351,0,0.005555
test,4352,0,0.011846
test,4353,0,0.004306
test,4354,0,0.005631
test,4355,0,0.284526
test,4356,0,0.002477
test,4357,0,0.008015
test,4358,0,0.010694
test,4359,0,0.003636
test,4360,0,0.004610
test,4361,0,0.007953
test,4362,0,0.018582
test,4363,0,0.016309
test,4364,0,0.004306
test,4365,0,0.003260
test,4366,0,0.306216
test,4367,0,0.005642
test,4368,0,0.004718
test,4369,0,0.034424
test,4370,0,0.006241
test,4371,0,0.010358
test,4372,0,0.009956
test,4373,0,0.015380
test,4374,0,0.030100
test,4375,0,0.003197
test,4376,0,0.010268
test,4377,0,0.007219
test,4378,0,0.006488
test,4379,0,0.017013
test,4380,0,0.141104
test,4381,0,0.007066
test,4382,0,0.002946
test,4383,0,0.436780
test,4384,0,0.011332
test,4385,0,0.004486
test,4386,0,0.004000
test,4387,0,0.003892
test,4388,0,0.055413
test,4389,0,0.003286
test,4390,0,0.005395
test,4391,0,0.003650
test,4392,0,0.003148
test,4393,0,0.016721
test,4394,0,0.008711
test,4395,0,0.024869
test,4396,0,0.005110
test,4397,0,0.003969
test,4398,0,0.008644
test,4399,0,0.029063
test,4400,0,0.025834
test,4401,0,0.004547
test,4402,0,0.009431
test,4403,0,0.005100
test,4404,0,0.649301
test,4405,0,0.008413
test,4406,0,0.990496
test,4407,0,0.018160
test,4408,0,0.003370
test,4409,0,0.012432
test,4410,0,0.005620
test,4411,0,0.044225
test,4412,0,0.007461
test,4413,0,0.002747
test,4414,0,0.075790
test,4415,0,0.004078
test,4416,0,0.779993
test,4417,0,0.421433
test,4418,0,0.157266
test,4419,0,0.010469
test,4420,0,0.010839
test,4421,0,0.605245
test,4422,0,0.009376
test,4423,0,0.002862
test,4424,0,0.079639
test,4425,0,0.023554
test,4426,0,0.010408
test,4427,0,0.004700
test,4428,0,0.002694
test,4429,0,0.002694
test,4430,0,0.004374
test,4431,0,0.008779
test,4432,0,0.002952
test,4433,0,0.003363
test,4434,0,0.005170
test,4435,0,0.004530
test,4436,0,0.003517
test,4437,0,0.003124
test,4438,0,0.003938
test,4439,0,0.003470
test,4440,0,0.003260
test,4441,0,0.002907
test,4442,0,0.004182
test,4443,0,0.002521
test,4444,0,0.002310
test,4445,0,0.003938
test,4446,0,0.004556
test,4447,0,0.003279
test,4448,0,0.989140
test,4449,0,0.077239
test,4450,0,0.005865
test,4451,0,0.003622
test,4452,0,0.006628
test,4453,0,0.016866
test,4454,0,0.016866
test,4455,0,0.002752
test,4456,0,0.004934
test,4457,0,0.003636
test,4458,0,0.003580
test,4459,0,0.003622
test,4460,0,0.003714
test,4461,0,0.004408
test,4462,0,0.003477
test,4463,0,0.003483
test,4464,0,0.031799
test,4465,0,0.004078
test,4466,0,0.003907
test,4467,0,0.003552
test,4468,0,0.003693
test,4469,0,0.005587
test,4470,0,0.003016
test,4471,0,0.005041
test,4472,0,0.020352
test,4473,0,0.004858
test,4474,0,0.553453
test,4475,0,0.921781
test,4476,0,0.005809
test,4477,0,0.004323
test,4478,0,0.971886
test,4479,0,0.004215
test,4480,0,0.004265
test,4481,0,0.003984
test,4482,0,0.030880
test,4483,0,0.006241
test,4484,0,0.009143
test,4485,0,0.020804
test,4486,0,0.003657
test,4487,0,0.007332
test,4488,0,0.014159
test,4489,0,0.733500
test,4490,0,0.985043
test,4491,0,0.008015
test,4492,0,0.989572
test,4493,0,0.007519
test,4494,0,0.003254
test,4495,0,0.004054
test,4496,0,0.003751
test,4497,0,0.021740
test,4498,0,0.002946
test,4499,0,0.003337
test,4500,0,0.002845
test,4501,0,0.006217
test,4502,0,0.989632
test,4503,0,0.446928
test,4504,0,0.014814
test,4505,0,0.947672
test,4506,0,0.119100
test,4507,0,0.026632
test,4508,0,0.008813
test,4509,0,0.005180
test,4510,0,0.005786
test,4511,0,0.005741
test,4512,0,0.034815
test,4513,0,0.004811
test,4514,0,0.007563
test,4515,0,0.003636
test,4516,0,0.004023
test,4517,0,0.261142
test,4518,0,0.005364
test,4519,0,0.003093
test,4520,0,0.008985
test,4521,0,0.003743
test,4522,0,0.004046
test,4523,0,0.003580
test,4524,0,0.012124
test,4525,0,0.020844
test,4526,0,0.144269
test,4527,0,0.003862
test,4528,0,0.003992
test,4529,0,0.007403
test,4530,0,0.004182
test,4531,0,0.007831
test,4532,0,0.004007
test,4533,0,0.002673
test,4534,0,0.003383
test,4535,0,0.005080
test,4536,0,0.004340
test,4537,0,0.951142
test,4538,0,0.002663
test,4539,0,0.003832
test,4540,0,0.003869
test,4541,0,0.012289
test,4542,0,0.007577
test,4543,0,0.008078
test,4544,0,0.002715
test,4545,0,0.002611
test,4546,0,0.003969
test,4547,0,0.003331
test,4548,0,0.801781
test,4549,0,0.003093
test,4550,0,0.003671
test,4551,0,0.007053
test,4552,0,0.004820
test,4553,0,0.012456
test,4554,0,0.003538
test,4555,0,0.002383
test,4556,0,0.003069
test,4557,0,0.002779
test,4558,0,0.003780
test,4559,0,0.004150
test,4560,0,0.003524
test,4561,0,0.003915
test,4562,0,0.002637
test,4563,0,0.003185
test,4564,0,0.007651
test,4565,0,0.002392
test,4566,0,0.798658
test,4567,0,0.004755
test,4568,0,0.006654
test,4569,0,0.002867
test,4570,0,0.010945
test,4571,0,0.003105
test,4572,0,0.011642
test,4573,0,0.021533
test,4574,0,0.005469
test,4575,0,0.004601
test,4576,0,0.003969
test,4577,0,0.003069
test,4578,0,0.005210
test,4579,0,0.032868
test,4580,0,0.007177
test,4581,0,0.060363
test,4582,0,0.003552
test,4583,0,0.002884
test,4584,0,0.003601
test,4585,0,0.006327
test,4586,0,0.025131
test,4587,0,0.514595
test,4588,0,0.005051
test,4589,0,0.971320
test,4590,0,0.010540
test,4591,0,0.012540
test,4592,0,0.078501
test,4593,0,0.003795
test,4594,0,0.011530
test,4595,0,0.003063
test,4596,0,0.006290
test,4597,0,0.004182
test,4598,0,0.005364
test,4599,0,0.014560
test,4600,0,0.014282
test,4601,0,0.003173
test,4602,0,0.592961
test,4603,0,0.007039
test,4604,0,0.003559
test,4605,0,0.994810
test,4606,0,0.969928
test,4607,0,0.008413
test,4608,0,0.003423
test,4609,0,0.002310
test,4610,0,0.004691
test,4611,0,0.005969
test,4612,0,0.036943
test,4613,0,0.003743
test,4614,0,0.003456
test,4615,0,0.004340
test,4616,0,0.026887
test,4617,0,0.956063
test,4618,0,0.003235
test,4619,0,0.013046
test,4620,0,0.024238
test,4621,0,0.004953
test,4622,0,0.005577
test,4623,0,0.004547
test,4624,0,0.004134
test,4625,0,0.004046
test,4626,0,0.005090
test,4627,0,0.003179
test,4628,0,0.003396
test,4629,0,0.002571
test,4630,0,0.002929
test,4631,0,0.003136
test,4632,0,0.002611
test,4633,0,0.005642
test,4634,0,0.003795
test,4635,0,0.689462
test,4636,0,0.013650
test,4637,0,0.004199
test,4638,0,0.006680
test,4639,0,0.972857
test,4640,0,0.610294
test,4641,0,0.018996
test,4642,0,0.006811
test,4643,0,0.011486
test,4644,0,0.011530
test,4645,0,0.010318
test,4646,0,0.046421
test,4647,0,0.002878
test,4648,0,0.002856
test,4649,0,0.017577
test,4650,0,0.007696
test,4651,0,0.004118
test,4652,0,0.004118
test,4653,0,0.027481
test,4654,0,0.002581
test,4655,0,0.043003
test,4656,0,0.034651
test,4657,0,0.013650
test,4658,0,0.006027
test,4659,0,0.002907
test,4660,0,0.005620
test,4661,0,0.002845
test,4662,0,0.002785
test,4663,0,0.292797
test,4664,0,0.003337
test,4665,0,0.004460
test,4666,0,0.014118
test,4667,0,0.003423
test,4668,0,0.010033
test,4669,0,0.018960
test,4670,0,0.003260
test,4671,0,0.007907
test,4672,0,0.002652
test,4673,0,0.912436
test,4674,0,0.012384
test,4675,0,0.003839
test,4676,0,0.002918
test,4677,0,0.002373
test,4678,0,0.003173
test,4679,0,0.009467
test,4680,0,0.003765
test,4681,0,0.003063
test,4682,0,0.391144
test,4683,0,0.006004
test,4684,0,0.006577
test,4685,0,0.426993
test,4686,0,0.003722
test,4687,0,0.030186
test,4688,0,0.002785
test,4689,0,0.005566
test,4690,0,0.264453
test,4691,0,0.683472
test,4692,0,0.056029
test,4693,0,0.006603
test,4694,0,0.010756
test,4695,0,0.080792
test,4696,0,0.017127
test,4697,0,0.005150
test,4698,0,0.003390
test,4699,0,0.004802
test,4700,0,0.006193
test,4701,0,0.009467
test,4702,0,0.004953
test,4703,0,0.931587
test,4704,0,0.007360
test,4705,0,0.105995
test,4706,0,0.007374
test,4707,0,0.012698
test,4708,0,0.022846
test,4709,0,0.021533
test,4710,0,0.209712
test,4711,0,0.881207
test,4712,0,0.013875
test,4713,0,0.003216
test,4714,0,0.003241
test,4715,0,0.033337
test,4716,0,0.988971
test,4717,0,0.003028
test,4718,0,0.004682
test,4719,0,0.003765
test,4720,0,0.004086
test,4721,0,0.003869
test,4722,0,0.005002
test,4723,0,0.427800
test,4724,0,0.005343
test,4725,0,0.110231
test,4726,0,0.003976
test,4727,0,0.003416
test,4728,0,0.987338
test,4729,0,0.095771
test,4730,0,0.005888
test,4731,0,0.004142
test,4732,0,0.004086
test,4733,0,0.004992
test,4734,0,0.003063
test,4735,0,0.004348
test,4736,0,0.003969
test,4737,0,0.007969
test,4738,0,0.004538
test,4739,0,0.013703
test,4740,0,0.005070
test,4741,0,0.084342
test,4742,0,0.002678
test,4743,0,0.936634
test,4744,0,0.081082
test,4745,0,0.006451
test,4746,0,0.746601
test,4747,0,0.003093
test,4748,0,0.006266
test,4749,0,0.016168
test,4750,0,0.006904
test,4751,0,0.046812
test,4752,0,0.016309
test,4753,0,0.003344
test,4754,0,0.002453
test,4755,0,0.003922
test,4756,0,0.002397
test,4757,0,0.004700
test,4758,0,0.885136
test,4759,0,0.007816
test,4760,0,0.003273
test,4761,0,0.004601
test,4762,0,0.990254
test,4763,0,0.002790
test,4764,0,0.003034
test,4765,0,0.003817
test,4766,0,0.004583
test,4767,0,0.003075
test,4768,0,0.002834
test,4769,0,0.003580
test,4770,0,0.171824
test,4771,0,0.003657
test,4772,0,0.017210
test,4773,0,0.004142
test,4774,0,0.003063
test,4775,0,0.009994
test,4776,0,0.002516
test,4777,0,0.004281
test,4778,0,0.003517
test,4779,0,0.018887
test,4780,0,0.003063
test,4781,0,0.003185
test,4782,0,0.004191
test,4783,0,0.003046
test,4784,0,0.004046
test,4785,0,0.004158
test,4786,0,0.003722
test,4787,0,0.002779
test,4788,0,0.002704
test,4789,0,0.012077
test,4790,0,0.005070
test,4791,0,0.006745
test,4792,0,0.016482
test,4793,0,0.965964
test,4794,0,0.993879
test,4795,0,0.003992
test,4796,0,0.055720
test,4797,0,0.007039
test,4798,0,0.009615
test,4799,0,0.003124
test,4800,0,0.003416
test,4801,0,0.015306
test,4802,0,0.007592
test,4803,0,0.007651
test,4804,0,0.004031
test,4805,0,0.002551
test,4806,0,0.004802
test,4807,0,0.003229
test,4808,0,0.004830
test,4809,0,0.003204
test,4810,0,0.954435
test,4811,0,0.990910
test,4812,0,0.506347
test,4813,0,0.006577
test,4814,0,0.002752
test,4815,0,0.004442
test,4816,0,0.005190
test,4817,0,0.005437
test,4818,0,0.002314
test,4819,0,0.005609
test,4820,0,0.004619
test,4821,0,0.008627
test,4822,0,0.003390
test,4823,0,0.005786
test,4824,0,0.016625
test,4825,0,0.005775
test,4826,0,0.003267
test,4827,0,0.003337
test,4828,0,0.009822
test,4829,0,0.006850
test,4830,0,0.003416
test,4831,0,0.095097
test,4832,0,0.013493
test,4833,0,0.015174
test,4834,0,0.010818
test,4835,0,0.003383
test,4836,0,0.847779
test,4837,0,0.003601
test,4838,0,0.003173
test,4839,0,0.004896
test,4840,0,0.004023
test,4841,0,0.010459
test,4842,0,0.017078
test,4843,0,0.004460
test,4844,0,0.003787
test,4845,0,0.005281
test,4846,0,0.032713
test,4847,0,0.004031
test,4848,0,0.008316
test,4849,0,0.004503
test,4850,0,0.290930
test,4851,0,0.005170
test,4852,0,0.005809
test,4853,0,0.006526
test,4854,0,0.003714
test,4855,0,0.002392
test,4856,0,0.004486
test,4857,0,0.004547
test,4858,0,0.002328
test,4859,0,0.003423
test,4860,0,0.030301
test,4861,0,0.006241
test,4862,0,0.020964
test,4863,0,0.003383
test,4864,0,0.973469
test,4865,0,0.004646
test,4866,0,0.002627
test,4867,0,0.004315
test,4868,0,0.074770
test,4869,0,0.007741
test,4870,0,0.006351
test,4871,0,0.202128
test,4872,0,0.004664
test,4873,0,0.014743
test,4874,0,0.003545
test,4875,0,0.002678
test,4876,0,0.003016
test,4877,0,0.006266
test,4878,0,0.007135
test,4879,0,0.005271
test,4880,0,0.004442
test,4881,0,0.008300
test,4882,0,0.007403
test,4883,0,0.002867
test,4884,0,0.003004
test,4885,0,0.015174
test,4886,0,0.002736
test,4887,0,0.004086
test,4888,0,0.005653
test,4889,0,0.016689
test,4890,0,0.002975
test,4891,0,0.003312
test,4892,0,0.024008
test,4893,0,0.024940
test,4894,0,0.986363
test,4895,0,0.006253
test,4896,0,0.002981
test,4897,0,0.012171
test,4898,0,0.212232
test,4899,0,0.007801
test,4900,0,0.815085
test,4901,0,0.011676
test,4902,0,0.004792
test,4903,0,0.004265
test,4904,0,0.012456
test,4905,0,0.002812
test,4906,0,0.010530
test,4907,0,0.002401
test,4908,0,0.003884
test,4909,0,0.006241
test,4910,0,0.006086
test,4911,0,0.009055
test,4912,0,0.003204
test,4913,0,0.002752
test,4914,0,0.002964
test,4915,0,0.003390
test,4916,0,0.009936
test,4917,0,0.005130
test,4918,0,0.005200
test,4919,0,0.005675
test,4920,0,0.004199
test,4921,0,0.004451
test,4922,0,0.005697
test,4923,0,0.558176
test,4924,0,0.004332
test,4925,0,0.004774
test,4926,0,0.004182
test,4927,0,0.069542
test,4928,0,0.002806
test,4929,0,0.971211
test,4930,0,0.002668
test,4931,0,0.037679
test,4932,0,0.911259
test,4933,0,0.002502
test,4934,0,0.002642
test,4935,0,0.004709
test,4936,0,0.025227
test,4937,0,0.048271
test,4938,0,0.003524
test,4939,0,0.005312
test,4940,0,0.003961
test,4941,0,0.002856
test,4942,0,0.002834
test,4943,0,0.008220
test,4944,0,0.007786
test,4945,0,0.630656
test,4946,0,0.003693
test,4947,0,0.012674
test,4948,0,0.002890
test,4949,0,0.003286
test,4950,0,0.003566
test,4951,0,0.003046
test,4952,0,0.986017
test,4953,0,0.904566
test,4954,0,0.011431
test,4955,0,0.003344
test,4956,0,0.005120
test,4957,0,0.192160
test,4958,0,0.005110
test,4959,0,0.003758
test,4960,0,0.003179
test,4961,0,0.980986
test,4962,0,0.003722
test,4963,0,0.003832
test,4964,0,0.006590
test,4965,0,0.989850
test,4966,0,0.982254
test,4967,0,0.005566
test,4968,0,0.010714
test,4969,0,0.311375
test,4970,0,0.087486
test,4971,0,0.025883
test,4972,0,0.005969
test,4973,0,0.022117
test,4974,0,0.925634
test,4975,0,0.004062
test,4976,0,0.003490
test,4977,0,0.015395
test,4978,0,0.003191
test,4979,0,0.004273
test,4980,0,0.003531
test,4981,0,0.007771
test,4982,0,0.014323
test,4983,0,0.019757
test,4984,0,0.055107
test,4985,0,0.005934
test,4986,0,0.003034
test,4987,0,0.007651
test,4988,0,0.010219
test,4989,0,0.003892
test,4990,0,0.003545
test,4991,0,0.003463
test,4992,0,0.005664
test,4993,0,0.009652
test,4994,0,0.005980
test,4995,0,0.006451
test,4996,0,0.016802
test,4997,0,0.003087
test,4998,0,0.035112
test,4999,0,0.007711
test,5000,0,0.024168
test,5001,0,0.006004
test,5002,0,0.006577
test,5003,0,0.007741
test,5004,0,0.006133
test,5005,0,0.002901
test,5006,0,0.026056
test,5007,0,0.051654
test,5008,0,0.004434
test,5009,0,0.995834
test,5010,0,0.984048
test,5011,0,0.140572
test,5012,0,0.007607
test,5013,0,0.004839
test,5014,0,0.985215
test,5015,0,0.006241
test,5016,0,0.003248
test,5017,0,0.007726
test,5018,0,0.005764
test,5019,0,0.003248
test,5020,0,0.002785
test,5021,0,0.002616
test,5022,0,0.003559
test,5023,0,0.004166
test,5024,0,0.003034
test,5025,0,0.013389
test,5026,0,0.022138
test,5027,0,0.003787
test,5028,0,0.003260
test,5029,0,0.003286
test,5030,0,0.005675
test,5031,0,0.004468
test,5032,0,0.004867
test,5033,0,0.004737
test,5034,0,0.003707
test,5035,0,0.005609
test,5036,0,0.006985
test,5037,0,0.012970
test,5038,0,0.976802
test,5039,0,0.004166
test,5040,0,0.006693
test,5041,0,0.004477
test,5042,0,0.014857
test,5043,0,0.050471
test,5044,0,0.007519
test,5045,0,0.003087
test,5046,0,0.004664
test,5047,0,0.003423
test,5048,0,0.003984
test,5049,0,0.003497
test,5050,0,0.015087
test,5051,0,0.005533
test,5052,0,0.004886
test,5053,0,0.006641
test,5054,0,0.009161
test,5055,0,0.063540
test,5056,0,0.004134
test,5057,0,0.006917
test,5058,0,0.003504
test,5059,0,0.005385
test,5060,0,0.008446
test,5061,0,0.002935
test,5062,0,0.003028
test,5063,0,0.007666
test,5064,0,0.449997
test,5065,0,0.004102
test,5066,0,0.004232
test,5067,0,0.143008
test,5068,0,0.003160
test,5069,0,0.006577
test,5070,0,0.003267
test,5071,0,0.003736
test,5072,0,0.714080
test,5073,0,0.004399
test,5074,0,0.008745
test,5075,0,0.136378
test,5076,0,0.003390
test,5077,0,0.005180
test,5078,0,0.006217
test,5079,0,0.012846
test,5080,0,0.003636
test,5081,0,0.007861
test,5082,0,0.004434
test,5083,0,0.004078
test,5084,0,0.003707
test,5085,0,0.038793
test,5086,0,0.011321
test,5087,0,0.005437
test,5088,0,0.009652
test,5089,0,0.008031
test,5090,0,0.002736
test,5091,0,0.003022
test,5092,0,0.008446
test,5093,0,0.006837
test,5094,0,0.995514
test,5095,0,0.002516
test,5096,0,0.014957
test,5097,0,0.002867
test,5098,0,0.002350
test,5099,0,0.004728
test,5100,0,0.004468
test,5101,0,0.003773
test,5102,0,0.052231
test,5103,0,0.006654
test,5104,0,0.015425
test,5105,0,0.013584
test,5106,0,0.007786
test,5107,0,0.002763
test,5108,0,0.002958
test,5109,0,0.002541
test,5110,0,0.004583
test,5111,0,0.004223
test,5112,0,0.003357
test,5113,0,0.002632
test,5114,0,0.003758
test,5115,0,0.004820
test,5116,0,0.010489
test,5117,0,0.002310
test,5118,0,0.003383
test,5119,0,0.002332
test,5120,0,0.002873
test,5121,0,0.008611
test,5122,0,0.003615
test,5123,0,0.007094
test,5124,0,0.002296
test,5125,0,0.029174
test,5126,0,0.003538
test,5127,0,0.002350
test,5128,0,0.003370
test,5129,0,0.004434
test,5130,0,0.004728
test,5131,0,0.003292
test,5132,0,0.003022
test,5133,0,0.004232
test,5134,0,0.005797
test,5135,0,0.005292
test,5136,0,0.002785
test,5137,0,0.406862
test,5138,0,0.004934
test,5139,0,0.097176
test,5140,0,0.003197
test,5141,0,0.346707
test,5142,0,0.002850
test,5143,0,0.003922
test,5144,0,0.005240
test,5145,0,0.004673
test,5146,0,0.012042
test,5147,0,0.002449
test,5148,0,0.004023
test,5149,0,0.007696
test,5150,0,0.002856
test,5151,0,0.003802
test,5152,0,0.004783
test,5153,0,0.013902
test,5154,0,0.005969
test,5155,0,0.150590
test,5156,0,0.005385
test,5157,0,0.005416
test,5158,0,0.003286
test,5159,0,0.004374
test,5160,0,0.007636
test,5161,0,0.665791
test,5162,0,0.003052
test,5163,0,0.002785
test,5164,0,0.405971
test,5165,0,0.002637
test,5166,0,0.030301
test,5167,0,0.003862
test,5168,0,0.753557
test,5169,0,0.003629
test,5170,0,0.017866
test,5171,0,0.002935
test,5172,0,0.003331
test,5173,0,0.276251
test,5174,0,0.003046
test,5175,0,0.006027
test,5176,0,0.003707
test,5177,0,0.004039
test,5178,0,0.003664
test,5179,0,0.002918
test,5180,0,0.003160
test,5181,0,0.002779
test,5182,0,0.007938
test,5183,0,0.002541
test,5184,0,0.002444
test,5185,0,0.004867
test,5186,0,0.003664
test,5187,0,0.005395
test,5188,0,0.209389
test,5189,0,0.005251
test,5190,0,0.011984
test,5191,0,0.003004
test,5192,0,0.002473
test,5193,0,0.023939
test,5194,0,0.005911
test,5195,0,0.005051
test,5196,0,0.002795
test,5197,0,0.004046
test,5198,0,0.044473
test,5199,0,0.003751
test,5200,0,0.003142
test,5201,0,0.003273
test,5202,0,0.013571
test,5203,0,0.003636
test,5204,0,0.003862
test,5205,0,0.021657
test,5206,0,0.004877
test,5207,0,0.005719
test,5208,0,0.008728
test,5209,0,0.002463
test,5210,0,0.071074
test,5211,0,0.111193
test,5212,0,0.003456
test,5213,0,0.645595
test,5214,0,0.634543
test,5215,0,0.123102
test,5216,0,0.005877
test,5217,0,0.005523
test,5218,0,0.012540
test,5219,0,0.002601
test,5220,0,0.004232
test,5221,0,0.004637
test,5222,0,0.016293
test,5223,0,0.003010
test,5224,0,0.003566
test,5225,0,0.002901
test,5226,0,0.040579
test,5227,0,0.008951
test,5228,0,0.007969
test,5229,0,0.009108
test,5230,0,0.005140
test,5231,0,0.006904
test,5232,0,0.006732
test,5233,0,0.003679
test,5234,0,0.005459
test,5235,0,0.003286
test,5236,0,0.002993
test,5237,0,0.002878
test,5238,0,0.989244
test,5239,0,0.010259
test,5240,0,0.055209
test,5241,0,0.004592
test,5242,0,0.008847
test,5243,0,0.006463
test,5244,0,0.994043
test,5245,0,0.396565
test,5246,0,0.007577
test,5247,0,0.005364
test,5248,0,0.013071
test,5249,0,0.025712
test,5250,0,0.254972
test,5251,0,0.003847
test,5252,0,0.005437
test,5253,0,0.017426
test,5254,0,0.117218
test,5255,0,0.040731
test,5256,0,0.003490
test,5257,0,0.011996
test,5258,0,0.005041
test,5259,0,0.004215
test,5260,0,0.006719
test,5261,0,0.004728
test,5262,0,0.003383
test,5263,0,0.007984
test,5264,0,0.003922
test,5265,0,0.003839
test,5266,0,0.003773
test,5267,0,0.007360
test,5268,0,0.002774
test,5269,0,0.836354
test,5270,0,0.974483
test,5271,0,0.005281
test,5272,0,0.982031
test,5273,0,0.003337
test,5274,0,0.005395
test,5275,0,0.017013
test,5276,0,0.961678
test,5277,0,0.003504
test,5278,0,0.002812
test,5279,0,0.006917
test,5280,0,0.002993
test,5281,0,0.190498
test,5282,0,0.922343
test,5283,0,0.042483
test,5284,0,0.002817
test,5285,0,0.004477
test,5286,0,0.005002
test,5287,0,0.003587
test,5288,0,0.746231
test,5289,0,0.003693
test,5290,0,0.003707
test,5291,0,0.006904
test,5292,0,0.004737
test,5293,0,0.003004
test,5294,0,0.003040
test,5295,0,0.010249
test,5296,0,0.003142
test,5297,0,0.003664
test,5298,0,0.011687
test,5299,0,0.011072
test,5300,0,0.003344
test,5301,0,0.002964
test,5302,0,0.008711
test,5303,0,0.022414
test,5304,0,0.004963
test,5305,0,0.003299
test,5306,0,0.003450
test,5307,0,0.028328
test,5308,0,0.992823
test,5309,0,0.006278
test,5310,0,0.561230
test,5311,0,0.938294
test,5312,0,0.010756
test,5313,0,0.009467
test,5314,0,0.003299
test,5315,0,0.003580
test,5316,0,0.009467
test,5317,0,0.005110
test,5318,0,0.012289
test,5319,0,0.148541
test,5320,0,0.002964
test,5321,0,0.003545
test,5322,0,0.003136
test,5323,0,0.003081
test,5324,0,0.009214
test,5325,0,0.008847
test,5326,0,0.009241
test,5327,0,0.003938
test,5328,0,0.002221
test,5329,0,0.007108
test,5330,0,0.553279
test,5331,0,0.995226
test,5332,0,0.010966
test,5333,0,0.004682
test,5334,0,0.005130
test,5335,0,0.012194
test,5336,0,0.003594
test,5337,0,0.002924
test,5338,0,0.014800
test,5339,0,0.004118
test,5340,0,0.005200
test,5341,0,0.004442
test,5342,0,0.004417
test,5343,0,0.011051
test,5344,0,0.005631
test,5345,0,0.003787
test,5346,0,0.003337
test,5347,0,0.011029
test,5348,0,0.982457
test,5349,0,0.003693
test,5350,0,0.005395
test,5351,0,0.007696
test,5352,0,0.012564
test,5353,0,0.007446
test,5354,0,0.517274
test,5355,0,0.036631
test,5356,0,0.009431
test,5357,0,0.004110
test,5358,0,0.003517
test,5359,0,0.141578
test,5360,0,0.004925
test,5361,0,0.021492
test,5362,0,0.033337
test,5363,0,0.004391
test,5364,0,0.007261
test,5365,0,0.003105
test,5366,0,0.003241
test,5367,0,0.589391
test,5368,0,0.973993
test,5369,0,0.002774
test,5370,0,0.003938
test,5371,0,0.036254
test,5372,0,0.017111
test,5373,0,0.005854
test,5374,0,0.003524
test,5375,0,0.966600
test,5376,0,0.009055
test,5377,0,0.004273
test,5378,0,0.003456
test,5379,0,0.004953
test,5380,0,0.003124
test,5381,0,0.006205
test,5382,0,0.003235
test,5383,0,0.002969
test,5384,0,0.003286
test,5385,0,0.009214
test,5386,0,0.009143
test,5387,0,0.011029
test,5388,0,0.993333
test,5389,0,0.007094
test,5390,0,0.002763
test,5391,0,0.003832
test,5392,0,0.004273
test,5393,0,0.003751
test,5394,0,0.003229
test,5395,0,0.004357
test,5396,0,0.006039
test,5397,0,0.003229
test,5398,0,0.002895
test,5399,0,0.007094
test,5400,0,0.277179
test,5401,0,0.006784
test,5402,0,0.004240
test,5403,0,0.002850
test,5404,0,0.004477
test,5405,0,0.005664
test,5406,0,0.026355
test,5407,0,0.003136
test,5408,0,0.006539
test,5409,0,0.004007
test,5410,0,0.008188
test,5411,0,0.009197
test,5412,0,0.004664
test,5413,0,0.005631
test,5414,0,0.049497
test,5415,0,0.003629
test,5416,0,0.005261
test,5417,0,0.006266
test,5418,0,0.023176
test,5419,0,0.004963
test,5420,0,0.004547
test,5421,0,0.019106
test,5422,0,0.004126
test,5423,0,0.221351
test,5424,0,0.172381
test,5425,0,0.002642
test,5426,0,0.009179
test,5427,0,0.006904
test,5428,0,0.005764
test,5429,0,0.003497
test,5430,0,0.011597
test,5431,0,0.004391
test,5432,0,0.009504
test,5433,0,0.005271
test,5434,0,0.004830
test,5435,0,0.010902
test,5436,0,0.003279
test,5437,0,0.005653
test,5438,0,0.009143
test,5439,0,0.005150
test,5440,0,0.004811
test,5441,0,0.021969
test,5442,0,0.044848
test,5443,0,0.130507
test,5444,0,0.003922
test,5445,0,0.017127
test,5446,0,0.006985
test,5447,0,0.003028
test,5448,0,0.003470
test,5449,0,0.982873
test,5450,0,0.037892
test,5451,0,0.004691
test,5452,0,0.004078
test,5453,0,0.004709
test,5454,0,0.006798
test,5455,0,0.972545
test,5456,0,0.040012
test,5457,0,0.950180
test,5458,0,0.004628
test,5459,0,0.236604
test,5460,0,0.004802
test,5461,0,0.003601
test,5462,0,0.004486
test,5463,0,0.002704
test,5464,0,0.002642
test,5465,0,0.024704
test,5466,0,0.006864
test,5467,0,0.003235
test,5468,0,0.006784
test,5469,0,0.002845
test,5470,0,0.002856
test,5471,0,0.003802
test,5472,0,0.002779
test,5473,0,0.005070
test,5474,0,0.003517
test,5475,0,0.003490
test,5476,0,0.003292
test,5477,0,0.004867
test,5478,0,0.004046
test,5479,0,0.014462
test,5480,0,0.004382
test,5481,0,0.006577
test,5482,0,0.010756
test,5483,0,0.007317
test,5484,0,0.004007
test,5485,0,0.003743
test,5486,0,0.003930
test,5487,0,0.007938
test,5488,0,0.003615
test,5489,0,0.006157
test,5490,0,0.133190
test,5491,0,0.282394
test,5492,0,0.002571
test,5493,0,0.002378
test,5494,0,0.005437
test,5495,0,0.003069
test,5496,0,0.005374
test,5497,0,0.005251
test,5498,0,0.008528
test,5499,0,0.004565
test,5500,0,0.004792
test,5501,0,0.078430
test,5502,0,0.008830
test,5503,0,0.005130
test,5504,0,0.007490
test,5505,0,0.007417
test,5506,0,0.003377
test,5507,0,0.003524
test,5508,0,0.355160
test,5509,0,0.949529
test,5510,0,0.005364
test,5511,0,0.012372
test,5512,0,0.018003
test,5513,0,0.010860
test,5514,0,0.004915
test,5515,0,0.004054
test,5516,0,0.115112
test,5517,0,0.007461
test,5518,0,0.008046
test,5519,0,0.009090
test,5520,0,0.011245
test,5521,0,0.029563
test,5522,0,0.003664
test,5523,0,0.569523
test,5524,0,0.003664
test,5525,0,0.004094
test,5526,0,0.005323
test,5527,0,0.003130
test,5528,0,0.006564
test,5529,0,0.004417
test,5530,0,0.003573
test,5531,0,0.002642
test,5532,0,0.004182
test,5533,0,0.005544
test,5534,0,0.005730
test,5535,0,0.005343
test,5536,0,0.003318
test,5537,0,0.003383
test,5538,0,0.004737
test,5539,0,0.004547
test,5540,0,0.929887
test,5541,0,0.028087
test,5542,0,0.003241
test,5543,0,0.004811
test,5544,0,0.032406
test,5545,0,0.014296
test,5546,0,0.003318
test,5547,0,0.007461
test,5548,0,0.003839
test,5549,0,0.004265
test,5550,0,0.003566
test,5551,0,0.002779
test,5552,0,0.002647
test,5553,0,0.007121
test,5554,0,0.944382
test,5555,0,0.003099
test,5556,0,0.011029
test,5557,0,0.004273
test,5558,0,0.003010
test,5559,0,0.009340
test,5560,0,0.003566
test,5561,0,0.011169
test,5562,0,0.002715
test,5563,0,0.003679
test,5564,0,0.002907
test,5565,0,0.010249
test,5566,0,0.016356
test,5567,0,0.013020
test,5568,0,0.008561
test,5569,0,0.002591
test,5570,0,0.003210
test,5571,0,0.003566
test,5572,0,0.002812
test,5573,0,0.002912
test,5574,0,0.003615
test,5575,0,0.002924
test,5576,0,0.004265
test,5577,0,0.003370
test,5578,0,0.002752
test,5579,0,0.009286
test,5580,0,0.987923
test,5581,0,0.003167
test,5582,0,0.003357
test,5583,0,0.005120
test,5584,0,0.005877
test,5585,0,0.005741
test,5586,0,0.004460
test,5587,0,0.035344
test,5588,0,0.027273
test,5589,0,0.028275
test,5590,0,0.004673
test,5591,0,0.011376
test,5592,0,0.004417
test,5593,0,0.084720
test,5594,0,0.006062
test,5595,0,0.005070
test,5596,0,0.004934
test,5597,0,0.003344
test,5598,0,0.002411
test,5599,0,0.009322
test,5600,0,0.002463
test,5601,0,0.004191
test,5602,0,0.046681
test,5603,0,0.963437
test,5604,0,0.003063
test,5605,0,0.005120
test,5606,0,0.989692
test,5607,0,0.009394
test,5608,0,0.006719
test,5609,0,0.003961
test,5610,0,0.004460
test,5611,0,0.020666
test,5612,0,0.972231
test,5613,0,0.102484
test,5614,0,0.929376
test,5615,0,0.981875
test,5616,0,0.993189
test,5617,0,0.787931
test,5618,0,0.738386
test,5619,0,0.005448
test,5620,0,0.003884
test,5621,0,0.004547
test,5622,0,0.009765
test,5623,0,0.025638
test,5624,0,0.025933
test,5625,0,0.002642
test,5626,0,0.016657
test,5627,0,0.004365
test,5628,0,0.009559
test,5629,0,0.003305
test,5630,0,0.003580
test,5631,0,0.003173
test,5632,0,0.002958
test,5633,0,0.003470
test,5634,0,0.004007
test,5635,0,0.009449
test,5636,0,0.003729
test,5637,0,0.031529
test,5638,0,0.915583
test,5639,0,0.008933
test,5640,0,0.981453
test,5641,0,0.004118
test,5642,0,0.004232
test,5643,0,0.005070
test,5644,0,0.003969
test,5645,0,0.003992
test,5646,0,0.005302
test,5647,0,0.068226
test,5648,0,0.012384
test,5649,0,0.005992
test,5650,0,0.003022
test,5651,0,0.008140
test,5652,0,0.007681
test,5653,0,0.003722
test,5654,0,0.015709
test,5655,0,0.003456
test,5656,0,0.004538
test,5657,0,0.761095
test,5658,0,0.008627
test,5659,0,0.007636
test,5660,0,0.009850
test,5661,0,0.016737
test,5662,0,0.003456
test,5663,0,0.002591
test,5664,0,0.002873
test,5665,0,0.013756
test,5666,0,0.011620
test,5667,0,0.003087
test,5668,0,0.003664
test,5669,0,0.004619
test,5670,0,0.003787
test,5671,0,0.013519
test,5672,0,0.009055
test,5673,0,0.008204
test,5674,0,0.006241
test,5675,0,0.003497
test,5676,0,0.005031
test,5677,0,0.002581
test,5678,0,0.004963
test,5679,0,0.003197
test,5680,0,0.991255
test,5681,0,0.006266
test,5682,0,0.008188
test,5683,0,0.010489
test,5684,0,0.002801
test,5685,0,0.994688
test,5686,0,0.006098
test,5687,0,0.004348
test,5688,0,0.005302
test,5689,0,0.009879
test,5690,0,0.013428
test,5691,0,0.002642
test,5692,0,0.004174
test,5693,0,0.007681
test,5694,0,0.505612
test,5695,0,0.131954
test,5696,0,0.006109
test,5697,0,0.003016
test,5698,0,0.004858
test,5699,0,0.003657
test,5700,0,0.009841
test,5701,0,0.003312
test,5702,0,0.003357
test,5703,0,0.005170
test,5704,0,0.015544
test,5705,0,0.007135
test,5706,0,0.002878
test,5707,0,0.002492
test,5708,0,0.003847
test,5709,0,0.267695
test,5710,0,0.005031
test,5711,0,0.006121
test,5712,0,0.003615
test,5713,0,0.017376
test,5714,0,0.003185
test,5715,0,0.004451
test,5716,0,0.005160
test,5717,0,0.025883
test,5718,0,0.003552
test,5719,0,0.917451
test,5720,0,0.006758
test,5721,0,0.002884
test,5722,0,0.003167
test,5723,0,0.008332
test,5724,0,0.987853
test,5725,0,0.003124
test,5726,0,0.006958
test,5727,0,0.003664
test,5728,0,0.004348
test,5729,0,0.010632
test,5730,0,0.002862
test,5731,0,0.061537
test,5732,0,0.048812
test,5733,0,0.015365
test,5734,0,0.005911
test,5735,0,0.021657
test,5736,0,0.015365
test,5737,0,0.014186
test,5738,0,0.006463
test,5739,0,0.015365
test,5740,0,0.003185
test,5741,0,0.004451
test,5742,0,0.002174
test,5743,0,0.002477
test,5744,0,0.003552
test,5745,0,0.013519
test,5746,0,0.009108
test,5747,0,0.302700
test,5748,0,0.005437
test,5749,0,0.003984
test,5750,0,0.003953
test,5751,0,0.009671
test,5752,0,0.003040
test,5753,0,0.003370
test,5754,0,0.004592
test,5755,0,0.099252
test,5756,0,0.022759
test,5757,0,0.002774
test,5758,0,0.007205
test,5759,0,0.002536
test,5760,0,0.003063
test,5761,0,0.064535
test,5762,0,0.995601
test,5763,0,0.013223
test,5764,0,0.018511
test,5765,0,0.004348
test,5766,0,0.003552
test,5767,0,0.003396
test,5768,0,0.497238
test,5769,0,0.832100
test,5770,0,0.023916
test,5771,0,0.002952
test,5772,0,0.005577
test,5773,0,0.004547
test,5774,0,0.988755
test,5775,0,0.004460
test,5776,0,0.005180
test,5777,0,0.002895
test,5778,0,0.003780
test,5779,0,0.004839
test,5780,0,0.002941
test,5781,0,0.003191
test,5782,0,0.004078
test,5783,0,0.011245
test,5784,0,0.002502
test,5785,0,0.002397
test,5786,0,0.002536
test,5787,0,0.004774
test,5788,0,0.002964
test,5789,0,0.005730
test,5790,0,0.004673
test,5791,0,0.004425
test,5792,0,0.008678
test,5793,0,0.028598
test,5794,0,0.003191
test,5795,0,0.003839
test,5796,0,0.012077
test,5797,0,0.004495
test,5798,0,0.014077
test,5799,0,0.055158
test,5800,0,0.004495
test,5801,0,0.916559
test,5802,0,0.004839
test,5803,0,0.004925
test,5804,0,0.004078
test,5805,0,0.003350
test,5806,0,0.402363
test,5807,0,0.008220
test,5808,0,0.137590
test,5809,0,0.005730
test,5810,0,0.004323
test,5811,0,0.003160
test,5812,0,0.012772
test,5813,0,0.063251
test,5814,0,0.003511
test,5815,0,0.017729
test,5816,0,0.009340
test,5817,0,0.003854
test,5818,0,0.003992
test,5819,0,0.072308
test,5820,0,0.996966
test,5821,0,0.004691
test,5822,0,0.004867
test,5823,0,0.013929
test,5824,0,0.984649
test,5825,0,0.003587
test,5826,0,0.006314
test,5827,0,0.903890
test,5828,0,0.003142
test,5829,0,0.013875
test,5830,0,0.002434
test,5831,0,0.007771
test,5832,0,0.962708
test,5833,0,0.901834
test,5834,0,0.014131
test,5835,0,0.501505
test,5836,0,0.004565
test,5837,0,0.002678
test,5838,0,0.003802
test,5839,0,0.005577
test,5840,0,0.003105
test,5841,0,0.004290
test,5842,0,0.002929
test,5843,0,0.008577
test,5844,0,0.015724
test,5845,0,0.983020
test,5846,0,0.004015
test,5847,0,0.007741
test,5848,0,0.002993
test,5849,0,0.002586
test,5850,0,0.004637
test,5851,0,0.002768
test,5852,0,0.003010
test,5853,0,0.055515
test,5854,0,0.011040
test,5855,0,0.005957
test,5856,0,0.068850
test,5857,0,0.009936
test,5858,0,0.003907
test,5859,0,0.760828
test,5860,0,0.007923
test,5861,0,0.013058
test,5862,0,0.006732
test,5863,0,0.004530
test,5864,0,0.006463
test,5865,0,0.002779
test,5866,0,0.002924
test,5867,0,0.009431
test,5868,0,0.003470
test,5869,0,0.046163
test,5870,0,0.002758
test,5871,0,0.010923
test,5872,0,0.009449
test,5873,0,0.002699
test,5874,0,0.004054
test,5875,0,0.082475
test,5876,0,0.002673
test,5877,0,0.005786
test,5878,0,0.003679
test,5879,0,0.441267
test,5880,0,0.002785
test,5881,0,0.003517
test,5882,0,0.004323
test,5883,0,0.133021
test,5884,0,0.014091
test,5885,0,0.003028
test,5886,0,0.009449
test,5887,0,0.004134
test,5888,0,0.002806
test,5889,0,0.174621
test,5890,0,0.597667
test,5891,0,0.003197
test,5892,0,0.005501
test,5893,0,0.007205
test,5894,0,0.002715
test,5895,0,0.042364
test,5896,0,0.004521
test,5897,0,0.003538
test,5898,0,0.004512
test,5899,0,0.003915
test,5900,0,0.022955
test,5901,0,0.003136
test,5902,0,0.003063
test,5903,0,0.003456
test,5904,0,0.003118
test,5905,0,0.003854
test,5906,0,0.026032
test,5907,0,0.006426
test,5908,0,0.006890
test,5909,0,0.003130
test,5910,0,0.004306
test,5911,0,0.003477
test,5912,0,0.003403
test,5913,0,0.003167
test,5914,0,0.004126
test,5915,0,0.002536
test,5916,0,0.022074
test,5917,0,0.226099
test,5918,0,0.004774
test,5919,0,0.004023
test,5920,0,0.002975
test,5921,0,0.002473
test,5922,0,0.002867
test,5923,0,0.002952
test,5924,0,0.003010
test,5925,0,0.002627
test,5926,0,0.003854
test,5927,0,0.003869
test,5928,0,0.898678
test,5929,0,0.002736
test,5930,0,0.006314
test,5931,0,0.002726
test,5932,0,0.007432
test,5933,0,0.008933
test,5934,0,0.004521
test,5935,0,0.003337
test,5936,0,0.056236
test,5937,0,0.993461
test,5938,0,0.002845
test,5939,0,0.004802
test,5940,0,0.003312
test,5941,0,0.005809
test,5942,0,0.004126
test,5943,0,0.005170
test,5944,0,0.003892
test,5945,0,0.004078
test,5946,0,0.003650
test,5947,0,0.004150
test,5948,0,0.004886
test,5949,0,0.009522
test,5950,0,0.003204
test,5951,0,0.002502
test,5952,0,0.003969
test,5953,0,0.387082
test,5954,0,0.268462
test,5955,0,0.007108
test,5956,0,0.005708
test,5957,0,0.006050
test,5958,0,0.015484
test,5959,0,0.023420
test,5960,0,0.016899
test,5961,0,0.853119
test,5962,0,0.996727
test,5963,0,0.027481
test,5964,0,0.002987
test,5965,0,0.004094
test,5966,0,0.032314
test,5967,0,0.007984
test,5968,0,0.004673
test,5969,0,0.004207
test,5970,0,0.009394
test,5971,0,0.900267
test,5972,0,0.008015
test,5973,0,0.005051
test,5974,0,0.878419
test,5975,0,0.273866
test,5976,0,0.012552
test,5977,0,0.006121
test,5978,0,0.003229
test,5979,0,0.009578
test,5980,0,0.006944
test,5981,0,0.004232
test,5982,0,0.852813
test,5983,0,0.002768
test,5984,0,0.004046
test,5985,0,0.028981
test,5986,0,0.003938
test,5987,0,0.003363
test,5988,0,0.012456
test,5989,0,0.007080
test,5990,0,0.002678
test,5991,0,0.009975
test,5992,0,0.005160
test,5993,0,0.011029
test,5994,0,0.002581
test,5995,0,0.023509
test,5996,0,0.004944
test,5997,0,0.007121
test,5998,0,0.048677
test,5999,0,0.168378
test,6000,0,0.013159
test,6001,0,0.003751
test,6002,0,0.016435
test,6003,0,0.025663
test,6004,0,0.005120
test,6005,0,0.003817
test,6006,0,0.005523
test,6007,0,0.002993
test,6008,0,0.004054
test,6009,0,0.012809
test,6010,0,0.004365
test,6011,0,0.013008
test,6012,0,0.003241
test,6013,0,0.018529
test,6014,0,0.465869
test,6015,0,0.003758
test,6016,0,0.036804
test,6017,0,0.005620
test,6018,0,0.007163
test,6019,0,0.865053
test,6020,0,0.006784
test,6021,0,0.003765
test,6022,0,0.002556
test,6023,0,0.002987
test,6024,0,0.015204
test,6025,0,0.004700
test,6026,0,0.006798
test,6027,0,0.006641
test,6028,0,0.003410
test,6029,0,0.264691
test,6030,0,0.004306
test,6031,0,0.005220
test,6032,0,0.005946
test,6033,0,0.005775
test,6034,0,0.003545
test,6035,0,0.020864
test,6036,0,0.003299
test,6037,0,0.574872
test,6038,0,0.004110
test,6039,0,0.002862
test,6040,0,0.006850
test,6041,0,0.006476
test,6042,0,0.003148
test,6043,0,0.005060
test,6044,0,0.004046
test,6045,0,0.031589
test,6046,0,0.876634
test,6047,0,0.003087
test,6048,0,0.027981
test,6049,0,0.971266
test,6050,0,0.003456
test,6051,0,0.003210
test,6052,0,0.009822
test,6053,0,0.009358
test,6054,0,0.029788
test,6055,0,0.004886
test,6056,0,0.962988
test,6057,0,0.003363
test,6058,0,0.004664
test,6059,0,0.004273
test,6060,0,0.003286
test,6061,0,0.003686
test,6062,0,0.011778
test,6063,0,0.007261
test,6064,0,0.005323
test,6065,0,0.030215
test,6066,0,0.003854
test,6067,0,0.053403
test,6068,0,0.470079
test,6069,0,0.005240
test,6070,0,0.017062
test,6071,0,0.941439
test,6072,0,0.953405
test,6073,0,0.002458
test,6074,0,0.003377
test,6075,0,0.027507
test,6076,0,0.002812
test,6077,0,0.002551
test,6078,0,0.088505
test,6079,0,0.004944
test,6080,0,0.064594
test,6081,0,0.003700
test,6082,0,0.023153
test,6083,0,0.003299
test,6084,0,0.004982
test,6085,0,0.002907
test,6086,0,0.003229
test,6087,0,0.812942
test,6088,0,0.005333
test,6089,0,0.004530
test,6090,0,0.003671
test,6091,0,0.004023
test,6092,0,0.004256
test,6093,0,0.690350
test,6094,0,0.970909
test,6095,0,0.005469
test,6096,0,0.003456
test,6097,0,0.009504
test,6098,0,0.003154
test,6099,0,0.004839
test,6100,0,0.003046
test,6101,0,0.003900
test,6102,0,0.003222
test,6103,0,0.028355
test,6104,0,0.005110
test,6105,0,0.002663
test,6106,0,0.003216
test,6107,0,0.004792
test,6108,0,0.010777
test,6109,0,0.005501
test,6110,0,0.019795
test,6111,0,0.003016
test,6112,0,0.005261
test,6113,0,0.009143
test,6114,0,0.006339
test,6115,0,0.005100
test,6116,0,0.006784
test,6117,0,0.010091
test,6118,0,0.083740
test,6119,0,0.078219
test,6120,0,0.005100
test,6121,0,0.045564
test,6122,0,0.284228
test,6123,0,0.006784
test,6124,0,0.004992
test,6125,0,0.003436
test,6126,0,0.002895
test,6127,0,0.003714
test,6128,0,0.006944
test,6129,0,0.012360
test,6130,0,0.003028
test,6131,0,0.146392
test,6132,0,0.004774
test,6133,0,0.012171
test,6134,0,0.104752
test,6135,0,0.010072
test,6136,0,0.003984
test,6137,0,0.002531
test,6138,0,0.004191
test,6139,0,0.642769
test,6140,0,0.988380
test,6141,0,0.003191
test,6142,0,0.057019
test,6143,0,0.006564
test,6144,0,0.005786
test,6145,0,0.002941
test,6146,0,0.007938
test,6147,0,0.007389
test,6148,0,0.003279
test,6149,0,0.007861
test,6150,0,0.007681
test,6151,0,0.040617
test,6152,0,0.002850
test,6153,0,0.017560
test,6154,0,0.026506
test,6155,0,0.004332
test,6156,0,0.016029
test,6157,0,0.004118
test,6158,0,0.002546
test,6159,0,0.004811
test,6160,0,0.003707
test,6161,0,0.013046
test,6162,0,0.004365
test,6163,0,0.003093
test,6164,0,0.003430
test,6165,0,0.029091
test,6166,0,0.987568
test,6167,0,0.012100
test,6168,0,0.017644
test,6169,0,0.021451
test,6170,0,0.021348
test,6171,0,0.003877
test,6172,0,0.005797
test,6173,0,0.054049
test,6174,0,0.005120
test,6175,0,0.002261
test,6176,0,0.004070
test,6177,0,0.956675
test,6178,0,0.003693
test,6179,0,0.003580
test,6180,0,0.003344
test,6181,0,0.005364
test,6182,0,0.005240
test,6183,0,0.004896
test,6184,0,0.006603
test,6185,0,0.003559
test,6186,0,0.003450
test,6187,0,0.003566
test,6188,0,0.003004
test,6189,0,0.010348
test,6190,0,0.004556
test,6191,0,0.004646
test,6192,0,0.005130
test,6193,0,0.003154
test,6194,0,0.995575
test,6195,0,0.002747
test,6196,0,0.003075
test,6197,0,0.003093
test,6198,0,0.003337
test,6199,0,0.003922
test,6200,0,0.005577
test,6201,0,0.006413
test,6202,0,0.044390
test,6203,0,0.003892
test,6204,0,0.003787
test,6205,0,0.005523
test,6206,0,0.003052
test,6207,0,0.002998
test,6208,0,0.552011
test,6209,0,0.002981
test,6210,0,0.004858
test,6211,0,0.008762
test,6212,0,0.004248
test,6213,0,0.002310
test,6214,0,0.002576
test,6215,0,0.004583
test,6216,0,0.002420
test,6217,0,0.538194
test,6218,0,0.003650
test,6219,0,0.971456
test,6220,0,0.014104
test,6221,0,0.006552
test,6222,0,0.013703
test,6223,0,0.078784
test,6224,0,0.357750
test,6225,0,0.899210
test,6226,0,0.003664
test,6227,0,0.005070
test,6228,0,0.006062
test,6229,0,0.026280
test,6230,0,0.008093
test,6231,0,0.011310
test,6232,0,0.005080
test,6233,0,0.004054
test,6234,0,0.020646
test,6235,0,0.003877
test,6236,0,0.006501
test,6237,0,0.009431
test,6238,0,0.003337
test,6239,0,0.004023
test,6240,0,0.009161
test,6241,0,0.003765
test,6242,0,0.002699
test,6243,0,0.159348
test,6244,0,0.072243
test,6245,0,0.991985
test,6246,0,0.003124
test,6247,0,0.003930
test,6248,0,0.002283
test,6249,0,0.007892
test,6250,0,0.004867
test,6251,0,0.004102
test,6252,0,0.004737
test,6253,0,0.004953
test,6254,0,0.016514
test,6255,0,0.003267
test,6256,0,0.004963
test,6257,0,0.003915
test,6258,0,0.797241
test,6259,0,0.006229
test,6260,0,0.063135
test,6261,0,0.006850
test,6262,0,0.005854
test,6263,0,0.938632
test,6264,0,0.004078
test,6265,0,0.005090
test,6266,0,0.004934
test,6267,0,0.028626
test,6268,0,0.988668
test,6269,0,0.003337
test,6270,0,0.002768
test,6271,0,0.003052
test,6272,0,0.003222
test,6273,0,0.005021
test,6274,0,0.991505
test,6275,0,0.996966
test,6276,0,0.005333
test,6277,0,0.007233
test,6278,0,0.977479
test,6279,0,0.005170
test,6280,0,0.003900
test,6281,0,0.006615
test,6282,0,0.003260
test,6283,0,0.021348
test,6284,0,0.004265
test,6285,0,0.003450
test,6286,0,0.005664
test,6287,0,0.005664
test,6288,0,0.004134
test,6289,0,0.003273
test,6290,0,0.008985
test,6291,0,0.363223
test,6292,0,0.003953
test,6293,0,0.058507
test,6294,0,0.011442
test,6295,0,0.013849
test,6296,0,0.013312
test,6297,0,0.005031
test,6298,0,0.004007
test,6299,0,0.014986
test,6300,0,0.019419
test,6301,0,0.018689
test,6302,0,0.006339
test,6303,0,0.007726
test,6304,0,0.007080
test,6305,0,0.006327
test,6306,0,0.003679
test,6307,0,0.002981
test,6308,0,0.002890
test,6309,0,0.011180
test,6310,0,0.003566
test,6311,0,0.604428
test,6312,0,0.009055
test,6313,0,0.992259
test,6314,0,0.008413
test,6315,0,0.003160
test,6316,0,0.002758
test,6317,0,0.047780
test,6318,0,0.022608
test,6319,0,0.993938
test,6320,0,0.005060
test,6321,0,0.002482
test,6322,0,0.003337
test,6323,0,0.006864
test,6324,0,0.003087
test,6325,0,0.004583
test,6326,0,0.002929
test,6327,0,0.023509
test,6328,0,0.010368
test,6329,0,0.008000
test,6330,0,0.003390
test,6331,0,0.003241
test,6332,0,0.003260
test,6333,0,0.743168
test,6334,0,0.005292
test,6335,0,0.003953
test,6336,0,0.003722
test,6337,0,0.006917
test,6338,0,0.014757
test,6339,0,0.007261
test,6340,0,0.003456
test,6341,0,0.004023
test,6342,0,0.026938
test,6343,0,0.004102
test,6344,0,0.003707
test,6345,0,0.010033
test,6346,0,0.008882
test,6347,0,0.005566
test,6348,0,0.008561
test,6349,0,0.003185
test,6350,0,0.010014
test,6351,0,0.006426
test,6352,0,0.003299
test,6353,0,0.067362
test,6354,0,0.182863
test,6355,0,0.115063
test,6356,0,0.004199
test,6357,0,0.007592
test,6358,0,0.003751
test,6359,0,0.004858
test,6360,0,0.003566
test,6361,0,0.003410
test,6362,0,0.931025
test,6363,0,0.003377
test,6364,0,0.008779
test,6365,0,0.004877
test,6366,0,0.995752
test,6367,0,0.006278
test,6368,0,0.012408
test,6369,0,0.010199
test,6370,0,0.006050
test,6371,0,0.009161
test,6372,0,0.003081
test,6373,0,0.004382
test,6374,0,0.006864
test,6375,0,0.003052
test,6376,0,0.003930
test,6377,0,0.017442
test,6378,0,0.989592
test,6379,0,0.004925
test,6380,0,0.004583
test,6381,0,0.004281
test,6382,0,0.002453
test,6383,0,0.004023
test,6384,0,0.002823
test,6385,0,0.013338
test,6386,0,0.010249
test,6387,0,0.004046
test,6388,0,0.007984
test,6389,0,0.005150
test,6390,0,0.002378
test,6391,0,0.003915
test,6392,0,0.100481
test,6393,0,0.008847
test,6394,0,0.004664
test,6395,0,0.003938
test,6396,0,0.019587
test,6397,0,0.003650
test,6398,0,0.003034
test,6399,0,0.014729
test,6400,0,0.003594
test,6401,0,0.005200
test,6402,0,0.006944
test,6403,0,0.005609
test,6404,0,0.003075
test,6405,0,0.015073
test,6406,0,0.002742
test,6407,0,0.004783
test,6408,0,0.004646
test,6409,0,0.006098
test,6410,0,0.003075
test,6411,0,0.994719
test,6412,0,0.002774
test,6413,0,0.006526
test,6414,0,0.947527
test,6415,0,0.063135
test,6416,0,0.005587
test,6417,0,0.005969
test,6418,0,0.005946
test,6419,0,0.004764
test,6420,0,0.009055
test,6421,0,0.033180
test,6422,0,0.006039
test,6423,0,0.002806
test,6424,0,0.006877
test,6425,0,0.007417
test,6426,0,0.003832
test,6427,0,0.003477
test,6428,0,0.005697
test,6429,0,0.003686
test,6430,0,0.008413
test,6431,0,0.029676
test,6432,0,0.006302
test,6433,0,0.004399
test,6434,0,0.003729
test,6435,0,0.023757
test,6436,0,0.003087
test,6437,0,0.004792
test,6438,0,0.020844
test,6439,0,0.009578
test,6440,0,0.003938
test,6441,0,0.006314
test,6442,0,0.002720
test,6443,0,0.003538
test,6444,0,0.009197
test,6445,0,0.007563
test,6446,0,0.017359
test,6447,0,0.003650
test,6448,0,0.009413
test,6449,0,0.003279
test,6450,0,0.018511
test,6451,0,0.003976
test,6452,0,0.050799
test,6453,0,0.003657
test,6454,0,0.047382
test,6455,0,0.005080
test,6456,0,0.012662
test,6457,0,0.009340
test,6458,0,0.007191
test,6459,0,0.003862
test,6460,0,0.003299
test,6461,0,0.003154
test,6462,0,0.043937
test,6463,0,0.011789
test,6464,0,0.006121
test,6465,0,0.007303
test,6466,0,0.994760
test,6467,0,0.993410
test,6468,0,0.005261
test,6469,0,0.009250
test,6470,0,0.003922
test,6471,0,0.851336
test,6472,0,0.003204
test,6473,0,0.693058
test,6474,0,0.004265
test,6475,0,0.886224
test,6476,0,0.005653
test,6477,0,0.005544
test,6478,0,0.003063
test,6479,0,0.006667
test,6480,0,0.004142
test,6481,0,0.079997
test,6482,0,0.005100
test,6483,0,0.017210
test,6484,0,0.021677
test,6485,0,0.022479
test,6486,0,0.004199
test,6487,0,0.004142
test,6488,0,0.003063
test,6489,0,0.009994
test,6490,0,0.002516
test,6491,0,0.004281
test,6492,0,0.003517
test,6493,0,0.969324
test,6494,0,0.006628
test,6495,0,0.004374
test,6496,0,0.003383
test,6497,0,0.006603
test,6498,0,0.002817
test,6499,0,0.004365
test,6500,0,0.003907
test,6501,0,0.977176
test,6502,0,0.002468
test,6503,0,0.003046
test,6504,0,0.003350
test,6505,0,0.002621
test,6506,0,0.003350
test,6507,0,0.003869
test,6508,0,0.006027
test,6509,0,0.991668
test,6510,0,0.002731
test,6511,0,0.005523
test,6512,0,0.003105
test,6513,0,0.006944
test,6514,0,0.003390
test,6515,0,0.004054
test,6516,0,0.005041
test,6517,0,0.498505
test,6518,0,0.003450
test,6519,0,0.009746
test,6520,0,0.003292
test,6521,0,0.004298
test,6522,0,0.004199
test,6523,0,0.002704
test,6524,0,0.260389
test,6525,0,0.005598
test,6526,0,0.003608
test,6527,0,0.004486
test,6528,0,0.019401
test,6529,0,0.011288
test,6530,0,0.003780
test,6531,0,0.004150
test,6532,0,0.003081
test,6533,0,0.008916
test,6534,0,0.003403
test,6535,0,0.003154
test,6536,0,0.003643
test,6537,0,0.121947
test,6538,0,0.004382
test,6539,0,0.003279
test,6540,0,0.003862
test,6541,0,0.003142
test,6542,0,0.008495
test,6543,0,0.003403
test,6544,0,0.003010
test,6545,0,0.006850
test,6546,0,0.988734
test,6547,0,0.002790
test,6548,0,0.529948
test,6549,0,0.002731
test,6550,0,0.002758
test,6551,0,0.002946
test,6552,0,0.003004
test,6553,0,0.002473
test,6554,0,0.003765
test,6555,0,0.010033
test,6556,0,0.003075
test,6557,0,0.006451
test,6558,0,0.008796
test,6559,0,0.003559
test,6560,0,0.003105
test,6561,0,0.003992
test,6562,0,0.069922
test,6563,0,0.002987
test,6564,0,0.008413
test,6565,0,0.996510
test,6566,0,0.003318
test,6567,0,0.009431
test,6568,0,0.003130
test,6569,0,0.008284
test,6570,0,0.004934
test,6571,0,0.004046
test,6572,0,0.004886
test,6573,0,0.003824
test,6574,0,0.066206
test,6575,0,0.004408
test,6576,0,0.004655
test,6577,0,0.006501
test,6578,0,0.005664
test,6579,0,0.003900
test,6580,0,0.003124
test,6581,0,0.003324
test,6582,0,0.008882
test,6583,0,0.003953
test,6584,0,0.003344
test,6585,0,0.003344
test,6586,0,0.005427
test,6587,0,0.004583
test,6588,0,0.002576
test,6589,0,0.004078
test,6590,0,0.964556
test,6591,0,0.017729
test,6592,0,0.004460
test,6593,0,0.995922
test,6594,0,0.774924
test,6595,0,0.014546
test,6596,0,0.035712
test,6597,0,0.003743
test,6598,0,0.004102
test,6599,0,0.981875
test,6600,0,0.004673
test,6601,0,0.882073
test,6602,0,0.025395
test,6603,0,0.004298
test,6604,0,0.003587
test,6605,0,0.004134
test,6606,0,0.004232
test,6607,0,0.004495
test,6608,0,0.025371
test,6609,0,0.036050
test,6610,0,0.004070
test,6611,0,0.006181
test,6612,0,0.380234
test,6613,0,0.004682
test,6614,0,0.003010
test,6615,0,0.005100
test,6616,0,0.003254
test,6617,0,0.003992
test,6618,0,0.003608
test,6619,0,0.002834
test,6620,0,0.011104
test,6621,0,0.013663
test,6622,0,0.349838
test,6623,0,0.009038
test,6624,0,0.003063
test,6625,0,0.003765
test,6626,0,0.005888
test,6627,0,0.061255
test,6628,0,0.003430
test,6629,0,0.003517
test,6630,0,0.003063
test,6631,0,0.002845
test,6632,0,0.127056
test,6633,0,0.477417
test,6634,0,0.002425
test,6635,0,0.977457
test,6636,0,0.011508
test,6637,0,0.004062
test,6638,0,0.003286
test,6639,0,0.004628
test,6640,0,0.005140
test,6641,0,0.922343
test,6642,0,0.007651
test,6643,0,0.009784
test,6644,0,0.002632
test,6645,0,0.003832
test,6646,0,0.002890
test,6647,0,0.004110
test,6648,0,0.003650
test,6649,0,0.003892
test,6650,0,0.002969
test,6651,0,0.004000
test,6652,0,0.003832
test,6653,0,0.007461
test,6654,0,0.002779
test,6655,0,0.009268
test,6656,0,0.007094
test,6657,0,0.014227
test,6658,0,0.002958
test,6659,0,0.004126
test,6660,0,0.005110
test,6661,0,0.011126
test,6662,0,0.244679
test,6663,0,0.974556
test,6664,0,0.003552
test,6665,0,0.006758
test,6666,0,0.021969
test,6667,0,0.040922
test,6668,0,0.054803
test,6669,0,0.003915
test,6670,0,0.020177
test,6671,0,0.183667
test,6672,0,0.003185
test,6673,0,0.011115
test,6674,0,0.003337
test,6675,0,0.939471
test,6676,0,0.147924
test,6677,0,0.007621
test,6678,0,0.909425
test,6679,0,0.004054
test,6680,0,0.015174
test,6681,0,0.003324
test,6682,0,0.003938
test,6683,0,0.021226
test,6684,0,0.003969
test,6685,0,0.013364
test,6686,0,0.002790
test,6687,0,0.002511
test,6688,0,0.003679
test,6689,0,0.722527
test,6690,0,0.904229
test,6691,0,0.003862
test,6692,0,0.025933
test,6693,0,0.123789
test,6694,0,0.232833
test,6695,0,0.009898
test,6696,0,0.002541
test,6697,0,0.002742
test,6698,0,0.004223
test,6699,0,0.016866
test,6700,0,0.003854
test,6701,0,0.003580
test,6702,0,0.004925
test,6703,0,0.003945
test,6704,0,0.003629
test,6705,0,0.291737
test,6706,0,0.003363
test,6707,0,0.008511
test,6708,0,0.036118
test,6709,0,0.009803
test,6710,0,0.002596
test,6711,0,0.005923
test,6712,0,0.005820
test,6713,0,0.002596
test,6714,0,0.007636
test,6715,0,0.002895
test,6716,0,0.003824
test,6717,0,0.015891
test,6718,0,0.008711
test,6719,0,0.005854
test,6720,0,0.003112
test,6721,0,0.002862
test,6722,0,0.002492
test,6723,0,0.003022
test,6724,0,0.003357
test,6725,0,0.003490
test,6726,0,0.982856
test,6727,0,0.005416
test,6728,0,0.003430
test,6729,0,0.003671
test,6730,0,0.003538
test,6731,0,0.016137
test,6732,0,0.005934
test,6733,0,0.667960
test,6734,0,0.011984
test,6735,0,0.002958
test,6736,0,0.003331
test,6737,0,0.004215
test,6738,0,0.020785
test,6739,0,0.002507
test,6740,0,0.002526
test,6741,0,0.011508
test,6742,0,0.013584
test,6743,0,0.004094
test,6744,0,0.005220
test,6745,0,0.004774
test,6746,0,0.005180
test,6747,0,0.159872
test,6748,0,0.003854
test,6749,0,0.003636
test,6750,0,0.002817
test,6751,0,0.003832
test,6752,0,0.038538
test,6753,0,0.004000
test,6754,0,0.006680
test,6755,0,0.009917
test,6756,0,0.004547
test,6757,0,0.021719
test,6758,0,0.015189
test,6759,0,0.015189
test,6760,0,0.128525
test,6761,0,0.994020
test,6762,0,0.002895
test,6763,0,0.172939
test,6764,0,0.009956
test,6765,0,0.003390
test,6766,0,0.003154
test,6767,0,0.003235
test,6768,0,0.079746
test,6769,0,0.381623
test,6770,0,0.003016
test,6771,0,0.002726
test,6772,0,0.993549
test,6773,0,0.002710
test,6774,0,0.003383
test,6775,0,0.005544
test,6776,0,0.003254
test,6777,0,0.002929
test,6778,0,0.017560
test,6779,0,0.002790
test,6780,0,0.005664
test,6781,0,0.019985
test,6782,0,0.008316
test,6783,0,0.002627
test,6784,0,0.003456
test,6785,0,0.884838
test,6786,0,0.009055
test,6787,0,0.003953
test,6788,0,0.013676
test,6789,0,0.003862
test,6790,0,0.003010
test,6791,0,0.009322
test,6792,0,0.003267
test,6793,0,0.005566
test,6794,0,0.006074
test,6795,0,0.004512
test,6796,0,0.005200
test,6797,0,0.003938
test,6798,0,0.010449
test,6799,0,0.010469
test,6800,0,0.007786
test,6801,0,0.025227
test,6802,0,0.009522
test,6803,0,0.002689
test,6804,0,0.002425
test,6805,0,0.004315
test,6806,0,0.002856
test,6807,0,0.374819
test,6808,0,0.006229
test,6809,0,0.004477
test,6810,0,0.003622
test,6811,0,0.002912
test,6812,0,0.006266
test,6813,0,0.003191
test,6814,0,0.892140
test,6815,0,0.018547
test,6816,0,0.009936
test,6817,0,0.005501
test,6818,0,0.763351
test,6819,0,0.230486
test,6820,0,0.004867
test,6821,0,0.003260
test,6822,0,0.006413
test,6823,0,0.003130
test,6824,0,0.021615
test,6825,0,0.003795
test,6826,0,0.955899
test,6827,0,0.003423
test,6828,0,0.343177
test,6829,0,0.831075
test,6830,0,0.004000
test,6831,0,0.003016
test,6832,0,0.004086
test,6833,0,0.003657
test,6834,0,0.002561
test,6835,0,0.007332
test,6836,0,0.955444
test,6837,0,0.021348
test,6838,0,0.380529
test,6839,0,0.004158
test,6840,0,0.002453
test,6841,0,0.003900
test,6842,0,0.003629
test,6843,0,0.005865
test,6844,0,0.078254
test,6845,0,0.023962
test,6846,0,0.003538
test,6847,0,0.004849
test,6848,0,0.009917
test,6849,0,0.004565
test,6850,0,0.002867
test,6851,0,0.002823
test,6852,0,0.030100
test,6853,0,0.136839
test,6854,0,0.005240
test,6855,0,0.002867
test,6856,0,0.004764
test,6857,0,0.008015
test,6858,0,0.004323
test,6859,0,0.003286
test,6860,0,0.014971
test,6861,0,0.005741
test,6862,0,0.022737
test,6863,0,0.003907
test,6864,0,0.006109
test,6865,0,0.002596
test,6866,0,0.003052
test,6867,0,0.005302
test,6868,0,0.002785
test,6869,0,0.003686
test,6870,0,0.005120
test,6871,0,0.005609
test,6872,0,0.010632
test,6873,0,0.978198
test,6874,0,0.035178
test,6875,0,0.024099
test,6876,0,0.004256
test,6877,0,0.006145
test,6878,0,0.005374
test,6879,0,0.007177
test,6880,0,0.003594
test,6881,0,0.004700
test,6882,0,0.004925
test,6883,0,0.003693
test,6884,0,0.004062
test,6885,0,0.004709
test,6886,0,0.959875
test,6887,0,0.005364
test,6888,0,0.995076
test,6889,0,0.013274
test,6890,0,0.005642
test,6891,0,0.003795
test,6892,0,0.003795
test,6893,0,0.005544
test,6894,0,0.006074
test,6895,0,0.005261
test,6896,0,0.008015
test,6897,0,0.231267
test,6898,0,0.003312
test,6899,0,0.004728
test,6900,0,0.035211
test,6901,0,0.003197
test,6902,0,0.002828
test,6903,0,0.002482
test,6904,0,0.004150
test,6905,0,0.003545
test,6906,0,0.100216
test,6907,0,0.002884
test,6908,0,0.353763
test,6909,0,0.465300
test,6910,0,0.021948
test,6911,0,0.010632
test,6912,0,0.007066
test,6913,0,0.665193
test,6914,0,0.098425
test,6915,0,0.003693
test,6916,0,0.005653
test,6917,0,0.004382
test,6918,0,0.002828
test,6919,0,0.008813
test,6920,0,0.004503
test,6921,0,0.007025
test,6922,0,0.003216
test,6923,0,0.005002
test,6924,0,0.005240
test,6925,0,0.002969
test,6926,0,0.131396
test,6927,0,0.002736
test,6928,0,0.002678
test,6929,0,0.906488
test,6930,0,0.175467
test,6931,0,0.003292
test,6932,0,0.009467
test,6933,0,0.004460
test,6934,0,0.950549
test,6935,0,0.012100
test,6936,0,0.007563
test,6937,0,0.003969
test,6938,0,0.002952
test,6939,0,0.295535
test,6940,0,0.004700
test,6941,0,0.367384
test,6942,0,0.003892
test,6943,0,0.011846
test,6944,0,0.012883
test,6945,0,0.006732
test,6946,0,0.009358
test,6947,0,0.002790
test,6948,0,0.007892
test,6949,0,0.006615
test,6950,0,0.004682
test,6951,0,0.004503
test,6952,0,0.869327
test,6953,0,0.006351
test,6954,0,0.003693
test,6955,0,0.039937
test,6956,0,0.965218
test,6957,0,0.005566
test,6958,0,0.002683
test,6959,0,0.134491
test,6960,0,0.774669
test,6961,0,0.019738
test,6962,0,0.002878
test,6963,0,0.003679
test,6964,0,0.002812
test,6965,0,0.004110
test,6966,0,0.002768
test,6967,0,0.003832
test,6968,0,0.010601
test,6969,0,0.003105
test,6970,0,0.005741
test,6971,0,0.002551
test,6972,0,0.003686
test,6973,0,0.002601
test,6974,0,0.003312
test,6975,0,0.974459
test,6976,0,0.997210
test,6977,0,0.029873
test,6978,0,0.006628
test,6979,0,0.008627
test,6980,0,0.075109
test,6981,0,0.006327
test,6982,0,0.010683
test,6983,0,0.003450
test,6984,0,0.009340
test,6985,0,0.019382
test,6986,0,0.033908
test,6987,0,0.988062
test,6988,0,0.007621
test,6989,0,0.009161
test,6990,0,0.995008
test,6991,0,0.571662
test,6992,0,0.017883
test,6993,0,0.002856
test,6994,0,0.002941
test,6995,0,0.595845
test,6996,0,0.004718
test,6997,0,0.003729
test,6998,0,0.004062
test,6999,0,0.004655
test,7000,0,0.007533
test,7001,0,0.003248
test,7002,0,0.003337
test,7003,0,0.009467
test,7004,0,0.002817
test,7005,0,0.003587
test,7006,0,0.002373
test,7007,0,0.007039
test,7008,0,0.010033
test,7009,0,0.016753
test,7010,0,0.006798
test,7011,0,0.003273
test,7012,0,0.003057
test,7013,0,0.019966
test,7014,0,0.985468
test,7015,0,0.891811
test,7016,0,0.955236
test,7017,0,0.987782
test,7018,0,0.132852
test,7019,0,0.003787
test,7020,0,0.004646
test,7021,0,0.010408
test,7022,0,0.005110
test,7023,0,0.638948
test,7024,0,0.123842
test,7025,0,0.030880
test,7026,0,0.005888
test,7027,0,0.019587
test,7028,0,0.007969
test,7029,0,0.003210
test,7030,0,0.026607
test,7031,0,0.003216
test,7032,0,0.004232
test,7033,0,0.971047
test,7034,0,0.004142
test,7035,0,0.059428
test,7036,0,0.004126
test,7037,0,0.003945
test,7038,0,0.005302
test,7039,0,0.004592
test,7040,0,0.002632
test,7041,0,0.026131
test,7042,0,0.003707
test,7043,0,0.004191
test,7044,0,0.005002
test,7045,0,0.071949
test,7046,0,0.007816
test,7047,0,0.002878
test,7048,0,0.003693
test,7049,0,0.006890
test,7050,0,0.003608
test,7051,0,0.005292
test,7052,0,0.003410
test,7053,0,0.003847
test,7054,0,0.005120
test,7055,0,0.002981
test,7056,0,0.002862
test,7057,0,0.010378
test,7058,0,0.987993
test,7059,0,0.034782
test,7060,0,0.026406
test,7061,0,0.011169
test,7062,0,0.279116
test,7063,0,0.997133
test,7064,0,0.003477
test,7065,0,0.004934
test,7066,0,0.010408
test,7067,0,0.012456
test,7068,0,0.010998
test,7069,0,0.002720
test,7070,0,0.006864
test,7071,0,0.004374
test,7072,0,0.046638
test,7073,0,0.006015
test,7074,0,0.006351
test,7075,0,0.005934
test,7076,0,0.002946
test,7077,0,0.003524
test,7078,0,0.003787
test,7079,0,0.004348
test,7080,0,0.003410
test,7081,0,0.006205
test,7082,0,0.987520
test,7083,0,0.010170
test,7084,0,0.003118
test,7085,0,0.005100
test,7086,0,0.007741
test,7087,0,0.004118
test,7088,0,0.004477
test,7089,0,0.004512
test,7090,0,0.004134
test,7091,0,0.887595
test,7092,0,0.008125
test,7093,0,0.011778
test,7094,0,0.006539
test,7095,0,0.022608
test,7096,0,0.003900
test,7097,0,0.003700
test,7098,0,0.005577
test,7099,0,0.010469
test,7100,0,0.926968
test,7101,0,0.003953
test,7102,0,0.002586
test,7103,0,0.002731
test,7104,0,0.006438
test,7105,0,0.002758
test,7106,0,0.321061
test,7107,0,0.002812
test,7108,0,0.007289
test,7109,0,0.997424
test,7110,0,0.996590
test,7111,0,0.005544
test,7112,0,0.002952
test,7113,0,0.777258
test,7114,0,0.008916
test,7115,0,0.471482
test,7116,0,0.007907
test,7117,0,0.005544
test,7118,0,0.982524
test,7119,0,0.007080
test,7120,0,0.005051
test,7121,0,0.986098
test,7122,0,0.002726
test,7123,0,0.058831
test,7124,0,0.009860
test,7125,0,0.004315
test,7126,0,0.008644
test,7127,0,0.009841
test,7128,0,0.192084
test,7129,0,0.004592
test,7130,0,0.979823
test,7131,0,0.014914
test,7132,0,0.006615
test,7133,0,0.003679
test,7134,0,0.015754
test,7135,0,0.004382
test,7136,0,0.003063
test,7137,0,0.003016
test,7138,0,0.004628
test,7139,0,0.003430
test,7140,0,0.004737
test,7141,0,0.002694
test,7142,0,0.003004
test,7143,0,0.017729
test,7144,0,0.897695
test,7145,0,0.872944
test,7146,0,0.003004
test,7147,0,0.004783
test,7148,0,0.009634
test,7149,0,0.048812
test,7150,0,0.115661
test,7151,0,0.122839
test,7152,0,0.006098
test,7153,0,0.002823
test,7154,0,0.006564
test,7155,0,0.004637
test,7156,0,0.020964
test,7157,0,0.020587
test,7158,0,0.032837
test,7159,0,0.003707
test,7160,0,0.005437
test,7161,0,0.004691
test,7162,0,0.003093
test,7163,0,0.003524
test,7164,0,0.004646
test,7165,0,0.003160
test,7166,0,0.003229
test,7167,0,0.010611
test,7168,0,0.003016
test,7169,0,0.005374
test,7170,0,0.869991
test,7171,0,0.015131
test,7172,0,0.003650
test,7173,0,0.003664
test,7174,0,0.002726
test,7175,0,0.009532
test,7176,0,0.003869
test,7177,0,0.009161
test,7178,0,0.002704
test,7179,0,0.003594
test,7180,0,0.007592
test,7181,0,0.381191
test,7182,0,0.003222
test,7183,0,0.027928
test,7184,0,0.009394
test,7185,0,0.002862
test,7186,0,0.003877
test,7187,0,0.002632
test,7188,0,0.007490
test,7189,0,0.004248
test,7190,0,0.080285
test,7191,0,0.004265
test,7192,0,0.004691
test,7193,0,0.003185
test,7194,0,0.002678
test,7195,0,0.003992
test,7196,0,0.010818
test,7197,0,0.004323
test,7198,0,0.006971
test,7199,0,0.008000
test,7200,0,0.214856
test,7201,0,0.988734
test,7202,0,0.011332
test,7203,0,0.006732
test,7204,0,0.004070
test,7205,0,0.671524
test,7206,0,0.016106
test,7207,0,0.015058
test,7208,0,0.027325
test,7209,0,0.037892
test,7210,0,0.002987
test,7211,0,0.003787
test,7212,0,0.017177
test,7213,0,0.002434
test,7214,0,0.010170
test,7215,0,0.921358
test,7216,0,0.027743
test,7217,0,0.004256
test,7218,0,0.003004
test,7219,0,0.002969
test,7220,0,0.005480
test,7221,0,0.006205
test,7222,0,0.004054
test,7223,0,0.005292
test,7224,0,0.005719
test,7225,0,0.007475
test,7226,0,0.019928
test,7227,0,0.978198
test,7228,0,0.004240
test,7229,0,0.006641
test,7230,0,0.005140
test,7231,0,0.005697
test,7232,0,0.014757
test,7233,0,0.004240
test,7234,0,0.006564
test,7235,0,0.003862
test,7236,0,0.995842
test,7237,0,0.012995
test,7238,0,0.004839
test,7239,0,0.003877
test,7240,0,0.007726
test,7241,0,0.003504
test,7242,0,0.007801
test,7243,0,0.005631
test,7244,0,0.006667
test,7245,0,0.012456
test,7246,0,0.008062
test,7247,0,0.035178
test,7248,0,0.009073
test,7249,0,0.003751
test,7250,0,0.004655
test,7251,0,0.004565
test,7252,0,0.023198
test,7253,0,0.012710
test,7254,0,0.005888
test,7255,0,0.003069
test,7256,0,0.003248
test,7257,0,0.003976
test,7258,0,0.002768
test,7259,0,0.003093
test,7260,0,0.004512
test,7261,0,0.002492
test,7262,0,0.002301
test,7263,0,0.003383
test,7264,0,0.005809
test,7265,0,0.003267
test,7266,0,0.003945
test,7267,0,0.049222
test,7268,0,0.002987
test,7269,0,0.007012
test,7270,0,0.002323
test,7271,0,0.978052
test,7272,0,0.526970
test,7273,0,0.006706
test,7274,0,0.015937
test,7275,0,0.005292
test,7276,0,0.004382
test,7277,0,0.006253
test,7278,0,0.003511
test,7279,0,0.004223
test,7280,0,0.003483
test,7281,0,0.010249
test,7282,0,0.005664
test,7283,0,0.003787
test,7284,0,0.003229
test,7285,0,0.003580
test,7286,0,0.114171
test,7287,0,0.900267
test,7288,0,0.003884
test,7289,0,0.005900
test,7290,0,0.004547
test,7291,0,0.003615
test,7292,0,0.011508
test,7293,0,0.017543
test,7294,0,0.021226
test,7295,0,0.004556
test,7296,0,0.004340
test,7297,0,0.003450
test,7298,0,0.009090
test,7299,0,0.021990
test,7300,0,0.024031
test,7301,0,0.002731
test,7302,0,0.003839
test,7303,0,0.199932
test,7304,0,0.003773
test,7305,0,0.004877
test,7306,0,0.005427
test,7307,0,0.205296
test,7308,0,0.004867
test,7309,0,0.002918
test,7310,0,0.007080
test,7311,0,0.393851
test,7312,0,0.012698
test,7313,0,0.003191
test,7314,0,0.073297
test,7315,0,0.007771
test,7316,0,0.004477
test,7317,0,0.003148
test,7318,0,0.003657
test,7319,0,0.005200
test,7320,0,0.004830
test,7321,0,0.003930
test,7322,0,0.013389
test,7323,0,0.005598
test,7324,0,0.012723
test,7325,0,0.018387
test,7326,0,0.047691
test,7327,0,0.003751
test,7328,0,0.002444
test,7329,0,0.003046
test,7330,0,0.892093
test,7331,0,0.003511
test,7332,0,0.008544
test,7333,0,0.003331
test,7334,0,0.003869
test,7335,0,0.003040
test,7336,0,0.004086
test,7337,0,0.003229
test,7338,0,0.005555
test,7339,0,0.904229
test,7340,0,0.002785
test,7341,0,0.426964
test,7342,0,0.986125
test,7343,0,0.006050
test,7344,0,0.009803
test,7345,0,0.003142
test,7346,0,0.009727
test,7347,0,0.002774
test,7348,0,0.003052
test,7349,0,0.003751
test,7350,0,0.119923
test,7351,0,0.004118
test,7352,0,0.007861
test,7353,0,0.003337
test,7354,0,0.003780
test,7355,0,0.004102
test,7356,0,0.069226
test,7357,0,0.006364
test,7358,0,0.002742
test,7359,0,0.009559
test,7360,0,0.003817
test,7361,0,0.003010
test,7362,0,0.003847
test,7363,0,0.006680
test,7364,0,0.008577
test,7365,0,0.004000
test,7366,0,0.004849
test,7367,0,0.003443
test,7368,0,0.003787
test,7369,0,0.003693
test,7370,0,0.008796
test,7371,0,0.002946
test,7372,0,0.006758
test,7373,0,0.006241
test,7374,0,0.004512
test,7375,0,0.005416
test,7376,0,0.002987
test,7377,0,0.003305
test,7378,0,0.033463
test,7379,0,0.004477
test,7380,0,0.003877
test,7381,0,0.002862
test,7382,0,0.003976
test,7383,0,0.035178
test,7384,0,0.006145
test,7385,0,0.007261
test,7386,0,0.002987
test,7387,0,0.173148
test,7388,0,0.005302
test,7389,0,0.002341
test,7390,0,0.004315
test,7391,0,0.004240
test,7392,0,0.003004
test,7393,0,0.003456
test,7394,0,0.983359
test,7395,0,0.002657
test,7396,0,0.003185
test,7397,0,0.014172
test,7398,0,0.006241
test,7399,0,0.003099
test,7400,0,0.003403
test,7401,0,0.003142
test,7402,0,0.004094
test,7403,0,0.007475
test,7404,0,0.007696
test,7405,0,0.004166
test,7406,0,0.964153
test,7407,0,0.614336
test,7408,0,0.004070
test,7409,0,0.993203
test,7410,0,0.961098
test,7411,0,0.941975
test,7412,0,0.003363
test,7413,0,0.002981
test,7414,0,0.003057
test,7415,0,0.003722
test,7416,0,0.002747
test,7417,0,0.004382
test,7418,0,0.003260
test,7419,0,0.003884
test,7420,0,0.002591
test,7421,0,0.002204
test,7422,0,0.002606
test,7423,0,0.054199
test,7424,0,0.002952
test,7425,0,0.462708
test,7426,0,0.003260
test,7427,0,0.006401
test,7428,0,0.005675
test,7429,0,0.003034
test,7430,0,0.005697
test,7431,0,0.002616
test,7432,0,0.011420
test,7433,0,0.019738
test,7434,0,0.023644
test,7435,0,0.004521
test,7436,0,0.006388
test,7437,0,0.275909
test,7438,0,0.012171
test,7439,0,0.011996
test,7440,0,0.991221
test,7441,0,0.018440
test,7442,0,0.003545
test,7443,0,0.003022
test,7444,0,0.003470
test,7445,0,0.003118
test,7446,0,0.015087
test,7447,0,0.003160
test,7448,0,0.003976
test,7449,0,0.029146
test,7450,0,0.993333
test,7451,0,0.008577
test,7452,0,0.006253
test,7453,0,0.002477
test,7454,0,0.005021
test,7455,0,0.003357
test,7456,0,0.005877
test,7457,0,0.968201
test,7458,0,0.004023
test,7459,0,0.530024
test,7460,0,0.023353
test,7461,0,0.002378
test,7462,0,0.922622
test,7463,0,0.003463
test,7464,0,0.062560
test,7465,0,0.005110
test,7466,0,0.005333
test,7467,0,0.006513
test,7468,0,0.003081
test,7469,0,0.003450
test,7470,0,0.007163
test,7471,0,0.961207
test,7472,0,0.003179
test,7473,0,0.004521
test,7474,0,0.004425
test,7475,0,0.012360
test,7476,0,0.002941
test,7477,0,0.004925
test,7478,0,0.003010
test,7479,0,0.002929
test,7480,0,0.094260
test,7481,0,0.006917
test,7482,0,0.104386
test,7483,0,0.003046
test,7484,0,0.008172
test,7485,0,0.009108
test,7486,0,0.002616
test,7487,0,0.024099
test,7488,0,0.004905
test,7489,0,0.007261
test,7490,0,0.008078
test,7491,0,0.002551
test,7492,0,0.014254
test,7493,0,0.003075
test,7494,0,0.002601
test,7495,0,0.003105
test,7496,0,0.006641
test,7497,0,0.004273
test,7498,0,0.165661
test,7499,0,0.122839
test,7500,0,0.003938
test,7501,0,0.257859
test,7502,0,0.003004
test,7503,0,0.022265
test,7504,0,0.011961
test,7505,0,0.003173
test,7506,0,0.003093
test,7507,0,0.003511
test,7508,0,0.023871
test,7509,0,0.010278
test,7510,0,0.003877
test,7511,0,0.018387
test,7512,0,0.004382
test,7513,0,0.004944
test,7514,0,0.003587
test,7515,0,0.004070
test,7516,0,0.056548
test,7517,0,0.002884
test,7518,0,0.004934
test,7519,0,0.003580
test,7520,0,0.002453
test,7521,0,0.002355
test,7522,0,0.006327
test,7523,0,0.154951
test,7524,0,0.004646
test,7525,0,0.996610
test,7526,0,0.003587
test,7527,0,0.007577
test,7528,0,0.005041
test,7529,0,0.004357
test,7530,0,0.004905
test,7531,0,0.991875
test,7532,0,0.944280
test,7533,0,0.004191
test,7534,0,0.004023
test,7535,0,0.005686
test,7536,0,0.003279
test,7537,0,0.013480
test,7538,0,0.004023
test,7539,0,0.012858
test,7540,0,0.009841
test,7541,0,0.012637
test,7542,0,0.004477
test,7543,0,0.004691
test,7544,0,0.014118
test,7545,0,0.003016
test,7546,0,0.004256
test,7547,0,0.004382
test,7548,0,0.002561
test,7549,0,0.002657
test,7550,0,0.032253
test,7551,0,0.004290
test,7552,0,0.002895
test,7553,0,0.067485
test,7554,0,0.003795
test,7555,0,0.064065
test,7556,0,0.012945
test,7557,0,0.016340
test,7558,0,0.003594
test,7559,0,0.003305
test,7560,0,0.005060
test,7561,0,0.006463
test,7562,0,0.005427
test,7563,0,0.003016
test,7564,0,0.993926
test,7565,0,0.012504
test,7566,0,0.005251
test,7567,0,0.002907
test,7568,0,0.013969
test,7569,0,0.002952
test,7570,0,0.004601
test,7571,0,0.012312
test,7572,0,0.002862
test,7573,0,0.003046
test,7574,0,0.006837
test,7575,0,0.005230
test,7576,0,0.006615
test,7577,0,0.202759
test,7578,0,0.008316
test,7579,0,0.989870
test,7580,0,0.002862
test,7581,0,0.003795
test,7582,0,0.029201
test,7583,0,0.003984
test,7584,0,0.003915
test,7585,0,0.004256
test,7586,0,0.002975
test,7587,0,0.004755
test,7588,0,0.008429
test,7589,0,0.004000
test,7590,0,0.005261
test,7591,0,0.005100
test,7592,0,0.004240
test,7593,0,0.008933
test,7594,0,0.571258
test,7595,0,0.008796
test,7596,0,0.003142
test,7597,0,0.007861
test,7598,0,0.019106
test,7599,0,0.003210
test,7600,0,0.003363
test,7601,0,0.003594
test,7602,0,0.005957
test,7603,0,0.004078
test,7604,0,0.005631
test,7605,0,0.009055
test,7606,0,0.005374
test,7607,0,0.191252
test,7608,0,0.965738
test,7609,0,0.013083
test,7610,0,0.006552
test,7611,0,0.007621
test,7612,0,0.010408
test,7613,0,0.843638
test,7614,0,0.007403
test,7615,0,0.004764
test,7616,0,0.003456
test,7617,0,0.004273
test,7618,0,0.005200
test,7619,0,0.014785
test,7620,0,0.004306
test,7621,0,0.002731
test,7622,0,0.005080
test,7623,0,0.004150
test,7624,0,0.002823
test,7625,0,0.003456
test,7626,0,0.002941
test,7627,0,0.004070
test,7628,0,0.002663
test,7629,0,0.002975
test,7630,0,0.012528
test,7631,0,0.003700
test,7632,0,0.003430
test,7633,0,0.003594
test,7634,0,0.007039
test,7635,0,0.005653
test,7636,0,0.003477
test,7637,0,0.069732
test,7638,0,0.147371
test,7639,0,0.004746
test,7640,0,0.005120
test,7641,0,0.003615
test,7642,0,0.635816
test,7643,0,0.006784
test,7644,0,0.494698
test,7645,0,0.612527
test,7646,0,0.901921
test,7647,0,0.008495
test,7648,0,0.005130
test,7649,0,0.003470
test,7650,0,0.004746
test,7651,0,0.003034
test,7652,0,0.010469
test,7653,0,0.034294
test,7654,0,0.021125
test,7655,0,0.003197
test,7656,0,0.014337
test,7657,0,0.011530
test,7658,0,0.004512
test,7659,0,0.003922
test,7660,0,0.002621
test,7661,0,0.006217
test,7662,0,0.982339
test,7663,0,0.004142
test,7664,0,0.006784
test,7665,0,0.004374
test,7666,0,0.003832
test,7667,0,0.309858
test,7668,0,0.002834
test,7669,0,0.295408
test,7670,0,0.054853
test,7671,0,0.561711
test,7672,0,0.969814
test,7673,0,0.005031
test,7674,0,0.279042
test,7675,0,0.009376
test,7676,0,0.005900
test,7677,0,0.003142
test,7678,0,0.105995
test,7679,0,0.123471
test,7680,0,0.003312
test,7681,0,0.002477
test,7682,0,0.003671
test,7683,0,0.955402
test,7684,0,0.004399
test,7685,0,0.109372
test,7686,0,0.036804
test,7687,0,0.004637
test,7688,0,0.004592
test,7689,0,0.004486
test,7690,0,0.005343
test,7691,0,0.002425
test,7692,0,0.003028
test,7693,0,0.003318
test,7694,0,0.008779
test,7695,0,0.005843
test,7696,0,0.202680
test,7697,0,0.977436
test,7698,0,0.009126
test,7699,0,0.004182
test,7700,0,0.004094
test,7701,0,0.007816
test,7702,0,0.958615
test,7703,0,0.003093
test,7704,0,0.002112
test,7705,0,0.003260
test,7706,0,0.008561
test,7707,0,0.003622
test,7708,0,0.003643
test,7709,0,0.044723
test,7710,0,0.003130
test,7711,0,0.003961
test,7712,0,0.881104
test,7713,0,0.003324
test,7714,0,0.004783
test,7715,0,0.003847
test,7716,0,0.932821
test,7717,0,0.004886
test,7718,0,0.003751
test,7719,0,0.003524
test,7720,0,0.006413
test,7721,0,0.003922
test,7722,0,0.024191
test,7723,0,0.005110
test,7724,0,0.008762
test,7725,0,0.005448
test,7726,0,0.007080
test,7727,0,0.003945
test,7728,0,0.003112
test,7729,0,0.009917
test,7730,0,0.003892
test,7731,0,0.008762
test,7732,0,0.004746
test,7733,0,0.005150
test,7734,0,0.826432
test,7735,0,0.007923
test,7736,0,0.003173
test,7737,0,0.006628
test,7738,0,0.003722
test,7739,0,0.004538
test,7740,0,0.007080
test,7741,0,0.963712
test,7742,0,0.006193
test,7743,0,0.014729
test,7744,0,0.006062
test,7745,0,0.004382
test,7746,0,0.006157
test,7747,0,0.004126
test,7748,0,0.003235
test,7749,0,0.085023
test,7750,0,0.382141
test,7751,0,0.007756
test,7752,0,0.238550
test,7753,0,0.005934
test,7754,0,0.711180
test,7755,0,0.007519
test,7756,0,0.002828
test,7757,0,0.004737
test,7758,0,0.007121
test,7759,0,0.005753
test,7760,0,0.004746
test,7761,0,0.196518
test,7762,0,0.004417
test,7763,0,0.008252
test,7764,0,0.003693
test,7765,0,0.003370
test,7766,0,0.013415
test,7767,0,0.003751
test,7768,0,0.007607
test,7769,0,0.004290
test,7770,0,0.004086
test,7771,0,0.005021
test,7772,0,0.003664
test,7773,0,0.005865
test,7774,0,0.002586
test,7775,0,0.022824
test,7776,0,0.003497
test,7777,0,0.002710
test,7778,0,0.004399
test,7779,0,0.003450
test,7780,0,0.011597
test,7781,0,0.008627
test,7782,0,0.004374
test,7783,0,0.008413
test,7784,0,0.003046
test,7785,0,0.003423
test,7786,0,0.002411
test,7787,0,0.004007
test,7788,0,0.004199
test,7789,0,0.395922
test,7790,0,0.006074
test,7791,0,0.872239
test,7792,0,0.002812
test,7793,0,0.003197
test,7794,0,0.010694
test,7795,0,0.004655
test,7796,0,0.003832
test,7797,0,0.007475
test,7798,0,0.003185
test,7799,0,0.976129
test,7800,0,0.003267
test,7801,0,0.002511
test,7802,0,0.340759
test,7803,0,0.002747
test,7804,0,0.006217
test,7805,0,0.005323
test,7806,0,0.649190
test,7807,0,0.007953
test,7808,0,0.068600
test,7809,0,0.015830
test,7810,0,0.007289
test,7811,0,0.946001
test,7812,0,0.005160
test,7813,0,0.005220
test,7814,0,0.002511
test,7815,0,0.003377
test,7816,0,0.003743
test,7817,0,0.025908
test,7818,0,0.003279
test,7819,0,0.992795
test,7820,0,0.005469
test,7821,0,0.005533
test,7822,0,0.007621
test,7823,0,0.003099
test,7824,0,0.009304
test,7825,0,0.007417
test,7826,0,0.003210
test,7827,0,0.005877
test,7828,0,0.002561
test,7829,0,0.984913
test,7830,0,0.984913
test,7831,0,0.006771
test,7832,0,0.003780
test,7833,0,0.005900
test,7834,0,0.014800
test,7835,0,0.010611
test,7836,0,0.003832
test,7837,0,0.002742
test,7838,0,0.990216
test,7839,0,0.002779
test,7840,0,0.002941
test,7841,0,0.002731
test,7842,0,0.014159
test,7843,0,0.002828
test,7844,0,0.008078
test,7845,0,0.003517
test,7846,0,0.002406
test,7847,0,0.003657
test,7848,0,0.002601
test,7849,0,0.002790
test,7850,0,0.003130
test,7851,0,0.002747
test,7852,0,0.002763
test,7853,0,0.004886
test,7854,0,0.019087
test,7855,0,0.986151
test,7856,0,0.979453
test,7857,0,0.342077
test,7858,0,0.014672
test,7859,0,0.025712
test,7860,0,0.002265
test,7861,0,0.103115
test,7862,0,0.007696
test,7863,0,0.010509
test,7864,0,0.005969
test,7865,0,0.006339
test,7866,0,0.002678
test,7867,0,0.002901
test,7868,0,0.005051
test,7869,0,0.003173
test,7870,0,0.002946
test,7871,0,0.002387
test,7872,0,0.002411
test,7873,0,0.002918
test,7874,0,0.003093
test,7875,0,0.003229
test,7876,0,0.006476
test,7877,0,0.009841
test,7878,0,0.002850
test,7879,0,0.003483
test,7880,0,0.002586
test,7881,0,0.009994
test,7882,0,0.003167
test,7883,0,0.009578
test,7884,0,0.004023
test,7885,0,0.005180
test,7886,0,0.005523
test,7887,0,0.004054
test,7888,0,0.003377
test,7889,0,0.013756
test,7890,0,0.005180
test,7891,0,0.013325
test,7892,0,0.004886
test,7893,0,0.987005
test,7894,0,0.134378
test,7895,0,0.004858
test,7896,0,0.005555
test,7897,0,0.977820
test,7898,0,0.003370
test,7899,0,0.019776
test,7900,0,0.988558
test,7901,0,0.004700
test,7902,0,0.960988
test,7903,0,0.009898
test,7904,0,0.002867
test,7905,0,0.988971
test,7906,0,0.992093
test,7907,0,0.015116
test,7908,0,0.008495
test,7909,0,0.008611
test,7910,0,0.003580
test,7911,0,0.003443
test,7912,0,0.003022
test,7913,0,0.007066
test,7914,0,0.021389
test,7915,0,0.003463
test,7916,0,0.012007
test,7917,0,0.002606
test,7918,0,0.004399
test,7919,0,0.002531
test,7920,0,0.009197
test,7921,0,0.003832
test,7922,0,0.003331
test,7923,0,0.002566
test,7924,0,0.005323
test,7925,0,0.137648
test,7926,0,0.003241
test,7927,0,0.003099
test,7928,0,0.002355
test,7929,0,0.002774
test,7930,0,0.003580
test,7931,0,0.003022
test,7932,0,0.011277
test,7933,0,0.009898
test,7934,0,0.032222
test,7935,0,0.003443
test,7936,0,0.005675
test,7937,0,0.992568
test,7938,0,0.004348
test,7939,0,0.004682
test,7940,0,0.003357
test,7941,0,0.003148
test,7942,0,0.994850
test,7943,0,0.006719
test,7944,0,0.003930
test,7945,0,0.002969
test,7946,0,0.003423
test,7947,0,0.995514
test,7948,0,0.910227
test,7949,0,0.003773
test,7950,0,0.007261
test,7951,0,0.006463
test,7952,0,0.002924
test,7953,0,0.002369
test,7954,0,0.003601
test,7955,0,0.005686
test,7956,0,0.003357
test,7957,0,0.002993
test,7958,0,0.014050
test,7959,0,0.011234
test,7960,0,0.027299
test,7961,0,0.003847
test,7962,0,0.003093
test,7963,0,0.012674
test,7964,0,0.045564
test,7965,0,0.005653
test,7966,0,0.002571
test,7967,0,0.005021
test,7968,0,0.017832
test,7969,0,0.003664
test,7970,0,0.003594
test,7971,0,0.004118
test,7972,0,0.003573
test,7973,0,0.006706
test,7974,0,0.002541
test,7975,0,0.003363
test,7976,0,0.008078
test,7977,0,0.005002
test,7978,0,0.002526
test,7979,0,0.004126
test,7980,0,0.005775
test,7981,0,0.004574
test,7982,0,0.004468
test,7983,0,0.002566
test,7984,0,0.003229
test,7985,0,0.942560
test,7986,0,0.920647
test,7987,0,0.010091
test,7988,0,0.008779
test,7989,0,0.003130
test,7990,0,0.003622
test,7991,0,0.004046
test,7992,0,0.003416
test,7993,0,0.006771
test,7994,0,0.014658
test,7995,0,0.003862
test,7996,0,0.003069
test,7997,0,0.003671
test,7998,0,0.002668
test,7999,0,0.011530
test,8000,0,0.002637
test,8001,0,0.006693
test,8002,0,0.108001
test,8003,0,0.010428
test,8004,0,0.021844
test,8005,0,0.009349
test,8006,0,0.005395
test,8007,0,0.004365
test,8008,0,0.003383
test,8009,0,0.005957
test,8010,0,0.984575
test,8011,0,0.006719
test,8012,0,0.007563
test,8013,0,0.002566
test,8014,0,0.918772
test,8015,0,0.002536
test,8016,0,0.006050
test,8017,0,0.009522
test,8018,0,0.018511
test,8019,0,0.006890
test,8020,0,0.995850
test,8021,0,0.009126
test,8022,0,0.002642
test,8023,0,0.004877
test,8024,0,0.002742
test,8025,0,0.007786
test,8026,0,0.003504
test,8027,0,0.005333
test,8028,0,0.007651
test,8029,0,0.003377
test,8030,0,0.005120
test,8031,0,0.956877
test,8032,0,0.020567
test,8033,0,0.005312
test,8034,0,0.009578
test,8035,0,0.003824
test,8036,0,0.979900
test,8037,0,0.011564
test,8038,0,0.647631
test,8039,0,0.015739
test,8040,0,0.004530
test,8041,0,0.944842
test,8042,0,0.773388
test,8043,0,0.008577
test,8044,0,0.002731
test,8045,0,0.005854
test,8046,0,0.038250
test,8047,0,0.005031
test,8048,0,0.031380
test,8049,0,0.002801
test,8050,0,0.122313
test,8051,0,0.010469
test,8052,0,0.005271
test,8053,0,0.005312
test,8054,0,0.956063
test,8055,0,0.003191
test,8056,0,0.045522
test,8057,0,0.005011
test,8058,0,0.003780
test,8059,0,0.003185
test,8060,0,0.002364
test,8061,0,0.003780
test,8062,0,0.004281
test,8063,0,0.003594
test,8064,0,0.022846
test,8065,0,0.003671
test,8066,0,0.005251
test,8067,0,0.003900
test,8068,0,0.002453
test,8069,0,0.007025
test,8070,0,0.004583
test,8071,0,0.006603
test,8072,0,0.095687
test,8073,0,0.026205
test,8074,0,0.004078
test,8075,0,0.003643
test,8076,0,0.010308
test,8077,0,0.006603
test,8078,0,0.005775
test,8079,0,0.008093
test,8080,0,0.007846
test,8081,0,0.003976
test,8082,0,0.017376
test,8083,0,0.022201
test,8084,0,0.005642
test,8085,0,0.776962
test,8086,0,0.985440
test,8087,0,0.008864
test,8088,0,0.006278
test,8089,0,0.006944
test,8090,0,0.614596
test,8091,0,0.004830
test,8092,0,0.003847
test,8093,0,0.002812
test,8094,0,0.003559
test,8095,0,0.248443
test,8096,0,0.012277
test,8097,0,0.009073
test,8098,0,0.056444
test,8099,0,0.008236
test,8100,0,0.003093
test,8101,0,0.006314
test,8102,0,0.003787
test,8103,0,0.003707
test,8104,0,0.002673
test,8105,0,0.015000
test,8106,0,0.003657
test,8107,0,0.147494
test,8108,0,0.006864
test,8109,0,0.007923
test,8110,0,0.004000
test,8111,0,0.006784
test,8112,0,0.011508
test,8113,0,0.008429
test,8114,0,0.006039
test,8115,0,0.989013
test,8116,0,0.006098
test,8117,0,0.009898
test,8118,0,0.004191
test,8119,0,0.978405
test,8120,0,0.006027
test,8121,0,0.003976
test,8122,0,0.032101
test,8123,0,0.005469
test,8124,0,0.005865
test,8125,0,0.095307
test,8126,0,0.008728
test,8127,0,0.004174
test,8128,0,0.005427
test,8129,0,0.009803
test,8130,0,0.006438
test,8131,0,0.114567
test,8132,0,0.005620
test,8133,0,0.014448
test,8134,0,0.002929
test,8135,0,0.004215
test,8136,0,0.916783
test,8137,0,0.002482
test,8138,0,0.009504
test,8139,0,0.025859
test,8140,0,0.896251
test,8141,0,0.006050
test,8142,0,0.003370
test,8143,0,0.002946
test,8144,0,0.003357
test,8145,0,0.003679
test,8146,0,0.003907
test,8147,0,0.005395
test,8148,0,0.005946
test,8149,0,0.004357
test,8150,0,0.943452
test,8151,0,0.003450
test,8152,0,0.967960
test,8153,0,0.993996
test,8154,0,0.003463
test,8155,0,0.005719
test,8156,0,0.014885
test,8157,0,0.005609
test,8158,0,0.025275
test,8159,0,0.003216
test,8160,0,0.004166
test,8161,0,0.010308
test,8162,0,0.005620
test,8163,0,0.003160
test,8164,0,0.004601
test,8165,0,0.003204
test,8166,0,0.865622
test,8167,0,0.019124
test,8168,0,0.995969
test,8169,0,0.002482
test,8170,0,0.002912
test,8171,0,0.002473
test,8172,0,0.454949
test,8173,0,0.003907
test,8174,0,0.004408
test,8175,0,0.013402
test,8176,0,0.004521
test,8177,0,0.008125
test,8178,0,0.002444
test,8179,0,0.003305
test,8180,0,0.028463
test,8181,0,0.996544
test,8182,0,0.031085
test,8183,0,0.840521
test,8184,0,0.003040
test,8185,0,0.005843
test,8186,0,0.008125
test,8187,0,0.005719
test,8188,0,0.003477
test,8189,0,0.002487
test,8190,0,0.003664
test,8191,0,0.005992
test,8192,0,0.982757
test,8193,0,0.002657
test,8194,0,0.007346
test,8195,0,0.026861
test,8196,0,0.059866
test,8197,0,0.002924
test,8198,0,0.002935
test,8199,0,0.003601
test,8200,0,0.027822
test,8201,0,0.005598
test,8202,0,0.008695
test,8203,0,0.003839
test,8204,0,0.004538
test,8205,0,0.019161
test,8206,0,0.988949
test,8207,0,0.005406
test,8208,0,0.008284
test,8209,0,0.004256
test,8210,0,0.283980
test,8211,0,0.003040
test,8212,0,0.010839
test,8213,0,0.013956
test,8214,0,0.011310
test,8215,0,0.003802
test,8216,0,0.003758
test,8217,0,0.003915
test,8218,0,0.003241
test,8219,0,0.008252
test,8220,0,0.003403
test,8221,0,0.013299
test,8222,0,0.704770
test,8223,0,0.008268
test,8224,0,0.003765
test,8225,0,0.018654
test,8226,0,0.004619
test,8227,0,0.004460
test,8228,0,0.008300
test,8229,0,0.030705
test,8230,0,0.002845
test,8231,0,0.018547
test,8232,0,0.007786
test,8233,0,0.004486
test,8234,0,0.003099
test,8235,0,0.004062
test,8236,0,0.003483
test,8237,0,0.009449
test,8238,0,0.009559
test,8239,0,0.004982
test,8240,0,0.004982
test,8241,0,0.003191
test,8242,0,0.003142
test,8243,0,0.003629
test,8244,0,0.005555
test,8245,0,0.010111
test,8246,0,0.009020
test,8247,0,0.053010
test,8248,0,0.024822
test,8249,0,0.003636
test,8250,0,0.003945
test,8251,0,0.003324
test,8252,0,0.003357
test,8253,0,0.003081
test,8254,0,0.096834
test,8255,0,0.512515
test,8256,0,0.992077
test,8257,0,0.005865
test,8258,0,0.017226
test,8259,0,0.011530
test,8260,0,0.006784
test,8261,0,0.415788
test,8262,0,0.106970
test,8263,0,0.239705
test,8264,0,0.004664
test,8265,0,0.012920
test,8266,0,0.018090
test,8267,0,0.003693
test,8268,0,0.003075
test,8269,0,0.061312
test,8270,0,0.009522
test,8271,0,0.003664
test,8272,0,0.003229
test,8273,0,0.003664
test,8274,0,0.002632
test,8275,0,0.010818
test,8276,0,0.003679
test,8277,0,0.011812
test,8278,0,0.074433
test,8279,0,0.003069
test,8280,0,0.002689
test,8281,0,0.042167
test,8282,0,0.987005
test,8283,0,0.003099
test,8284,0,0.011755
test,8285,0,0.006463
test,8286,0,0.003765
test,8287,0,0.005753
test,8288,0,0.006157
test,8289,0,0.002785
test,8290,0,0.832645
test,8291,0,0.010170
test,8292,0,0.004503
test,8293,0,0.127435
test,8294,0,0.005664
test,8295,0,0.045522
test,8296,0,0.024446
test,8297,0,0.004306
test,8298,0,0.002801
test,8299,0,0.002812
test,8300,0,0.949576
test,8301,0,0.008528
test,8302,0,0.003004
test,8303,0,0.011778
test,8304,0,0.005021
test,8305,0,0.005041
test,8306,0,0.003938
test,8307,0,0.004664
test,8308,0,0.005764
test,8309,0,0.004574
test,8310,0,0.900004
test,8311,0,0.007816
test,8312,0,0.004166
test,8313,0,0.002378
test,8314,0,0.002647
test,8315,0,0.002411
test,8316,0,0.005957
test,8317,0,0.004306
test,8318,0,0.002526
test,8319,0,0.921358
test,8320,0,0.013480
test,8321,0,0.963334
test,8322,0,0.003022
test,8323,0,0.005160
test,8324,0,0.002642
test,8325,0,0.025420
test,8326,0,0.019681
test,8327,0,0.002453
test,8328,0,0.002907
test,8329,0,0.002420
test,8330,0,0.034326
test,8331,0,0.947962
test,8332,0,0.034326
test,8333,0,0.006229
test,8334,0,0.002292
test,8335,0,0.005011
test,8336,0,0.005797
test,8337,0,0.071009
test,8338,0,0.009126
test,8339,0,0.003824
test,8340,0,0.538058
test,8341,0,0.070368
test,8342,0,0.006290
test,8343,0,0.006904
test,8344,0,0.004039
test,8345,0,0.006241
test,8346,0,0.008093
test,8347,0,0.012324
test,8348,0,0.002606
test,8349,0,0.002611
test,8350,0,0.005900
test,8351,0,0.005980
test,8352,0,0.003854
test,8353,0,0.004849
test,8354,0,0.004306
test,8355,0,0.006181
test,8356,0,0.003969
test,8357,0,0.014050
test,8358,0,0.006641
test,8359,0,0.006451
test,8360,0,0.011519
test,8361,0,0.003337
test,8362,0,0.005190
test,8363,0,0.004512
test,8364,0,0.060863
test,8365,0,0.220259
test,8366,0,0.006314
test,8367,0,0.016293
test,8368,0,0.004601
test,8369,0,0.003022
test,8370,0,0.004142
test,8371,0,0.006015
test,8372,0,0.002856
test,8373,0,0.005934
test,8374,0,0.010388
test,8375,0,0.016340
test,8376,0,0.002867
test,8377,0,0.002850
test,8378,0,0.002867
test,8379,0,0.003229
test,8380,0,0.003545
test,8381,0,0.006824
test,8382,0,0.003714
test,8383,0,0.004256
test,8384,0,0.003241
test,8385,0,0.003907
test,8386,0,0.008813
test,8387,0,0.003477
test,8388,0,0.003869
test,8389,0,0.003260
test,8390,0,0.002487
test,8391,0,0.013364
test,8392,0,0.518539
test,8393,0,0.002694
test,8394,0,0.004628
test,8395,0,0.003154
test,8396,0,0.003601
test,8397,0,0.003160
test,8398,0,0.879095
test,8399,0,0.012124
test,8400,0,0.034619
test,8401,0,0.005416
test,8402,0,0.005719
test,8403,0,0.081666
test,8404,0,0.003524
test,8405,0,0.369685
test,8406,0,0.004619
test,8407,0,0.055005
test,8408,0,0.011486
test,8409,0,0.003318
test,8410,0,0.008627
test,8411,0,0.670015
test,8412,0,0.004820
test,8413,0,0.004764
test,8414,0,0.010408
test,8415,0,0.040541
test,8416,0,0.005708
test,8417,0,0.004495
test,8418,0,0.003664
test,8419,0,0.003063
test,8420,0,0.003350
test,8421,0,0.972072
test,8422,0,0.071138
test,8423,0,0.004000
test,8424,0,0.072374
test,8425,0,0.131062
test,8426,0,0.004655
test,8427,0,0.884139
test,8428,0,0.004023
test,8429,0,0.002993
test,8430,0,0.003538
test,8431,0,0.003130
test,8432,0,0.992753
test,8433,0,0.069352
test,8434,0,0.033274
test,8435,0,0.003292
test,8436,0,0.005070
test,8437,0,0.988928
test,8438,0,0.003154
test,8439,0,0.005395
test,8440,0,0.011083
test,8441,0,0.994563
test,8442,0,0.004530
test,8443,0,0.003267
test,8444,0,0.004399
test,8445,0,0.004290
test,8446,0,0.004592
test,8447,0,0.045564
test,8448,0,0.003922
test,8449,0,0.003477
test,8450,0,0.008125
test,8451,0,0.004764
test,8452,0,0.202838
test,8453,0,0.003010
test,8454,0,0.004382
test,8455,0,0.009458
test,8456,0,0.003148
test,8457,0,0.003124
test,8458,0,0.006015
test,8459,0,0.004811
test,8460,0,0.002314
test,8461,0,0.004391
test,8462,0,0.005406
test,8463,0,0.002736
test,8464,0,0.003081
test,8465,0,0.003847
test,8466,0,0.008364
test,8467,0,0.004166
test,8468,0,0.003229
test,8469,0,0.057388
test,8470,0,0.007149
test,8471,0,0.007346
test,8472,0,0.027954
test,8473,0,0.020177
test,8474,0,0.004764
test,8475,0,0.004746
test,8476,0,0.011755
test,8477,0,0.004240
test,8478,0,0.004199
test,8479,0,0.003743
test,8480,0,0.012516
test,8481,0,0.003832
test,8482,0,0.003423
test,8483,0,0.008140
test,8484,0,0.003028
test,8485,0,0.006693
test,8486,0,0.027403
test,8487,0,0.003884
test,8488,0,0.003490
test,8489,0,0.003984
test,8490,0,0.007163
test,8491,0,0.006413
test,8492,0,0.008364
test,8493,0,0.006376
test,8494,0,0.004953
test,8495,0,0.003370
test,8496,0,0.003869
test,8497,0,0.003331
test,8498,0,0.036839
test,8499,0,0.005385
test,8500,0,0.002715
test,8501,0,0.002601
test,8502,0,0.002458
test,8503,0,0.002637
test,8504,0,0.008204
test,8505,0,0.004340
test,8506,0,0.003765
test,8507,0,0.006133
test,8508,0,0.004849
test,8509,0,0.003907
test,8510,0,0.007816
test,8511,0,0.981040
test,8512,0,0.972623
test,8513,0,0.007025
test,8514,0,0.005120
test,8515,0,0.007403
test,8516,0,0.025420
test,8517,0,0.033717
test,8518,0,0.004182
test,8519,0,0.003559
test,8520,0,0.025859
test,8521,0,0.020666
test,8522,0,0.003443
test,8523,0,0.003416
test,8524,0,0.004619
test,8525,0,0.004425
test,8526,0,0.003248
test,8527,0,0.003350
test,8528,0,0.002637
test,8529,0,0.004944
test,8530,0,0.112991
test,8531,0,0.004323
test,8532,0,0.035444
test,8533,0,0.018869
test,8534,0,0.304145
test,8535,0,0.004934
test,8536,0,0.002975
test,8537,0,0.002993
test,8538,0,0.003559
test,8539,0,0.003601
test,8540,0,0.004232
test,8541,0,0.004774
test,8542,0,0.003657
test,8543,0,0.003795
test,8544,0,0.004207
test,8545,0,0.003279
test,8546,0,0.002468
test,8547,0,0.002828
test,8548,0,0.742095
test,8549,0,0.013822
test,8550,0,0.985468
test,8551,0,0.002689
test,8552,0,0.162579
test,8553,0,0.006169
test,8554,0,0.859251
test,8555,0,0.003722
test,8556,0,0.704008
test,8557,0,0.007636
test,8558,0,0.002952
test,8559,0,0.003930
test,8560,0,0.006476
test,8561,0,0.744703
test,8562,0,0.005797
test,8563,0,0.003286
test,8564,0,0.034717
test,8565,0,0.023043
test,8566,0,0.058078
test,8567,0,0.017094
test,8568,0,0.008109
test,8569,0,0.005675
test,8570,0,0.006615
test,8571,0,0.004086
test,8572,0,0.024657
test,8573,0,0.002482
test,8574,0,0.004556
test,8575,0,0.013287
test,8576,0,0.003854
test,8577,0,0.007771
test,8578,0,0.004503
test,8579,0,0.003130
test,8580,0,0.004746
test,8581,0,0.003847
test,8582,0,0.004628
test,8583,0,0.006290
test,8584,0,0.004240
test,8585,0,0.010014
test,8586,0,0.003707
test,8587,0,0.003204
test,8588,0,0.006039
test,8589,0,0.008899
test,8590,0,0.006513
test,8591,0,0.003081
test,8592,0,0.608100
test,8593,0,0.016014
test,8594,0,0.806700
test,8595,0,0.005741
test,8596,0,0.007389
test,8597,0,0.003040
test,8598,0,0.007923
test,8599,0,0.006426
test,8600,0,0.995719
test,8601,0,0.007080
test,8602,0,0.010189
test,8603,0,0.017510
test,8604,0,0.006917
test,8605,0,0.006241
test,8606,0,0.004134
test,8607,0,0.003700
test,8608,0,0.006278
test,8609,0,0.085556
test,8610,0,0.004547
test,8611,0,0.003046
test,8612,0,0.017078
test,8613,0,0.008745
test,8614,0,0.743447
test,8615,0,0.072834
test,8616,0,0.007346
test,8617,0,0.020567
test,8618,0,0.003773
test,8619,0,0.002873
test,8620,0,0.002632
test,8621,0,0.002981
test,8622,0,0.004399
test,8623,0,0.002862
test,8624,0,0.003222
test,8625,0,0.017644
test,8626,0,0.003279
test,8627,0,0.002606
test,8628,0,0.004174
test,8629,0,0.053601
test,8630,0,0.004215
test,8631,0,0.009223
test,8632,0,0.032375
test,8633,0,0.003839
test,8634,0,0.002292
test,8635,0,0.012662
test,8636,0,0.045948
test,8637,0,0.004126
test,8638,0,0.002234
test,8639,0,0.004953
test,8640,0,0.002981
test,8641,0,0.002305
test,8642,0,0.003344
test,8643,0,0.004973
test,8644,0,0.315314
test,8645,0,0.004682
test,8646,0,0.010777
test,8647,0,0.027533
test,8648,0,0.992920
test,8649,0,0.002845
test,8650,0,0.010530
test,8651,0,0.017359
test,8652,0,0.003273
test,8653,0,0.002845
test,8654,0,0.006628
test,8655,0,0.004015
test,8656,0,0.006027
test,8657,0,0.003976
test,8658,0,0.993474
test,8659,0,0.007121
test,8660,0,0.006253
test,8661,0,0.003629
test,8662,0,0.003679
test,8663,0,0.028382
test,8664,0,0.004110
test,8665,0,0.006205
test,8666,0,0.013109
test,8667,0,0.004746
test,8668,0,0.002969
test,8669,0,0.006388
test,8670,0,0.975437
test,8671,0,0.141815
test,8672,0,0.034004
test,8673,0,0.080502
test,8674,0,0.730001
test,8675,0,0.005312
test,8676,0,0.006004
test,8677,0,0.008364
test,8678,0,0.008495
test,8679,0,0.009090
test,8680,0,0.008397
test,8681,0,0.003216
test,8682,0,0.010923
test,8683,0,0.005900
test,8684,0,0.033463
test,8685,0,0.004248
test,8686,0,0.002918
test,8687,0,0.006145
test,8688,0,0.963472
test,8689,0,0.012686
test,8690,0,0.002873
test,8691,0,0.005831
test,8692,0,0.024704
test,8693,0,0.003802
test,8694,0,0.990083
test,8695,0,0.003884
test,8696,0,0.002845
test,8697,0,0.055311
test,8698,0,0.017392
test,8699,0,0.020944
test,8700,0,0.003292
test,8701,0,0.006917
test,8702,0,0.003344
test,8703,0,0.036563
test,8704,0,0.605420
test,8705,0,0.950227
test,8706,0,0.987424
test,8707,0,0.005512
test,8708,0,0.005261
test,8709,0,0.401776
test,8710,0,0.003636
test,8711,0,0.004691
test,8712,0,0.086787
test,8713,0,0.242295
test,8714,0,0.007417
test,8715,0,0.003930
test,8716,0,0.004601
test,8717,0,0.036494
test,8718,0,0.006193
test,8719,0,0.004348
test,8720,0,0.809878
test,8721,0,0.003531
test,8722,0,0.003976
test,8723,0,0.003900
test,8724,0,0.015589
test,8725,0,0.002637
test,8726,0,0.003693
test,8727,0,0.002850
test,8728,0,0.003273
test,8729,0,0.002867
test,8730,0,0.002647
test,8731,0,0.084493
test,8732,0,0.975832
test,8733,0,0.002850
test,8734,0,0.031889
test,8735,0,0.992554
test,8736,0,0.007461
test,8737,0,0.004460
test,8738,0,0.005240
test,8739,0,0.004468
test,8740,0,0.007346
test,8741,0,0.003370
test,8742,0,0.004746
test,8743,0,0.016593
test,8744,0,0.004982
test,8745,0,0.002726
test,8746,0,0.004820
test,8747,0,0.009841
test,8748,0,0.008899
test,8749,0,0.981771
test,8750,0,0.965867
test,8751,0,0.002482
test,8752,0,0.004215
test,8753,0,0.005865
test,8754,0,0.002895
test,8755,0,0.006229
test,8756,0,0.005911
test,8757,0,0.007108
test,8758,0,0.008561
test,8759,0,0.277375
test,8760,0,0.005566
test,8761,0,0.003490
test,8762,0,0.032559
test,8763,0,0.005969
test,8764,0,0.003185
test,8765,0,0.002596
test,8766,0,0.003383
test,8767,0,0.003573
test,8768,0,0.003069
test,8769,0,0.002768
test,8770,0,0.002668
test,8771,0,0.010014
test,8772,0,0.016153
test,8773,0,0.008140
test,8774,0,0.023021
test,8775,0,0.005333
test,8776,0,0.989612
test,8777,0,0.493042
test,8778,0,0.003040
test,8779,0,0.006062
test,8780,0,0.002958
test,8781,0,0.006603
test,8782,0,0.996876
test,8783,0,0.992920
test,8784,0,0.875574
test,8785,0,0.867092
test,8786,0,0.004737
test,8787,0,0.011755
test,8788,0,0.007417
test,8789,0,0.027481
test,8790,0,0.002929
test,8791,0,0.003350
test,8792,0,0.002704
test,8793,0,0.944074
test,8794,0,0.041657
test,8795,0,0.002287
test,8796,0,0.002790
test,8797,0,0.385028
test,8798,0,0.004655
test,8799,0,0.314156
test,8800,0,0.020352
test,8801,0,0.005021
test,8802,0,0.684791
test,8803,0,0.806624
test,8804,0,0.008015
test,8805,0,0.002952
test,8806,0,0.003350
test,8807,0,0.037573
test,8808,0,0.004078
test,8809,0,0.003112
test,8810,0,0.012182
test,8811,0,0.003142
test,8812,0,0.004023
test,8813,0,0.003004
test,8814,0,0.006351
test,8815,0,0.006314
test,8816,0,0.003736
test,8817,0,0.021865
test,8818,0,0.003483
test,8819,0,0.008125
test,8820,0,0.003363
test,8821,0,0.011464
test,8822,0,0.002801
test,8823,0,0.009449
test,8824,0,0.009975
test,8825,0,0.008046
test,8826,0,0.006426
test,8827,0,0.005992
test,8828,0,0.015469
test,8829,0,0.006526
test,8830,0,0.006577
test,8831,0,0.003953
test,8832,0,0.004118
test,8833,0,0.004512
test,8834,0,0.003357
test,8835,0,0.004728
test,8836,0,0.035211
test,8837,0,0.003197
test,8838,0,0.002828
test,8839,0,0.002482
test,8840,0,0.004150
test,8841,0,0.003545
test,8842,0,0.100216
test,8843,0,0.002884
test,8844,0,0.027015
test,8845,0,0.004811
test,8846,0,0.004365
test,8847,0,0.003722
test,8848,0,0.013769
test,8849,0,0.003854
test,8850,0,0.023644
test,8851,0,0.714976
test,8852,0,0.002850
test,8853,0,0.774583
test,8854,0,0.007360
test,8855,0,0.003105
test,8856,0,0.003229
test,8857,0,0.006615
test,8858,0,0.994552
test,8859,0,0.002444
test,8860,0,0.003664
test,8861,0,0.012945
test,8862,0,0.004118
test,8863,0,0.184473
test,8864,0,0.014658
test,8865,0,0.323220
test,8866,0,0.008678
test,8867,0,0.002647
test,8868,0,0.004709
test,8869,0,0.007012
test,8870,0,0.006890
test,8871,0,0.350977
test,8872,0,0.014365
test,8873,0,0.003729
test,8874,0,0.004425
test,8875,0,0.004565
test,8876,0,0.015845
test,8877,0,0.004547
test,8878,0,0.005501
test,8879,0,0.007012
test,8880,0,0.007621
test,8881,0,0.003363
test,8882,0,0.009376
test,8883,0,0.002901
test,8884,0,0.003517
test,8885,0,0.003191
test,8886,0,0.002845
test,8887,0,0.014686
test,8888,0,0.006463
test,8889,0,0.003324
test,8890,0,0.004248
test,8891,0,0.003787
test,8892,0,0.003248
test,8893,0,0.004830
test,8894,0,0.002647
test,8895,0,0.005364
test,8896,0,0.002699
test,8897,0,0.003260
test,8898,0,0.982185
test,8899,0,0.003780
test,8900,0,0.004538
test,8901,0,0.002981
test,8902,0,0.002890
test,8903,0,0.017763
test,8904,0,0.005865
test,8905,0,0.003197
test,8906,0,0.006027
test,8907,0,0.004746
test,8908,0,0.004610
test,8909,0,0.007039
test,8910,0,0.542041
test,8911,0,0.006004
test,8912,0,0.995817
test,8913,0,0.046465
test,8914,0,0.009615
test,8915,0,0.002647
test,8916,0,0.007135
test,8917,0,0.004774
test,8918,0,0.005664
test,8919,0,0.003664
test,8920,0,0.003357
test,8921,0,0.897426
test,8922,0,0.002434
test,8923,0,0.002571
test,8924,0,0.002482
test,8925,0,0.005501
test,8926,0,0.002694
test,8927,0,0.003403
test,8928,0,0.003210
test,8929,0,0.038575
test,8930,0,0.007801
test,8931,0,0.002812
test,8932,0,0.002726
test,8933,0,0.003136
test,8934,0,0.004306
test,8935,0,0.005609
test,8936,0,0.004468
test,8937,0,0.821760
test,8938,0,0.008644
test,8939,0,0.004118
test,8940,0,0.003765
test,8941,0,0.004182
test,8942,0,0.003869
test,8943,0,0.002969
test,8944,0,0.003216
test,8945,0,0.003483
test,8946,0,0.011223
test,8947,0,0.004134
test,8948,0,0.004166
test,8949,0,0.004232
test,8950,0,0.026785
test,8951,0,0.003052
test,8952,0,0.224906
test,8953,0,0.016075
test,8954,0,0.961965
test,8955,0,0.727782
test,8956,0,0.003552
test,8957,0,0.003154
test,8958,0,0.004399
test,8959,0,0.014448
test,8960,0,0.020391
test,8961,0,0.830044
test,8962,0,0.010209
test,8963,0,0.719630
test,8964,0,0.771499
test,8965,0,0.016091
test,8966,0,0.819893
test,8967,0,0.003545
test,8968,0,0.006121
test,8969,0,0.003105
test,8970,0,0.004248
test,8971,0,0.019871
test,8972,0,0.981436
test,8973,0,0.026912
test,8974,0,0.007233
test,8975,0,0.990803
test,8976,0,0.996510
test,8977,0,0.096706
test,8978,0,0.013454
test,8979,0,0.004973
test,8980,0,0.814053
test,8981,0,0.070688
test,8982,0,0.007191
test,8983,0,0.016641
test,8984,0,0.004382
test,8985,0,0.009179
test,8986,0,0.017678
test,8987,0,0.005934
test,8988,0,0.005459
test,8989,0,0.004425
test,8990,0,0.218503
test,8991,0,0.004315
test,8992,0,0.013147
test,8993,0,0.028734
test,8994,0,0.026156
test,8995,0,0.112893
test,8996,0,0.745306
test,8997,0,0.006074
test,8998,0,0.004953
test,8999,0,0.042722
test,9000,0,0.004451
test,9001,0,0.003671
test,9002,0,0.004166
test,9003,0,0.013862
test,9004,0,0.015861
test,9005,0,0.002981
test,9006,0,0.010189
test,9007,0,0.003463
test,9008,0,0.059976
test,9009,0,0.010408
test,9010,0,0.256320
test,9011,0,0.003396
test,9012,0,0.004102
test,9013,0,0.448943
test,9014,0,0.740644
test,9015,0,0.678593
test,9016,0,0.004934
test,9017,0,0.003173
test,9018,0,0.004963
test,9019,0,0.004434
test,9020,0,0.003657
test,9021,0,0.006401
test,9022,0,0.016561
test,9023,0,0.005719
test,9024,0,0.004610
test,9025,0,0.003622
test,9026,0,0.243283
test,9027,0,0.848345
test,9028,0,0.007892
test,9029,0,0.025614
test,9030,0,0.003945
test,9031,0,0.007969
test,9032,0,0.989830
test,9033,0,0.006376
test,9034,0,0.005620
test,9035,0,0.010229
test,9036,0,0.009860
test,9037,0,0.003615
test,9038,0,0.003552
test,9039,0,0.231137
test,9040,0,0.008413
test,9041,0,0.004830
test,9042,0,0.011892
test,9043,0,0.005459
test,9044,0,0.002752
test,9045,0,0.003383
test,9046,0,0.011310
test,9047,0,0.012625
test,9048,0,0.003260
test,9049,0,0.005220
test,9050,0,0.002856
test,9051,0,0.989140
test,9052,0,0.005686
test,9053,0,0.005911
test,9054,0,0.005753
test,9055,0,0.003357
test,9056,0,0.876105
test,9057,0,0.003594
test,9058,0,0.077134
test,9059,0,0.002987
test,9060,0,0.010229
test,9061,0,0.003403
test,9062,0,0.002785
test,9063,0,0.002187
test,9064,0,0.047958
test,9065,0,0.002946
test,9066,0,0.968201
test,9067,0,0.076408
test,9068,0,0.003622
test,9069,0,0.922062
test,9070,0,0.145055
test,9071,0,0.007548
test,9072,0,0.974459
test,9073,0,0.051272
test,9074,0,0.004637
test,9075,0,0.005631
test,9076,0,0.049040
test,9077,0,0.520611
test,9078,0,0.103839
test,9079,0,0.004646
test,9080,0,0.006217
test,9081,0,0.029845
test,9082,0,0.005041
test,9083,0,0.095856
test,9084,0,0.005011
test,9085,0,0.011835
test,9086,0,0.007135
test,9087,0,0.002468
test,9088,0,0.003552
test,9089,0,0.055515
test,9090,0,0.005220
test,9091,0,0.003118
test,9092,0,0.006229
test,9093,0,0.003622
test,9094,0,0.881717
test,9095,0,0.955068
test,9096,0,0.018815
test,9097,0,0.002689
test,9098,0,0.002453
test,9099,0,0.008544
test,9100,0,0.003636
test,9101,0,0.003235
test,9102,0,0.004315
test,9103,0,0.995479
test,9104,0,0.002694
test,9105,0,0.003587
test,9106,0,0.004007
test,9107,0,0.003700
test,9108,0,0.004110
test,9109,0,0.007666
test,9110,0,0.003248
test,9111,0,0.003545
test,9112,0,0.003470
test,9113,0,0.003714
test,9114,0,0.024704
test,9115,0,0.099121
test,9116,0,0.007289
test,9117,0,0.010072
test,9118,0,0.007080
test,9119,0,0.004682
test,9120,0,0.005160
test,9121,0,0.663669
test,9122,0,0.005385
test,9123,0,0.008316
test,9124,0,0.003423
test,9125,0,0.005523
test,9126,0,0.002912
test,9127,0,0.002987
test,9128,0,0.003854
test,9129,0,0.003686
test,9130,0,0.003396
test,9131,0,0.002541
test,9132,0,0.004820
test,9133,0,0.003984
test,9134,0,0.004682
test,9135,0,0.005281
test,9136,0,0.013210
test,9137,0,0.362574
test,9138,0,0.003961
test,9139,0,0.018960
test,9140,0,0.004896
test,9141,0,0.003594
test,9142,0,0.007317
test,9143,0,0.010229
test,9144,0,0.990329
test,9145,0,0.004417
test,9146,0,0.004182
test,9147,0,0.026106
test,9148,0,0.002901
test,9149,0,0.051797
test,9150,0,0.003286
test,9151,0,0.004248
test,9152,0,0.537330
test,9153,0,0.007289
test,9154,0,0.004728
test,9155,0,0.002901
test,9156,0,0.003430
test,9157,0,0.004126
test,9158,0,0.012576
test,9159,0,0.902266
test,9160,0,0.008899
test,9161,0,0.011620
test,9162,0,0.003022
test,9163,0,0.007892
test,9164,0,0.010673
test,9165,0,0.003331
test,9166,0,0.003629
test,9167,0,0.003922
test,9168,0,0.006798
test,9169,0,0.004118
test,9170,0,0.056133
test,9171,0,0.002981
test,9172,0,0.759671
test,9173,0,0.029535
test,9174,0,0.004365
test,9175,0,0.948298
test,9176,0,0.013637
test,9177,0,0.015739
test,9178,0,0.017883
test,9179,0,0.003976
test,9180,0,0.885631
test,9181,0,0.936576
test,9182,0,0.665682
test,9183,0,0.173428
test,9184,0,0.002839
test,9185,0,0.003093
test,9186,0,0.009522
test,9187,0,0.983597
test,9188,0,0.011398
test,9189,0,0.003344
test,9190,0,0.003810
test,9191,0,0.009161
test,9192,0,0.003900
test,9193,0,0.422251
test,9194,0,0.003969
test,9195,0,0.003075
test,9196,0,0.003714
test,9197,0,0.007786
test,9198,0,0.003148
test,9199,0,0.009055
test,9200,0,0.005240
test,9201,0,0.804713
test,9202,0,0.004802
test,9203,0,0.010288
test,9204,0,0.003112
test,9205,0,0.034815
test,9206,0,0.007816
test,9207,0,0.985552
test,9208,0,0.004718
test,9209,0,0.995390
test,9210,0,0.005697
test,9211,0,0.005210
test,9212,0,0.944587
test,9213,0,0.002715
test,9214,0,0.004215
test,9215,0,0.052473
test,9216,0,0.005642
test,9217,0,0.002566
test,9218,0,0.947039
test,9219,0,0.992364
test,9220,0,0.110327
test,9221,0,0.002812
test,9222,0,0.012312
test,9223,0,0.036804
test,9224,0,0.029396
test,9225,0,0.015845
test,9226,0,0.074299
test,9227,0,0.003497
test,9228,0,0.004963
test,9229,0,0.003984
test,9230,0,0.003443
test,9231,0,0.002601
test,9232,0,0.004182
test,9233,0,0.005980
test,9234,0,0.002591
test,9235,0,0.005512
test,9236,0,0.079210
test,9237,0,0.438530
test,9238,0,0.004142
test,9239,0,0.003552
test,9240,0,0.004434
test,9241,0,0.005292
test,9242,0,0.003622
test,9243,0,0.054752
test,9244,0,0.004849
test,9245,0,0.012871
test,9246,0,0.802168
test,9247,0,0.002801
test,9248,0,0.219421
test,9249,0,0.003142
test,9250,0,0.002668
test,9251,0,0.006944
test,9252,0,0.012396
test,9253,0,0.002845
test,9254,0,0.947866
test,9255,0,0.005753
test,9256,0,0.005031
test,9257,0,0.014104
test,9258,0,0.008268
test,9259,0,0.005775
test,9260,0,0.005070
test,9261,0,0.002586
test,9262,0,0.002768
test,9263,0,0.002817
test,9264,0,0.010408
test,9265,0,0.101947
test,9266,0,0.946349
test,9267,0,0.083890
test,9268,0,0.970240
test,9269,0,0.005587
test,9270,0,0.005708
test,9271,0,0.005180
test,9272,0,0.009936
test,9273,0,0.005100
test,9274,0,0.003470
test,9275,0,0.006693
test,9276,0,0.004802
test,9277,0,0.009841
test,9278,0,0.005523
test,9279,0,0.009596
test,9280,0,0.063308
test,9281,0,0.003063
test,9282,0,0.005577
test,9283,0,0.006027
test,9284,0,0.003524
test,9285,0,0.775009
test,9286,0,0.007490
test,9287,0,0.012958
test,9288,0,0.005809
test,9289,0,0.124107
test,9290,0,0.010052
test,9291,0,0.003022
test,9292,0,0.993807
test,9293,0,0.003087
test,9294,0,0.004886
test,9295,0,0.004150
test,9296,0,0.061650
test,9297,0,0.006998
test,9298,0,0.003142
test,9299,0,0.983085
test,9300,0,0.008364
test,9301,0,0.007025
test,9302,0,0.013020
test,9303,0,0.036050
test,9304,0,0.409693
test,9305,0,0.005946
test,9306,0,0.987472
test,9307,0,0.020528
test,9308,0,0.008015
test,9309,0,0.003010
test,9310,0,0.002663
test,9311,0,0.284675
test,9312,0,0.002779
test,9313,0,0.002901
test,9314,0,0.002425
test,9315,0,0.996420
test,9316,0,0.005437
test,9317,0,0.030129
test,9318,0,0.003273
test,9319,0,0.003587
test,9320,0,0.007163
test,9321,0,0.318538
test,9322,0,0.131173
test,9323,0,0.005753
test,9324,0,0.006667
test,9325,0,0.705684
test,9326,0,0.004062
test,9327,0,0.003664
test,9328,0,0.003087
test,9329,0,0.007816
test,9330,0,0.004365
test,9331,0,0.005980
test,9332,0,0.911338
test,9333,0,0.004158
test,9334,0,0.003286
test,9335,0,0.007135
test,9336,0,0.003337
test,9337,0,0.889864
test,9338,0,0.984635
test,9339,0,0.023220
test,9340,0,0.008429
test,9341,0,0.005877
test,9342,0,0.002576
test,9343,0,0.002774
test,9344,0,0.006784
test,9345,0,0.008899
test,9346,0,0.011299
test,9347,0,0.315472
test,9348,0,0.716962
test,9349,0,0.038683
test,9350,0,0.004963
test,9351,0,0.003222
test,9352,0,0.003136
test,9353,0,0.012194
test,9354,0,0.524650
test,9355,0,0.004015
test,9356,0,0.990750
test,9357,0,0.005523
test,9358,0,0.003511
test,9359,0,0.005775
test,9360,0,0.002929
test,9361,0,0.004709
test,9362,0,0.002621
test,9363,0,0.002694
test,9364,0,0.002430
test,9365,0,0.003022
test,9366,0,0.007969
test,9367,0,0.004290
test,9368,0,0.964489
test,9369,0,0.002731
test,9370,0,0.002632
test,9371,0,0.002536
test,9372,0,0.003969
test,9373,0,0.003450
test,9374,0,0.003173
test,9375,0,0.003693
test,9376,0,0.002453
test,9377,0,0.203866
test,9378,0,0.019985
test,9379,0,0.002845
test,9380,0,0.003679
test,9381,0,0.002678
test,9382,0,0.986363
test,9383,0,0.995426
test,9384,0,0.010052
test,9385,0,0.211580
test,9386,0,0.022824
test,9387,0,0.004700
test,9388,0,0.023985
test,9389,0,0.002987
test,9390,0,0.003118
test,9391,0,0.003707
test,9392,0,0.007696
test,9393,0,0.099558
test,9394,0,0.003216
test,9395,0,0.006050
test,9396,0,0.003028
test,9397,0,0.004877
test,9398,0,0.004521
test,9399,0,0.003490
test,9400,0,0.996954
test,9401,0,0.003185
test,9402,0,0.002463
test,9403,0,0.004601
test,9404,0,0.002975
test,9405,0,0.002627
test,9406,0,0.002768
test,9407,0,0.017226
test,9408,0,0.007317
test,9409,0,0.938520
test,9410,0,0.007831
test,9411,0,0.003566
test,9412,0,0.002768
test,9413,0,0.002895
test,9414,0,0.005566
test,9415,0,0.005923
test,9416,0,0.003765
test,9417,0,0.004495
test,9418,0,0.003416
test,9419,0,0.004905
test,9420,0,0.002747
test,9421,0,0.009250
test,9422,0,0.009803
test,9423,0,0.508859
test,9424,0,0.003802
test,9425,0,0.002774
test,9426,0,0.002704
test,9427,0,0.005374
test,9428,0,0.004434
test,9429,0,0.002828
test,9430,0,0.004646
test,9431,0,0.005512
test,9432,0,0.014957
test,9433,0,0.006526
test,9434,0,0.032253
test,9435,0,0.004547
test,9436,0,0.006205
test,9437,0,0.009559
test,9438,0,0.002935
test,9439,0,0.005620
test,9440,0,0.013769
test,9441,0,0.004348
test,9442,0,0.005969
test,9443,0,0.003222
test,9444,0,0.008156
test,9445,0,0.006039
test,9446,0,0.005021
test,9447,0,0.005130
test,9448,0,0.024563
test,9449,0,0.002731
test,9450,0,0.003436
test,9451,0,0.938632
test,9452,0,0.004248
test,9453,0,0.006890
test,9454,0,0.004774
test,9455,0,0.004877
test,9456,0,0.005491
test,9457,0,0.994677
test,9458,0,0.004298
test,9459,0,0.003087
test,9460,0,0.707101
test,9461,0,0.995180
test,9462,0,0.990927
test,9463,0,0.005587
test,9464,0,0.163179
test,9465,0,0.019644
test,9466,0,0.016705
test,9467,0,0.011255
test,9468,0,0.007108
test,9469,0,0.004158
test,9470,0,0.005220
test,9471,0,0.003087
test,9472,0,0.017746
test,9473,0,0.009634
test,9474,0,0.010308
test,9475,0,0.004486
test,9476,0,0.005070
test,9477,0,0.003758
test,9478,0,0.005150
test,9479,0,0.003615
test,9480,0,0.005130
test,9481,0,0.887302
test,9482,0,0.023220
test,9483,0,0.005831
test,9484,0,0.075176
test,9485,0,0.996078
test,9486,0,0.004417
test,9487,0,0.002731
test,9488,0,0.004565
test,9489,0,0.006314
test,9490,0,0.166404
test,9491,0,0.018600
test,9492,0,0.004256
test,9493,0,0.012576
test,9494,0,0.041385
test,9495,0,0.015845
test,9496,0,0.004015
test,9497,0,0.002683
test,9498,0,0.990329
test,9499,0,0.010111
test,9500,0,0.003736
test,9501,0,0.005491
test,9502,0,0.027429
test,9503,0,0.994688
test,9504,0,0.006098
test,9505,0,0.004348
test,9506,0,0.005302
test,9507,0,0.009879
test,9508,0,0.023916
test,9509,0,0.992047
test,9510,0,0.011442
test,9511,0,0.002817
test,9512,0,0.009615
test,9513,0,0.006451
test,9514,0,0.006811
test,9515,0,0.004973
test,9516,0,0.006327
test,9517,0,0.006339
test,9518,0,0.008140
test,9519,0,0.850469
test,9520,0,0.003416
test,9521,0,0.021865
test,9522,0,0.003664
test,9523,0,0.003862
test,9524,0,0.046943
test,9525,0,0.015845
test,9526,0,0.116915
test,9527,0,0.008093
test,9528,0,0.004086
test,9529,0,0.002795
test,9530,0,0.002941
test,9531,0,0.004728
test,9532,0,0.003922
test,9533,0,0.004425
test,9534,0,0.002683
test,9535,0,0.002444
test,9536,0,0.009634
test,9537,0,0.003938
test,9538,0,0.002591
test,9539,0,0.038286
test,9540,0,0.002752
test,9541,0,0.118538
test,9542,0,0.002642
test,9543,0,0.996960
test,9544,0,0.019216
test,9545,0,0.017510
test,9546,0,0.003679
test,9547,0,0.027743
test,9548,0,0.003040
test,9549,0,0.004365
test,9550,0,0.004512
test,9551,0,0.003318
test,9552,0,0.002918
test,9553,0,0.003057
test,9554,0,0.004374
test,9555,0,0.004232
test,9556,0,0.003443
test,9557,0,0.002647
test,9558,0,0.003136
test,9559,0,0.002918
test,9560,0,0.015292
test,9561,0,0.975390
test,9562,0,0.203866
test,9563,0,0.002768
test,9564,0,0.030880
test,9565,0,0.017644
test,9566,0,0.027507
test,9567,0,0.005831
test,9568,0,0.007108
test,9569,0,0.004417
test,9570,0,0.003363
test,9571,0,0.002907
test,9572,0,0.004755
test,9573,0,0.003273
test,9574,0,0.911653
test,9575,0,0.045777
test,9576,0,0.014241
test,9577,0,0.002812
test,9578,0,0.005854
test,9579,0,0.041970
test,9580,0,0.011409
test,9581,0,0.980949
test,9582,0,0.011812
test,9583,0,0.005395
test,9584,0,0.010798
test,9585,0,0.011158
test,9586,0,0.004737
test,9587,0,0.006339
test,9588,0,0.010902
test,9589,0,0.004460
test,9590,0,0.798265
test,9591,0,0.002683
test,9592,0,0.004062
test,9593,0,0.002801
test,9594,0,0.003657
test,9595,0,0.993574
test,9596,0,0.836621
test,9597,0,0.005480
test,9598,0,0.008284
test,9599,0,0.008332
test,9600,0,0.006603
test,9601,0,0.027901
test,9602,0,0.003984
test,9603,0,0.004700
test,9604,0,0.002812
test,9605,0,0.007786
test,9606,0,0.004886
test,9607,0,0.003938
test,9608,0,0.003832
test,9609,0,0.006488
test,9610,0,0.003900
test,9611,0,0.003377
test,9612,0,0.011376
test,9613,0,0.003241
test,9614,0,0.020489
test,9615,0,0.004867
test,9616,0,0.002637
test,9617,0,0.003976
test,9618,0,0.004820
test,9619,0,0.027796
test,9620,0,0.003292
test,9621,0,0.004306
test,9622,0,0.004820
test,9623,0,0.007012
test,9624,0,0.118080
test,9625,0,0.006062
test,9626,0,0.502721
test,9627,0,0.981489
test,9628,0,0.003010
test,9629,0,0.004425
test,9630,0,0.003241
test,9631,0,0.003497
test,9632,0,0.002444
test,9633,0,0.016309
test,9634,0,0.531559
test,9635,0,0.002742
test,9636,0,0.002637
test,9637,0,0.023735
test,9638,0,0.002694
test,9639,0,0.003992
test,9640,0,0.004849
test,9641,0,0.003312
test,9642,0,0.002673
test,9643,0,0.004886
test,9644,0,0.003580
test,9645,0,0.107110
test,9646,0,0.002546
test,9647,0,0.004182
test,9648,0,0.004399
test,9649,0,0.005969
test,9650,0,0.008661
test,9651,0,0.007475
test,9652,0,0.003350
test,9653,0,0.002507
test,9654,0,0.002850
test,9655,0,0.003945
test,9656,0,0.003248
test,9657,0,0.012821
test,9658,0,0.006971
test,9659,0,0.037082
test,9660,0,0.019587
test,9661,0,0.003722
test,9662,0,0.870707
test,9663,0,0.003862
test,9664,0,0.024704
test,9665,0,0.004007
test,9666,0,0.002689
test,9667,0,0.006877
test,9668,0,0.003810
test,9669,0,0.002736
test,9670,0,0.004619
test,9671,0,0.015277
test,9672,0,0.006654
test,9673,0,0.003832
test,9674,0,0.007149
test,9675,0,0.003248
test,9676,0,0.007726
test,9677,0,0.002895
test,9678,0,0.025420
test,9679,0,0.003751
test,9680,0,0.003751
test,9681,0,0.002642
test,9682,0,0.004408
test,9683,0,0.024822
test,9684,0,0.015891
test,9685,0,0.002663
test,9686,0,0.020528
test,9687,0,0.005686
test,9688,0,0.011365
test,9689,0,0.068662
test,9690,0,0.004886
test,9691,0,0.004273
test,9692,0,0.003497
test,9693,0,0.114517
test,9694,0,0.992711
test,9695,0,0.008078
test,9696,0,0.004830
test,9697,0,0.002752
test,9698,0,0.275422
test,9699,0,0.006590
test,9700,0,0.021781
test,9701,0,0.923936
test,9702,0,0.004691
test,9703,0,0.003130
test,9704,0,0.005200
test,9705,0,0.003629
test,9706,0,0.004158
test,9707,0,0.005343
test,9708,0,0.970799
test,9709,0,0.041579
test,9710,0,0.007592
test,9711,0,0.005374
test,9712,0,0.002834
test,9713,0,0.003714
test,9714,0,0.004166
test,9715,0,0.029312
test,9716,0,0.921428
test,9717,0,0.004792
test,9718,0,0.004556
test,9719,0,0.003773
test,9720,0,0.036804
test,9721,0,0.008252
test,9722,0,0.003650
test,9723,0,0.005854
test,9724,0,0.004820
test,9725,0,0.002502
test,9726,0,0.003286
test,9727,0,0.003961
test,9728,0,0.015365
test,9729,0,0.005051
test,9730,0,0.002521
test,9731,0,0.008364
test,9732,0,0.024145
test,9733,0,0.946843
test,9734,0,0.010268
test,9735,0,0.005631
test,9736,0,0.004442
test,9737,0,0.003299
test,9738,0,0.003504
test,9739,0,0.003787
test,9740,0,0.005110
test,9741,0,0.003204
test,9742,0,0.890437
test,9743,0,0.027638
test,9744,0,0.008380
test,9745,0,0.005923
test,9746,0,0.968411
test,9747,0,0.005969
test,9748,0,0.966220
test,9749,0,0.009541
test,9750,0,0.871748
test,9751,0,0.019419
test,9752,0,0.005240
test,9753,0,0.078289
test,9754,0,0.004619
test,9755,0,0.004830
test,9756,0,0.914673
test,9757,0,0.003773
test,9758,0,0.004434
test,9759,0,0.134605
test,9760,0,0.039195
test,9761,0,0.003938
test,9762,0,0.024988
test,9763,0,0.026230
test,9764,0,0.035813
test,9765,0,0.006552
test,9766,0,0.003758
test,9767,0,0.004849
test,9768,0,0.014159
test,9769,0,0.003497
test,9770,0,0.013996
test,9771,0,0.030416
test,9772,0,0.008830
test,9773,0,0.005775
test,9774,0,0.007846
test,9775,0,0.003915
test,9776,0,0.002657
test,9777,0,0.004503
test,9778,0,0.014172
test,9779,0,0.002845
test,9780,0,0.003566
test,9781,0,0.003022
test,9782,0,0.863392
test,9783,0,0.003817
test,9784,0,0.053949
test,9785,0,0.004374
test,9786,0,0.004265
test,9787,0,0.004746
test,9788,0,0.003260
test,9789,0,0.020685
test,9790,0,0.006706
test,9791,0,0.006771
test,9792,0,0.941115
test,9793,0,0.007108
test,9794,0,0.002747
test,9795,0,0.003292
test,9796,0,0.003081
test,9797,0,0.003780
test,9798,0,0.002839
test,9799,0,0.010966
test,9800,0,0.006654
test,9801,0,0.018797
test,9802,0,0.008140
test,9803,0,0.005333
test,9804,0,0.005459
test,9805,0,0.003028
test,9806,0,0.003416
test,9807,0,0.013236
test,9808,0,0.013454
test,9809,0,0.006917
test,9810,0,0.003504
test,9811,0,0.005080
test,9812,0,0.006109
test,9813,0,0.928539
test,9814,0,0.003524
test,9815,0,0.004357
test,9816,0,0.004718
test,9817,0,0.994169
test,9818,0,0.003629
test,9819,0,0.113776
test,9820,0,0.052473
test,9821,0,0.004811
test,9822,0,0.003524
test,9823,0,0.003410
test,9824,0,0.003136
test,9825,0,0.002397
test,9826,0,0.006217
test,9827,0,0.991522
test,9828,0,0.870872
test,9829,0,0.947381
test,9830,0,0.003538
test,9831,0,0.005911
test,9832,0,0.003795
test,9833,0,0.005271
test,9834,0,0.963161
test,9835,0,0.002663
test,9836,0,0.003292
test,9837,0,0.003900
test,9838,0,0.002801
test,9839,0,0.003922
test,9840,0,0.006628
test,9841,0,0.003063
test,9842,0,0.008015
test,9843,0,0.008916
test,9844,0,0.010509
test,9845,0,0.805020
test,9846,0,0.006098
test,9847,0,0.516264
test,9848,0,0.004248
test,9849,0,0.006890
test,9850,0,0.012504
test,9851,0,0.009431
test,9852,0,0.005491
test,9853,0,0.003324
test,9854,0,0.003383
test,9855,0,0.005220
test,9856,0,0.003069
test,9857,0,0.019382
test,9858,0,0.005395
test,9859,0,0.002981
test,9860,0,0.006784
test,9861,0,0.005631
test,9862,0,0.003686
test,9863,0,0.004867
test,9864,0,0.010459
test,9865,0,0.061031
test,9866,0,0.005031
test,9867,0,0.003643
test,9868,0,0.002935
test,9869,0,0.123895
test,9870,0,0.008268
test,9871,0,0.002668
test,9872,0,0.003357
test,9873,0,0.002720
test,9874,0,0.002935
test,9875,0,0.048406
test,9876,0,0.012147
test,9877,0,0.979235
test,9878,0,0.030792
test,9879,0,0.008000
test,9880,0,0.004601
test,9881,0,0.031980
test,9882,0,0.020216
test,9883,0,0.597835
test,9884,0,0.016168
test,9885,0,0.004191
test,9886,0,0.003573
test,9887,0,0.004015
test,9888,0,0.040125
test,9889,0,0.102305
test,9890,0,0.012760
test,9891,0,0.003615
test,9892,0,0.972831
test,9893,0,0.004086
test,9894,0,0.002785
test,9895,0,0.002862
test,9896,0,0.002425
test,9897,0,0.578210
test,9898,0,0.008413
test,9899,0,0.996727
test,9900,0,0.974965
test,9901,0,0.003545
test,9902,0,0.035079
test,9903,0,0.003976
test,9904,0,0.993698
test,9905,0,0.007303
test,9906,0,0.002823
test,9907,0,0.006693
test,9908,0,0.005210
test,9909,0,0.006463
test,9910,0,0.003299
test,9911,0,0.022824
test,9912,0,0.005566
test,9913,0,0.010489
test,9914,0,0.013185
test,9915,0,0.003350
test,9916,0,0.002941
test,9917,0,0.002571
test,9918,0,0.004150
test,9919,0,0.909506
test,9920,0,0.016403
test,9921,0,0.003118
test,9922,0,0.006577
test,9923,0,0.003363
test,9924,0,0.005251
test,9925,0,0.006706
test,9926,0,0.004512
test,9927,0,0.004094
test,9928,0,0.002668
test,9929,0,0.003538
test,9930,0,0.005180
test,9931,0,0.004886
test,9932,0,0.002790
test,9933,0,0.002689
test,9934,0,0.006850
test,9935,0,0.002736
test,9936,0,0.010860
test,9937,0,0.003173
test,9938,0,0.004054
test,9939,0,0.003531
test,9940,0,0.004830
test,9941,0,0.003517
test,9942,0,0.004062
test,9943,0,0.713382
test,9944,0,0.065366
test,9945,0,0.006050
test,9946,0,0.006552
test,9947,0,0.063251
test,9948,0,0.003552
test,9949,0,0.006229
test,9950,0,0.008140
test,9951,0,0.006327
test,9952,0,0.704770
test,9953,0,0.106133
test,9954,0,0.040200
test,9955,0,0.003046
test,9956,0,0.004944
test,9957,0,0.005459
test,9958,0,0.007831
test,9959,0,0.007892
test,9960,0,0.007346
test,9961,0,0.047825
test,9962,0,0.604895
test,9963,0,0.003817
test,9964,0,0.172241
test,9965,0,0.750095
test,9966,0,0.003324
test,9967,0,0.004281
test,9968,0,0.003722
test,9969,0,0.003817
test,9970,0,0.015544
test,9971,0,0.003204
test,9972,0,0.002425
test,9973,0,0.009286
test,9974,0,0.006564
test,9975,0,0.028571
test,9976,0,0.006253
test,9977,0,0.916185
test,9978,0,0.769340
test,9979,0,0.004709
test,9980,0,0.007846
test,9981,0,0.008678
test,9982,0,0.004223
test,9983,0,0.004495
test,9984,0,0.003961
test,9985,0,0.003456
test,9986,0,0.005230
test,9987,0,0.003350
test,9988,0,0.002763
test,9989,0,0.003160
test,9990,0,0.003992
test,9991,0,0.002497
test,9992,0,0.002425
test,9993,0,0.007303
test,9994,0,0.003136
test,9995,0,0.976061
test,9996,0,0.018833
test,9997,0,0.004877
test,9998,0,0.018654
test,9999,0,0.003210
test,10000,0,0.070656
test,10001,0,0.024633
test,10002,0,0.003363
test,10003,0,0.003722
test,10004,0,0.003722
test,10005,0,0.006157
test,10006,0,0.004746
test,10007,0,0.002774
test,10008,0,0.003643
test,10009,0,0.298440
test,10010,0,0.009413
test,10011,0,0.939526
test,10012,0,0.014928
test,10013,0,0.053108
test,10014,0,0.003992
test,10015,0,0.004215
test,10016,0,0.002652
test,10017,0,0.003714
test,10018,0,0.008627
test,10019,0,0.003736
test,10020,0,0.006241
test,10021,0,0.747708
test,10022,0,0.003892
test,10023,0,0.002683
test,10024,0,0.019663
test,10025,0,0.003524
test,10026,0,0.007907
test,10027,0,0.011846
test,10028,0,0.021206
test,10029,0,0.006944
test,10030,0,0.003945
test,10031,0,0.849035
test,10032,0,0.003216
test,10033,0,0.004565
test,10034,0,0.004086
test,10035,0,0.003470
test,10036,0,0.005719
test,10037,0,0.976691
test,10038,0,0.003707
test,10039,0,0.005031
test,10040,0,0.003907
test,10041,0,0.005459
test,10042,0,0.874667
test,10043,0,0.788746
test,10044,0,0.003331
test,10045,0,0.897606
test,10046,0,0.003802
test,10047,0,0.003470
test,10048,0,0.003511
test,10049,0,0.034004
test,10050,0,0.003197
test,10051,0,0.003456
test,10052,0,0.027299
test,10053,0,0.002828
test,10054,0,0.005364
test,10055,0,0.032899
test,10056,0,0.004849
test,10057,0,0.003241
test,10058,0,0.007636
test,10059,0,0.002616
test,10060,0,0.003463
test,10061,0,0.004256
test,10062,0,0.003118
test,10063,0,0.021471
test,10064,0,0.006241
test,10065,0,0.078997
test,10066,0,0.003992
test,10067,0,0.007861
test,10068,0,0.003945
test,10069,0,0.010499
test,10070,0,0.003707
test,10071,0,0.004547
test,10072,0,0.319440
test,10073,0,0.005831
test,10074,0,0.028517
test,10075,0,0.004637
test,10076,0,0.002867
test,10077,0,0.003305
test,10078,0,0.012265
test,10079,0,0.385548
test,10080,0,0.967163
test,10081,0,0.016091
test,10082,0,0.010328
test,10083,0,0.002663
test,10084,0,0.004158
test,10085,0,0.006181
test,10086,0,0.004792
test,10087,0,0.159741
test,10088,0,0.002673
test,10089,0,0.002929
test,10090,0,0.014957
test,10091,0,0.005923
test,10092,0,0.016199
test,10093,0,0.010418
test,10094,0,0.003992
test,10095,0,0.002828
test,10096,0,0.043285
test,10097,0,0.003216
test,10098,0,0.003087
test,10099,0,0.005620
test,10100,0,0.026255
test,10101,0,0.005946
test,10102,0,0.007984
test,10103,0,0.280912
test,10104,0,0.004207
test,10105,0,0.005220
test,10106,0,0.005070
test,10107,0,0.924415
test,10108,0,0.002845
test,10109,0,0.036391
test,10110,0,0.003693
test,10111,0,0.986442
test,10112,0,0.002884
test,10113,0,0.967960
test,10114,0,0.016947
test,10115,0,0.123948
test,10116,0,0.160463
test,10117,0,0.003773
test,10118,0,0.019833
test,10119,0,0.005021
test,10120,0,0.866979
test,10121,0,0.006654
test,10122,0,0.005031
test,10123,0,0.004031
test,10124,0,0.003643
test,10125,0,0.007756
test,10126,0,0.003436
test,10127,0,0.014900
test,10128,0,0.003915
test,10129,0,0.004031
test,10130,0,0.008252
test,10131,0,0.007519
test,10132,0,0.005312
test,10133,0,0.007303
test,10134,0,0.004547
test,10135,0,0.006488
test,10136,0,0.010881
test,10137,0,0.005292
test,10138,0,0.052570
test,10139,0,0.005888
test,10140,0,0.823257
test,10141,0,0.008661
test,10142,0,0.006784
test,10143,0,0.010570
test,10144,0,0.015218
test,10145,0,0.206334
test,10146,0,0.009860
test,10147,0,0.011812
test,10148,0,0.004718
test,10149,0,0.911338
test,10150,0,0.997322
test,10151,0,0.003312
test,10152,0,0.002536
test,10153,0,0.004783
test,10154,0,0.004332
test,10155,0,0.002901
test,10156,0,0.002890
test,10157,0,0.004399
test,10158,0,0.014200
test,10159,0,0.009765
test,10160,0,0.010428
test,10161,0,0.007861
test,10162,0,0.003423
test,10163,0,0.011354
test,10164,0,0.002387
test,10165,0,0.002482
test,10166,0,0.006811
test,10167,0,0.008661
test,10168,0,0.003204
test,10169,0,0.031173
test,10170,0,0.006376
test,10171,0,0.003657
test,10172,0,0.007205
test,10173,0,0.005130
test,10174,0,0.068600
test,10175,0,0.022759
test,10176,0,0.003693
test,10177,0,0.003254
test,10178,0,0.003629
test,10179,0,0.003463
test,10180,0,0.010714
test,10181,0,0.002689
test,10182,0,0.003248
test,10183,0,0.006253
test,10184,0,0.005992
test,10185,0,0.980205
test,10186,0,0.006904
test,10187,0,0.935169
test,10188,0,0.972779
test,10189,0,0.938407
test,10190,0,0.002689
test,10191,0,0.003664
test,10192,0,0.005333
test,10193,0,0.041891
test,10194,0,0.021781
test,10195,0,0.007039
test,10196,0,0.004374
test,10197,0,0.995969
test,10198,0,0.004700
test,10199,0,0.003580
test,10200,0,0.002678
test,10201,0,0.002924
test,10202,0,0.003241
test,10203,0,0.002742
test,10204,0,0.003930
test,10205,0,0.927495
test,10206,0,0.004963
test,10207,0,0.004718
test,10208,0,0.298287
test,10209,0,0.112600
test,10210,0,0.947088
test,10211,0,0.003185
test,10212,0,0.004592
test,10213,0,0.011687
test,10214,0,0.011051
test,10215,0,0.002785
test,10216,0,0.005210
test,10217,0,0.016641
test,10218,0,0.009652
test,10219,0,0.037432
test,10220,0,0.004290
test,10221,0,0.003765
test,10222,0,0.003210
test,10223,0,0.007726
test,10224,0,0.004298
test,10225,0,0.005911
test,10226,0,0.007786
test,10227,0,0.005406
test,10228,0,0.006798
test,10229,0,0.003179
test,10230,0,0.027403
test,10231,0,0.003118
test,10232,0,0.007756
test,10233,0,0.004332
test,10234,0,0.002502
test,10235,0,0.002566
test,10236,0,0.004290
test,10237,0,0.003450
test,10238,0,0.002801
test,10239,0,0.002806
test,10240,0,0.094678
test,10241,0,0.067424
test,10242,0,0.002586
test,10243,0,0.029036
test,10244,0,0.012218
test,10245,0,0.003410
test,10246,0,0.002795
test,10247,0,0.009522
test,10248,0,0.002541
test,10249,0,0.056652
test,10250,0,0.003357
test,10251,0,0.155015
test,10252,0,0.986623
test,10253,0,0.011431
test,10254,0,0.008172
test,10255,0,0.002678
test,10256,0,0.007607
test,10257,0,0.975992
test,10258,0,0.004673
test,10259,0,0.005323
test,10260,0,0.016466
test,10261,0,0.003063
test,10262,0,0.003587
test,10263,0,0.005598
test,10264,0,0.006426
test,10265,0,0.002736
test,10266,0,0.003629
test,10267,0,0.083367
test,10268,0,0.012784
test,10269,0,0.013889
test,10270,0,0.003714
test,10271,0,0.003179
test,10272,0,0.012920
test,10273,0,0.002924
test,10274,0,0.002987
test,10275,0,0.003765
test,10276,0,0.003273
test,10277,0,0.003443
test,10278,0,0.002411
test,10279,0,0.003260
test,10280,0,0.004992
test,10281,0,0.003357
test,10282,0,0.004265
test,10283,0,0.007892
test,10284,0,0.885285
test,10285,0,0.005130
test,10286,0,0.007563
test,10287,0,0.003436
test,10288,0,0.008847
test,10289,0,0.002731
test,10290,0,0.003615
test,10291,0,0.006784
test,10292,0,0.004637
test,10293,0,0.009994
test,10294,0,0.008348
test,10295,0,0.003093
test,10296,0,0.078501
test,10297,0,0.003016
test,10298,0,0.310224
test,10299,0,0.002497
test,10300,0,0.969642
test,10301,0,0.729905
test,10302,0,0.951459
test,10303,0,0.003729
test,10304,0,0.009161
test,10305,0,0.011180
test,10306,0,0.023712
test,10307,0,0.003622
test,10308,0,0.002383
test,10309,0,0.004007
test,10310,0,0.003016
test,10311,0,0.010249
test,10312,0,0.005120
test,10313,0,0.004357
test,10314,0,0.003028
test,10315,0,0.025155
test,10316,0,0.007080
test,10317,0,0.004070
test,10318,0,0.004530
test,10319,0,0.006062
test,10320,0,0.006641
test,10321,0,0.003430
test,10322,0,0.278747
test,10323,0,0.002839
test,10324,0,0.007969
test,10325,0,0.018247
test,10326,0,0.003222
test,10327,0,0.003357
test,10328,0,0.004240
test,10329,0,0.023176
test,10330,0,0.003286
test,10331,0,0.003016
test,10332,0,0.006971
test,10333,0,0.004746
test,10334,0,0.004664
test,10335,0,0.002785
test,10336,0,0.017177
test,10337,0,0.003969
test,10338,0,0.004086
test,10339,0,0.003324
test,10340,0,0.038865
test,10341,0,0.002975
test,10342,0,0.812272
test,10343,0,0.003824
test,10344,0,0.006654
test,10345,0,0.021125
test,10346,0,0.002958
test,10347,0,0.962356
test,10348,0,0.005923
test,10349,0,0.002621
test,10350,0,0.024008
test,10351,0,0.003241
test,10352,0,0.012809
test,10353,0,0.006577
test,10354,0,0.003040
test,10355,0,0.003299
test,10356,0,0.004070
test,10357,0,0.003112
test,10358,0,0.006205
test,10359,0,0.027638
test,10360,0,0.033211
test,10361,0,0.007563
test,10362,0,0.090494
test,10363,0,0.003331
test,10364,0,0.003350
test,10365,0,0.005809
test,10366,0,0.004094
test,10367,0,0.002736
test,10368,0,0.009268
test,10369,0,0.008544
test,10370,0,0.004399
test,10371,0,0.002536
test,10372,0,0.005911
test,10373,0,0.006193
test,10374,0,0.003780
test,10375,0,0.003410
test,10376,0,0.014282
test,10377,0,0.002964
test,10378,0,0.004273
test,10379,0,0.004408
test,10380,0,0.024727
test,10381,0,0.023176
test,10382,0,0.065605
test,10383,0,0.060363
test,10384,0,0.271445
test,10385,0,0.005374
test,10386,0,0.004399
test,10387,0,0.598136
test,10388,0,0.005070
test,10389,0,0.085939
test,10390,0,0.004992
test,10391,0,0.003292
test,10392,0,0.007403
test,10393,0,0.006364
test,10394,0,0.003930
test,10395,0,0.006798
test,10396,0,0.004174
test,10397,0,0.005775
test,10398,0,0.004102
test,10399,0,0.003504
test,10400,0,0.008745
test,10401,0,0.871146
test,10402,0,0.002884
test,10403,0,0.005786
test,10404,0,0.003615
test,10405,0,0.012516
test,10406,0,0.005459
test,10407,0,0.004000
test,10408,0,0.003700
test,10409,0,0.004495
test,10410,0,0.002867
test,10411,0,0.007666
test,10412,0,0.003714
test,10413,0,0.003961
test,10414,0,0.011642
test,10415,0,0.004199
test,10416,0,0.003671
test,10417,0,0.020745
test,10418,0,0.003423
test,10419,0,0.003063
test,10420,0,0.015116
test,10421,0,0.007066
test,10422,0,0.629091
test,10423,0,0.002912
test,10424,0,0.008985
test,10425,0,0.003559
test,10426,0,0.005210
test,10427,0,0.003945
test,10428,0,0.002689
test,10429,0,0.003118
test,10430,0,0.002453
test,10431,0,0.137417
test,10432,0,0.004849
test,10433,0,0.005533
test,10434,0,0.003538
test,10435,0,0.005843
test,10436,0,0.003580
test,10437,0,0.005002
test,10438,0,0.003069
test,10439,0,0.005653
test,10440,0,0.005923
test,10441,0,0.003686
test,10442,0,0.007233
test,10443,0,0.003594
test,10444,0,0.028301
test,10445,0,0.005395
test,10446,0,0.993599
test,10447,0,0.005957
test,10448,0,0.003248
test,10449,0,0.030618
test,10450,0,0.016014
test,10451,0,0.003976
test,10452,0,0.005854
test,10453,0,0.004839
test,10454,0,0.997306
test,10455,0,0.017409
test,10456,0,0.004718
test,10457,0,0.012135
test,10458,0,0.004382
test,10459,0,0.009038
test,10460,0,0.402275
test,10461,0,0.021760
test,10462,0,0.003324
test,10463,0,0.017526
test,10464,0,0.004646
test,10465,0,0.003403
test,10466,0,0.004332
test,10467,0,0.008661
test,10468,0,0.990329
test,10469,0,0.004547
test,10470,0,0.653542
test,10471,0,0.002998
test,10472,0,0.026456
test,10473,0,0.003105
test,10474,0,0.003456
test,10475,0,0.245990
test,10476,0,0.004142
test,10477,0,0.005900
test,10478,0,0.002998
test,10479,0,0.005220
test,10480,0,0.003154
test,10481,0,0.004102
test,10482,0,0.003877
test,10483,0,0.025957
test,10484,0,0.004982
test,10485,0,0.035478
test,10486,0,0.010408
test,10487,0,0.868437
test,10488,0,0.009486
test,10489,0,0.124319
test,10490,0,0.005170
test,10491,0,0.075927
test,10492,0,0.012686
test,10493,0,0.004281
test,10494,0,0.004223
test,10495,0,0.912124
test,10496,0,0.006603
test,10497,0,0.002890
test,10498,0,0.009615
test,10499,0,0.006327
test,10500,0,0.030502
test,10501,0,0.005200
test,10502,0,0.005809
test,10503,0,0.002689
test,10504,0,0.115461
test,10505,0,0.006784
test,10506,0,0.003299
test,10507,0,0.005220
test,10508,0,0.005302
test,10509,0,0.004158
test,10510,0,0.010229
test,10511,0,0.003004
test,10512,0,0.002355
test,10513,0,0.003892
test,10514,0,0.004191
test,10515,0,0.002935
test,10516,0,0.003953
test,10517,0,0.003930
test,10518,0,0.579817
test,10519,0,0.003292
test,10520,0,0.003093
test,10521,0,0.006027
test,10522,0,0.002632
test,10523,0,0.075790
test,10524,0,0.004503
test,10525,0,0.002845
test,10526,0,0.009197
test,10527,0,0.008125
test,10528,0,0.004191
test,10529,0,0.003423
test,10530,0,0.010179
test,10531,0,0.033431
test,10532,0,0.003357
test,10533,0,0.002993
test,10534,0,0.025638
test,10535,0,0.005877
test,10536,0,0.018689
test,10537,0,0.003357
test,10538,0,0.005343
test,10539,0,0.003040
test,10540,0,0.003847
test,10541,0,0.006837
test,10542,0,0.002742
test,10543,0,0.003410
test,10544,0,0.002591
test,10545,0,0.008078
test,10546,0,0.036322
test,10547,0,0.004755
test,10548,0,0.122209
test,10549,0,0.003608
test,10550,0,0.002850
test,10551,0,0.011801
test,10552,0,0.006217
test,10553,0,0.003714
test,10554,0,0.010735
test,10555,0,0.004755
test,10556,0,0.005609
test,10557,0,0.003700
test,10558,0,0.769860
test,10559,0,0.007191
test,10560,0,0.007275
test,10561,0,0.003390
test,10562,0,0.002901
test,10563,0,0.018582
test,10564,0,0.193909
test,10565,0,0.012065
test,10566,0,0.002812
test,10567,0,0.005090
test,10568,0,0.003601
test,10569,0,0.005002
test,10570,0,0.080069
test,10571,0,0.003832
test,10572,0,0.003587
test,10573,0,0.005911
test,10574,0,0.004134
test,10575,0,0.004486
test,10576,0,0.003511
test,10577,0,0.011072
test,10578,0,0.327830
test,10579,0,0.009090
test,10580,0,0.006513
test,10581,0,0.003154
test,10582,0,0.002946
test,10583,0,0.023286
test,10584,0,0.007846
test,10585,0,0.003390
test,10586,0,0.063308
test,10587,0,0.003743
test,10588,0,0.024727
test,10589,0,0.002958
test,10590,0,0.010219
test,10591,0,0.017144
test,10592,0,0.003945
test,10593,0,0.003028
test,10594,0,0.003907
test,10595,0,0.002453
test,10596,0,0.004839
test,10597,0,0.004886
test,10598,0,0.010348
test,10599,0,0.004070
test,10600,0,0.004078
test,10601,0,0.003629
test,10602,0,0.007831
test,10603,0,0.005002
test,10604,0,0.003463
test,10605,0,0.006015
test,10606,0,0.006015
test,10607,0,0.003686
test,10608,0,0.004086
test,10609,0,0.002817
test,10610,0,0.003093
test,10611,0,0.004062
test,10612,0,0.004298
test,10613,0,0.002795
test,10614,0,0.003210
test,10615,0,0.002862
test,10616,0,0.003173
test,10617,0,0.006426
test,10618,0,0.003587
test,10619,0,0.002591
test,10620,0,0.025982
test,10621,0,0.002632
test,10622,0,0.003179
test,10623,0,0.003722
test,10624,0,0.004601
test,10625,0,0.005240
test,10626,0,0.010777
test,10627,0,0.008015
test,10628,0,0.004849
test,10629,0,0.007636
test,10630,0,0.007025
test,10631,0,0.002935
test,10632,0,0.003751
test,10633,0,0.007149
test,10634,0,0.006745
test,10635,0,0.002856
test,10636,0,0.003497
test,10637,0,0.070368
test,10638,0,0.036016
test,10639,0,0.004556
test,10640,0,0.004382
test,10641,0,0.003370
test,10642,0,0.111919
test,10643,0,0.005395
test,10644,0,0.003350
test,10645,0,0.008528
test,10646,0,0.008172
test,10647,0,0.067301
test,10648,0,0.012504
test,10649,0,0.002941
test,10650,0,0.019124
test,10651,0,0.003279
test,10652,0,0.008046
test,10653,0,0.007374
test,10654,0,0.007892
test,10655,0,0.936227
test,10656,0,0.003824
test,10657,0,0.002668
test,10658,0,0.093388
test,10659,0,0.005533
test,10660,0,0.003390
test,10661,0,0.004830
test,10662,0,0.006121
test,10663,0,0.004000
test,10664,0,0.128799
test,10665,0,0.009020
test,10666,0,0.188772
test,10667,0,0.005980
test,10668,0,0.006904
test,10669,0,0.021085
test,10670,0,0.003463
test,10671,0,0.004166
test,10672,0,0.010530
test,10673,0,0.016866
test,10674,0,0.003318
test,10675,0,0.002473
test,10676,0,0.060142
test,10677,0,0.005160
test,10678,0,0.002958
test,10679,0,0.011542
test,10680,0,0.019438
test,10681,0,0.004592
test,10682,0,0.003915
test,10683,0,0.004315
test,10684,0,0.004664
test,10685,0,0.004023
test,10686,0,0.024215
test,10687,0,0.002611
test,10688,0,0.011266
test,10689,0,0.576177
test,10690,0,0.003538
test,10691,0,0.009643
test,10692,0,0.005587
test,10693,0,0.016657
test,10694,0,0.002935
test,10695,0,0.005708
test,10696,0,0.016915
test,10697,0,0.774754
test,10698,0,0.982203
test,10699,0,0.027092
test,10700,0,0.985622
test,10701,0,0.008495
test,10702,0,0.076408
test,10703,0,0.003363
test,10704,0,0.003093
test,10705,0,0.005620
test,10706,0,0.042922
test,10707,0,0.003976
test,10708,0,0.009541
test,10709,0,0.003566
test,10710,0,0.004031
test,10711,0,0.002969
test,10712,0,0.837952
test,10713,0,0.018458
test,10714,0,0.007577
test,10715,0,0.157914
test,10716,0,0.047514
test,10717,0,0.003504
test,10718,0,0.005631
test,10719,0,0.009860
test,10720,0,0.002828
test,10721,0,0.002657
test,10722,0,0.020293
test,10723,0,0.010966
test,10724,0,0.003357
test,10725,0,0.343177
test,10726,0,0.025541
test,10727,0,0.003112
test,10728,0,0.004323
test,10729,0,0.005741
test,10730,0,0.003517
test,10731,0,0.023509
test,10732,0,0.010150
test,10733,0,0.004944
test,10734,0,0.003118
test,10735,0,0.005888
test,10736,0,0.010881
test,10737,0,0.006133
test,10738,0,0.008644
test,10739,0,0.079068
test,10740,0,0.007039
test,10741,0,0.005002
test,10742,0,0.004207
test,10743,0,0.005190
test,10744,0,0.002355
test,10745,0,0.003241
test,10746,0,0.002694
test,10747,0,0.002987
test,10748,0,0.003773
test,10749,0,0.006351
test,10750,0,0.003357
test,10751,0,0.007025
test,10752,0,0.009179
test,10753,0,0.002415
test,10754,0,0.014616
test,10755,0,0.054399
test,10756,0,0.003167
test,10757,0,0.010818
test,10758,0,0.004054
test,10759,0,0.003679
test,10760,0,0.003254
test,10761,0,0.003961
test,10762,0,0.021948
test,10763,0,0.006193
test,10764,0,0.003046
test,10765,0,0.004281
test,10766,0,0.004839
test,10767,0,0.002850
test,10768,0,0.004078
test,10769,0,0.004086
test,10770,0,0.005620
test,10771,0,0.003456
test,10772,0,0.003664
test,10773,0,0.005900
test,10774,0,0.014227
test,10775,0,0.002862
test,10776,0,0.002473
test,10777,0,0.003040
test,10778,0,0.003112
test,10779,0,0.017712
test,10780,0,0.004399
test,10781,0,0.007621
test,10782,0,0.008252
test,10783,0,0.003679
test,10784,0,0.004538
test,10785,0,0.003403
test,10786,0,0.003148
test,10787,0,0.002541
test,10788,0,0.003099
test,10789,0,0.005491
test,10790,0,0.004126
test,10791,0,0.002867
test,10792,0,0.006278
test,10793,0,0.003160
test,10794,0,0.002596
test,10795,0,0.004039
test,10796,0,0.003260
test,10797,0,0.003273
test,10798,0,0.003216
test,10799,0,0.005251
test,10800,0,0.005555
test,10801,0,0.002969
test,10802,0,0.003260
test,10803,0,0.004023
test,10804,0,0.015116
test,10805,0,0.004992
test,10806,0,0.003028
test,10807,0,0.040389
test,10808,0,0.010308
test,10809,0,0.003992
test,10810,0,0.004256
test,10811,0,0.006824
test,10812,0,0.004718
test,10813,0,0.002439
test,10814,0,0.003229
test,10815,0,0.004102
test,10816,0,0.006890
test,10817,0,0.002401
test,10818,0,0.232223
test,10819,0,0.004905
test,10820,0,0.002704
test,10821,0,0.021657
test,10822,0,0.599632
test,10823,0,0.279091
test,10824,0,0.019531
test,10825,0,0.011575
test,10826,0,0.134037
test,10827,0,0.952530
test,10828,0,0.006693
test,10829,0,0.858422
test,10830,0,0.008611
test,10831,0,0.003907
test,10832,0,0.014296
test,10833,0,0.003410
test,10834,0,0.017883
test,10835,0,0.527590
test,10836,0,0.982873
test,10837,0,0.004601
test,10838,0,0.004348
test,10839,0,0.004023
test,10840,0,0.008125
test,10841,0,0.002420
test,10842,0,0.018055
test,10843,0,0.417836
test,10844,0,0.004223
test,10845,0,0.004512
test,10846,0,0.003436
test,10847,0,0.021410
test,10848,0,0.027585
test,10849,0,0.960621
test,10850,0,0.019327
test,10851,0,0.006615
test,10852,0,0.005251
test,10853,0,0.004839
test,10854,0,0.004015
test,10855,0,0.003629
test,10856,0,0.013584
test,10857,0,0.006314
test,10858,0,0.057071
test,10859,0,0.005512
test,10860,0,0.003099
test,10861,0,0.007892
test,10862,0,0.014490
test,10863,0,0.003629
test,10864,0,0.048949
test,10865,0,0.114567
test,10866,0,0.004223
test,10867,0,0.991985
test,10868,0,0.005969
test,10869,0,0.005343
test,10870,0,0.145479
test,10871,0,0.003167
test,10872,0,0.008332
test,10873,0,0.004223
test,10874,0,0.024845
test,10875,0,0.010449
test,10876,0,0.883638
test,10877,0,0.002823
test,10878,0,0.004877
test,10879,0,0.005843
test,10880,0,0.006798
test,10881,0,0.006314
test,10882,0,0.003344
test,10883,0,0.003643
test,10884,0,0.002621
test,10885,0,0.143068
test,10886,0,0.002907
test,10887,0,0.002453
test,10888,0,0.007984
test,10889,0,0.003052
test,10890,0,0.154058
test,10891,0,0.004174
test,10892,0,0.003483
test,10893,0,0.002867
test,10894,0,0.003643
test,10895,0,0.005686
test,10896,0,0.008429
test,10897,0,0.004664
test,10898,0,0.002699
test,10899,0,0.005877
test,10900,0,0.003552
test,10901,0,0.002747
test,10902,0,0.006944
test,10903,0,0.008140
test,10904,0,0.002556
test,10905,0,0.003953
test,10906,0,0.004486
test,10907,0,0.017883
test,10908,0,0.004408
test,10909,0,0.003832
test,10910,0,0.003324
test,10911,0,0.002912
test,10912,0,0.004399
test,10913,0,0.024610
test,10914,0,0.006931
test,10915,0,0.003081
test,10916,0,0.003736
test,10917,0,0.107907
test,10918,0,0.002912
test,10919,0,0.003105
test,10920,0,0.003615
test,10921,0,0.008397
test,10922,0,0.004664
test,10923,0,0.032436
test,10924,0,0.004982
test,10925,0,0.003802
test,10926,0,0.155335
test,10927,0,0.004365
test,10928,0,0.016356
test,10929,0,0.015248
test,10930,0,0.583426
test,10931,0,0.018212
test,10932,0,0.647826
test,10933,0,0.008561
test,10934,0,0.003657
test,10935,0,0.005664
test,10936,0,0.002591
test,10937,0,0.011115
test,10938,0,0.007432
test,10939,0,0.002812
test,10940,0,0.006958
test,10941,0,0.002817
test,10942,0,0.013956
test,10943,0,0.003416
test,10944,0,0.004191
test,10945,0,0.006039
test,10946,0,0.003869
test,10947,0,0.003396
test,10948,0,0.002987
test,10949,0,0.003608
test,10950,0,0.008711
test,10951,0,0.006476
test,10952,0,0.800458
test,10953,0,0.003477
test,10954,0,0.911495
test,10955,0,0.003344
test,10956,0,0.003350
test,10957,0,0.002704
test,10958,0,0.996047
test,10959,0,0.002958
test,10960,0,0.004062
test,10961,0,0.022912
test,10962,0,0.003930
test,10963,0,0.005786
test,10964,0,0.003370
test,10965,0,0.004820
test,10966,0,0.004391
test,10967,0,0.003854
test,10968,0,0.006193
test,10969,0,0.004637
test,10970,0,0.005764
test,10971,0,0.141875
test,10972,0,0.709321
test,10973,0,0.003839
test,10974,0,0.007636
test,10975,0,0.878731
test,10976,0,0.003824
test,10977,0,0.004925
test,10978,0,0.006098
test,10979,0,0.010308
test,10980,0,0.004232
test,10981,0,0.003099
test,10982,0,0.002591
test,10983,0,0.003545
test,10984,0,0.007135
test,10985,0,0.004182
test,10986,0,0.003483
test,10987,0,0.010673
test,10988,0,0.007816
test,10989,0,0.002323
test,10990,0,0.006413
test,10991,0,0.027585
test,10992,0,0.002747
test,10993,0,0.003052
test,10994,0,0.030157
test,10995,0,0.063773
test,10996,0,0.002521
test,10997,0,0.006015
test,10998,0,0.003802
test,10999,0,0.003743
test,11000,0,0.002935
test,11001,0,0.002616
test,11002,0,0.002576
test,11003,0,0.002845
test,11004,0,0.003580
test,11005,0,0.004391
test,11006,0,0.004007
test,11007,0,0.002710
test,11008,0,0.002637
test,11009,0,0.007012
test,11010,0,0.002774
test,11011,0,0.004746
test,11012,0,0.004408
test,11013,0,0.005302
test,11014,0,0.004062
test,11015,0,0.007938
test,11016,0,0.012846
test,11017,0,0.018107
test,11018,0,0.016122
test,11019,0,0.018689
test,11020,0,0.003118
test,11021,0,0.003892
test,11022,0,0.015574
test,11023,0,0.059483
test,11024,0,0.004118
test,11025,0,0.095181
test,11026,0,0.003052
test,11027,0,0.012528
test,11028,0,0.029732
test,11029,0,0.003273
test,11030,0,0.006824
test,11031,0,0.007149
test,11032,0,0.003787
test,11033,0,0.006864
test,11034,0,0.003456
test,11035,0,0.004992
test,11036,0,0.005697
test,11037,0,0.006050
test,11038,0,0.004565
test,11039,0,0.003318
test,11040,0,0.004382
test,11041,0,0.003456
test,11042,0,0.028061
test,11043,0,0.005220
test,11044,0,0.138928
test,11045,0,0.006904
test,11046,0,0.002526
test,11047,0,0.022138
test,11048,0,0.003517
test,11049,0,0.003210
test,11050,0,0.004628
test,11051,0,0.003148
test,11052,0,0.003267
test,11053,0,0.609379
test,11054,0,0.004691
test,11055,0,0.009214
test,11056,0,0.003700
test,11057,0,0.002907
test,11058,0,0.002601
test,11059,0,0.018600
test,11060,0,0.002458
test,11061,0,0.010881
test,11062,0,0.004565
test,11063,0,0.004646
test,11064,0,0.010881
test,11065,0,0.019550
test,11066,0,0.015218
test,11067,0,0.003034
test,11068,0,0.002704
test,11069,0,0.003292
test,11070,0,0.019644
test,11071,0,0.004023
test,11072,0,0.003390
test,11073,0,0.004315
test,11074,0,0.023689
test,11075,0,0.002774
test,11076,0,0.005292
test,11077,0,0.014602
test,11078,0,0.002912
test,11079,0,0.004637
test,11080,0,0.003470
test,11081,0,0.006217
test,11082,0,0.002918
test,11083,0,0.004023
test,11084,0,0.003824
test,11085,0,0.004538
test,11086,0,0.002862
test,11087,0,0.004718
test,11088,0,0.003552
test,11089,0,0.003847
test,11090,0,0.927034
test,11091,0,0.004764
test,11092,0,0.012019
test,11093,0,0.004070
test,11094,0,0.004425
test,11095,0,0.003357
test,11096,0,0.004610
test,11097,0,0.003279
test,11098,0,0.003869
test,11099,0,0.003416
test,11100,0,0.975202
test,11101,0,0.005354
test,11102,0,0.005150
test,11103,0,0.003736
test,11104,0,0.004556
test,11105,0,0.005080
test,11106,0,0.005031
test,11107,0,0.011310
test,11108,0,0.002683
test,11109,0,0.003357
test,11110,0,0.003057
test,11111,0,0.003810
test,11112,0,0.003490
test,11113,0,0.927232
test,11114,0,0.003795
test,11115,0,0.993985
test,11116,0,0.014757
test,11117,0,0.004332
test,11118,0,0.017193
test,11119,0,0.003185
test,11120,0,0.006877
test,11121,0,0.003260
test,11122,0,0.009541
test,11123,0,0.003057
test,11124,0,0.008779
test,11125,0,0.003331
test,11126,0,0.004468
test,11127,0,0.007519
test,11128,0,0.042762
test,11129,0,0.017986
test,11130,0,0.009038
test,11131,0,0.047825
test,11132,0,0.002907
test,11133,0,0.003410
test,11134,0,0.003312
test,11135,0,0.029257
test,11136,0,0.003961
test,11137,0,0.646237
test,11138,0,0.004281
test,11139,0,0.005843
test,11140,0,0.009108
test,11141,0,0.014630
test,11142,0,0.010259
test,11143,0,0.003235
test,11144,0,0.004700
test,11145,0,0.011553
test,11146,0,0.004610
test,11147,0,0.004332
test,11148,0,0.008830
test,11149,0,0.003587
test,11150,0,0.018924
test,11151,0,0.002601
test,11152,0,0.018055
test,11153,0,0.003403
test,11154,0,0.003040
test,11155,0,0.003312
test,11156,0,0.023309
test,11157,0,0.988928
test,11158,0,0.004078
test,11159,0,0.006086
test,11160,0,0.005140
test,11161,0,0.008046
test,11162,0,0.007446
test,11163,0,0.005281
test,11164,0,0.016014
test,11165,0,0.536385
test,11166,0,0.003545
test,11167,0,0.004592
test,11168,0,0.806091
test,11169,0,0.008462
test,11170,0,0.015664
test,11171,0,0.004792
test,11172,0,0.003087
test,11173,0,0.630813
test,11174,0,0.004764
test,11175,0,0.006628
test,11176,0,0.004290
test,11177,0,0.003622
test,11178,0,0.005140
test,11179,0,0.004078
test,11180,0,0.944434
test,11181,0,0.968441
test,11182,0,0.117370
test,11183,0,0.958847
test,11184,0,0.012649
test,11185,0,0.004637
test,11186,0,0.899872
test,11187,0,0.958963
test,11188,0,0.013172
test,11189,0,0.992725
test,11190,0,0.011938
test,11191,0,0.014172
test,11192,0,0.634487
test,11193,0,0.005011
test,11194,0,0.003040
test,11195,0,0.008916
test,11196,0,0.004619
test,11197,0,0.003969
test,11198,0,0.680029
test,11199,0,0.021823
test,11200,0,0.003900
test,11201,0,0.003976
test,11202,0,0.868548
test,11203,0,0.004953
test,11204,0,0.002576
test,11205,0,0.004240
test,11206,0,0.032498
test,11207,0,0.911101
test,11208,0,0.006539
test,11209,0,0.016060
test,11210,0,0.013519
test,11211,0,0.003497
test,11212,0,0.020313
test,11213,0,0.003154
test,11214,0,0.012723
test,11215,0,0.005741
test,11216,0,0.013969
test,11217,0,0.340047
test,11218,0,0.554934
test,11219,0,0.056288
test,11220,0,0.005090
test,11221,0,0.007831
test,11222,0,0.003267
test,11223,0,0.003370
test,11224,0,0.039379
test,11225,0,0.003292
test,11226,0,0.006877
test,11227,0,0.003057
test,11228,0,0.003004
test,11229,0,0.007490
test,11230,0,0.016721
test,11231,0,0.006438
test,11232,0,0.006864
test,11233,0,0.005302
test,11234,0,0.988906
test,11235,0,0.008316
test,11236,0,0.025251
test,11237,0,0.002704
test,11238,0,0.003907
test,11239,0,0.006654
test,11240,0,0.004086
test,11241,0,0.003337
test,11242,0,0.004118
test,11243,0,0.003922
test,11244,0,0.020235
test,11245,0,0.002736
test,11246,0,0.003765
test,11247,0,0.002998
test,11248,0,0.004240
test,11249,0,0.969785
test,11250,0,0.003707
test,11251,0,0.003167
test,11252,0,0.019457
test,11253,0,0.004340
test,11254,0,0.004547
test,11255,0,0.012372
test,11256,0,0.397237
test,11257,0,0.004142
test,11258,0,0.002710
test,11259,0,0.004574
test,11260,0,0.004273
test,11261,0,0.004783
test,11262,0,0.002823
test,11263,0,0.003124
test,11264,0,0.011665
test,11265,0,0.004896
test,11266,0,0.172799
test,11267,0,0.002586
test,11268,0,0.003714
test,11269,0,0.006327
test,11270,0,0.818664
test,11271,0,0.030473
test,11272,0,0.009975
test,11273,0,0.002736
test,11274,0,0.006133
test,11275,0,0.004182
test,11276,0,0.005220
test,11277,0,0.007923
test,11278,0,0.008364
test,11279,0,0.003191
test,11280,0,0.004039
test,11281,0,0.006376
test,11282,0,0.003559
test,11283,0,0.005730
test,11284,0,0.033940
test,11285,0,0.011575
test,11286,0,0.005730
test,11287,0,0.002434
test,11288,0,0.028061
test,11289,0,0.006205
test,11290,0,0.028221
test,11291,0,0.042325
test,11292,0,0.002912
test,11293,0,0.040693
test,11294,0,0.003075
test,11295,0,0.004646
test,11296,0,0.003350
test,11297,0,0.003531
test,11298,0,0.003370
test,11299,0,0.019814
test,11300,0,0.003490
test,11301,0,0.003483
test,11302,0,0.007039
test,11303,0,0.007475
test,11304,0,0.009250
test,11305,0,0.009975
test,11306,0,0.003700
test,11307,0,0.002678
test,11308,0,0.003743
test,11309,0,0.043814
test,11310,0,0.002929
test,11311,0,0.006539
test,11312,0,0.004477
test,11313,0,0.065366
test,11314,0,0.014900
test,11315,0,0.004015
test,11316,0,0.003751
test,11317,0,0.002779
test,11318,0,0.012019
test,11319,0,0.979472
test,11320,0,0.005969
test,11321,0,0.047162
test,11322,0,0.003254
test,11323,0,0.992437
test,11324,0,0.003148
test,11325,0,0.009003
test,11326,0,0.995282
test,11327,0,0.002536
test,11328,0,0.003780
test,11329,0,0.004391
test,11330,0,0.005854
test,11331,0,0.978447
test,11332,0,0.010923
test,11333,0,0.003069
test,11334,0,0.002845
test,11335,0,0.002828
test,11336,0,0.018073
test,11337,0,0.002704
test,11338,0,0.013185
test,11339,0,0.004973
test,11340,0,0.017276
test,11341,0,0.002642
test,11342,0,0.006654
test,11343,0,0.003456
test,11344,0,0.002663
test,11345,0,0.012710
test,11346,0,0.002704
test,11347,0,0.003267
test,11348,0,0.002647
test,11349,0,0.002731
test,11350,0,0.003832
test,11351,0,0.002806
test,11352,0,0.004619
test,11353,0,0.004166
test,11354,0,0.005566
test,11355,0,0.003566
test,11356,0,0.003945
test,11357,0,0.003124
test,11358,0,0.003765
test,11359,0,0.003810
test,11360,0,0.008284
test,11361,0,0.003915
test,11362,0,0.108850
test,11363,0,0.004332
test,11364,0,0.002969
test,11365,0,0.011801
test,11366,0,0.010839
test,11367,0,0.978570
test,11368,0,0.004000
test,11369,0,0.006732
test,11370,0,0.919208
test,11371,0,0.965803
test,11372,0,0.922622
test,11373,0,0.005011
test,11374,0,0.024516
test,11375,0,0.965446
test,11376,0,0.937268
test,11377,0,0.005730
test,11378,0,0.867092
test,11379,0,0.011553
test,11380,0,0.021389
test,11381,0,0.004340
test,11382,0,0.005021
test,11383,0,0.007681
test,11384,0,0.006904
test,11385,0,0.008830
test,11386,0,0.002981
test,11387,0,0.003363
test,11388,0,0.002941
test,11389,0,0.002941
test,11390,0,0.002941
test,11391,0,0.010328
test,11392,0,0.060585
test,11393,0,0.002828
test,11394,0,0.345436
test,11395,0,0.002752
test,11396,0,0.003504
test,11397,0,0.003636
test,11398,0,0.007094
test,11399,0,0.016184
test,11400,0,0.003615
test,11401,0,0.006488
test,11402,0,0.002878
test,11403,0,0.002415
test,11404,0,0.003443
test,11405,0,0.003601
test,11406,0,0.002453
test,11407,0,0.008380
test,11408,0,0.577659
test,11409,0,0.021451
test,11410,0,0.005523
test,11411,0,0.994336
test,11412,0,0.015983
test,11413,0,0.015189
test,11414,0,0.003847
test,11415,0,0.006615
test,11416,0,0.005888
test,11417,0,0.017376
test,11418,0,0.003992
test,11419,0,0.006388
test,11420,0,0.168925
test,11421,0,0.005587
test,11422,0,0.009467
test,11423,0,0.003636
test,11424,0,0.003222
test,11425,0,0.003357
test,11426,0,0.094135
test,11427,0,0.026456
test,11428,0,0.003722
test,11429,0,0.447166
test,11430,0,0.965544
test,11431,0,0.162446
test,11432,0,0.006278
test,11433,0,0.995801
test,11434,0,0.002576
test,11435,0,0.003312
test,11436,0,0.004215
test,11437,0,0.003765
test,11438,0,0.049497
test,11439,0,0.004877
test,11440,0,0.006944
test,11441,0,0.002918
test,11442,0,0.003075
test,11443,0,0.007726
test,11444,0,0.019419
test,11445,0,0.015845
test,11446,0,0.004783
test,11447,0,0.005480
test,11448,0,0.007025
test,11449,0,0.010170
test,11450,0,0.013428
test,11451,0,0.006039
test,11452,0,0.006904
test,11453,0,0.006944
test,11454,0,0.004700
test,11455,0,0.049912
test,11456,0,0.004637
test,11457,0,0.003337
test,11458,0,0.006388
test,11459,0,0.003601
test,11460,0,0.011310
test,11461,0,0.004134
test,11462,0,0.004820
test,11463,0,0.007233
test,11464,0,0.005070
test,11465,0,0.010368
test,11466,0,0.042642
test,11467,0,0.003729
test,11468,0,0.003490
test,11469,0,0.003877
test,11470,0,0.006302
test,11471,0,0.003377
test,11472,0,0.005831
test,11473,0,0.003292
test,11474,0,0.002958
test,11475,0,0.003260
test,11476,0,0.924210
test,11477,0,0.003260
test,11478,0,0.004256
test,11479,0,0.118793
test,11480,0,0.005110
test,11481,0,0.992809
test,11482,0,0.017376
test,11483,0,0.006253
test,11484,0,0.002912
test,11485,0,0.003305
test,11486,0,0.003191
test,11487,0,0.979687
test,11488,0,0.004830
test,11489,0,0.058669
test,11490,0,0.014010
test,11491,0,0.026081
test,11492,0,0.003587
test,11493,0,0.004512
test,11494,0,0.004792
test,11495,0,0.007938
test,11496,0,0.974556
test,11497,0,0.934753
test,11498,0,0.012698
test,11499,0,0.012528
test,11500,0,0.015484
test,11501,0,0.021045
test,11502,0,0.004495
test,11503,0,0.004486
test,11504,0,0.013822
test,11505,0,0.003267
test,11506,0,0.710126
test,11507,0,0.011420
test,11508,0,0.003324
test,11509,0,0.004265
test,11510,0,0.003318
test,11511,0,0.003273
test,11512,0,0.037679
test,11513,0,0.008511
test,11514,0,0.003629
test,11515,0,0.008348
test,11516,0,0.942981
test,11517,0,0.971725
test,11518,0,0.006904
test,11519,0,0.987592
test,11520,0,0.009090
test,11521,0,0.002774
test,11522,0,0.003773
test,11523,0,0.005170
test,11524,0,0.005911
test,11525,0,0.003511
test,11526,0,0.002632
test,11527,0,0.003185
test,11528,0,0.005865
test,11529,0,0.054299
test,11530,0,0.089534
test,11531,0,0.146759
test,11532,0,0.005070
test,11533,0,0.012218
test,11534,0,0.003517
test,11535,0,0.897066
test,11536,0,0.004460
test,11537,0,0.007984
test,11538,0,0.004896
test,11539,0,0.034750
test,11540,0,0.007984
test,11541,0,0.007969
test,11542,0,0.005190
test,11543,0,0.004619
test,11544,0,0.003824
test,11545,0,0.008125
test,11546,0,0.005011
test,11547,0,0.003470
test,11548,0,0.003370
test,11549,0,0.006039
test,11550,0,0.003839
test,11551,0,0.004046
test,11552,0,0.003664
test,11553,0,0.004820
test,11554,0,0.004682
test,11555,0,0.003622
test,11556,0,0.003877
test,11557,0,0.005708
test,11558,0,0.002779
test,11559,0,0.003267
test,11560,0,0.031919
test,11561,0,0.015116
test,11562,0,0.003497
test,11563,0,0.004565
test,11564,0,0.837155
test,11565,0,0.924552
test,11566,0,0.003004
test,11567,0,0.007163
test,11568,0,0.003524
test,11569,0,0.023939
test,11570,0,0.004046
test,11571,0,0.005980
test,11572,0,0.003945
test,11573,0,0.919136
test,11574,0,0.250088
test,11575,0,0.020062
test,11576,0,0.003854
test,11577,0,0.003477
test,11578,0,0.009541
test,11579,0,0.088741
test,11580,0,0.013338
test,11581,0,0.008156
test,11582,0,0.004877
test,11583,0,0.006824
test,11584,0,0.018229
test,11585,0,0.005070
test,11586,0,0.002715
test,11587,0,0.005831
test,11588,0,0.003679
test,11589,0,0.006169
test,11590,0,0.006476
test,11591,0,0.003686
test,11592,0,0.008882
test,11593,0,0.590026
test,11594,0,0.003069
test,11595,0,0.011453
test,11596,0,0.023532
test,11597,0,0.033526
test,11598,0,0.004886
test,11599,0,0.013185
test,11600,0,0.002606
test,11601,0,0.003636
test,11602,0,0.005130
test,11603,0,0.003052
test,11604,0,0.002425
test,11605,0,0.003679
test,11606,0,0.003254
test,11607,0,0.003450
test,11608,0,0.006401
test,11609,0,0.614770
test,11610,0,0.003105
test,11611,0,0.858778
test,11612,0,0.083068
test,11613,0,0.005080
test,11614,0,0.002678
test,11615,0,0.006109
test,11616,0,0.002453
test,11617,0,0.223292
test,11618,0,0.011051
test,11619,0,0.005480
test,11620,0,0.007121
test,11621,0,0.003930
test,11622,0,0.026456
test,11623,0,0.003636
test,11624,0,0.003622
test,11625,0,0.004442
test,11626,0,0.988992
test,11627,0,0.002430
test,11628,0,0.005261
test,11629,0,0.003279
test,11630,0,0.016514
test,11631,0,0.003357
test,11632,0,0.003222
test,11633,0,0.003331
test,11634,0,0.007080
test,11635,0,0.204421
test,11636,0,0.025638
test,11637,0,0.004039
test,11638,0,0.002812
test,11639,0,0.005911
test,11640,0,0.004408
test,11641,0,0.008968
test,11642,0,0.002806
test,11643,0,0.003657
test,11644,0,0.004849
test,11645,0,0.004357
test,11646,0,0.002878
test,11647,0,0.011710
test,11648,0,0.003907
test,11649,0,0.008779
test,11650,0,0.005437
test,11651,0,0.004094
test,11652,0,0.009803
test,11653,0,0.004925
test,11654,0,0.003992
test,11655,0,0.003299
test,11656,0,0.979977
test,11657,0,0.023712
test,11658,0,0.005719
test,11659,0,0.004306
test,11660,0,0.008511
test,11661,0,0.003559
test,11662,0,0.006376
test,11663,0,0.033685
test,11664,0,0.004118
test,11665,0,0.006890
test,11666,0,0.015145
test,11667,0,0.441628
test,11668,0,0.628436
test,11669,0,0.006327
test,11670,0,0.151341
test,11671,0,0.021328
test,11672,0,0.011823
test,11673,0,0.003167
test,11674,0,0.006121
test,11675,0,0.003331
test,11676,0,0.009578
test,11677,0,0.003847
test,11678,0,0.007432
test,11679,0,0.031709
test,11680,0,0.004134
test,11681,0,0.031262
test,11682,0,0.003254
test,11683,0,0.705227
test,11684,0,0.746046
test,11685,0,0.004054
test,11686,0,0.009250
test,11687,0,0.423518
test,11688,0,0.029535
test,11689,0,0.016324
test,11690,0,0.007711
test,11691,0,0.004592
test,11692,0,0.028355
test,11693,0,0.030938
test,11694,0,0.003052
test,11695,0,0.990714
test,11696,0,0.006364
test,11697,0,0.003004
test,11698,0,0.006109
test,11699,0,0.885631
test,11700,0,0.002774
test,11701,0,0.008478
test,11702,0,0.009486
test,11703,0,0.006890
test,11704,0,0.003216
test,11705,0,0.003034
test,11706,0,0.002541
test,11707,0,0.997537
test,11708,0,0.993136
test,11709,0,0.003148
test,11710,0,0.003191
test,11711,0,0.002958
test,11712,0,0.005281
test,11713,0,0.040731
test,11714,0,0.005080
test,11715,0,0.013159
test,11716,0,0.004963
test,11717,0,0.002536
test,11718,0,0.005664
test,11719,0,0.003802
test,11720,0,0.134435
test,11721,0,0.750827
test,11722,0,0.006314
test,11723,0,0.983660
test,11724,0,0.005992
test,11725,0,0.003707
test,11726,0,0.191479
test,11727,0,0.003185
test,11728,0,0.259967
test,11729,0,0.006501
test,11730,0,0.012834
test,11731,0,0.006798
test,11732,0,0.003795
test,11733,0,0.002752
test,11734,0,0.009090
test,11735,0,0.004944
test,11736,0,0.005150
test,11737,0,0.002482
test,11738,0,0.005292
test,11739,0,0.002715
test,11740,0,0.006253
test,11741,0,0.018529
test,11742,0,0.003930
test,11743,0,0.005110
test,11744,0,0.003693
test,11745,0,0.010913
test,11746,0,0.003504
test,11747,0,0.004574
test,11748,0,0.370168
test,11749,0,0.009727
test,11750,0,0.003477
test,11751,0,0.004215
test,11752,0,0.004015
test,11753,0,0.002935
test,11754,0,0.005011
test,11755,0,0.004547
test,11756,0,0.003622
test,11757,0,0.005302
test,11758,0,0.005130
test,11759,0,0.004709
test,11760,0,0.003318
test,11761,0,0.008380
test,11762,0,0.036357
test,11763,0,0.982856
test,11764,0,0.007666
test,11765,0,0.003938
test,11766,0,0.003938
test,11767,0,0.012747
test,11768,0,0.012229
test,11769,0,0.054904
test,11770,0,0.993973
test,11771,0,0.006745
test,11772,0,0.002511
test,11773,0,0.004306
test,11774,0,0.003976
test,11775,0,0.004495
test,11776,0,0.004992
test,11777,0,0.044764
test,11778,0,0.008462
test,11779,0,0.046681
test,11780,0,0.002632
test,11781,0,0.004737
test,11782,0,0.009161
test,11783,0,0.027299
test,11784,0,0.005697
test,11785,0,0.002301
test,11786,0,0.016996
test,11787,0,0.025203
test,11788,0,0.062962
test,11789,0,0.066873
test,11790,0,0.004486
test,11791,0,0.037327
test,11792,0,0.006603
test,11793,0,0.004628
test,11794,0,0.003538
test,11795,0,0.003396
test,11796,0,0.015454
test,11797,0,0.004468
test,11798,0,0.003016
test,11799,0,0.003517
test,11800,0,0.003222
test,11801,0,0.003416
test,11802,0,0.003087
test,11803,0,0.003839
test,11804,0,0.009690
test,11805,0,0.027169
test,11806,0,0.003357
test,11807,0,0.960398
test,11808,0,0.008000
test,11809,0,0.004348
test,11810,0,0.003436
test,11811,0,0.005406
test,11812,0,0.008916
test,11813,0,0.005002
test,11814,0,0.008446
test,11815,0,0.002166
test,11816,0,0.003758
test,11817,0,0.008762
test,11818,0,0.002439
test,11819,0,0.031559
test,11820,0,0.009956
test,11821,0,0.002657
test,11822,0,0.012147
test,11823,0,0.005140
test,11824,0,0.995834
test,11825,0,0.008015
test,11826,0,0.005354
test,11827,0,0.003511
test,11828,0,0.003350
test,11829,0,0.003587
test,11830,0,0.003034
test,11831,0,0.003456
test,11832,0,0.005170
test,11833,0,0.996577
test,11834,0,0.006364
test,11835,0,0.004820
test,11836,0,0.021166
test,11837,0,0.004039
test,11838,0,0.016356
test,11839,0,0.003780
test,11840,0,0.003430
test,11841,0,0.014268
test,11842,0,0.015425
test,11843,0,0.007953
test,11844,0,0.002747
test,11845,0,0.057229
test,11846,0,0.004374
test,11847,0,0.005865
test,11848,0,0.004792
test,11849,0,0.013584
test,11850,0,0.005831
test,11851,0,0.004110
test,11852,0,0.009340
test,11853,0,0.003839
test,11854,0,0.004290
test,11855,0,0.002935
test,11856,0,0.004054
test,11857,0,0.002895
test,11858,0,0.038611
test,11859,0,0.067855
test,11860,0,0.006314
test,11861,0,0.919281
test,11862,0,0.007666
test,11863,0,0.019308
test,11864,0,0.017111
test,11865,0,0.003279
test,11866,0,0.004199
test,11867,0,0.033180
test,11868,0,0.005577
test,11869,0,0.155655
test,11870,0,0.003869
test,11871,0,0.002817
test,11872,0,0.014064
test,11873,0,0.003210
test,11874,0,0.004839
test,11875,0,0.003350
test,11876,0,0.008188
test,11877,0,0.064772
test,11878,0,0.711481
test,11879,0,0.003524
test,11880,0,0.025468
test,11881,0,0.007786
test,11882,0,0.006015
test,11883,0,0.006476
test,11884,0,0.008495
test,11885,0,0.003545
test,11886,0,0.935051
test,11887,0,0.002912
test,11888,0,0.911574
test,11889,0,0.006615
test,11890,0,0.016802
test,11891,0,0.003142
test,11892,0,0.006784
test,11893,0,0.006958
test,11894,0,0.003758
test,11895,0,0.004583
test,11896,0,0.984590
test,11897,0,0.003105
test,11898,0,0.016199
test,11899,0,0.003081
test,11900,0,0.034914
test,11901,0,0.033526
test,11902,0,0.003357
test,11903,0,0.007039
test,11904,0,0.004982
test,11905,0,0.005292
test,11906,0,0.003383
test,11907,0,0.002463
test,11908,0,0.002561
test,11909,0,0.003154
test,11910,0,0.003403
test,11911,0,0.002616
test,11912,0,0.004896
test,11913,0,0.030387
test,11914,0,0.003961
test,11915,0,0.005555
test,11916,0,0.003601
test,11917,0,0.003105
test,11918,0,0.002924
test,11919,0,0.005302
test,11920,0,0.003470
test,11921,0,0.010449
test,11922,0,0.009143
test,11923,0,0.356881
test,11924,0,0.006451
test,11925,0,0.005797
test,11926,0,0.004655
test,11927,0,0.002862
test,11928,0,0.003573
test,11929,0,0.007219
test,11930,0,0.009376
test,11931,0,0.039416
test,11932,0,0.004718
test,11933,0,0.004348
test,11934,0,0.003075
test,11935,0,0.011973
test,11936,0,0.005364
test,11937,0,0.015876
test,11938,0,0.853852
test,11939,0,0.004015
test,11940,0,0.002434
test,11941,0,0.013287
test,11942,0,0.513672
test,11943,0,0.003248
test,11944,0,0.602296
test,11945,0,0.010072
test,11946,0,0.008661
test,11947,0,0.004273
test,11948,0,0.003299
test,11949,0,0.008140
test,11950,0,0.003707
test,11951,0,0.004737
test,11952,0,0.007651
test,11953,0,0.004867
test,11954,0,0.006290
test,11955,0,0.025908
test,11956,0,0.003729
test,11957,0,0.134151
test,11958,0,0.002637
test,11959,0,0.009090
test,11960,0,0.608856
test,11961,0,0.003443
test,11962,0,0.004118
test,11963,0,0.002993
test,11964,0,0.006121
test,11965,0,0.061424
test,11966,0,0.007877
test,11967,0,0.023442
test,11968,0,0.004391
test,11969,0,0.002862
test,11970,0,0.005070
test,11971,0,0.956594
test,11972,0,0.033337
test,11973,0,0.006278
test,11974,0,0.003524
test,11975,0,0.014131
test,11976,0,0.282542
test,11977,0,0.004062
test,11978,0,0.003105
test,11979,0,0.004054
test,11980,0,0.006401
test,11981,0,0.002720
test,11982,0,0.005877
test,11983,0,0.405773
test,11984,0,0.004417
test,11985,0,0.131285
test,11986,0,0.008882
test,11987,0,0.007053
test,11988,0,0.720663
test,11989,0,0.004811
test,11990,0,0.340211
test,11991,0,0.501160
test,11992,0,0.003517
test,11993,0,0.003016
test,11994,0,0.003938
test,11995,0,0.003751
test,11996,0,0.002731
test,11997,0,0.006438
test,11998,0,0.007317
test,11999,0,0.007475
test,12000,0,0.005150
test,12001,0,0.018797
test,12002,0,0.003197
test,12003,0,0.015292
test,12004,0,0.005587
test,12005,0,0.995566
test,12006,0,0.102664
test,12007,0,0.043937
test,12008,0,0.059374
test,12009,0,0.003112
test,12010,0,0.003795
test,12011,0,0.009214
test,12012,0,0.010189
test,12013,0,0.010418
test,12014,0,0.006086
test,12015,0,0.033876
test,12016,0,0.003751
test,12017,0,0.003390
test,12018,0,0.004142
test,12019,0,0.012662
test,12020,0,0.965641
test,12021,0,0.006476
test,12022,0,0.009358
test,12023,0,0.005021
test,12024,0,0.018055
test,12025,0,0.004199
test,12026,0,0.027247
test,12027,0,0.005775
test,12028,0,0.003470
test,12029,0,0.005220
test,12030,0,0.008528
test,12031,0,0.002736
test,12032,0,0.004538
test,12033,0,0.003538
test,12034,0,0.005992
test,12035,0,0.004298
test,12036,0,0.002907
test,12037,0,0.009774
test,12038,0,0.014814
test,12039,0,0.004486
test,12040,0,0.025687
test,12041,0,0.004399
test,12042,0,0.006074
test,12043,0,0.002747
test,12044,0,0.002657
test,12045,0,0.002969
test,12046,0,0.003795
test,12047,0,0.052863
test,12048,0,0.021760
test,12049,0,0.012772
test,12050,0,0.008678
test,12051,0,0.003028
test,12052,0,0.003729
test,12053,0,0.695752
test,12054,0,0.006732
test,12055,0,0.077518
test,12056,0,0.013402
test,12057,0,0.006413
test,12058,0,0.004896
test,12059,0,0.014504
test,12060,0,0.006958
test,12061,0,0.997215
test,12062,0,0.002621
test,12063,0,0.003907
test,12064,0,0.003477
test,12065,0,0.002867
test,12066,0,0.022479
test,12067,0,0.005809
test,12068,0,0.004265
test,12069,0,0.938294
test,12070,0,0.002856
test,12071,0,0.003707
test,12072,0,0.014365
test,12073,0,0.012336
test,12074,0,0.013121
test,12075,0,0.152789
test,12076,0,0.721988
test,12077,0,0.424442
test,12078,0,0.006864
test,12079,0,0.003915
test,12080,0,0.004486
test,12081,0,0.989098
test,12082,0,0.004460
test,12083,0,0.003279
test,12084,0,0.003197
test,12085,0,0.005469
test,12086,0,0.004340
test,12087,0,0.036735
test,12088,0,0.006027
test,12089,0,0.004992
test,12090,0,0.002591
test,12091,0,0.003984
test,12092,0,0.009784
test,12093,0,0.002795
test,12094,0,0.003765
test,12095,0,0.002162
test,12096,0,0.003650
test,12097,0,0.003622
test,12098,0,0.150465
test,12099,0,0.008864
test,12100,0,0.002581
test,12101,0,0.005631
test,12102,0,0.003370
test,12103,0,0.002576
test,12104,0,0.958924
test,12105,0,0.010209
test,12106,0,0.003241
test,12107,0,0.214445
test,12108,0,0.012042
test,12109,0,0.003847
test,12110,0,0.008380
test,12111,0,0.815673
test,12112,0,0.003093
test,12113,0,0.003907
test,12114,0,0.005843
test,12115,0,0.005900
test,12116,0,0.015815
test,12117,0,0.004023
test,12118,0,0.003693
test,12119,0,0.003686
test,12120,0,0.015073
test,12121,0,0.011789
test,12122,0,0.005406
test,12123,0,0.002952
test,12124,0,0.004682
test,12125,0,0.118080
test,12126,0,0.987568
test,12127,0,0.954052
test,12128,0,0.008951
test,12129,0,0.002785
test,12130,0,0.003443
test,12131,0,0.003552
test,12132,0,0.002383
test,12133,0,0.002795
test,12134,0,0.002747
test,12135,0,0.978426
test,12136,0,0.003292
test,12137,0,0.004565
test,12138,0,0.004126
test,12139,0,0.007080
test,12140,0,0.006577
test,12141,0,0.028194
test,12142,0,0.183703
test,12143,0,0.005469
test,12144,0,0.002958
test,12145,0,0.006628
test,12146,0,0.944689
test,12147,0,0.019700
test,12148,0,0.003969
test,12149,0,0.003185
test,12150,0,0.033876
test,12151,0,0.014532
test,12152,0,0.011597
test,12153,0,0.806243
test,12154,0,0.013996
test,12155,0,0.005512
test,12156,0,0.005854
test,12157,0,0.004182
test,12158,0,0.003477
test,12159,0,0.004408
test,12160,0,0.003531
test,12161,0,0.002878
test,12162,0,0.003524
test,12163,0,0.004646
test,12164,0,0.002458
test,12165,0,0.002378
test,12166,0,0.013915
test,12167,0,0.004182
test,12168,0,0.708414
test,12169,0,0.026912
test,12170,0,0.933431
test,12171,0,0.005354
test,12172,0,0.013493
test,12173,0,0.004830
test,12174,0,0.002616
test,12175,0,0.005555
test,12176,0,0.018405
test,12177,0,0.002964
test,12178,0,0.002801
test,12179,0,0.006476
test,12180,0,0.003216
test,12181,0,0.023242
test,12182,0,0.005620
test,12183,0,0.005459
test,12184,0,0.003063
test,12185,0,0.003235
test,12186,0,0.357119
test,12187,0,0.003046
test,12188,0,0.003643
test,12189,0,0.122681
test,12190,0,0.009268
test,12191,0,0.175326
test,12192,0,0.003057
test,12193,0,0.026506
test,12194,0,0.996913
test,12195,0,0.161056
test,12196,0,0.007108
test,12197,0,0.004858
test,12198,0,0.006463
test,12199,0,0.002678
test,12200,0,0.044556
test,12201,0,0.003167
test,12202,0,0.071397
test,12203,0,0.034165
test,12204,0,0.010408
test,12205,0,0.004610
test,12206,0,0.004332
test,12207,0,0.003580
test,12208,0,0.003357
test,12209,0,0.002884
test,12210,0,0.003969
test,12211,0,0.002941
test,12212,0,0.003953
test,12213,0,0.027066
test,12214,0,0.002758
test,12215,0,0.165863
test,12216,0,0.005664
test,12217,0,0.003938
test,12218,0,0.006719
test,12219,0,0.037644
test,12220,0,0.004925
test,12221,0,0.018654
test,12222,0,0.002642
test,12223,0,0.004858
test,12224,0,0.003034
test,12225,0,0.002463
test,12226,0,0.003862
test,12227,0,0.011420
test,12228,0,0.003063
test,12229,0,0.016309
test,12230,0,0.018125
test,12231,0,0.004408
test,12232,0,0.002878
test,12233,0,0.052522
test,12234,0,0.005764
test,12235,0,0.479820
test,12236,0,0.004348
test,12237,0,0.003436
test,12238,0,0.005609
test,12239,0,0.005120
test,12240,0,0.003267
test,12241,0,0.003671
test,12242,0,0.013942
test,12243,0,0.005764
test,12244,0,0.002801
test,12245,0,0.007563
test,12246,0,0.003063
test,12247,0,0.002487
test,12248,0,0.004007
test,12249,0,0.005501
test,12250,0,0.002463
test,12251,0,0.005120
test,12252,0,0.006958
test,12253,0,0.003483
test,12254,0,0.003594
test,12255,0,0.005416
test,12256,0,0.005333
test,12257,0,0.003714
test,12258,0,0.003204
test,12259,0,0.022286
test,12260,0,0.005437
test,12261,0,0.003210
test,12262,0,0.985800
test,12263,0,0.023465
test,12264,0,0.047338
test,12265,0,0.002828
test,12266,0,0.011620
test,12267,0,0.002801
test,12268,0,0.004118
test,12269,0,0.002828
test,12270,0,0.003787
test,12271,0,0.002632
test,12272,0,0.003671
test,12273,0,0.007461
test,12274,0,0.005220
test,12275,0,0.005934
test,12276,0,0.974190
test,12277,0,0.309284
test,12278,0,0.003707
test,12279,0,0.002704
test,12280,0,0.002468
test,12281,0,0.004182
test,12282,0,0.003112
test,12283,0,0.002561
test,12284,0,0.005469
test,12285,0,0.003490
test,12286,0,0.172102
test,12287,0,0.008462
test,12288,0,0.178526
test,12289,0,0.003063
test,12290,0,0.005900
test,12291,0,0.012077
test,12292,0,0.007025
test,12293,0,0.988949
test,12294,0,0.006364
test,12295,0,0.004728
test,12296,0,0.003538
test,12297,0,0.002918
test,12298,0,0.986151
test,12299,0,0.976736
test,12300,0,0.005911
test,12301,0,0.005843
test,12302,0,0.005437
test,12303,0,0.003497
test,12304,0,0.260248
test,12305,0,0.005544
test,12306,0,0.003350
test,12307,0,0.002541
test,12308,0,0.039676
test,12309,0,0.002895
test,12310,0,0.003470
test,12311,0,0.003559
test,12312,0,0.007135
test,12313,0,0.007923
test,12314,0,0.974749
test,12315,0,0.004357
test,12316,0,0.002434
test,12317,0,0.007938
test,12318,0,0.013532
test,12319,0,0.574246
test,12320,0,0.009596
test,12321,0,0.630827
test,12322,0,0.075380
test,12323,0,0.003450
test,12324,0,0.004610
test,12325,0,0.004265
test,12326,0,0.996153
test,12327,0,0.041076
test,12328,0,0.006376
test,12329,0,0.011869
test,12330,0,0.004619
test,12331,0,0.015073
test,12332,0,0.002434
test,12333,0,0.002364
test,12334,0,0.005620
test,12335,0,0.005230
test,12336,0,0.003142
test,12337,0,0.004691
test,12338,0,0.947478
test,12339,0,0.004281
test,12340,0,0.012945
test,12341,0,0.007607
test,12342,0,0.009765
test,12343,0,0.003124
test,12344,0,0.011029
test,12345,0,0.054399
test,12346,0,0.005620
test,12347,0,0.003657
test,12348,0,0.028114
test,12349,0,0.406494
test,12350,0,0.016215
test,12351,0,0.990892
test,12352,0,0.002779
test,12353,0,0.019550
test,12354,0,0.030301
test,12355,0,0.004655
test,12356,0,0.005533
test,12357,0,0.005533
test,12358,0,0.115212
test,12359,0,0.007289
test,12360,0,0.003410
test,12361,0,0.002373
test,12362,0,0.005501
test,12363,0,0.422445
test,12364,0,0.900179
test,12365,0,0.015029
test,12366,0,0.003410
test,12367,0,0.002586
test,12368,0,0.003318
test,12369,0,0.003824
test,12370,0,0.002726
test,12371,0,0.990587
test,12372,0,0.007275
test,12373,0,0.009803
test,12374,0,0.003907
test,12375,0,0.040922
test,12376,0,0.033621
test,12377,0,0.003222
test,12378,0,0.006004
test,12379,0,0.003787
test,12380,0,0.004399
test,12381,0,0.006253
test,12382,0,0.002952
test,12383,0,0.004054
test,12384,0,0.002576
test,12385,0,0.079496
test,12386,0,0.003839
test,12387,0,0.004521
test,12388,0,0.003112
test,12389,0,0.003179
test,12390,0,0.003396
test,12391,0,0.004150
test,12392,0,0.004023
test,12393,0,0.006877
test,12394,0,0.003594
test,12395,0,0.002779
test,12396,0,0.018815
test,12397,0,0.002601
test,12398,0,0.002975
test,12399,0,0.004223
test,12400,0,0.003657
test,12401,0,0.007533
test,12402,0,0.005809
test,12403,0,0.004408
test,12404,0,0.005220
test,12405,0,0.004039
test,12406,0,0.002790
test,12407,0,0.063890
test,12408,0,0.002823
test,12409,0,0.003279
test,12410,0,0.006376
test,12411,0,0.003795
test,12412,0,0.002952
test,12413,0,0.014490
test,12414,0,0.127544
test,12415,0,0.004737
test,12416,0,0.004746
test,12417,0,0.002862
test,12418,0,0.937555
test,12419,0,0.003403
test,12420,0,0.030502
test,12421,0,0.005160
test,12422,0,0.989986
test,12423,0,0.007163
test,12424,0,0.024145
test,12425,0,0.974043
test,12426,0,0.025590
test,12427,0,0.007066
test,12428,0,0.005598
test,12429,0,0.964689
test,12430,0,0.024168
test,12431,0,0.266453
test,12432,0,0.005090
test,12433,0,0.003046
test,12434,0,0.007247
test,12435,0,0.003780
test,12436,0,0.002812
test,12437,0,0.044514
test,12438,0,0.009394
test,12439,0,0.193681
test,12440,0,0.021328
test,12441,0,0.986726
test,12442,0,0.005491
test,12443,0,0.003130
test,12444,0,0.019587
test,12445,0,0.004118
test,12446,0,0.011620
test,12447,0,0.003167
test,12448,0,0.006229
test,12449,0,0.005523
test,12450,0,0.005230
test,12451,0,0.003331
test,12452,0,0.004619
test,12453,0,0.003229
test,12454,0,0.002828
test,12455,0,0.456175
test,12456,0,0.003722
test,12457,0,0.004408
test,12458,0,0.003538
test,12459,0,0.002884
test,12460,0,0.166811
test,12461,0,0.002576
test,12462,0,0.004728
test,12463,0,0.794225
test,12464,0,0.009161
test,12465,0,0.008252
test,12466,0,0.007066
test,12467,0,0.002710
test,12468,0,0.003254
test,12469,0,0.002536
test,12470,0,0.002657
test,12471,0,0.014928
test,12472,0,0.003136
test,12473,0,0.002591
test,12474,0,0.002774
test,12475,0,0.003093
test,12476,0,0.003118
test,12477,0,0.005501
test,12478,0,0.003430
test,12479,0,0.003136
test,12480,0,0.004223
test,12481,0,0.012883
test,12482,0,0.002952
test,12483,0,0.003524
test,12484,0,0.009690
test,12485,0,0.005469
test,12486,0,0.003222
test,12487,0,0.005271
test,12488,0,0.011961
test,12489,0,0.003099
test,12490,0,0.005160
test,12491,0,0.003961
test,12492,0,0.003869
test,12493,0,0.005900
test,12494,0,0.007025
test,12495,0,0.011475
test,12496,0,0.005333
test,12497,0,0.005786
test,12498,0,0.985800
test,12499,0,0.008332
test,12500,1,0.997444
test,12501,1,0.996138
test,12502,1,0.824885
test,12503,1,0.997449
test,12504,1,0.997589
test,12505,1,0.953449
test,12506,1,0.996650
test,12507,1,0.994541
test,12508,1,0.996256
test,12509,1,0.995497
test,12510,1,0.997155
test,12511,1,0.995694
test,12512,1,0.992393
test,12513,1,0.996984
test,12514,1,0.992199
test,12515,1,0.985356
test,12516,1,0.992683
test,12517,1,0.997508
test,12518,1,0.006290
test,12519,1,0.990385
test,12520,1,0.997001
test,12521,1,0.995866
test,12522,1,0.997077
test,12523,1,0.948298
test,12524,1,0.997809
test,12525,1,0.717606
test,12526,1,0.994531
test,12527,1,0.997368
test,12528,1,0.997796
test,12529,1,0.736590
test,12530,1,0.603267
test,12531,1,0.997636
test,12532,1,0.997766
test,12533,1,0.987946
test,12534,1,0.997444
test,12535,1,0.115411
test,12536,1,0.997232
test,12537,1,0.996031
test,12538,1,0.997488
test,12539,1,0.996925
test,12540,1,0.997210
test,12541,1,0.015395
test,12542,1,0.997518
test,12543,1,0.997722
test,12544,1,0.997419
test,12545,1,0.995669
test,12546,1,0.956513
test,12547,1,0.490266
test,12548,1,0.995727
test,12549,1,0.751603
test,12550,1,0.997322
test,12551,1,0.996960
test,12552,1,0.997434
test,12553,1,0.997566
test,12554,1,0.993268
test,12555,1,0.959535
test,12556,1,0.997599
test,12557,1,0.997464
test,12558,1,0.996008
test,12559,1,0.997713
test,12560,1,0.996669
test,12561,1,0.995549
test,12562,1,0.996815
test,12563,1,0.996489
test,12564,1,0.996943
test,12565,1,0.988447
test,12566,1,0.997264
test,12567,1,0.985129
test,12568,1,0.996496
test,12569,1,0.997838
test,12570,1,0.997603
test,12571,1,0.996858
test,12572,1,0.995914
test,12573,1,0.997264
test,12574,1,0.990478
test,12575,1,0.997739
test,12576,1,0.997626
test,12577,1,0.997817
test,12578,1,0.997424
test,12579,1,0.997513
test,12580,1,0.997695
test,12581,1,0.996894
test,12582,1,0.997242
test,12583,1,0.997274
test,12584,1,0.997274
test,12585,1,0.997513
test,12586,1,0.997668
test,12587,1,0.997301
test,12588,1,0.997561
test,12589,1,0.997144
test,12590,1,0.997636
test,12591,1,0.997280
test,12592,1,0.997077
test,12593,1,0.997409
test,12594,1,0.994499
test,12595,1,0.997523
test,12596,1,0.996100
test,12597,1,0.997253
test,12598,1,0.997603
test,12599,1,0.997311
test,12600,1,0.997183
test,12601,1,0.997439
test,12602,1,0.996966
test,12603,1,0.995532
test,12604,1,0.995540
test,12605,1,0.994077
test,12606,1,0.997248
test,12607,1,0.996557
test,12608,1,0.997704
test,12609,1,0.997232
test,12610,1,0.997150
test,12611,1,0.989327
test,12612,1,0.980413
test,12613,1,0.997194
test,12614,1,0.996949
test,12615,1,0.996131
test,12616,1,0.035145
test,12617,1,0.986623
test,12618,1,0.996168
test,12619,1,0.010091
test,12620,1,0.996972
test,12621,1,0.995618
test,12622,1,0.672278
test,12623,1,0.997449
test,12624,1,0.873377
test,12625,1,0.986442
test,12626,1,0.997518
test,12627,1,0.996925
test,12628,1,0.996790
test,12629,1,0.994989
test,12630,1,0.996966
test,12631,1,0.990569
test,12632,1,0.996643
test,12633,1,0.997099
test,12634,1,0.994054
test,12635,1,0.997484
test,12636,1,0.997645
test,12637,1,0.996610
test,12638,1,0.992626
test,12639,1,0.996701
test,12640,1,0.996271
test,12641,1,0.997493
test,12642,1,0.997508
test,12643,1,0.996406
test,12644,1,0.996771
test,12645,1,0.997285
test,12646,1,0.995866
test,12647,1,0.994043
test,12648,1,0.996777
test,12649,1,0.997030
test,12650,1,0.995592
test,12651,1,0.991049
test,12652,1,0.996357
test,12653,1,0.973869
test,12654,1,0.093927
test,12655,1,0.996530
test,12656,1,0.994594
test,12657,1,0.007681
test,12658,1,0.997077
test,12659,1,0.986803
test,12660,1,0.996198
test,12661,1,0.993499
test,12662,1,0.996031
test,12663,1,0.978405
test,12664,1,0.989161
test,12665,1,0.734881
test,12666,1,0.994998
test,12667,1,0.983909
test,12668,1,0.997071
test,12669,1,0.977799
test,12670,1,0.991844
test,12671,1,0.006314
test,12672,1,0.932453
test,12673,1,0.881053
test,12674,1,0.962250
test,12675,1,0.992879
test,12676,1,0.997138
test,12677,1,0.997575
test,12678,1,0.992781
test,12679,1,0.997454
test,12680,1,0.997394
test,12681,1,0.997523
test,12682,1,0.997337
test,12683,1,0.994770
test,12684,1,0.997296
test,12685,1,0.997099
test,12686,1,0.996108
test,12687,1,0.996676
test,12688,1,0.996740
test,12689,1,0.996205
test,12690,1,0.987179
test,12691,1,0.997575
test,12692,1,0.996371
test,12693,1,0.997348
test,12694,1,0.997838
test,12695,1,0.997242
test,12696,1,0.997274
test,12697,1,0.997215
test,12698,1,0.996242
test,12699,1,0.990441
test,12700,1,0.995254
test,12701,1,0.997071
test,12702,1,0.996740
test,12703,1,0.997523
test,12704,1,0.997484
test,12705,1,0.997343
test,12706,1,0.918334
test,12707,1,0.993950
test,12708,1,0.988777
test,12709,1,0.978467
test,12710,1,0.994940
test,12711,1,0.995618
test,12712,1,0.993150
test,12713,1,0.988885
test,12714,1,0.995076
test,12715,1,0.994998
test,12716,1,0.994657
test,12717,1,0.886715
test,12718,1,0.972650
test,12719,1,0.940079
test,12720,1,0.874023
test,12721,1,0.008644
test,12722,1,0.966156
test,12723,1,0.995914
test,12724,1,0.996882
test,12725,1,0.996570
test,12726,1,0.997161
test,12727,1,0.989830
test,12728,1,0.489198
test,12729,1,0.997237
test,12730,1,0.992108
test,12731,1,0.997384
test,12732,1,0.996689
test,12733,1,0.996682
test,12734,1,0.992093
test,12735,1,0.968709
test,12736,1,0.993436
test,12737,1,0.993855
test,12738,1,0.969928
test,12739,1,0.993294
test,12740,1,0.074030
test,12741,1,0.983769
test,12742,1,0.991859
test,12743,1,0.125708
test,12744,1,0.937268
test,12745,1,0.992947
test,12746,1,0.965479
test,12747,1,0.993661
test,12748,1,0.990768
test,12749,1,0.994615
test,12750,1,0.994225
test,12751,1,0.997659
test,12752,1,0.953535
test,12753,1,0.993938
test,12754,1,0.997498
test,12755,1,0.997631
test,12756,1,0.996815
test,12757,1,0.996858
test,12758,1,0.997523
test,12759,1,0.995217
test,12760,1,0.997343
test,12761,1,0.995254
test,12762,1,0.920504
test,12763,1,0.187951
test,12764,1,0.136033
test,12765,1,0.993461
test,12766,1,0.997048
test,12767,1,0.997434
test,12768,1,0.758511
test,12769,1,0.988820
test,12770,1,0.996385
test,12771,1,0.997449
test,12772,1,0.995540
test,12773,1,0.996663
test,12774,1,0.996278
test,12775,1,0.996701
test,12776,1,0.997332
test,12777,1,0.995532
test,12778,1,0.995327
test,12779,1,0.997306
test,12780,1,0.956104
test,12781,1,0.995027
test,12782,1,0.997150
test,12783,1,0.996427
test,12784,1,0.995161
test,12785,1,0.991668
test,12786,1,0.996714
test,12787,1,0.996617
test,12788,1,0.997077
test,12789,1,0.991389
test,12790,1,0.990404
test,12791,1,0.043650
test,12792,1,0.988447
test,12793,1,0.039639
test,12794,1,0.017409
test,12795,1,0.994520
test,12796,1,0.986258
test,12797,1,0.006784
test,12798,1,0.996746
test,12799,1,0.997363
test,12800,1,0.996870
test,12801,1,0.984811
test,12802,1,0.996796
test,12803,1,0.997599
test,12804,1,0.997532
test,12805,1,0.996925
test,12806,1,0.997523
test,12807,1,0.997695
test,12808,1,0.997469
test,12809,1,0.996733
test,12810,1,0.997677
test,12811,1,0.996901
test,12812,1,0.997258
test,12813,1,0.995180
test,12814,1,0.997752
test,12815,1,0.997264
test,12816,1,0.996617
test,12817,1,0.029817
test,12818,1,0.997348
test,12819,1,0.005957
test,12820,1,0.996000
test,12821,1,0.994358
test,12822,1,0.994031
test,12823,1,0.996427
test,12824,1,0.997264
test,12825,1,0.995922
test,12826,1,0.996031
test,12827,1,0.996714
test,12828,1,0.996765
test,12829,1,0.987104
test,12830,1,0.996462
test,12831,1,0.997358
test,12832,1,0.932944
test,12833,1,0.994314
test,12834,1,0.994423
test,12835,1,0.995669
test,12836,1,0.997599
test,12837,1,0.990660
test,12838,1,0.996901
test,12839,1,0.997603
test,12840,1,0.996008
test,12841,1,0.995189
test,12842,1,0.996978
test,12843,1,0.996864
test,12844,1,0.854703
test,12845,1,0.986777
test,12846,1,0.007969
test,12847,1,0.996907
test,12848,1,0.997626
test,12849,1,0.996256
test,12850,1,0.996714
test,12851,1,0.018055
test,12852,1,0.994112
test,12853,1,0.988447
test,12854,1,0.997166
test,12855,1,0.987055
test,12856,1,0.980858
test,12857,1,0.954308
test,12858,1,0.997804
test,12859,1,0.997301
test,12860,1,0.995930
test,12861,1,0.997547
test,12862,1,0.996721
test,12863,1,0.997731
test,12864,1,0.995345
test,12865,1,0.997399
test,12866,1,0.997542
test,12867,1,0.956756
test,12868,1,0.996708
test,12869,1,0.997343
test,12870,1,0.996249
test,12871,1,0.953275
test,12872,1,0.997384
test,12873,1,0.996919
test,12874,1,0.996643
test,12875,1,0.996815
test,12876,1,0.996834
test,12877,1,0.996434
test,12878,1,0.997603
test,12879,1,0.996489
test,12880,1,0.997166
test,12881,1,0.994930
test,12882,1,0.997488
test,12883,1,0.993397
test,12884,1,0.992349
test,12885,1,0.994573
test,12886,1,0.822831
test,12887,1,0.642124
test,12888,1,0.996190
test,12889,1,0.994203
test,12890,1,0.995809
test,12891,1,0.993512
test,12892,1,0.995898
test,12893,1,0.993636
test,12894,1,0.996919
test,12895,1,0.995047
test,12896,1,0.995180
test,12897,1,0.996153
test,12898,1,0.996220
test,12899,1,0.996544
test,12900,1,0.994020
test,12901,1,0.990714
test,12902,1,0.987204
test,12903,1,0.993938
test,12904,1,0.990587
test,12905,1,0.205456
test,12906,1,0.997449
test,12907,1,0.996530
test,12908,1,0.973190
test,12909,1,0.025614
test,12910,1,0.997649
test,12911,1,0.997099
test,12912,1,0.991322
test,12913,1,0.995123
test,12914,1,0.947866
test,12915,1,0.995056
test,12916,1,0.996357
test,12917,1,0.984927
test,12918,1,0.997301
test,12919,1,0.990696
test,12920,1,0.997617
test,12921,1,0.996714
test,12922,1,0.997566
test,12923,1,0.996378
test,12924,1,0.997649
test,12925,1,0.997748
test,12926,1,0.994989
test,12927,1,0.997527
test,12928,1,0.987735
test,12929,1,0.997640
test,12930,1,0.997677
test,12931,1,0.997617
test,12932,1,0.995453
test,12933,1,0.996972
test,12934,1,0.996448
test,12935,1,0.995085
test,12936,1,0.995858
test,12937,1,0.996496
test,12938,1,0.995669
test,12939,1,0.994677
test,12940,1,0.997498
test,12941,1,0.997556
test,12942,1,0.972908
test,12943,1,0.997242
test,12944,1,0.991985
test,12945,1,0.990102
test,12946,1,0.997532
test,12947,1,0.997099
test,12948,1,0.997589
test,12949,1,0.997419
test,12950,1,0.997071
test,12951,1,0.997237
test,12952,1,0.997409
test,12953,1,0.996721
test,12954,1,0.997699
test,12955,1,0.996322
test,12956,1,0.996984
test,12957,1,0.996590
test,12958,1,0.995170
test,12959,1,0.996708
test,12960,1,0.992879
test,12961,1,0.996489
test,12962,1,0.980506
test,12963,1,0.997368
test,12964,1,0.994402
test,12965,1,0.997082
test,12966,1,0.853852
test,12967,1,0.994191
test,12968,1,0.996476
test,12969,1,0.010338
test,12970,1,0.996322
test,12971,1,0.997449
test,12972,1,0.995435
test,12973,1,0.905071
test,12974,1,0.997542
test,12975,1,0.989140
test,12976,1,0.997353
test,12977,1,0.996721
test,12978,1,0.996523
test,12979,1,0.272799
test,12980,1,0.995874
test,12981,1,0.014077
test,12982,1,0.994959
test,12983,1,0.996544
test,12984,1,0.220426
test,12985,1,0.997404
test,12986,1,0.997122
test,12987,1,0.991406
test,12988,1,0.989928
test,12989,1,0.085939
test,12990,1,0.391406
test,12991,1,0.997264
test,12992,1,0.988712
test,12993,1,0.990678
test,12994,1,0.996759
test,12995,1,0.997498
test,12996,1,0.991118
test,12997,1,0.995226
test,12998,1,0.989531
test,12999,1,0.996714
test,13000,1,0.977629
test,13001,1,0.996708
test,13002,1,0.996146
test,13003,1,0.997464
test,13004,1,0.997144
test,13005,1,0.997127
test,13006,1,0.983407
test,13007,1,0.996966
test,13008,1,0.997248
test,13009,1,0.993461
test,13010,1,0.971510
test,13011,1,0.994467
test,13012,1,0.989751
test,13013,1,0.990962
test,13014,1,0.836488
test,13015,1,0.969208
test,13016,1,0.996972
test,13017,1,0.996984
test,13018,1,0.983629
test,13019,1,0.997264
test,13020,1,0.997379
test,13021,1,0.995453
test,13022,1,0.152916
test,13023,1,0.872944
test,13024,1,0.990980
test,13025,1,0.997296
test,13026,1,0.997188
test,13027,1,0.996161
test,13028,1,0.996888
test,13029,1,0.997332
test,13030,1,0.986442
test,13031,1,0.992597
test,13032,1,0.995056
test,13033,1,0.994573
test,13034,1,0.995685
test,13035,1,0.996913
test,13036,1,0.996469
test,13037,1,0.997699
test,13038,1,0.996907
test,13039,1,0.996085
test,13040,1,0.995444
test,13041,1,0.995850
test,13042,1,0.973164
test,13043,1,0.997285
test,13044,1,0.996604
test,13045,1,0.997144
test,13046,1,0.996322
test,13047,1,0.997834
test,13048,1,0.996039
test,13049,1,0.997242
test,13050,1,0.996590
test,13051,1,0.996727
test,13052,1,0.993123
test,13053,1,0.995735
test,13054,1,0.996984
test,13055,1,0.995300
test,13056,1,0.996617
test,13057,1,0.989632
test,13058,1,0.994303
test,13059,1,0.997409
test,13060,1,0.996293
test,13061,1,0.996062
test,13062,1,0.996888
test,13063,1,0.994667
test,13064,1,0.996689
test,13065,1,0.997508
test,13066,1,0.995085
test,13067,1,0.997166
test,13068,1,0.995954
test,13069,1,0.994998
test,13070,1,0.997713
test,13071,1,0.996441
test,13072,1,0.997532
test,13073,1,0.987326
test,13074,1,0.996597
test,13075,1,0.994930
test,13076,1,0.819026
test,13077,1,0.995066
test,13078,1,0.996517
test,13079,1,0.589312
test,13080,1,0.997717
test,13081,1,0.996949
test,13082,1,0.996557
test,13083,1,0.792865
test,13084,1,0.982322
test,13085,1,0.908942
test,13086,1,0.988062
test,13087,1,0.053157
test,13088,1,0.989223
test,13089,1,0.096535
test,13090,1,0.997474
test,13091,1,0.997542
test,13092,1,0.996809
test,13093,1,0.996864
test,13094,1,0.996708
test,13095,1,0.975670
test,13096,1,0.986954
test,13097,1,0.997508
test,13098,1,0.997454
test,13099,1,0.995993
test,13100,1,0.996695
test,13101,1,0.962883
test,13102,1,0.997379
test,13103,1,0.997584
test,13104,1,0.983085
test,13105,1,0.997532
test,13106,1,0.991356
test,13107,1,0.995104
test,13108,1,0.990587
test,13109,1,0.993333
test,13110,1,0.995076
test,13111,1,0.014186
test,13112,1,0.986284
test,13113,1,0.996689
test,13114,1,0.997726
test,13115,1,0.995702
test,13116,1,0.997575
test,13117,1,0.997744
test,13118,1,0.997177
test,13119,1,0.013338
test,13120,1,0.997419
test,13121,1,0.995858
test,13122,1,0.997353
test,13123,1,0.997414
test,13124,1,0.997082
test,13125,1,0.995226
test,13126,1,0.997258
test,13127,1,0.997188
test,13128,1,0.901314
test,13129,1,0.994780
test,13130,1,0.764012
test,13131,1,0.808748
test,13132,1,0.936052
test,13133,1,0.105211
test,13134,1,0.991389
test,13135,1,0.994066
test,13136,1,0.992169
test,13137,1,0.997414
test,13138,1,0.996420
test,13139,1,0.996503
test,13140,1,0.592401
test,13141,1,0.997488
test,13142,1,0.994677
test,13143,1,0.997498
test,13144,1,0.997739
test,13145,1,0.933370
test,13146,1,0.996888
test,13147,1,0.994541
test,13148,1,0.996008
test,13149,1,0.997672
test,13150,1,0.992289
test,13151,1,0.310302
test,13152,1,0.994292
test,13153,1,0.990102
test,13154,1,0.396214
test,13155,1,0.996604
test,13156,1,0.727589
test,13157,1,0.986284
test,13158,1,0.995850
test,13159,1,0.926570
test,13160,1,0.993512
test,13161,1,0.988602
test,13162,1,0.996343
test,13163,1,0.964722
test,13164,1,0.983565
test,13165,1,0.918918
test,13166,1,0.101679
test,13167,1,0.915053
test,13168,1,0.997264
test,13169,1,0.966156
test,13170,1,0.992229
test,13171,1,0.995752
test,13172,1,0.986904
test,13173,1,0.994584
test,13174,1,0.986376
test,13175,1,0.986979
test,13176,1,0.978240
test,13177,1,0.997274
test,13178,1,0.993096
test,13179,1,0.991812
test,13180,1,0.996701
test,13181,1,0.976714
test,13182,1,0.994054
test,13183,1,0.996669
test,13184,1,0.995408
test,13185,1,0.992934
test,13186,1,0.996078
test,13187,1,0.995008
test,13188,1,0.188100
test,13189,1,0.996894
test,13190,1,0.995245
test,13191,1,0.916633
test,13192,1,0.995669
test,13193,1,0.997695
test,13194,1,0.997379
test,13195,1,0.996701
test,13196,1,0.995161
test,13197,1,0.997150
test,13198,1,0.997847
test,13199,1,0.995408
test,13200,1,0.997399
test,13201,1,0.997547
test,13202,1,0.997348
test,13203,1,0.995142
test,13204,1,0.990478
test,13205,1,0.923868
test,13206,1,0.995858
test,13207,1,0.996623
test,13208,1,0.997317
test,13209,1,0.996213
test,13210,1,0.997399
test,13211,1,0.997454
test,13212,1,0.885631
test,13213,1,0.995198
test,13214,1,0.995444
test,13215,1,0.995505
test,13216,1,0.980053
test,13217,1,0.994020
test,13218,1,0.994910
test,13219,1,0.004646
test,13220,1,0.997306
test,13221,1,0.994820
test,13222,1,0.983769
test,13223,1,0.992364
test,13224,1,0.937726
test,13225,1,0.945901
test,13226,1,0.997274
test,13227,1,0.995882
test,13228,1,0.906983
test,13229,1,0.702836
test,13230,1,0.996809
test,13231,1,0.994531
test,13232,1,0.208824
test,13233,1,0.996256
test,13234,1,0.155335
test,13235,1,0.997337
test,13236,1,0.996378
test,13237,1,0.970268
test,13238,1,0.989055
test,13239,1,0.123366
test,13240,1,0.985649
test,13241,1,0.093182
test,13242,1,0.985356
test,13243,1,0.996350
test,13244,1,0.994698
test,13245,1,0.046943
test,13246,1,0.989531
test,13247,1,0.997199
test,13248,1,0.996070
test,13249,1,0.986752
test,13250,1,0.997717
test,13251,1,0.992364
test,13252,1,0.997048
test,13253,1,0.997622
test,13254,1,0.997306
test,13255,1,0.940790
test,13256,1,0.997449
test,13257,1,0.997851
test,13258,1,0.979977
test,13259,1,0.995914
test,13260,1,0.019216
test,13261,1,0.997584
test,13262,1,0.997744
test,13263,1,0.980766
test,13264,1,0.989098
test,13265,1,0.996517
test,13266,1,0.816772
test,13267,1,0.997204
test,13268,1,0.933188
test,13269,1,0.392424
test,13270,1,0.997082
test,13271,1,0.974653
test,13272,1,0.963472
test,13273,1,0.976780
test,13274,1,0.959762
test,13275,1,0.994336
test,13276,1,0.996604
test,13277,1,0.997322
test,13278,1,0.994667
test,13279,1,0.996777
test,13280,1,0.977500
test,13281,1,0.994677
test,13282,1,0.997082
test,13283,1,0.961025
test,13284,1,0.997744
test,13285,1,0.996650
test,13286,1,0.873107
test,13287,1,0.997523
test,13288,1,0.997285
test,13289,1,0.993512
test,13290,1,0.982823
test,13291,1,0.949106
test,13292,1,0.997713
test,13293,1,0.996557
test,13294,1,0.945801
test,13295,1,0.736685
test,13296,1,0.996329
test,13297,1,0.995291
test,13298,1,0.993150
test,13299,1,0.993189
test,13300,1,0.994043
test,13301,1,0.994043
test,13302,1,0.996322
test,13303,1,0.997449
test,13304,1,0.989182
test,13305,1,0.952794
test,13306,1,0.995170
test,13307,1,0.992319
test,13308,1,0.995514
test,13309,1,0.997322
test,13310,1,0.995727
test,13311,1,0.990569
test,13312,1,0.986572
test,13313,1,0.994123
test,13314,1,0.994434
test,13315,1,0.919643
test,13316,1,0.991272
test,13317,1,0.005448
test,13318,1,0.978073
test,13319,1,0.996714
test,13320,1,0.996510
test,13321,1,0.996176
test,13322,1,0.996008
test,13323,1,0.975343
test,13324,1,0.992334
test,13325,1,0.786295
test,13326,1,0.337067
test,13327,1,0.993698
test,13328,1,0.995133
test,13329,1,0.986178
test,13330,1,0.966092
test,13331,1,0.919063
test,13332,1,0.996733
test,13333,1,0.994940
test,13334,1,0.996235
test,13335,1,0.995985
test,13336,1,0.995142
test,13337,1,0.996815
test,13338,1,0.996448
test,13339,1,0.997093
test,13340,1,0.993436
test,13341,1,0.866359
test,13342,1,0.997253
test,13343,1,0.223801
test,13344,1,0.061933
test,13345,1,0.835148
test,13346,1,0.990750
test,13347,1,0.995514
test,13348,1,0.990348
test,13349,1,0.983723
test,13350,1,0.997264
test,13351,1,0.971074
test,13352,1,0.996759
test,13353,1,0.997059
test,13354,1,0.997459
test,13355,1,0.996888
test,13356,1,0.773473
test,13357,1,0.997622
test,13358,1,0.997285
test,13359,1,0.994780
test,13360,1,0.984767
test,13361,1,0.984767
test,13362,1,0.997059
test,13363,1,0.996078
test,13364,1,0.995914
test,13365,1,0.995922
test,13366,1,0.988799
test,13367,1,0.996078
test,13368,1,0.996809
test,13369,1,0.996570
test,13370,1,0.406921
test,13371,1,0.994880
test,13372,1,0.996047
test,13373,1,0.822973
test,13374,1,0.988580
test,13375,1,0.997479
test,13376,1,0.997322
test,13377,1,0.997296
test,13378,1,0.920146
test,13379,1,0.997532
test,13380,1,0.995462
test,13381,1,0.997337
test,13382,1,0.996695
test,13383,1,0.996000
test,13384,1,0.997414
test,13385,1,0.997155
test,13386,1,0.997071
test,13387,1,0.997389
test,13388,1,0.997551
test,13389,1,0.997599
test,13390,1,0.997221
test,13391,1,0.997608
test,13392,1,0.995470
test,13393,1,0.989511
test,13394,1,0.997013
test,13395,1,0.997570
test,13396,1,0.995677
test,13397,1,0.994780
test,13398,1,0.983723
test,13399,1,0.053949
test,13400,1,0.997327
test,13401,1,0.997258
test,13402,1,0.974701
test,13403,1,0.013147
test,13404,1,0.995282
test,13405,1,0.588771
test,13406,1,0.997065
test,13407,1,0.006253
test,13408,1,0.995282
test,13409,1,0.996894
test,13410,1,0.997093
test,13411,1,0.984366
test,13412,1,0.996085
test,13413,1,0.009746
test,13414,1,0.886862
test,13415,1,0.981022
test,13416,1,0.984840
test,13417,1,0.987688
test,13418,1,0.996198
test,13419,1,0.987688
test,13420,1,0.986363
test,13421,1,0.996322
test,13422,1,0.861945
test,13423,1,0.209389
test,13424,1,0.997232
test,13425,1,0.987688
test,13426,1,0.979784
test,13427,1,0.997399
test,13428,1,0.983629
test,13429,1,0.308138
test,13430,1,0.945045
test,13431,1,0.997537
test,13432,1,0.993771
test,13433,1,0.995170
test,13434,1,0.990292
test,13435,1,0.996496
test,13436,1,0.987253
test,13437,1,0.996925
test,13438,1,0.785638
test,13439,1,0.988492
test,13440,1,0.996161
test,13441,1,0.997036
test,13442,1,0.995354
test,13443,1,0.996286
test,13444,1,0.995583
test,13445,1,0.984017
test,13446,1,0.996597
test,13447,1,0.997042
test,13448,1,0.996990
test,13449,1,0.307774
test,13450,1,0.997025
test,13451,1,0.997493
test,13452,1,0.046899
test,13453,1,0.869327
test,13454,1,0.296858
test,13455,1,0.995618
test,13456,1,0.995677
test,13457,1,0.995318
test,13458,1,0.997059
test,13459,1,0.995198
test,13460,1,0.992349
test,13461,1,0.996777
test,13462,1,0.995890
test,13463,1,0.997668
test,13464,1,0.996784
test,13465,1,0.990945
test,13466,1,0.993150
test,13467,1,0.997048
test,13468,1,0.997221
test,13469,1,0.997105
test,13470,1,0.028981
test,13471,1,0.956104
test,13472,1,0.003524
test,13473,1,0.765987
test,13474,1,0.381969
test,13475,1,0.995882
test,13476,1,0.996978
test,13477,1,0.997645
test,13478,1,0.997379
test,13479,1,0.990366
test,13480,1,0.995583
test,13481,1,0.994135
test,13482,1,0.997640
test,13483,1,0.995777
test,13484,1,0.996858
test,13485,1,0.997071
test,13486,1,0.996399
test,13487,1,0.996123
test,13488,1,0.988062
test,13489,1,0.988358
test,13490,1,0.997640
test,13491,1,0.890342
test,13492,1,0.996496
test,13493,1,0.997599
test,13494,1,0.990945
test,13495,1,0.992947
test,13496,1,0.997503
test,13497,1,0.993867
test,13498,1,0.997099
test,13499,1,0.996307
test,13500,1,0.997503
test,13501,1,0.931960
test,13502,1,0.994488
test,13503,1,0.997077
test,13504,1,0.996784
test,13505,1,0.997561
test,13506,1,0.996809
test,13507,1,0.994840
test,13508,1,0.997659
test,13509,1,0.997713
test,13510,1,0.997253
test,13511,1,0.995336
test,13512,1,0.992583
test,13513,1,0.995635
test,13514,1,0.996278
test,13515,1,0.005877
test,13516,1,0.970042
test,13517,1,0.988492
test,13518,1,0.997379
test,13519,1,0.995735
test,13520,1,0.996183
test,13521,1,0.994214
test,13522,1,0.017259
test,13523,1,0.987472
test,13524,1,0.996669
test,13525,1,0.997547
test,13526,1,0.997404
test,13527,1,0.392919
test,13528,1,0.997001
test,13529,1,0.997774
test,13530,1,0.997739
test,13531,1,0.997699
test,13532,1,0.987375
test,13533,1,0.997343
test,13534,1,0.991668
test,13535,1,0.995985
test,13536,1,0.817647
test,13537,1,0.991922
test,13538,1,0.996364
test,13539,1,0.843444
test,13540,1,0.997194
test,13541,1,0.995189
test,13542,1,0.996577
test,13543,1,0.996643
test,13544,1,0.993096
test,13545,1,0.904819
test,13546,1,0.996663
test,13547,1,0.977968
test,13548,1,0.996809
test,13549,1,0.996123
test,13550,1,0.994605
test,13551,1,0.995890
test,13552,1,0.996790
test,13553,1,0.967410
test,13554,1,0.988199
test,13555,1,0.997155
test,13556,1,0.995300
test,13557,1,0.996669
test,13558,1,0.997649
test,13559,1,0.997449
test,13560,1,0.989551
test,13561,1,0.996996
test,13562,1,0.997332
test,13563,1,0.997226
test,13564,1,0.971238
test,13565,1,0.997242
test,13566,1,0.996901
test,13567,1,0.199464
test,13568,1,0.990569
test,13569,1,0.996746
test,13570,1,0.995095
test,13571,1,0.959497
test,13572,1,0.953362
test,13573,1,0.988863
test,13574,1,0.991985
test,13575,1,0.440063
test,13576,1,0.995898
test,13577,1,0.997419
test,13578,1,0.996759
test,13579,1,0.995085
test,13580,1,0.997677
test,13581,1,0.801703
test,13582,1,0.997800
test,13583,1,0.996802
test,13584,1,0.989491
test,13585,1,0.996597
test,13586,1,0.995532
test,13587,1,0.995470
test,13588,1,0.997348
test,13589,1,0.997232
test,13590,1,0.995652
test,13591,1,0.996227
test,13592,1,0.354377
test,13593,1,0.944791
test,13594,1,0.995161
test,13595,1,0.978996
test,13596,1,0.995336
test,13597,1,0.985384
test,13598,1,0.996300
test,13599,1,0.996336
test,13600,1,0.997566
test,13601,1,0.995226
test,13602,1,0.997419
test,13603,1,0.980034
test,13604,1,0.996300
test,13605,1,0.996329
test,13606,1,0.997404
test,13607,1,0.994270
test,13608,1,0.994077
test,13609,1,0.989731
test,13610,1,0.975693
test,13611,1,0.997479
test,13612,1,0.996643
test,13613,1,0.992169
test,13614,1,0.994259
test,13615,1,0.994900
test,13616,1,0.997343
test,13617,1,0.997488
test,13618,1,0.995898
test,13619,1,0.996949
test,13620,1,0.997575
test,13621,1,0.997296
test,13622,1,0.996161
test,13623,1,0.996821
test,13624,1,0.997332
test,13625,1,0.854824
test,13626,1,0.997264
test,13627,1,0.996242
test,13628,1,0.994920
test,13629,1,0.996925
test,13630,1,0.973844
test,13631,1,0.997264
test,13632,1,0.996840
test,13633,1,0.293000
test,13634,1,0.997561
test,13635,1,0.994800
test,13636,1,0.996740
test,13637,1,0.978975
test,13638,1,0.997204
test,13639,1,0.997188
test,13640,1,0.995946
test,13641,1,0.989347
test,13642,1,0.997065
test,13643,1,0.995993
test,13644,1,0.996590
test,13645,1,0.994729
test,13646,1,0.986416
test,13647,1,0.997071
test,13648,1,0.997513
test,13649,1,0.996815
test,13650,1,0.997404
test,13651,1,0.997444
test,13652,1,0.946745
test,13653,1,0.991969
test,13654,1,0.968649
test,13655,1,0.996462
test,13656,1,0.997409
test,13657,1,0.997232
test,13658,1,0.012613
test,13659,1,0.994800
test,13660,1,0.997204
test,13661,1,0.995652
test,13662,1,0.996937
test,13663,1,0.008156
test,13664,1,0.996907
test,13665,1,0.997269
test,13666,1,0.985100
test,13667,1,0.995592
test,13668,1,0.997368
test,13669,1,0.996996
test,13670,1,0.031173
test,13671,1,0.995744
test,13672,1,0.732735
test,13673,1,0.997274
test,13674,1,0.994089
test,13675,1,0.991356
test,13676,1,0.997389
test,13677,1,0.996834
test,13678,1,0.993950
test,13679,1,0.850033
test,13680,1,0.997757
test,13681,1,0.997804
test,13682,1,0.995336
test,13683,1,0.997479
test,13684,1,0.997617
test,13685,1,0.996864
test,13686,1,0.996496
test,13687,1,0.997077
test,13688,1,0.995785
test,13689,1,0.995760
test,13690,1,0.017849
test,13691,1,0.990533
test,13692,1,0.982624
test,13693,1,0.993307
test,13694,1,0.996765
test,13695,1,0.994112
test,13696,1,0.788909
test,13697,1,0.996802
test,13698,1,0.997464
test,13699,1,0.996876
test,13700,1,0.978794
test,13701,1,0.997454
test,13702,1,0.967256
test,13703,1,0.010591
test,13704,1,0.965674
test,13705,1,0.924005
test,13706,1,0.995793
test,13707,1,0.996925
test,13708,1,0.994214
test,13709,1,0.991439
test,13710,1,0.997439
test,13711,1,0.996913
test,13712,1,0.997561
test,13713,1,0.995744
test,13714,1,0.994979
test,13715,1,0.983878
test,13716,1,0.994225
test,13717,1,0.832237
test,13718,1,0.915847
test,13719,1,0.884738
test,13720,1,0.945045
test,13721,1,0.993436
test,13722,1,0.994615
test,13723,1,0.986151
test,13724,1,0.996858
test,13725,1,0.997301
test,13726,1,0.997556
test,13727,1,0.997019
test,13728,1,0.996235
test,13729,1,0.995874
test,13730,1,0.997296
test,13731,1,0.995226
test,13732,1,0.997404
test,13733,1,0.997731
test,13734,1,0.997414
test,13735,1,0.996610
test,13736,1,0.997242
test,13737,1,0.996078
test,13738,1,0.996790
test,13739,1,0.995906
test,13740,1,0.995435
test,13741,1,0.993843
test,13742,1,0.997770
test,13743,1,0.997645
test,13744,1,0.994840
test,13745,1,0.997389
test,13746,1,0.997713
test,13747,1,0.981239
test,13748,1,0.997013
test,13749,1,0.996100
test,13750,1,0.997166
test,13751,1,0.995874
test,13752,1,0.989870
test,13753,1,0.997626
test,13754,1,0.731203
test,13755,1,0.997306
test,13756,1,0.996840
test,13757,1,0.996489
test,13758,1,0.995523
test,13759,1,0.997394
test,13760,1,0.996138
test,13761,1,0.996777
test,13762,1,0.997631
test,13763,1,0.997088
test,13764,1,0.995549
test,13765,1,0.049959
test,13766,1,0.238816
test,13767,1,0.997183
test,13768,1,0.996784
test,13769,1,0.997285
test,13770,1,0.996815
test,13771,1,0.997774
test,13772,1,0.993624
test,13773,1,0.994112
test,13774,1,0.007289
test,13775,1,0.948442
test,13776,1,0.997556
test,13777,1,0.991859
test,13778,1,0.996205
test,13779,1,0.997645
test,13780,1,0.224820
test,13781,1,0.997237
test,13782,1,0.996834
test,13783,1,0.997082
test,13784,1,0.825519
test,13785,1,0.989731
test,13786,1,0.995801
test,13787,1,0.981040
test,13788,1,0.995018
test,13789,1,0.994477
test,13790,1,0.030215
test,13791,1,0.995609
test,13792,1,0.033812
test,13793,1,0.996264
test,13794,1,0.989692
test,13795,1,0.183887
test,13796,1,0.995817
test,13797,1,0.996727
test,13798,1,0.994749
test,13799,1,0.582476
test,13800,1,0.994780
test,13801,1,0.996047
test,13802,1,0.996815
test,13803,1,0.992947
test,13804,1,0.995710
test,13805,1,0.987302
test,13806,1,0.573484
test,13807,1,0.950503
test,13808,1,0.971645
test,13809,1,0.996357
test,13810,1,0.994325
test,13811,1,0.023985
test,13812,1,0.995993
test,13813,1,0.955651
test,13814,1,0.010756
test,13815,1,0.195825
test,13816,1,0.917229
test,13817,1,0.929312
test,13818,1,0.005416
test,13819,1,0.165998
test,13820,1,0.934455
test,13821,1,0.995549
test,13822,1,0.992539
test,13823,1,0.996695
test,13824,1,0.997199
test,13825,1,0.977862
test,13826,1,0.995488
test,13827,1,0.989909
test,13828,1,0.981149
test,13829,1,0.995922
test,13830,1,0.996714
test,13831,1,0.996650
test,13832,1,0.988245
test,13833,1,0.997210
test,13834,1,0.028490
test,13835,1,0.992683
test,13836,1,0.982524
test,13837,1,0.996590
test,13838,1,0.997172
test,13839,1,0.997082
test,13840,1,0.997419
test,13841,1,0.995318
test,13842,1,0.992184
test,13843,1,0.994477
test,13844,1,0.996455
test,13845,1,0.996062
test,13846,1,0.995702
test,13847,1,0.995523
test,13848,1,0.993461
test,13849,1,0.919715
test,13850,1,0.996016
test,13851,1,0.404919
test,13852,1,0.996371
test,13853,1,0.996577
test,13854,1,0.035881
test,13855,1,0.918699
test,13856,1,0.071591
test,13857,1,0.989551
test,13858,1,0.893449
test,13859,1,0.996537
test,13860,1,0.996815
test,13861,1,0.982134
test,13862,1,0.096493
test,13863,1,0.997649
test,13864,1,0.997704
test,13865,1,0.995882
test,13866,1,0.997232
test,13867,1,0.997608
test,13868,1,0.997166
test,13869,1,0.955026
test,13870,1,0.996882
test,13871,1,0.997654
test,13872,1,0.997493
test,13873,1,0.994688
test,13874,1,0.995514
test,13875,1,0.997672
test,13876,1,0.004583
test,13877,1,0.994247
test,13878,1,0.992289
test,13879,1,0.997296
test,13880,1,0.996406
test,13881,1,0.996329
test,13882,1,0.994646
test,13883,1,0.996441
test,13884,1,0.961570
test,13885,1,0.996336
test,13886,1,0.994180
test,13887,1,0.995768
test,13888,1,0.185947
test,13889,1,0.996610
test,13890,1,0.928539
test,13891,1,0.996996
test,13892,1,0.994760
test,13893,1,0.996858
test,13894,1,0.997048
test,13895,1,0.992568
test,13896,1,0.970632
test,13897,1,0.996663
test,13898,1,0.997311
test,13899,1,0.995142
test,13900,1,0.996406
test,13901,1,0.996427
test,13902,1,0.997296
test,13903,1,0.988863
test,13904,1,0.994940
test,13905,1,0.997389
test,13906,1,0.997204
test,13907,1,0.993359
test,13908,1,0.981022
test,13909,1,0.988949
test,13910,1,0.997215
test,13911,1,0.996846
test,13912,1,0.993423
test,13913,1,0.997030
test,13914,1,0.997748
test,13915,1,0.997686
test,13916,1,0.997513
test,13917,1,0.993759
test,13918,1,0.996024
test,13919,1,0.996656
test,13920,1,0.995263
test,13921,1,0.996116
test,13922,1,0.997459
test,13923,1,0.995161
test,13924,1,0.989034
test,13925,1,0.995969
test,13926,1,0.997210
test,13927,1,0.995768
test,13928,1,0.989632
test,13929,1,0.947186
test,13930,1,0.985524
test,13931,1,0.994214
test,13932,1,0.982048
test,13933,1,0.990821
test,13934,1,0.238462
test,13935,1,0.982322
test,13936,1,0.992510
test,13937,1,0.994180
test,13938,1,0.995336
test,13939,1,0.996530
test,13940,1,0.010881
test,13941,1,0.995817
test,13942,1,0.061933
test,13943,1,0.846006
test,13944,1,0.968141
test,13945,1,0.922412
test,13946,1,0.989450
test,13947,1,0.996637
test,13948,1,0.992364
test,13949,1,0.994270
test,13950,1,0.996523
test,13951,1,0.988799
test,13952,1,0.996740
test,13953,1,0.996496
test,13954,1,0.997264
test,13955,1,0.996597
test,13956,1,0.997025
test,13957,1,0.076408
test,13958,1,0.993686
test,13959,1,0.997659
test,13960,1,0.996663
test,13961,1,0.995834
test,13962,1,0.996777
test,13963,1,0.019757
test,13964,1,0.995363
test,13965,1,0.995652
test,13966,1,0.996047
test,13967,1,0.993867
test,13968,1,0.987448
test,13969,1,0.977883
test,13970,1,0.990366
test,13971,1,0.994488
test,13972,1,0.995076
test,13973,1,0.994031
test,13974,1,0.991373
test,13975,1,0.964085
test,13976,1,0.997368
test,13977,1,0.996227
test,13978,1,0.988492
test,13979,1,0.976378
test,13980,1,0.993242
test,13981,1,0.996307
test,13982,1,0.994594
test,13983,1,0.997226
test,13984,1,0.995609
test,13985,1,0.997030
test,13986,1,0.007938
test,13987,1,0.996031
test,13988,1,0.997626
test,13989,1,0.996846
test,13990,1,0.997248
test,13991,1,0.993110
test,13992,1,0.012289
test,13993,1,0.986520
test,13994,1,0.997337
test,13995,1,0.178956
test,13996,1,0.996434
test,13997,1,0.994646
test,13998,1,0.034326
test,13999,1,0.946941
test,14000,1,0.993673
test,14001,1,0.996249
test,14002,1,0.997399
test,14003,1,0.997042
test,14004,1,0.996570
test,14005,1,0.997404
test,14006,1,0.988992
test,14007,1,0.197677
test,14008,1,0.997617
test,14009,1,0.997093
test,14010,1,0.997399
test,14011,1,0.994477
test,14012,1,0.012625
test,14013,1,0.995497
test,14014,1,0.979938
test,14015,1,0.996070
test,14016,1,0.996031
test,14017,1,0.996643
test,14018,1,0.993867
test,14019,1,0.990178
test,14020,1,0.990178
test,14021,1,0.990178
test,14022,1,0.132234
test,14023,1,0.996978
test,14024,1,0.996643
test,14025,1,0.997199
test,14026,1,0.996264
test,14027,1,0.020725
test,14028,1,0.990404
test,14029,1,0.996441
test,14030,1,0.963575
test,14031,1,0.997761
test,14032,1,0.997296
test,14033,1,0.983101
test,14034,1,0.996689
test,14035,1,0.997138
test,14036,1,0.990660
test,14037,1,0.993985
test,14038,1,0.997269
test,14039,1,0.834204
test,14040,1,0.992725
test,14041,1,0.991571
test,14042,1,0.996510
test,14043,1,0.997194
test,14044,1,0.997155
test,14045,1,0.995768
test,14046,1,0.997337
test,14047,1,0.997469
test,14048,1,0.980729
test,14049,1,0.994790
test,14050,1,0.997527
test,14051,1,0.990422
test,14052,1,0.995817
test,14053,1,0.882984
test,14054,1,0.996371
test,14055,1,0.996544
test,14056,1,0.997071
test,14057,1,0.996256
test,14058,1,0.997532
test,14059,1,0.995523
test,14060,1,0.996256
test,14061,1,0.997444
test,14062,1,0.995744
test,14063,1,0.989531
test,14064,1,0.047825
test,14065,1,0.924824
test,14066,1,0.985963
test,14067,1,0.925162
test,14068,1,0.988380
test,14069,1,0.992393
test,14070,1,0.991859
test,14071,1,0.107578
test,14072,1,0.997636
test,14073,1,0.996176
test,14074,1,0.996597
test,14075,1,0.991439
test,14076,1,0.996637
test,14077,1,0.986178
test,14078,1,0.996190
test,14079,1,0.958924
test,14080,1,0.986623
test,14081,1,0.048858
test,14082,1,0.013716
test,14083,1,0.993819
test,14084,1,0.996123
test,14085,1,0.997215
test,14086,1,0.995626
test,14087,1,0.987782
test,14088,1,0.990821
test,14089,1,0.996123
test,14090,1,0.996907
test,14091,1,0.987055
test,14092,1,0.948394
test,14093,1,0.997479
test,14094,1,0.980319
test,14095,1,0.996643
test,14096,1,0.050237
test,14097,1,0.995532
test,14098,1,0.989692
test,14099,1,0.996777
test,14100,1,0.006944
test,14101,1,0.586286
test,14102,1,0.990422
test,14103,1,0.996343
test,14104,1,0.995993
test,14105,1,0.996701
test,14106,1,0.997133
test,14107,1,0.997613
test,14108,1,0.997532
test,14109,1,0.995652
test,14110,1,0.997194
test,14111,1,0.982014
test,14112,1,0.965020
test,14113,1,0.929504
test,14114,1,0.948537
test,14115,1,0.939471
test,14116,1,0.992062
test,14117,1,0.019382
test,14118,1,0.510558
test,14119,1,0.995095
test,14120,1,0.840521
test,14121,1,0.163913
test,14122,1,0.010632
test,14123,1,0.925095
test,14124,1,0.995626
test,14125,1,0.978651
test,14126,1,0.994488
test,14127,1,0.997311
test,14128,1,0.996227
test,14129,1,0.995882
test,14130,1,0.995609
test,14131,1,0.996931
test,14132,1,0.006615
test,14133,1,0.996864
test,14134,1,0.995532
test,14135,1,0.997210
test,14136,1,0.993281
test,14137,1,0.996937
test,14138,1,0.995540
test,14139,1,0.997444
test,14140,1,0.997695
test,14141,1,0.997264
test,14142,1,0.992668
test,14143,1,0.996153
test,14144,1,0.997542
test,14145,1,0.995462
test,14146,1,0.996966
test,14147,1,0.997469
test,14148,1,0.994157
test,14149,1,0.996364
test,14150,1,0.992668
test,14151,1,0.994214
test,14152,1,0.997194
test,14153,1,0.997242
test,14154,1,0.776623
test,14155,1,0.997242
test,14156,1,0.994531
test,14157,1,0.059592
test,14158,1,0.996462
test,14159,1,0.995523
test,14160,1,0.997622
test,14161,1,0.995151
test,14162,1,0.997048
test,14163,1,0.995809
test,14164,1,0.751511
test,14165,1,0.993110
test,14166,1,0.983085
test,14167,1,0.993698
test,14168,1,0.996590
test,14169,1,0.994573
test,14170,1,0.995354
test,14171,1,0.984956
test,14172,1,0.981311
test,14173,1,0.996047
test,14174,1,0.996503
test,14175,1,0.991339
test,14176,1,0.092196
test,14177,1,0.216508
test,14178,1,0.423056
test,14179,1,0.993499
test,14180,1,0.996954
test,14181,1,0.943295
test,14182,1,0.993926
test,14183,1,0.994729
test,14184,1,0.995532
test,14185,1,0.997735
test,14186,1,0.997537
test,14187,1,0.995170
test,14188,1,0.997708
test,14189,1,0.987179
test,14190,1,0.983660
test,14191,1,0.997155
test,14192,1,0.997353
test,14193,1,0.996153
test,14194,1,0.996085
test,14195,1,0.961425
test,14196,1,0.984635
test,14197,1,0.992961
test,14198,1,0.997327
test,14199,1,0.997649
test,14200,1,0.997116
test,14201,1,0.994325
test,14202,1,0.997348
test,14203,1,0.996901
test,14204,1,0.995890
test,14205,1,0.994281
test,14206,1,0.540128
test,14207,1,0.996220
test,14208,1,0.997093
test,14209,1,0.996894
test,14210,1,0.021308
test,14211,1,0.997668
test,14212,1,0.204978
test,14213,1,0.996008
test,14214,1,0.996523
test,14215,1,0.996557
test,14216,1,0.996078
test,14217,1,0.993891
test,14218,1,0.942665
test,14219,1,0.993599
test,14220,1,0.995372
test,14221,1,0.994677
test,14222,1,0.995601
test,14223,1,0.995618
test,14224,1,0.995969
test,14225,1,0.041462
test,14226,1,0.996469
test,14227,1,0.996000
test,14228,1,0.997358
test,14229,1,0.989572
test,14230,1,0.992739
test,14231,1,0.996314
test,14232,1,0.995047
test,14233,1,0.997695
test,14234,1,0.997071
test,14235,1,0.996777
test,14236,1,0.994940
test,14237,1,0.997317
test,14238,1,0.996131
test,14239,1,0.992379
test,14240,1,0.988222
test,14241,1,0.996322
test,14242,1,0.997013
test,14243,1,0.996329
test,14244,1,0.042009
test,14245,1,0.993150
test,14246,1,0.990768
test,14247,1,0.802556
test,14248,1,0.023599
test,14249,1,0.983940
test,14250,1,0.991406
test,14251,1,0.995702
test,14252,1,0.995961
test,14253,1,0.974435
test,14254,1,0.989223
test,14255,1,0.413981
test,14256,1,0.942823
test,14257,1,0.995842
test,14258,1,0.992077
test,14259,1,0.965152
test,14260,1,0.991015
test,14261,1,0.996676
test,14262,1,0.997088
test,14263,1,0.932883
test,14264,1,0.995834
test,14265,1,0.997116
test,14266,1,0.966569
test,14267,1,0.997343
test,14268,1,0.997787
test,14269,1,0.997672
test,14270,1,0.997409
test,14271,1,0.992851
test,14272,1,0.041618
test,14273,1,0.988580
test,14274,1,0.993599
test,14275,1,0.994594
test,14276,1,0.997337
test,14277,1,0.995085
test,14278,1,0.996656
test,14279,1,0.997301
test,14280,1,0.996100
test,14281,1,0.996695
test,14282,1,0.997337
test,14283,1,0.996293
test,14284,1,0.994870
test,14285,1,0.996960
test,14286,1,0.993996
test,14287,1,0.296960
test,14288,1,0.738480
test,14289,1,0.995914
test,14290,1,0.996378
test,14291,1,0.864196
test,14292,1,0.997761
test,14293,1,0.994594
test,14294,1,0.997373
test,14295,1,0.980949
test,14296,1,0.037857
test,14297,1,0.994520
test,14298,1,0.935876
test,14299,1,0.986442
test,14300,1,0.969985
test,14301,1,0.990910
test,14302,1,0.994531
test,14303,1,0.843509
test,14304,1,0.991356
test,14305,1,0.122209
test,14306,1,0.828384
test,14307,1,0.994698
test,14308,1,0.995752
test,14309,1,0.997059
test,14310,1,0.003305
test,14311,1,0.008125
test,14312,1,0.995685
test,14313,1,0.996689
test,14314,1,0.989055
test,14315,1,0.993879
test,14316,1,0.582788
test,14317,1,0.022694
test,14318,1,0.993189
test,14319,1,0.995858
test,14320,1,0.997105
test,14321,1,0.996357
test,14322,1,0.995345
test,14323,1,0.996960
test,14324,1,0.989161
test,14325,1,0.997172
test,14326,1,0.864196
test,14327,1,0.995300
test,14328,1,0.995826
test,14329,1,0.981927
test,14330,1,0.073830
test,14331,1,0.683314
test,14332,1,0.973645
test,14333,1,0.996350
test,14334,1,0.207054
test,14335,1,0.995826
test,14336,1,0.569692
test,14337,1,0.993487
test,14338,1,0.993549
test,14339,1,0.992640
test,14340,1,0.997424
test,14341,1,0.997161
test,14342,1,0.996093
test,14343,1,0.947721
test,14344,1,0.997099
test,14345,1,0.997523
test,14346,1,0.910704
test,14347,1,0.997561
test,14348,1,0.997172
test,14349,1,0.010987
test,14350,1,0.995977
test,14351,1,0.996441
test,14352,1,0.996537
test,14353,1,0.994989
test,14354,1,0.995104
test,14355,1,0.952838
test,14356,1,0.997695
test,14357,1,0.996834
test,14358,1,0.995318
test,14359,1,0.995435
test,14360,1,0.997399
test,14361,1,0.996314
test,14362,1,0.997613
test,14363,1,0.997242
test,14364,1,0.997527
test,14365,1,0.997439
test,14366,1,0.997116
test,14367,1,0.997792
test,14368,1,0.993096
test,14369,1,0.996827
test,14370,1,0.997570
test,14371,1,0.997589
test,14372,1,0.996802
test,14373,1,0.997527
test,14374,1,0.996721
test,14375,1,0.997699
test,14376,1,0.996070
test,14377,1,0.997659
test,14378,1,0.997659
test,14379,1,0.997065
test,14380,1,0.997248
test,14381,1,0.996876
test,14382,1,0.995817
test,14383,1,0.996790
test,14384,1,0.997054
test,14385,1,0.997527
test,14386,1,0.996960
test,14387,1,0.997013
test,14388,1,0.997409
test,14389,1,0.993281
test,14390,1,0.997127
test,14391,1,0.997183
test,14392,1,0.996496
test,14393,1,0.997677
test,14394,1,0.997274
test,14395,1,0.997708
test,14396,1,0.996809
test,14397,1,0.996024
test,14398,1,0.994369
test,14399,1,0.997155
test,14400,1,0.997809
test,14401,1,0.996008
test,14402,1,0.996894
test,14403,1,0.997527
test,14404,1,0.987782
test,14405,1,0.997290
test,14406,1,0.996937
test,14407,1,0.997722
test,14408,1,0.997513
test,14409,1,0.996503
test,14410,1,0.997285
test,14411,1,0.994499
test,14412,1,0.995866
test,14413,1,0.997527
test,14414,1,0.997285
test,14415,1,0.027195
test,14416,1,0.748720
test,14417,1,0.988016
test,14418,1,0.995549
test,14419,1,0.993242
test,14420,1,0.996617
test,14421,1,0.996858
test,14422,1,0.997394
test,14423,1,0.997232
test,14424,1,0.989531
test,14425,1,0.995254
test,14426,1,0.223631
test,14427,1,0.997155
test,14428,1,0.997575
test,14429,1,0.997221
test,14430,1,0.253630
test,14431,1,0.995702
test,14432,1,0.995961
test,14433,1,0.933552
test,14434,1,0.988690
test,14435,1,0.996093
test,14436,1,0.996496
test,14437,1,0.997317
test,14438,1,0.996590
test,14439,1,0.996293
test,14440,1,0.995938
test,14441,1,0.990064
test,14442,1,0.996650
test,14443,1,0.997379
test,14444,1,0.857709
test,14445,1,0.997013
test,14446,1,0.997177
test,14447,1,0.993268
test,14448,1,0.997199
test,14449,1,0.996590
test,14450,1,0.996590
test,14451,1,0.996949
test,14452,1,0.997343
test,14453,1,0.974092
test,14454,1,0.990732
test,14455,1,0.996070
test,14456,1,0.995626
test,14457,1,0.997025
test,14458,1,0.997503
test,14459,1,0.997172
test,14460,1,0.997469
test,14461,1,0.991764
test,14462,1,0.996183
test,14463,1,0.995993
test,14464,1,0.994520
test,14465,1,0.648383
test,14466,1,0.953923
test,14467,1,0.996441
test,14468,1,0.978794
test,14469,1,0.994749
test,14470,1,0.943348
test,14471,1,0.996227
test,14472,1,0.937840
test,14473,1,0.994615
test,14474,1,0.993759
test,14475,1,0.987592
test,14476,1,0.996943
test,14477,1,0.994391
test,14478,1,0.969091
test,14479,1,0.997172
test,14480,1,0.503839
test,14481,1,0.996161
test,14482,1,0.994402
test,14483,1,0.773473
test,14484,1,0.993083
test,14485,1,0.992379
test,14486,1,0.984767
test,14487,1,0.994605
test,14488,1,0.997343
test,14489,1,0.997301
test,14490,1,0.997434
test,14491,1,0.996336
test,14492,1,0.995198
test,14493,1,0.995170
test,14494,1,0.994989
test,14495,1,0.987253
test,14496,1,0.994584
test,14497,1,0.997690
test,14498,1,0.992016
test,14499,1,0.985524
test,14500,1,0.082846
test,14501,1,0.996809
test,14502,1,0.996085
test,14503,1,0.997332
test,14504,1,0.991406
test,14505,1,0.988820
test,14506,1,0.997429
test,14507,1,0.996350
test,14508,1,0.860721
test,14509,1,0.997584
test,14510,1,0.996907
test,14511,1,0.996771
test,14512,1,0.997626
test,14513,1,0.950180
test,14514,1,0.923730
test,14515,1,0.298134
test,14516,1,0.996406
test,14517,1,0.982790
test,14518,1,0.995345
test,14519,1,0.997306
test,14520,1,0.993123
test,14521,1,0.996752
test,14522,1,0.992753
test,14523,1,0.943086
test,14524,1,0.987005
test,14525,1,0.997348
test,14526,1,0.993216
test,14527,1,0.989389
test,14528,1,0.974288
test,14529,1,0.993397
test,14530,1,0.997561
test,14531,1,0.994180
test,14532,1,0.399123
test,14533,1,0.909023
test,14534,1,0.996815
test,14535,1,0.997532
test,14536,1,0.997822
test,14537,1,0.997327
test,14538,1,0.577227
test,14539,1,0.996108
test,14540,1,0.991373
test,14541,1,0.996093
test,14542,1,0.996714
test,14543,1,0.995898
test,14544,1,0.994615
test,14545,1,0.115063
test,14546,1,0.996858
test,14547,1,0.991684
test,14548,1,0.996482
test,14549,1,0.995685
test,14550,1,0.997570
test,14551,1,0.997071
test,14552,1,0.983134
test,14553,1,0.995047
test,14554,1,0.974190
test,14555,1,0.996510
test,14556,1,0.981595
test,14557,1,0.951863
test,14558,1,0.994100
test,14559,1,0.990945
test,14560,1,0.982372
test,14561,1,0.997077
test,14562,1,0.916633
test,14563,1,0.145479
test,14564,1,0.297674
test,14565,1,0.004905
test,14566,1,0.997343
test,14567,1,0.984738
test,14568,1,0.996085
test,14569,1,0.997744
test,14570,1,0.997626
test,14571,1,0.851459
test,14572,1,0.997518
test,14573,1,0.997508
test,14574,1,0.997704
test,14575,1,0.990348
test,14576,1,0.016340
test,14577,1,0.988335
test,14578,1,0.995426
test,14579,1,0.886125
test,14580,1,0.994531
test,14581,1,0.994860
test,14582,1,0.036016
test,14583,1,0.887595
test,14584,1,0.997556
test,14585,1,0.966976
test,14586,1,0.997337
test,14587,1,0.993819
test,14588,1,0.908618
test,14589,1,0.978031
test,14590,1,0.996070
test,14591,1,0.992319
test,14592,1,0.996990
test,14593,1,0.008316
test,14594,1,0.996695
test,14595,1,0.997317
test,14596,1,0.997036
test,14597,1,0.993281
test,14598,1,0.997384
test,14599,1,0.996024
test,14600,1,0.996024
test,14601,1,0.997566
test,14602,1,0.997454
test,14603,1,0.996584
test,14604,1,0.996978
test,14605,1,0.996570
test,14606,1,0.997668
test,14607,1,0.995850
test,14608,1,0.997065
test,14609,1,0.996752
test,14610,1,0.992906
test,14611,1,0.996954
test,14612,1,0.986310
test,14613,1,0.992906
test,14614,1,0.997116
test,14615,1,0.906405
test,14616,1,0.982100
test,14617,1,0.981418
test,14618,1,0.996846
test,14619,1,0.997575
test,14620,1,0.994488
test,14621,1,0.997030
test,14622,1,0.979453
test,14623,1,0.995752
test,14624,1,0.924620
test,14625,1,0.997285
test,14626,1,0.989889
test,14627,1,0.925027
test,14628,1,0.995056
test,14629,1,0.996138
test,14630,1,0.965835
test,14631,1,0.997498
test,14632,1,0.996530
test,14633,1,0.994749
test,14634,1,0.997532
test,14635,1,0.996996
test,14636,1,0.997622
test,14637,1,0.996937
test,14638,1,0.987853
test,14639,1,0.992319
test,14640,1,0.924073
test,14641,1,0.997551
test,14642,1,0.996771
test,14643,1,0.996796
test,14644,1,0.997007
test,14645,1,0.997695
test,14646,1,0.994520
test,14647,1,0.997264
test,14648,1,0.992892
test,14649,1,0.996108
test,14650,1,0.062560
test,14651,1,0.027822
test,14652,1,0.996815
test,14653,1,0.199932
test,14654,1,0.996695
test,14655,1,0.995180
test,14656,1,0.996597
test,14657,1,0.995488
test,14658,1,0.934155
test,14659,1,0.984605
test,14660,1,0.996235
test,14661,1,0.997603
test,14662,1,0.997280
test,14663,1,0.944434
test,14664,1,0.996864
test,14665,1,0.997439
test,14666,1,0.993686
test,14667,1,0.996746
test,14668,1,0.933431
test,14669,1,0.952264
test,14670,1,0.995826
test,14671,1,0.996176
test,14672,1,0.993474
test,14673,1,0.997177
test,14674,1,0.996966
test,14675,1,0.985186
test,14676,1,0.569826
test,14677,1,0.996503
test,14678,1,0.997594
test,14679,1,0.986585
test,14680,1,0.997054
test,14681,1,0.997301
test,14682,1,0.994615
test,14683,1,0.995954
test,14684,1,0.996590
test,14685,1,0.997424
test,14686,1,0.997809
test,14687,1,0.995470
test,14688,1,0.996183
test,14689,1,0.991153
test,14690,1,0.959875
test,14691,1,0.994880
test,14692,1,0.997584
test,14693,1,0.996047
test,14694,1,0.996637
test,14695,1,0.996256
test,14696,1,0.997306
test,14697,1,0.996062
test,14698,1,0.989347
test,14699,1,0.988470
test,14700,1,0.993973
test,14701,1,0.997681
test,14702,1,0.997570
test,14703,1,0.961498
test,14704,1,0.997613
test,14705,1,0.997373
test,14706,1,0.997770
test,14707,1,0.997474
test,14708,1,0.995817
test,14709,1,0.996870
test,14710,1,0.994270
test,14711,1,0.996846
test,14712,1,0.997779
test,14713,1,0.994552
test,14714,1,0.997019
test,14715,1,0.994292
test,14716,1,0.995272
test,14717,1,0.994488
test,14718,1,0.997232
test,14719,1,0.993268
test,14720,1,0.996434
test,14721,1,0.997677
test,14722,1,0.997479
test,14723,1,0.997007
test,14724,1,0.997122
test,14725,1,0.985468
test,14726,1,0.997199
test,14727,1,0.997322
test,14728,1,0.996870
test,14729,1,0.995643
test,14730,1,0.996689
test,14731,1,0.994989
test,14732,1,0.995685
test,14733,1,0.996530
test,14734,1,0.995417
test,14735,1,0.992568
test,14736,1,0.928409
test,14737,1,0.874881
test,14738,1,0.996821
test,14739,1,0.936401
test,14740,1,0.992554
test,14741,1,0.994270
test,14742,1,0.985271
test,14743,1,0.996357
test,14744,1,0.986017
test,14745,1,0.996271
test,14746,1,0.996695
test,14747,1,0.989286
test,14748,1,0.943243
test,14749,1,0.965835
test,14750,1,0.045863
test,14751,1,0.994434
test,14752,1,0.993136
test,14753,1,0.991587
test,14754,1,0.996123
test,14755,1,0.996392
test,14756,1,0.974362
test,14757,1,0.996264
test,14758,1,0.997088
test,14759,1,0.996070
test,14760,1,0.996972
test,14761,1,0.996752
test,14762,1,0.996557
test,14763,1,0.996093
test,14764,1,0.997204
test,14765,1,0.997025
test,14766,1,0.996864
test,14767,1,0.996427
test,14768,1,0.883437
test,14769,1,0.905490
test,14770,1,0.992334
test,14771,1,0.957158
test,14772,1,0.997537
test,14773,1,0.997622
test,14774,1,0.996966
test,14775,1,0.997144
test,14776,1,0.997617
test,14777,1,0.997082
test,14778,1,0.996852
test,14779,1,0.995946
test,14780,1,0.996523
test,14781,1,0.996821
test,14782,1,0.996966
test,14783,1,0.997469
test,14784,1,0.996062
test,14785,1,0.997358
test,14786,1,0.995727
test,14787,1,0.996176
test,14788,1,0.996413
test,14789,1,0.997744
test,14790,1,0.994880
test,14791,1,0.997537
test,14792,1,0.991652
test,14793,1,0.996039
test,14794,1,0.996876
test,14795,1,0.995685
test,14796,1,0.837620
test,14797,1,0.990102
test,14798,1,0.004774
test,14799,1,0.993996
test,14800,1,0.993056
test,14801,1,0.962778
test,14802,1,0.995309
test,14803,1,0.555820
test,14804,1,0.993574
test,14805,1,0.010130
test,14806,1,0.996300
test,14807,1,0.931774
test,14808,1,0.997172
test,14809,1,0.980986
test,14810,1,0.997488
test,14811,1,0.995930
test,14812,1,0.996630
test,14813,1,0.024168
test,14814,1,0.995977
test,14815,1,0.995938
test,14816,1,0.994191
test,14817,1,0.996420
test,14818,1,0.995104
test,14819,1,0.996213
test,14820,1,0.989909
test,14821,1,0.068040
test,14822,1,0.966092
test,14823,1,0.996894
test,14824,1,0.790449
test,14825,1,0.996406
test,14826,1,0.994920
test,14827,1,0.997264
test,14828,1,0.606732
test,14829,1,0.996695
test,14830,1,0.950088
test,14831,1,0.997122
test,14832,1,0.997617
test,14833,1,0.991067
test,14834,1,0.899475
test,14835,1,0.997783
test,14836,1,0.997464
test,14837,1,0.997617
test,14838,1,0.997584
test,14839,1,0.995685
test,14840,1,0.986853
test,14841,1,0.997617
test,14842,1,0.996858
test,14843,1,0.996496
test,14844,1,0.996846
test,14845,1,0.997459
test,14846,1,0.997166
test,14847,1,0.997226
test,14848,1,0.997290
test,14849,1,0.991571
test,14850,1,0.996701
test,14851,1,0.996721
test,14852,1,0.913677
test,14853,1,0.996364
test,14854,1,0.996455
test,14855,1,0.995890
test,14856,1,0.995161
test,14857,1,0.997248
test,14858,1,0.996840
test,14859,1,0.995291
test,14860,1,0.696165
test,14861,1,0.989986
test,14862,1,0.046595
test,14863,1,0.924620
test,14864,1,0.994325
test,14865,1,0.994667
test,14866,1,0.036357
test,14867,1,0.995133
test,14868,1,0.996371
test,14869,1,0.997274
test,14870,1,0.992139
test,14871,1,0.995866
test,14872,1,0.993819
test,14873,1,0.985909
test,14874,1,0.996864
test,14875,1,0.995309
test,14876,1,0.988842
test,14877,1,0.904144
test,14878,1,0.994112
test,14879,1,0.705886
test,14880,1,0.991322
test,14881,1,0.994910
test,14882,1,0.996604
test,14883,1,0.970268
test,14884,1,0.036769
test,14885,1,0.996078
test,14886,1,0.995558
test,14887,1,0.995161
test,14888,1,0.995922
test,14889,1,0.996462
test,14890,1,0.997242
test,14891,1,0.994688
test,14892,1,0.994998
test,14893,1,0.997019
test,14894,1,0.997608
test,14895,1,0.997822
test,14896,1,0.997172
test,14897,1,0.997584
test,14898,1,0.997327
test,14899,1,0.997464
test,14900,1,0.995752
test,14901,1,0.996937
test,14902,1,0.791821
test,14903,1,0.995453
test,14904,1,0.996131
test,14905,1,0.303009
test,14906,1,0.982254
test,14907,1,0.994434
test,14908,1,0.997133
test,14909,1,0.997566
test,14910,1,0.995985
test,14911,1,0.997242
test,14912,1,0.970240
test,14913,1,0.021760
test,14914,1,0.996108
test,14915,1,0.987277
test,14916,1,0.996293
test,14917,1,0.996314
test,14918,1,0.607212
test,14919,1,0.994402
test,14920,1,0.997474
test,14921,1,0.995336
test,14922,1,0.995993
test,14923,1,0.997434
test,14924,1,0.994998
test,14925,1,0.997082
test,14926,1,0.995180
test,14927,1,0.996784
test,14928,1,0.996882
test,14929,1,0.994488
test,14930,1,0.996322
test,14931,1,0.123948
test,14932,1,0.996530
test,14933,1,0.996307
test,14934,1,0.996070
test,14935,1,0.996557
test,14936,1,0.869049
test,14937,1,0.996682
test,14938,1,0.996990
test,14939,1,0.993996
test,14940,1,0.996462
test,14941,1,0.997503
test,14942,1,0.996031
test,14943,1,0.995768
test,14944,1,0.843638
test,14945,1,0.901227
test,14946,1,0.997570
test,14947,1,0.996949
test,14948,1,0.997659
test,14949,1,0.997358
test,14950,1,0.987302
test,14951,1,0.994739
test,14952,1,0.989223
test,14953,1,0.996343
test,14954,1,0.958924
test,14955,1,0.369315
test,14956,1,0.975296
test,14957,1,0.997414
test,14958,1,0.996882
test,14959,1,0.995208
test,14960,1,0.023735
test,14961,1,0.995946
test,14962,1,0.972779
test,14963,1,0.800146
test,14964,1,0.997726
test,14965,1,0.994820
test,14966,1,0.907558
test,14967,1,0.997232
test,14968,1,0.997459
test,14969,1,0.997253
test,14970,1,0.997617
test,14971,1,0.997322
test,14972,1,0.699460
test,14973,1,0.996496
test,14974,1,0.938576
test,14975,1,0.968620
test,14976,1,0.996300
test,14977,1,0.797714
test,14978,1,0.987688
test,14979,1,0.997542
test,14980,1,0.997617
test,14981,1,0.992906
test,14982,1,0.992697
test,14983,1,0.985828
test,14984,1,0.996544
test,14985,1,0.997150
test,14986,1,0.997561
test,14987,1,0.996190
test,14988,1,0.996286
test,14989,1,0.997065
test,14990,1,0.996643
test,14991,1,0.996448
test,14992,1,0.994100
test,14993,1,0.996656
test,14994,1,0.995066
test,14995,1,0.996008
test,14996,1,0.996864
test,14997,1,0.974239
test,14998,1,0.983069
test,14999,1,0.996759
test,15000,1,0.992554
test,15001,1,0.048631
test,15002,1,0.995532
test,15003,1,0.980949
test,15004,1,0.913830
test,15005,1,0.996399
test,15006,1,0.997311
test,15007,1,0.783243
test,15008,1,0.997542
test,15009,1,0.996530
test,15010,1,0.796292
test,15011,1,0.983909
test,15012,1,0.917967
test,15013,1,0.983423
test,15014,1,0.996894
test,15015,1,0.994043
test,15016,1,0.996821
test,15017,1,0.995677
test,15018,1,0.988712
test,15019,1,0.514745
test,15020,1,0.996008
test,15021,1,0.996146
test,15022,1,0.997817
test,15023,1,0.996630
test,15024,1,0.997248
test,15025,1,0.989389
test,15026,1,0.930521
test,15027,1,0.996537
test,15028,1,0.997358
test,15029,1,0.993320
test,15030,1,0.995985
test,15031,1,0.995842
test,15032,1,0.996434
test,15033,1,0.997337
test,15034,1,0.997622
test,15035,1,0.997493
test,15036,1,0.997317
test,15037,1,0.997188
test,15038,1,0.997556
test,15039,1,0.987664
test,15040,1,0.996399
test,15041,1,0.997518
test,15042,1,0.997532
test,15043,1,0.996350
test,15044,1,0.948632
test,15045,1,0.868660
test,15046,1,0.997449
test,15047,1,0.989592
test,15048,1,0.997424
test,15049,1,0.997337
test,15050,1,0.997527
test,15051,1,0.996643
test,15052,1,0.997253
test,15053,1,0.996894
test,15054,1,0.992539
test,15055,1,0.988108
test,15056,1,0.992481
test,15057,1,0.990732
test,15058,1,0.997194
test,15059,1,0.997194
test,15060,1,0.997404
test,15061,1,0.996901
test,15062,1,0.997077
test,15063,1,0.997059
test,15064,1,0.996610
test,15065,1,0.997449
test,15066,1,0.996937
test,15067,1,0.997317
test,15068,1,0.993759
test,15069,1,0.996286
test,15070,1,0.997226
test,15071,1,0.895614
test,15072,1,0.903209
test,15073,1,0.690611
test,15074,1,0.983691
test,15075,1,0.996901
test,15076,1,0.989034
test,15077,1,0.993015
test,15078,1,0.994636
test,15079,1,0.985963
test,15080,1,0.661103
test,15081,1,0.996870
test,15082,1,0.996834
test,15083,1,0.996978
test,15084,1,0.995685
test,15085,1,0.997274
test,15086,1,0.631367
test,15087,1,0.997631
test,15088,1,0.986494
test,15089,1,0.988492
test,15090,1,0.997161
test,15091,1,0.996796
test,15092,1,0.981347
test,15093,1,0.008711
test,15094,1,0.683947
test,15095,1,0.969266
test,15096,1,0.997348
test,15097,1,0.994880
test,15098,1,0.995977
test,15099,1,0.997327
test,15100,1,0.973594
test,15101,1,0.994563
test,15102,1,0.997589
test,15103,1,0.997414
test,15104,1,0.997454
test,15105,1,0.996827
test,15106,1,0.997311
test,15107,1,0.997348
test,15108,1,0.994089
test,15109,1,0.036016
test,15110,1,0.996669
test,15111,1,0.993612
test,15112,1,0.994225
test,15113,1,0.997348
test,15114,1,0.996100
test,15115,1,0.996919
test,15116,1,0.596066
test,15117,1,0.997527
test,15118,1,0.997713
test,15119,1,0.997640
test,15120,1,0.997668
test,15121,1,0.997414
test,15122,1,0.980710
test,15123,1,0.992304
test,15124,1,0.997099
test,15125,1,0.980224
test,15126,1,0.996000
test,15127,1,0.984124
test,15128,1,0.078148
test,15129,1,0.990750
test,15130,1,0.905573
test,15131,1,0.054601
test,15132,1,0.948585
test,15133,1,0.996689
test,15134,1,0.994880
test,15135,1,0.988492
test,15136,1,0.951051
test,15137,1,0.985773
test,15138,1,0.052376
test,15139,1,0.997317
test,15140,1,0.993735
test,15141,1,0.042603
test,15142,1,0.996852
test,15143,1,0.042325
test,15144,1,0.513851
test,15145,1,0.997007
test,15146,1,0.008882
test,15147,1,0.996708
test,15148,1,0.024775
test,15149,1,0.997527
test,15150,1,0.994657
test,15151,1,0.996570
test,15152,1,0.961786
test,15153,1,0.986363
test,15154,1,0.992334
test,15155,1,0.996190
test,15156,1,0.996876
test,15157,1,0.993423
test,15158,1,0.992304
test,15159,1,0.004332
test,15160,1,0.996809
test,15161,1,0.996000
test,15162,1,0.996336
test,15163,1,0.997498
test,15164,1,0.986726
test,15165,1,0.996385
test,15166,1,0.995660
test,15167,1,0.989652
test,15168,1,0.993996
test,15169,1,0.997071
test,15170,1,0.993436
test,15171,1,0.996544
test,15172,1,0.997301
test,15173,1,0.996510
test,15174,1,0.866923
test,15175,1,0.991472
test,15176,1,0.034004
test,15177,1,0.996544
test,15178,1,0.997659
test,15179,1,0.040541
test,15180,1,0.993698
test,15181,1,0.996846
test,15182,1,0.997424
test,15183,1,0.995282
test,15184,1,0.990678
test,15185,1,0.992823
test,15186,1,0.993710
test,15187,1,0.993410
test,15188,1,0.963609
test,15189,1,0.995488
test,15190,1,0.992047
test,15191,1,0.997290
test,15192,1,0.906073
test,15193,1,0.996695
test,15194,1,0.995954
test,15195,1,0.996070
test,15196,1,0.995914
test,15197,1,0.995702
test,15198,1,0.997358
test,15199,1,0.997280
test,15200,1,0.986098
test,15201,1,0.996220
test,15202,1,0.997172
test,15203,1,0.996161
test,15204,1,0.996919
test,15205,1,0.996489
test,15206,1,0.994800
test,15207,1,0.995514
test,15208,1,0.005566
test,15209,1,0.981453
test,15210,1,0.994667
test,15211,1,0.997237
test,15212,1,0.993938
test,15213,1,0.997695
test,15214,1,0.997464
test,15215,1,0.997269
test,15216,1,0.997424
test,15217,1,0.997306
test,15218,1,0.996846
test,15219,1,0.992668
test,15220,1,0.996840
test,15221,1,0.996441
test,15222,1,0.973088
test,15223,1,0.072834
test,15224,1,0.996846
test,15225,1,0.997570
test,15226,1,0.994810
test,15227,1,0.997527
test,15228,1,0.118538
test,15229,1,0.995435
test,15230,1,0.996913
test,15231,1,0.996544
test,15232,1,0.997434
test,15233,1,0.994969
test,15234,1,0.996852
test,15235,1,0.996821
test,15236,1,0.988992
test,15237,1,0.995993
test,15238,1,0.987592
test,15239,1,0.994890
test,15240,1,0.995263
test,15241,1,0.985746
test,15242,1,0.990962
test,15243,1,0.996343
test,15244,1,0.992865
test,15245,1,0.983738
test,15246,1,0.996537
test,15247,1,0.996746
test,15248,1,0.996676
test,15249,1,0.997138
test,15250,1,0.997122
test,15251,1,0.997626
test,15252,1,0.997150
test,15253,1,0.996901
test,15254,1,0.974845
test,15255,1,0.997454
test,15256,1,0.980487
test,15257,1,0.996131
test,15258,1,0.768733
test,15259,1,0.959649
test,15260,1,0.997327
test,15261,1,0.996913
test,15262,1,0.996623
test,15263,1,0.994423
test,15264,1,0.995161
test,15265,1,0.922412
test,15266,1,0.996901
test,15267,1,0.996894
test,15268,1,0.997589
test,15269,1,0.995914
test,15270,1,0.065009
test,15271,1,0.935935
test,15272,1,0.997654
test,15273,1,0.009634
test,15274,1,0.748812
test,15275,1,0.995018
test,15276,1,0.993673
test,15277,1,0.994325
test,15278,1,0.997414
test,15279,1,0.982339
test,15280,1,0.996656
test,15281,1,0.997088
test,15282,1,0.997138
test,15283,1,0.996062
test,15284,1,0.992379
test,15285,1,0.019569
test,15286,1,0.943348
test,15287,1,0.996249
test,15288,1,0.996676
test,15289,1,0.976802
test,15290,1,0.990786
test,15291,1,0.989034
test,15292,1,0.977371
test,15293,1,0.992154
test,15294,1,0.993242
test,15295,1,0.992154
test,15296,1,0.450057
test,15297,1,0.996198
test,15298,1,0.987829
test,15299,1,0.997622
test,15300,1,0.978364
test,15301,1,0.997384
test,15302,1,0.997469
test,15303,1,0.997155
test,15304,1,0.996544
test,15305,1,0.994445
test,15306,1,0.997774
test,15307,1,0.994054
test,15308,1,0.993042
test,15309,1,0.997077
test,15310,1,0.997036
test,15311,1,0.992809
test,15312,1,0.989572
test,15313,1,0.980015
test,15314,1,0.996399
test,15315,1,0.989850
test,15316,1,0.996482
test,15317,1,0.997672
test,15318,1,0.997248
test,15319,1,0.996727
test,15320,1,0.995719
test,15321,1,0.047958
test,15322,1,0.996530
test,15323,1,0.996919
test,15324,1,0.893681
test,15325,1,0.995801
test,15326,1,0.997518
test,15327,1,0.133754
test,15328,1,0.020804
test,15329,1,0.996420
test,15330,1,0.997001
test,15331,1,0.988820
test,15332,1,0.977241
test,15333,1,0.965738
test,15334,1,0.995226
test,15335,1,0.982624
test,15336,1,0.993973
test,15337,1,0.964689
test,15338,1,0.995601
test,15339,1,0.997474
test,15340,1,0.997327
test,15341,1,0.991422
test,15342,1,0.995914
test,15343,1,0.997025
test,15344,1,0.040769
test,15345,1,0.997166
test,15346,1,0.996637
test,15347,1,0.990821
test,15348,1,0.996689
test,15349,1,0.996925
test,15350,1,0.014159
test,15351,1,0.996827
test,15352,1,0.519350
test,15353,1,0.995336
test,15354,1,0.968321
test,15355,1,0.988820
test,15356,1,0.996802
test,15357,1,0.997122
test,15358,1,0.993673
test,15359,1,0.997322
test,15360,1,0.997025
test,15361,1,0.994369
test,15362,1,0.996000
test,15363,1,0.997527
test,15364,1,0.975878
test,15365,1,0.997761
test,15366,1,0.997248
test,15367,1,0.996802
test,15368,1,0.995161
test,15369,1,0.997654
test,15370,1,0.997677
test,15371,1,0.996617
test,15372,1,0.995226
test,15373,1,0.994369
test,15374,1,0.997280
test,15375,1,0.985691
test,15376,1,0.997434
test,15377,1,0.997013
test,15378,1,0.996870
test,15379,1,0.995727
test,15380,1,0.251326
test,15381,1,0.975202
test,15382,1,0.192463
test,15383,1,0.941654
test,15384,1,0.986726
test,15385,1,0.652878
test,15386,1,0.996771
test,15387,1,0.995085
test,15388,1,0.363421
test,15389,1,0.882022
test,15390,1,0.991153
test,15391,1,0.996708
test,15392,1,0.996016
test,15393,1,0.995027
test,15394,1,0.041462
test,15395,1,0.025155
test,15396,1,0.076546
test,15397,1,0.984002
test,15398,1,0.072703
test,15399,1,0.996271
test,15400,1,0.996322
test,15401,1,0.997013
test,15402,1,0.994800
test,15403,1,0.995969
test,15404,1,0.995985
test,15405,1,0.994780
test,15406,1,0.946990
test,15407,1,0.215764
test,15408,1,0.996378
test,15409,1,0.995969
test,15410,1,0.996420
test,15411,1,0.569030
test,15412,1,0.994552
test,15413,1,0.602588
test,15414,1,0.994959
test,15415,1,0.997532
test,15416,1,0.024516
test,15417,1,0.036631
test,15418,1,0.997766
test,15419,1,0.983150
test,15420,1,0.996584
test,15421,1,0.996610
test,15422,1,0.997404
test,15423,1,0.986777
test,15424,1,0.996765
test,15425,1,0.994510
test,15426,1,0.997150
test,15427,1,0.997077
test,15428,1,0.993002
test,15429,1,0.996623
test,15430,1,0.044890
test,15431,1,0.005809
test,15432,1,0.995549
test,15433,1,0.995858
test,15434,1,0.996570
test,15435,1,0.982889
test,15436,1,0.925230
test,15437,1,0.993372
test,15438,1,0.996876
test,15439,1,0.996448
test,15440,1,0.005190
test,15441,1,0.996630
test,15442,1,0.933975
test,15443,1,0.687630
test,15444,1,0.997258
test,15445,1,0.996852
test,15446,1,0.996919
test,15447,1,0.996550
test,15448,1,0.030301
test,15449,1,0.997429
test,15450,1,0.994066
test,15451,1,0.997527
test,15452,1,0.996809
test,15453,1,0.996489
test,15454,1,0.929696
test,15455,1,0.987946
test,15456,1,0.987829
test,15457,1,0.996427
test,15458,1,0.997379
test,15459,1,0.992169
test,15460,1,0.962673
test,15461,1,0.993029
test,15462,1,0.997122
test,15463,1,0.991305
test,15464,1,0.994615
test,15465,1,0.941654
test,15466,1,0.997204
test,15467,1,0.997183
test,15468,1,0.994800
test,15469,1,0.995752
test,15470,1,0.997695
test,15471,1,0.994270
test,15472,1,0.996530
test,15473,1,0.997155
test,15474,1,0.997659
test,15475,1,0.997713
test,15476,1,0.997199
test,15477,1,0.318008
test,15478,1,0.995027
test,15479,1,0.726959
test,15480,1,0.997025
test,15481,1,0.980562
test,15482,1,0.997269
test,15483,1,0.994445
test,15484,1,0.994969
test,15485,1,0.988016
test,15486,1,0.997194
test,15487,1,0.006004
test,15488,1,0.997527
test,15489,1,0.996623
test,15490,1,0.993083
test,15491,1,0.987568
test,15492,1,0.993624
test,15493,1,0.991406
test,15494,1,0.997285
test,15495,1,0.994445
test,15496,1,0.997194
test,15497,1,0.997580
test,15498,1,0.997532
test,15499,1,0.030416
test,15500,1,0.994236
test,15501,1,0.874507
test,15502,1,0.996682
test,15503,1,0.992611
test,15504,1,0.997542
test,15505,1,0.016593
test,15506,1,0.996190
test,15507,1,0.995768
test,15508,1,0.989430
test,15509,1,0.996840
test,15510,1,0.997704
test,15511,1,0.997019
test,15512,1,0.996205
test,15513,1,0.933127
test,15514,1,0.991389
test,15515,1,0.912514
test,15516,1,0.875787
test,15517,1,0.252522
test,15518,1,0.103386
test,15519,1,0.996876
test,15520,1,0.997150
test,15521,1,0.996796
test,15522,1,0.994423
test,15523,1,0.996434
test,15524,1,0.990478
test,15525,1,0.996834
test,15526,1,0.987923
test,15527,1,0.997343
test,15528,1,0.983182
test,15529,1,0.997566
test,15530,1,0.463520
test,15531,1,0.996530
test,15532,1,0.996870
test,15533,1,0.997237
test,15534,1,0.972125
test,15535,1,0.997368
test,15536,1,0.997613
test,15537,1,0.997274
test,15538,1,0.991636
test,15539,1,0.997215
test,15540,1,0.996530
test,15541,1,0.989592
test,15542,1,0.995898
test,15543,1,0.997348
test,15544,1,0.996530
test,15545,1,0.997439
test,15546,1,0.994698
test,15547,1,0.608798
test,15548,1,0.994336
test,15549,1,0.996796
test,15550,1,0.019087
test,15551,1,0.026557
test,15552,1,0.994698
test,15553,1,0.608798
test,15554,1,0.997523
test,15555,1,0.996752
test,15556,1,0.996630
test,15557,1,0.996138
test,15558,1,0.987424
test,15559,1,0.992711
test,15560,1,0.997343
test,15561,1,0.997439
test,15562,1,0.997127
test,15563,1,0.995890
test,15564,1,0.997348
test,15565,1,0.997561
test,15566,1,0.997183
test,15567,1,0.997389
test,15568,1,0.995801
test,15569,1,0.997429
test,15570,1,0.980053
test,15571,1,0.996740
test,15572,1,0.997166
test,15573,1,0.996343
test,15574,1,0.997242
test,15575,1,0.648800
test,15576,1,0.990962
test,15577,1,0.997122
test,15578,1,0.997399
test,15579,1,0.994112
test,15580,1,0.995558
test,15581,1,0.997093
test,15582,1,0.996913
test,15583,1,0.997613
test,15584,1,0.890342
test,15585,1,0.997237
test,15586,1,0.920433
test,15587,1,0.997042
test,15588,1,0.997172
test,15589,1,0.996176
test,15590,1,0.997144
test,15591,1,0.997155
test,15592,1,0.997144
test,15593,1,0.996996
test,15594,1,0.994830
test,15595,1,0.995702
test,15596,1,0.996689
test,15597,1,0.997177
test,15598,1,0.958809
test,15599,1,0.996550
test,15600,1,0.957873
test,15601,1,0.996996
test,15602,1,0.994979
test,15603,1,0.997358
test,15604,1,0.996399
test,15605,1,0.979977
test,15606,1,0.994281
test,15607,1,0.995652
test,15608,1,0.009615
test,15609,1,0.987496
test,15610,1,0.987496
test,15611,1,0.009615
test,15612,1,0.994949
test,15613,1,0.994520
test,15614,1,0.996740
test,15615,1,0.989791
test,15616,1,0.996894
test,15617,1,0.991305
test,15618,1,0.993891
test,15619,1,0.996300
test,15620,1,0.997640
test,15621,1,0.996972
test,15622,1,0.997105
test,15623,1,0.997686
test,15624,1,0.995961
test,15625,1,0.997640
test,15626,1,0.996821
test,15627,1,0.997636
test,15628,1,0.270866
test,15629,1,0.996740
test,15630,1,0.996293
test,15631,1,0.992062
test,15632,1,0.997150
test,15633,1,0.997036
test,15634,1,0.995151
test,15635,1,0.994688
test,15636,1,0.996227
test,15637,1,0.996733
test,15638,1,0.994488
test,15639,1,0.996901
test,15640,1,0.997155
test,15641,1,0.997513
test,15642,1,0.980839
test,15643,1,0.989450
test,15644,1,0.959459
test,15645,1,0.993795
test,15646,1,0.992583
test,15647,1,0.997172
test,15648,1,0.993487
test,15649,1,0.987782
test,15650,1,0.996278
test,15651,1,0.996846
test,15652,1,0.996978
test,15653,1,0.988949
test,15654,1,0.996656
test,15655,1,0.997739
test,15656,1,0.994180
test,15657,1,0.989811
test,15658,1,0.996448
test,15659,1,0.997327
test,15660,1,0.997110
test,15661,1,0.997116
test,15662,1,0.995898
test,15663,1,0.996286
test,15664,1,0.997527
test,15665,1,0.995575
test,15666,1,0.985215
test,15667,1,0.993448
test,15668,1,0.045353
test,15669,1,0.960842
test,15670,1,0.994552
test,15671,1,0.964623
test,15672,1,0.993056
test,15673,1,0.993176
test,15674,1,0.987399
test,15675,1,0.986442
test,15676,1,0.976758
test,15677,1,0.997752
test,15678,1,0.986389
test,15679,1,0.800692
test,15680,1,0.992510
test,15681,1,0.009888
test,15682,1,0.996146
test,15683,1,0.997172
test,15684,1,0.678380
test,15685,1,0.996784
test,15686,1,0.997105
test,15687,1,0.995198
test,15688,1,0.994969
test,15689,1,0.995123
test,15690,1,0.996462
test,15691,1,0.995245
test,15692,1,0.997498
test,15693,1,0.997645
test,15694,1,0.996503
test,15695,1,0.960137
test,15696,1,0.996469
test,15697,1,0.996858
test,15698,1,0.995660
test,15699,1,0.997404
test,15700,1,0.991748
test,15701,1,0.995372
test,15702,1,0.996870
test,15703,1,0.993448
test,15704,1,0.997663
test,15705,1,0.986468
test,15706,1,0.997296
test,15707,1,0.019587
test,15708,1,0.997503
test,15709,1,0.994369
test,15710,1,0.056029
test,15711,1,0.996517
test,15712,1,0.977905
test,15713,1,0.980450
test,15714,1,0.994169
test,15715,1,0.996271
test,15716,1,0.890008
test,15717,1,0.993487
test,15718,1,0.996623
test,15719,1,0.980167
test,15720,1,0.992016
test,15721,1,0.997232
test,15722,1,0.997454
test,15723,1,0.987005
test,15724,1,0.995037
test,15725,1,0.947381
test,15726,1,0.993771
test,15727,1,0.997199
test,15728,1,0.997739
test,15729,1,0.997122
test,15730,1,0.992865
test,15731,1,0.997379
test,15732,1,0.996235
test,15733,1,0.997110
test,15734,1,0.996882
test,15735,1,0.973770
test,15736,1,0.997144
test,15737,1,0.995245
test,15738,1,0.997523
test,15739,1,0.991255
test,15740,1,0.996047
test,15741,1,0.995037
test,15742,1,0.995226
test,15743,1,0.996846
test,15744,1,0.996752
test,15745,1,0.995291
test,15746,1,0.957397
test,15747,1,0.997547
test,15748,1,0.997599
test,15749,1,0.996727
test,15750,1,0.996759
test,15751,1,0.996727
test,15752,1,0.993281
test,15753,1,0.996925
test,15754,1,0.942348
test,15755,1,0.997166
test,15756,1,0.997332
test,15757,1,0.997172
test,15758,1,0.996039
test,15759,1,0.992668
test,15760,1,0.995914
test,15761,1,0.996925
test,15762,1,0.994626
test,15763,1,0.996858
test,15764,1,0.997464
test,15765,1,0.995027
test,15766,1,0.996931
test,15767,1,0.995635
test,15768,1,0.994646
test,15769,1,0.996399
test,15770,1,0.997138
test,15771,1,0.995372
test,15772,1,0.995462
test,15773,1,0.990178
test,15774,1,0.997116
test,15775,1,0.996357
test,15776,1,0.996943
test,15777,1,0.997306
test,15778,1,0.997248
test,15779,1,0.996350
test,15780,1,0.950960
test,15781,1,0.995309
test,15782,1,0.997464
test,15783,1,0.995217
test,15784,1,0.997019
test,15785,1,0.995575
test,15786,1,0.933005
test,15787,1,0.993307
test,15788,1,0.996116
test,15789,1,0.997274
test,15790,1,0.559019
test,15791,1,0.996864
test,15792,1,0.995505
test,15793,1,0.996176
test,15794,1,0.996682
test,15795,1,0.997434
test,15796,1,0.997672
test,15797,1,0.992947
test,15798,1,0.991322
test,15799,1,0.995977
test,15800,1,0.997704
test,15801,1,0.997677
test,15802,1,0.996689
test,15803,1,0.996913
test,15804,1,0.096110
test,15805,1,0.997348
test,15806,1,0.997065
test,15807,1,0.997389
test,15808,1,0.997523
test,15809,1,0.997617
test,15810,1,0.996427
test,15811,1,0.997177
test,15812,1,0.997065
test,15813,1,0.997317
test,15814,1,0.993015
test,15815,1,0.997306
test,15816,1,0.997110
test,15817,1,0.997561
test,15818,1,0.997686
test,15819,1,0.996802
test,15820,1,0.996864
test,15821,1,0.997444
test,15822,1,0.997071
test,15823,1,0.993831
test,15824,1,0.997474
test,15825,1,0.996740
test,15826,1,0.997082
test,15827,1,0.997493
test,15828,1,0.997327
test,15829,1,0.995643
test,15830,1,0.995858
test,15831,1,0.984664
test,15832,1,0.997327
test,15833,1,0.996623
test,15834,1,0.119665
test,15835,1,0.997327
test,15836,1,0.993710
test,15837,1,0.997479
test,15838,1,0.997561
test,15839,1,0.997631
test,15840,1,0.997479
test,15841,1,0.993783
test,15842,1,0.992947
test,15843,1,0.996510
test,15844,1,0.994667
test,15845,1,0.984276
test,15846,1,0.964119
test,15847,1,0.995309
test,15848,1,0.996740
test,15849,1,0.996714
test,15850,1,0.997210
test,15851,1,0.997547
test,15852,1,0.996055
test,15853,1,0.997001
test,15854,1,0.994657
test,15855,1,0.995669
test,15856,1,0.997584
test,15857,1,0.996100
test,15858,1,0.983940
test,15859,1,0.994445
test,15860,1,0.992334
test,15861,1,0.997484
test,15862,1,0.980894
test,15863,1,0.787441
test,15864,1,0.996213
test,15865,1,0.992139
test,15866,1,0.995914
test,15867,1,0.996777
test,15868,1,0.074973
test,15869,1,0.996378
test,15870,1,0.995575
test,15871,1,0.768560
test,15872,1,0.928214
test,15873,1,0.997766
test,15874,1,0.997532
test,15875,1,0.994900
test,15876,1,0.997498
test,15877,1,0.996062
test,15878,1,0.997488
test,15879,1,0.997551
test,15880,1,0.997594
test,15881,1,0.993996
test,15882,1,0.997399
test,15883,1,0.987129
test,15884,1,0.996990
test,15885,1,0.994247
test,15886,1,0.996954
test,15887,1,0.995444
test,15888,1,0.997434
test,15889,1,0.997774
test,15890,1,0.996198
test,15891,1,0.995444
test,15892,1,0.997464
test,15893,1,0.978855
test,15894,1,0.989306
test,15895,1,0.997551
test,15896,1,0.997065
test,15897,1,0.997603
test,15898,1,0.997717
test,15899,1,0.997474
test,15900,1,0.997337
test,15901,1,0.997809
test,15902,1,0.995354
test,15903,1,0.995354
test,15904,1,0.996617
test,15905,1,0.988885
test,15906,1,0.996300
test,15907,1,0.011245
test,15908,1,0.973342
test,15909,1,0.963541
test,15910,1,0.995549
test,15911,1,0.992047
test,15912,1,0.990083
test,15913,1,0.017543
test,15914,1,0.068475
test,15915,1,0.981185
test,15916,1,0.943452
test,15917,1,0.997253
test,15918,1,0.996138
test,15919,1,0.962391
test,15920,1,0.136206
test,15921,1,0.997019
test,15922,1,0.996809
test,15923,1,0.996827
test,15924,1,0.988885
test,15925,1,0.993759
test,15926,1,0.993029
test,15927,1,0.974629
test,15928,1,0.983940
test,15929,1,0.996085
test,15930,1,0.996329
test,15931,1,0.995180
test,15932,1,0.995008
test,15933,1,0.995946
test,15934,1,0.997626
test,15935,1,0.964321
test,15936,1,0.995669
test,15937,1,0.995826
test,15938,1,0.997059
test,15939,1,0.521410
test,15940,1,0.996286
test,15941,1,0.991700
test,15942,1,0.985746
test,15943,1,0.996489
test,15944,1,0.942188
test,15945,1,0.992988
test,15946,1,0.996821
test,15947,1,0.996523
test,15948,1,0.995198
test,15949,1,0.986494
test,15950,1,0.803328
test,15951,1,0.703499
test,15952,1,0.994688
test,15953,1,0.993831
test,15954,1,0.997264
test,15955,1,0.993735
test,15956,1,0.841631
test,15957,1,0.997488
test,15958,1,0.996852
test,15959,1,0.996530
test,15960,1,0.991015
test,15961,1,0.997594
test,15962,1,0.986803
test,15963,1,0.941169
test,15964,1,0.585516
test,15965,1,0.997177
test,15966,1,0.997204
test,15967,1,0.997183
test,15968,1,0.995161
test,15969,1,0.909987
test,15970,1,0.991456
test,15971,1,0.988016
test,15972,1,0.996530
test,15973,1,0.996949
test,15974,1,0.997332
test,15975,1,0.984215
test,15976,1,0.996888
test,15977,1,0.995336
test,15978,1,0.275032
test,15979,1,0.995123
test,15980,1,0.996314
test,15981,1,0.989511
test,15982,1,0.991238
test,15983,1,0.301876
test,15984,1,0.992349
test,15985,1,0.996913
test,15986,1,0.994270
test,15987,1,0.990839
test,15988,1,0.989409
test,15989,1,0.025468
test,15990,1,0.994840
test,15991,1,0.026734
test,15992,1,0.993281
test,15993,1,0.994292
test,15994,1,0.994708
test,15995,1,0.992437
test,15996,1,0.996931
test,15997,1,0.995785
test,15998,1,0.997663
test,15999,1,0.989830
test,16000,1,0.996701
test,16001,1,0.995390
test,16002,1,0.995532
test,16003,1,0.990696
test,16004,1,0.995752
test,16005,1,0.997368
test,16006,1,0.997007
test,16007,1,0.995114
test,16008,1,0.996264
test,16009,1,0.976935
test,16010,1,0.992496
test,16011,1,0.996420
test,16012,1,0.997194
test,16013,1,0.407333
test,16014,1,0.995626
test,16015,1,0.996448
test,16016,1,0.989592
test,16017,1,0.993255
test,16018,1,0.996462
test,16019,1,0.996123
test,16020,1,0.995095
test,16021,1,0.997177
test,16022,1,0.996637
test,16023,1,0.980413
test,16024,1,0.993176
test,16025,1,0.996392
test,16026,1,0.996183
test,16027,1,0.969353
test,16028,1,0.995189
test,16029,1,0.997296
test,16030,1,0.997556
test,16031,1,0.996307
test,16032,1,0.997065
test,16033,1,0.996469
test,16034,1,0.997285
test,16035,1,0.995961
test,16036,1,0.995372
test,16037,1,0.025785
test,16038,1,0.996901
test,16039,1,0.709120
test,16040,1,0.059976
test,16041,1,0.994499
test,16042,1,0.989531
test,16043,1,0.996530
test,16044,1,0.097476
test,16045,1,0.997348
test,16046,1,0.985215
test,16047,1,0.996637
test,16048,1,0.192843
test,16049,1,0.991389
test,16050,1,0.959039
test,16051,1,0.992423
test,16052,1,0.996996
test,16053,1,0.989409
test,16054,1,0.968411
test,16055,1,0.997248
test,16056,1,0.997608
test,16057,1,0.997469
test,16058,1,0.264169
test,16059,1,0.995066
test,16060,1,0.997527
test,16061,1,0.269999
test,16062,1,0.997290
test,16063,1,0.986572
test,16064,1,0.913907
test,16065,1,0.997672
test,16066,1,0.997434
test,16067,1,0.992047
test,16068,1,0.997459
test,16069,1,0.997668
test,16070,1,0.997752
test,16071,1,0.997210
test,16072,1,0.997343
test,16073,1,0.447996
test,16074,1,0.997770
test,16075,1,0.997787
test,16076,1,0.996278
test,16077,1,0.994157
test,16078,1,0.997337
test,16079,1,0.997813
test,16080,1,0.997722
test,16081,1,0.997631
test,16082,1,0.996413
test,16083,1,0.997770
test,16084,1,0.993096
test,16085,1,0.997744
test,16086,1,0.996990
test,16087,1,0.997042
test,16088,1,0.996314
test,16089,1,0.995817
test,16090,1,0.985496
test,16091,1,0.011642
test,16092,1,0.997464
test,16093,1,0.997343
test,16094,1,0.996314
test,16095,1,0.997636
test,16096,1,0.988177
test,16097,1,0.969324
test,16098,1,0.997306
test,16099,1,0.997088
test,16100,1,0.054752
test,16101,1,0.996637
test,16102,1,0.997210
test,16103,1,0.997498
test,16104,1,0.996864
test,16105,1,0.968411
test,16106,1,0.984456
test,16107,1,0.985691
test,16108,1,0.996510
test,16109,1,0.997532
test,16110,1,0.996695
test,16111,1,0.997787
test,16112,1,0.997556
test,16113,1,0.995969
test,16114,1,0.996476
test,16115,1,0.997082
test,16116,1,0.996489
test,16117,1,0.997498
test,16118,1,0.997348
test,16119,1,0.996656
test,16120,1,0.993320
test,16121,1,0.992334
test,16122,1,0.997394
test,16123,1,0.995336
test,16124,1,0.997007
test,16125,1,0.993783
test,16126,1,0.992626
test,16127,1,0.995381
test,16128,1,0.934395
test,16129,1,0.995444
test,16130,1,0.995291
test,16131,1,0.997363
test,16132,1,0.997704
test,16133,1,0.997099
test,16134,1,0.997570
test,16135,1,0.997575
test,16136,1,0.034068
test,16137,1,0.997493
test,16138,1,0.993831
test,16139,1,0.997551
test,16140,1,0.996894
test,16141,1,0.996721
test,16142,1,0.997731
test,16143,1,0.997783
test,16144,1,0.997589
test,16145,1,0.995076
test,16146,1,0.995850
test,16147,1,0.983085
test,16148,1,0.996523
test,16149,1,0.997274
test,16150,1,0.979036
test,16151,1,0.974117
test,16152,1,0.021927
test,16153,1,0.005831
test,16154,1,0.843638
test,16155,1,0.997296
test,16156,1,0.997332
test,16157,1,0.997469
test,16158,1,0.939304
test,16159,1,0.996590
test,16160,1,0.997645
test,16161,1,0.997409
test,16162,1,0.997221
test,16163,1,0.997424
test,16164,1,0.957477
test,16165,1,0.993461
test,16166,1,0.996537
test,16167,1,0.996550
test,16168,1,0.983020
test,16169,1,0.971456
test,16170,1,0.996031
test,16171,1,0.995226
test,16172,1,0.994180
test,16173,1,0.917672
test,16174,1,0.899475
test,16175,1,0.004746
test,16176,1,0.997484
test,16177,1,0.996116
test,16178,1,0.995399
test,16179,1,0.995236
test,16180,1,0.996759
test,16181,1,0.997735
test,16182,1,0.996663
test,16183,1,0.997429
test,16184,1,0.997649
test,16185,1,0.937612
test,16186,1,0.990216
test,16187,1,0.996031
test,16188,1,0.996623
test,16189,1,0.996827
test,16190,1,0.986416
test,16191,1,0.992016
test,16192,1,0.330421
test,16193,1,0.997603
test,16194,1,0.997399
test,16195,1,0.994191
test,16196,1,0.992437
test,16197,1,0.996901
test,16198,1,0.997613
test,16199,1,0.996630
test,16200,1,0.997384
test,16201,1,0.997105
test,16202,1,0.996564
test,16203,1,0.995514
test,16204,1,0.997404
test,16205,1,0.997166
test,16206,1,0.997672
test,16207,1,0.997584
test,16208,1,0.996960
test,16209,1,0.997498
test,16210,1,0.997739
test,16211,1,0.996937
test,16212,1,0.997542
test,16213,1,0.995566
test,16214,1,0.996650
test,16215,1,0.997508
test,16216,1,0.991603
test,16217,1,0.997774
test,16218,1,0.996364
test,16219,1,0.995809
test,16220,1,0.996821
test,16221,1,0.972493
test,16222,1,0.995906
test,16223,1,0.993661
test,16224,1,0.827550
test,16225,1,0.996943
test,16226,1,0.997258
test,16227,1,0.995809
test,16228,1,0.010923
test,16229,1,0.996727
test,16230,1,0.988602
test,16231,1,0.994358
test,16232,1,0.996496
test,16233,1,0.970240
test,16234,1,0.997105
test,16235,1,0.995583
test,16236,1,0.996695
test,16237,1,0.858363
test,16238,1,0.996517
test,16239,1,0.120026
test,16240,1,0.033243
test,16241,1,0.011778
test,16242,1,0.997603
test,16243,1,0.996815
test,16244,1,0.996966
test,16245,1,0.778313
test,16246,1,0.974821
test,16247,1,0.995008
test,16248,1,0.126407
test,16249,1,0.996623
test,16250,1,0.013058
test,16251,1,0.833053
test,16252,1,0.997065
test,16253,1,0.294418
test,16254,1,0.989791
test,16255,1,0.993867
test,16256,1,0.995660
test,16257,1,0.995104
test,16258,1,0.993649
test,16259,1,0.995626
test,16260,1,0.972571
test,16261,1,0.992199
test,16262,1,0.974386
test,16263,1,0.997237
test,16264,1,0.995123
test,16265,1,0.996695
test,16266,1,0.845624
test,16267,1,0.990178
test,16268,1,0.996777
test,16269,1,0.992934
test,16270,1,0.995735
test,16271,1,0.986979
test,16272,1,0.988425
test,16273,1,0.993176
test,16274,1,0.994949
test,16275,1,0.997459
test,16276,1,0.997155
test,16277,1,0.995677
test,16278,1,0.992123
test,16279,1,0.992184
test,16280,1,0.989389
test,16281,1,0.989140
test,16282,1,0.993661
test,16283,1,0.980431
test,16284,1,0.994969
test,16285,1,0.993537
test,16286,1,0.019890
test,16287,1,0.930458
test,16288,1,0.992199
test,16289,1,0.995540
test,16290,1,0.996733
test,16291,1,0.397441
test,16292,1,0.264263
test,16293,1,0.563498
test,16294,1,0.997744
test,16295,1,0.938011
test,16296,1,0.996790
test,16297,1,0.046163
test,16298,1,0.995453
test,16299,1,0.994157
test,16300,1,0.997177
test,16301,1,0.960842
test,16302,1,0.990821
test,16303,1,0.995263
test,16304,1,0.996176
test,16305,1,0.880489
test,16306,1,0.732783
test,16307,1,0.993938
test,16308,1,0.955940
test,16309,1,0.997631
test,16310,1,0.997631
test,16311,1,0.996978
test,16312,1,0.993042
test,16313,1,0.904144
test,16314,1,0.997368
test,16315,1,0.996966
test,16316,1,0.995444
test,16317,1,0.991339
test,16318,1,0.995381
test,16319,1,0.036357
test,16320,1,0.996617
test,16321,1,0.992568
test,16322,1,0.996870
test,16323,1,0.997054
test,16324,1,0.996413
test,16325,1,0.054249
test,16326,1,0.995874
test,16327,1,0.996643
test,16328,1,0.996827
test,16329,1,0.997570
test,16330,1,0.991289
test,16331,1,0.996482
test,16332,1,0.995635
test,16333,1,0.994840
test,16334,1,0.988016
test,16335,1,0.984811
test,16336,1,0.997695
test,16337,1,0.997269
test,16338,1,0.997717
test,16339,1,0.997686
test,16340,1,0.992289
test,16341,1,0.993574
test,16342,1,0.994520
test,16343,1,0.952086
test,16344,1,0.979609
test,16345,1,0.996434
test,16346,1,0.997019
test,16347,1,0.995408
test,16348,1,0.997699
test,16349,1,0.982541
test,16350,1,0.997690
test,16351,1,0.997672
test,16352,1,0.997735
test,16353,1,0.996476
test,16354,1,0.997248
test,16355,1,0.997479
test,16356,1,0.997274
test,16357,1,0.995470
test,16358,1,0.996205
test,16359,1,0.768646
test,16360,1,0.996996
test,16361,1,0.995977
test,16362,1,0.015336
test,16363,1,0.965446
test,16364,1,0.985115
test,16365,1,0.855851
test,16366,1,0.993537
test,16367,1,0.997474
test,16368,1,0.993436
test,16369,1,0.984869
test,16370,1,0.996943
test,16371,1,0.986205
test,16372,1,0.975390
test,16373,1,0.994969
test,16374,1,0.994423
test,16375,1,0.993574
test,16376,1,0.775095
test,16377,1,0.994719
test,16378,1,0.995677
test,16379,1,0.982757
test,16380,1,0.995076
test,16381,1,0.186465
test,16382,1,0.986929
test,16383,1,0.967625
test,16384,1,0.994770
test,16385,1,0.991652
test,16386,1,0.846831
test,16387,1,0.996392
test,16388,1,0.991603
test,16389,1,0.995898
test,16390,1,0.995866
test,16391,1,0.994347
test,16392,1,0.940626
test,16393,1,0.967163
test,16394,1,0.026582
test,16395,1,0.939415
test,16396,1,0.997161
test,16397,1,0.955486
test,16398,1,0.995435
test,16399,1,0.994358
test,16400,1,0.997399
test,16401,1,0.966569
test,16402,1,0.992654
test,16403,1,0.997414
test,16404,1,0.991764
test,16405,1,0.996931
test,16406,1,0.997166
test,16407,1,0.997717
test,16408,1,0.997459
test,16409,1,0.997399
test,16410,1,0.996213
test,16411,1,0.994940
test,16412,1,0.993189
test,16413,1,0.997368
test,16414,1,0.993136
test,16415,1,0.994270
test,16416,1,0.996919
test,16417,1,0.997311
test,16418,1,0.992934
test,16419,1,0.996695
test,16420,1,0.996815
test,16421,1,0.996434
test,16422,1,0.212968
test,16423,1,0.997726
test,16424,1,0.377225
test,16425,1,0.934035
test,16426,1,0.996733
test,16427,1,0.992554
test,16428,1,0.994488
test,16429,1,0.997221
test,16430,1,0.994959
test,16431,1,0.996577
test,16432,1,0.996462
test,16433,1,0.049727
test,16434,1,0.956350
test,16435,1,0.995914
test,16436,1,0.997274
test,16437,1,0.994413
test,16438,1,0.996093
test,16439,1,0.996966
test,16440,1,0.995236
test,16441,1,0.997498
test,16442,1,0.994413
test,16443,1,0.997177
test,16444,1,0.997274
test,16445,1,0.997575
test,16446,1,0.850593
test,16447,1,0.977629
test,16448,1,0.997030
test,16449,1,0.995282
test,16450,1,0.996919
test,16451,1,0.996213
test,16452,1,0.997622
test,16453,1,0.997188
test,16454,1,0.996943
test,16455,1,0.926570
test,16456,1,0.997133
test,16457,1,0.996937
test,16458,1,0.997566
test,16459,1,0.996482
test,16460,1,0.912436
test,16461,1,0.995444
test,16462,1,0.996960
test,16463,1,0.994347
test,16464,1,0.984985
test,16465,1,0.985882
test,16466,1,0.990857
test,16467,1,0.997617
test,16468,1,0.994615
test,16469,1,0.997434
test,16470,1,0.997093
test,16471,1,0.997001
test,16472,1,0.995793
test,16473,1,0.986178
test,16474,1,0.016818
test,16475,1,0.996650
test,16476,1,0.997054
test,16477,1,0.995444
test,16478,1,0.995272
test,16479,1,0.995180
test,16480,1,0.996972
test,16481,1,0.996085
test,16482,1,0.914673
test,16483,1,0.996399
test,16484,1,0.996864
test,16485,1,0.909827
test,16486,1,0.986165
test,16487,1,0.989491
test,16488,1,0.996350
test,16489,1,0.997093
test,16490,1,0.996399
test,16491,1,0.994434
test,16492,1,0.994434
test,16493,1,0.997036
test,16494,1,0.994031
test,16495,1,0.997622
test,16496,1,0.964221
test,16497,1,0.988624
test,16498,1,0.993914
test,16499,1,0.991422
test,16500,1,0.990696
test,16501,1,0.996227
test,16502,1,0.942665
test,16503,1,0.044142
test,16504,1,0.997054
test,16505,1,0.996406
test,16506,1,0.996314
test,16507,1,0.997713
test,16508,1,0.997599
test,16509,1,0.997575
test,16510,1,0.989672
test,16511,1,0.065128
test,16512,1,0.304145
test,16513,1,0.997488
test,16514,1,0.996777
test,16515,1,0.997508
test,16516,1,0.997449
test,16517,1,0.984694
test,16518,1,0.996085
test,16519,1,0.997532
test,16520,1,0.996777
test,16521,1,0.997518
test,16522,1,0.994626
test,16523,1,0.997459
test,16524,1,0.997322
test,16525,1,0.996727
test,16526,1,0.997774
test,16527,1,0.992525
test,16528,1,0.995801
test,16529,1,0.996597
test,16530,1,0.986649
test,16531,1,0.988885
test,16532,1,0.990385
test,16533,1,0.994325
test,16534,1,0.996131
test,16535,1,0.996476
test,16536,1,0.997594
test,16537,1,0.997508
test,16538,1,0.997626
test,16539,1,0.997317
test,16540,1,0.975036
test,16541,1,0.991844
test,16542,1,0.996385
test,16543,1,0.979996
test,16544,1,0.975202
test,16545,1,0.997551
test,16546,1,0.997204
test,16547,1,0.997399
test,16548,1,0.997007
test,16549,1,0.055413
test,16550,1,0.547351
test,16551,1,0.997474
test,16552,1,0.997122
test,16553,1,0.994157
test,16554,1,0.996242
test,16555,1,0.996978
test,16556,1,0.023398
test,16557,1,0.039639
test,16558,1,0.995694
test,16559,1,0.208018
test,16560,1,0.995626
test,16561,1,0.997054
test,16562,1,0.994910
test,16563,1,0.997042
test,16564,1,0.997547
test,16565,1,0.985923
test,16566,1,0.997439
test,16567,1,0.983660
test,16568,1,0.996550
test,16569,1,0.996183
test,16570,1,0.996949
test,16571,1,0.996990
test,16572,1,0.667581
test,16573,1,0.997613
test,16574,1,0.996264
test,16575,1,0.892469
test,16576,1,0.997322
test,16577,1,0.996846
test,16578,1,0.997373
test,16579,1,0.996913
test,16580,1,0.971320
test,16581,1,0.991084
test,16582,1,0.994626
test,16583,1,0.996176
test,16584,1,0.994959
test,16585,1,0.995809
test,16586,1,0.994969
test,16587,1,0.995660
test,16588,1,0.996949
test,16589,1,0.774754
test,16590,1,0.993795
test,16591,1,0.991289
test,16592,1,0.975647
test,16593,1,0.997622
test,16594,1,0.996489
test,16595,1,0.992379
test,16596,1,0.996300
test,16597,1,0.018833
test,16598,1,0.996894
test,16599,1,0.872347
test,16600,1,0.996740
test,16601,1,0.987104
test,16602,1,0.997177
test,16603,1,0.108142
test,16604,1,0.993512
test,16605,1,0.994584
test,16606,1,0.993372
test,16607,1,0.991389
test,16608,1,0.992437
test,16609,1,0.996834
test,16610,1,0.997183
test,16611,1,0.922552
test,16612,1,0.950319
test,16613,1,0.995254
test,16614,1,0.631367
test,16615,1,0.996093
test,16616,1,0.996577
test,16617,1,0.995381
test,16618,1,0.993612
test,16619,1,0.994203
test,16620,1,0.966695
test,16621,1,0.117521
test,16622,1,0.995809
test,16623,1,0.104158
test,16624,1,0.994910
test,16625,1,0.994499
test,16626,1,0.955610
test,16627,1,0.021451
test,16628,1,0.626838
test,16629,1,0.949529
test,16630,1,0.996894
test,16631,1,0.996213
test,16632,1,0.206894
test,16633,1,0.989161
test,16634,1,0.006917
test,16635,1,0.989928
test,16636,1,0.997188
test,16637,1,0.994191
test,16638,1,0.996876
test,16639,1,0.996441
test,16640,1,0.930395
test,16641,1,0.994146
test,16642,1,0.989450
test,16643,1,0.996931
test,16644,1,0.994563
test,16645,1,0.997264
test,16646,1,0.978549
test,16647,1,0.990441
test,16648,1,0.996024
test,16649,1,0.995254
test,16650,1,0.995056
test,16651,1,0.985014
test,16652,1,0.995309
test,16653,1,0.996314
test,16654,1,0.994810
test,16655,1,0.997088
test,16656,1,0.918553
test,16657,1,0.996637
test,16658,1,0.996815
test,16659,1,0.997547
test,16660,1,0.997394
test,16661,1,0.995618
test,16662,1,0.996371
test,16663,1,0.996249
test,16664,1,0.979938
test,16665,1,0.997093
test,16666,1,0.997654
test,16667,1,0.985014
test,16668,1,0.995866
test,16669,1,0.009994
test,16670,1,0.973317
test,16671,1,0.994800
test,16672,1,0.996840
test,16673,1,0.003847
test,16674,1,0.995426
test,16675,1,0.996249
test,16676,1,0.997127
test,16677,1,0.988268
test,16678,1,0.966757
test,16679,1,0.994760
test,16680,1,0.997668
test,16681,1,0.997379
test,16682,1,0.997348
test,16683,1,0.952397
test,16684,1,0.994760
test,16685,1,0.846451
test,16686,1,0.994749
test,16687,1,0.997449
test,16688,1,0.997617
test,16689,1,0.996293
test,16690,1,0.997177
test,16691,1,0.996503
test,16692,1,0.997226
test,16693,1,0.992154
test,16694,1,0.994739
test,16695,1,0.159741
test,16696,1,0.996960
test,16697,1,0.997603
test,16698,1,0.995354
test,16699,1,0.996503
test,16700,1,0.996954
test,16701,1,0.974483
test,16702,1,0.997226
test,16703,1,0.997232
test,16704,1,0.997150
test,16705,1,0.995702
test,16706,1,0.995777
test,16707,1,0.985580
test,16708,1,0.996604
test,16709,1,0.918040
test,16710,1,0.990786
test,16711,1,0.981771
test,16712,1,0.996771
test,16713,1,0.997025
test,16714,1,0.997779
test,16715,1,0.997127
test,16716,1,0.687420
test,16717,1,0.997603
test,16718,1,0.997301
test,16719,1,0.957833
test,16720,1,0.974337
test,16721,1,0.005385
test,16722,1,0.997093
test,16723,1,0.996876
test,16724,1,0.996919
test,16725,1,0.988602
test,16726,1,0.983971
test,16727,1,0.395105
test,16728,1,0.996931
test,16729,1,0.156814
test,16730,1,0.996138
test,16731,1,0.997792
test,16732,1,0.030186
test,16733,1,0.902093
test,16734,1,0.011927
test,16735,1,0.995488
test,16736,1,0.994380
test,16737,1,0.997285
test,16738,1,0.012958
test,16739,1,0.105119
test,16740,1,0.992304
test,16741,1,0.995677
test,16742,1,0.994281
test,16743,1,0.995263
test,16744,1,0.541083
test,16745,1,0.996100
test,16746,1,0.996530
test,16747,1,0.995479
test,16748,1,0.720860
test,16749,1,0.996925
test,16750,1,0.997469
test,16751,1,0.996357
test,16752,1,0.067301
test,16753,1,0.997285
test,16754,1,0.034848
test,16755,1,0.026330
test,16756,1,0.997258
test,16757,1,0.996462
test,16758,1,0.158500
test,16759,1,0.086555
test,16760,1,0.995540
test,16761,1,0.975878
test,16762,1,0.994910
test,16763,1,0.938688
test,16764,1,0.994270
test,16765,1,0.994729
test,16766,1,0.995282
test,16767,1,0.993843
test,16768,1,0.996827
test,16769,1,0.995583
test,16770,1,0.996399
test,16771,1,0.997019
test,16772,1,0.994499
test,16773,1,0.992539
test,16774,1,0.003260
test,16775,1,0.997547
test,16776,1,0.995435
test,16777,1,0.996864
test,16778,1,0.996604
test,16779,1,0.969728
test,16780,1,0.996220
test,16781,1,0.986752
test,16782,1,0.996765
test,16783,1,0.994066
test,16784,1,0.997337
test,16785,1,0.969411
test,16786,1,0.992016
test,16787,1,0.717606
test,16788,1,0.996907
test,16789,1,0.846387
test,16790,1,0.996564
test,16791,1,0.997082
test,16792,1,0.996523
test,16793,1,0.011620
test,16794,1,0.996752
test,16795,1,0.997269
test,16796,1,0.987448
test,16797,1,0.996399
test,16798,1,0.996131
test,16799,1,0.997726
test,16800,1,0.606557
test,16801,1,0.992539
test,16802,1,0.997144
test,16803,1,0.996802
test,16804,1,0.997444
test,16805,1,0.997116
test,16806,1,0.993423
test,16807,1,0.995354
test,16808,1,0.922900
test,16809,1,0.996227
test,16810,1,0.989986
test,16811,1,0.995198
test,16812,1,0.989870
test,16813,1,0.996108
test,16814,1,0.994180
test,16815,1,0.988470
test,16816,1,0.997851
test,16817,1,0.997311
test,16818,1,0.996564
test,16819,1,0.995161
test,16820,1,0.996235
test,16821,1,0.991859
test,16822,1,0.995170
test,16823,1,0.017376
test,16824,1,0.993346
test,16825,1,0.996496
test,16826,1,0.904229
test,16827,1,0.987568
test,16828,1,0.927626
test,16829,1,0.986468
test,16830,1,0.997537
test,16831,1,0.980375
test,16832,1,0.070624
test,16833,1,0.985524
test,16834,1,0.991049
test,16835,1,0.996448
test,16836,1,0.996682
test,16837,1,0.996570
test,16838,1,0.173778
test,16839,1,0.906983
test,16840,1,0.987204
test,16841,1,0.996590
test,16842,1,0.996213
test,16843,1,0.994520
test,16844,1,0.996123
test,16845,1,0.996617
test,16846,1,0.986520
test,16847,1,0.986031
test,16848,1,0.994089
test,16849,1,0.996733
test,16850,1,0.985412
test,16851,1,0.996286
test,16852,1,0.969957
test,16853,1,0.995946
test,16854,1,0.997603
test,16855,1,0.996972
test,16856,1,0.997744
test,16857,1,0.996392
test,16858,1,0.996901
test,16859,1,0.997082
test,16860,1,0.997804
test,16861,1,0.006145
test,16862,1,0.995874
test,16863,1,0.995372
test,16864,1,0.995685
test,16865,1,0.995801
test,16866,1,0.964954
test,16867,1,0.996462
test,16868,1,0.986803
test,16869,1,0.993410
test,16870,1,0.997221
test,16871,1,0.995826
test,16872,1,0.993176
test,16873,1,0.826222
test,16874,1,0.988108
test,16875,1,0.997030
test,16876,1,0.849535
test,16877,1,0.994402
test,16878,1,0.996978
test,16879,1,0.995977
test,16880,1,0.997274
test,16881,1,0.997532
test,16882,1,0.126030
test,16883,1,0.995189
test,16884,1,0.292899
test,16885,1,0.996759
test,16886,1,0.995505
test,16887,1,0.992597
test,16888,1,0.996790
test,16889,1,0.996630
test,16890,1,0.996510
test,16891,1,0.992334
test,16892,1,0.997264
test,16893,1,0.996434
test,16894,1,0.996307
test,16895,1,0.992697
test,16896,1,0.996858
test,16897,1,0.975202
test,16898,1,0.996765
test,16899,1,0.996153
test,16900,1,0.997373
test,16901,1,0.984002
test,16902,1,0.995914
test,16903,1,0.997686
test,16904,1,0.046725
test,16905,1,0.996378
test,16906,1,0.995047
test,16907,1,0.991748
test,16908,1,0.996476
test,16909,1,0.996996
test,16910,1,0.997042
test,16911,1,0.996996
test,16912,1,0.996996
test,16913,1,0.996996
test,16914,1,0.996996
test,16915,1,0.996597
test,16916,1,0.978052
test,16917,1,0.989672
test,16918,1,0.919787
test,16919,1,0.025565
test,16920,1,0.973844
test,16921,1,0.997513
test,16922,1,0.995601
test,16923,1,0.997082
test,16924,1,0.996740
test,16925,1,0.989551
test,16926,1,0.090253
test,16927,1,0.997221
test,16928,1,0.997713
test,16929,1,0.996039
test,16930,1,0.984546
test,16931,1,0.997608
test,16932,1,0.997177
test,16933,1,0.996740
test,16934,1,0.997523
test,16935,1,0.997484
test,16936,1,0.996656
test,16937,1,0.997668
test,16938,1,0.996765
test,16939,1,0.996597
test,16940,1,0.993891
test,16941,1,0.991135
test,16942,1,0.997306
test,16943,1,0.995037
test,16944,1,0.997518
test,16945,1,0.995677
test,16946,1,0.990254
test,16947,1,0.997429
test,16948,1,0.997188
test,16949,1,0.960175
test,16950,1,0.996235
test,16951,1,0.997488
test,16952,1,0.997311
test,16953,1,0.992767
test,16954,1,0.996610
test,16955,1,0.997513
test,16956,1,0.989161
test,16957,1,0.995735
test,16958,1,0.994770
test,16959,1,0.994380
test,16960,1,0.966442
test,16961,1,0.994646
test,16962,1,0.997221
test,16963,1,0.034359
test,16964,1,0.995954
test,16965,1,0.958226
test,16966,1,0.992879
test,16967,1,0.997301
test,16968,1,0.997498
test,16969,1,0.996557
test,16970,1,0.997404
test,16971,1,0.991603
test,16972,1,0.996256
test,16973,1,0.997817
test,16974,1,0.997474
test,16975,1,0.994584
test,16976,1,0.996278
test,16977,1,0.997384
test,16978,1,0.997248
test,16979,1,0.988403
test,16980,1,0.062103
test,16981,1,0.996264
test,16982,1,0.955277
test,16983,1,0.996990
test,16984,1,0.922970
test,16985,1,0.977522
test,16986,1,0.996943
test,16987,1,0.104614
test,16988,1,0.982083
test,16989,1,0.995018
test,16990,1,0.988863
test,16991,1,0.511663
test,16992,1,0.945901
test,16993,1,0.989551
test,16994,1,0.893495
test,16995,1,0.963161
test,16996,1,0.952131
test,16997,1,0.996733
test,16998,1,0.977457
test,16999,1,0.968590
test,17000,1,0.978302
test,17001,1,0.981203
test,17002,1,0.373476
test,17003,1,0.994949
test,17004,1,0.010091
test,17005,1,0.627409
test,17006,1,0.996960
test,17007,1,0.992892
test,17008,1,0.997065
test,17009,1,0.993661
test,17010,1,0.986853
test,17011,1,0.992467
test,17012,1,0.989948
test,17013,1,0.996759
test,17014,1,0.316528
test,17015,1,0.995669
test,17016,1,0.997419
test,17017,1,0.995618
test,17018,1,0.997547
test,17019,1,0.997498
test,17020,1,0.972178
test,17021,1,0.995882
test,17022,1,0.819749
test,17023,1,0.959001
test,17024,1,0.987544
test,17025,1,0.995744
test,17026,1,0.997640
test,17027,1,0.966347
test,17028,1,0.240329
test,17029,1,0.996577
test,17030,1,0.997048
test,17031,1,0.996371
test,17032,1,0.994157
test,17033,1,0.997640
test,17034,1,0.997508
test,17035,1,0.008188
test,17036,1,0.997817
test,17037,1,0.996100
test,17038,1,0.997556
test,17039,1,0.983816
test,17040,1,0.997093
test,17041,1,0.997659
test,17042,1,0.995993
test,17043,1,0.965250
test,17044,1,0.994594
test,17045,1,0.997358
test,17046,1,0.997419
test,17047,1,0.997464
test,17048,1,0.997082
test,17049,1,0.997484
test,17050,1,0.996227
test,17051,1,0.997594
test,17052,1,0.997327
test,17053,1,0.006577
test,17054,1,0.991238
test,17055,1,0.997498
test,17056,1,0.954265
test,17057,1,0.996523
test,17058,1,0.996286
test,17059,1,0.991748
test,17060,1,0.996357
test,17061,1,0.988558
test,17062,1,0.986726
test,17063,1,0.891244
test,17064,1,0.996517
test,17065,1,0.995583
test,17066,1,0.946349
test,17067,1,0.997649
test,17068,1,0.997001
test,17069,1,0.997409
test,17070,1,0.997036
test,17071,1,0.997253
test,17072,1,0.997459
test,17073,1,0.997454
test,17074,1,0.994969
test,17075,1,0.996727
test,17076,1,0.997556
test,17077,1,0.970296
test,17078,1,0.997232
test,17079,1,0.996708
test,17080,1,0.019550
test,17081,1,0.995066
test,17082,1,0.995532
test,17083,1,0.982185
test,17084,1,0.997872
test,17085,1,0.992753
test,17086,1,0.997532
test,17087,1,0.996307
test,17088,1,0.984927
test,17089,1,0.997110
test,17090,1,0.996392
test,17091,1,0.994959
test,17092,1,0.842215
test,17093,1,0.990159
test,17094,1,0.989055
test,17095,1,0.990496
test,17096,1,0.997631
test,17097,1,0.997166
test,17098,1,0.965020
test,17099,1,0.989286
test,17100,1,0.995462
test,17101,1,0.028517
test,17102,1,0.996870
test,17103,1,0.996676
test,17104,1,0.995008
test,17105,1,0.995635
test,17106,1,0.995702
test,17107,1,0.533302
test,17108,1,0.719975
test,17109,1,0.937612
test,17110,1,0.997373
test,17111,1,0.896251
test,17112,1,0.996746
test,17113,1,0.997204
test,17114,1,0.995462
test,17115,1,0.739328
test,17116,1,0.009108
test,17117,1,0.995309
test,17118,1,0.997226
test,17119,1,0.997537
test,17120,1,0.995479
test,17121,1,0.996676
test,17122,1,0.997404
test,17123,1,0.997532
test,17124,1,0.997551
test,17125,1,0.976197
test,17126,1,0.997681
test,17127,1,0.994594
test,17128,1,0.985746
test,17129,1,0.995694
test,17130,1,0.996350
test,17131,1,0.996078
test,17132,1,0.996901
test,17133,1,0.997748
test,17134,1,0.997133
test,17135,1,0.992539
test,17136,1,0.975178
test,17137,1,0.870212
test,17138,1,0.997253
test,17139,1,0.997834
test,17140,1,0.997343
test,17141,1,0.989244
test,17142,1,0.997631
test,17143,1,0.996300
test,17144,1,0.997311
test,17145,1,0.997155
test,17146,1,0.996469
test,17147,1,0.996434
test,17148,1,0.996852
test,17149,1,0.987664
test,17150,1,0.997221
test,17151,1,0.974988
test,17152,1,0.997311
test,17153,1,0.997474
test,17154,1,0.994880
test,17155,1,0.997221
test,17156,1,0.994800
test,17157,1,0.991489
test,17158,1,0.995669
test,17159,1,0.991969
test,17160,1,0.997054
test,17161,1,0.996882
test,17162,1,0.996420
test,17163,1,0.997274
test,17164,1,0.996650
test,17165,1,0.996523
test,17166,1,0.993807
test,17167,1,0.996682
test,17168,1,0.996413
test,17169,1,0.996489
test,17170,1,0.475716
test,17171,1,0.997054
test,17172,1,0.997210
test,17173,1,0.995363
test,17174,1,0.992274
test,17175,1,0.970070
test,17176,1,0.993229
test,17177,1,0.975647
test,17178,1,0.036528
test,17179,1,0.997493
test,17180,1,0.995938
test,17181,1,0.994920
test,17182,1,0.018689
test,17183,1,0.996205
test,17184,1,0.993771
test,17185,1,0.572898
test,17186,1,0.989511
test,17187,1,0.989928
test,17188,1,0.996227
test,17189,1,0.992364
test,17190,1,0.100348
test,17191,1,0.997599
test,17192,1,0.997599
test,17193,1,0.997599
test,17194,1,0.996790
test,17195,1,0.996343
test,17196,1,0.996300
test,17197,1,0.995444
test,17198,1,0.995735
test,17199,1,0.132515
test,17200,1,0.994325
test,17201,1,0.997221
test,17202,1,0.995549
test,17203,1,0.996462
test,17204,1,0.994677
test,17205,1,0.997226
test,17206,1,0.995123
test,17207,1,0.993759
test,17208,1,0.009376
test,17209,1,0.997368
test,17210,1,0.997599
test,17211,1,0.996656
test,17212,1,0.997735
test,17213,1,0.997668
test,17214,1,0.991255
test,17215,1,0.997358
test,17216,1,0.997258
test,17217,1,0.995336
test,17218,1,0.997488
test,17219,1,0.996864
test,17220,1,0.995850
test,17221,1,0.264263
test,17222,1,0.993612
test,17223,1,0.117218
test,17224,1,0.996870
test,17225,1,0.996300
test,17226,1,0.025883
test,17227,1,0.994214
test,17228,1,0.997503
test,17229,1,0.997636
test,17230,1,0.048182
test,17231,1,0.997464
test,17232,1,0.979745
test,17233,1,0.997127
test,17234,1,0.996695
test,17235,1,0.198530
test,17236,1,0.977650
test,17237,1,0.996564
test,17238,1,0.984575
test,17239,1,0.996888
test,17240,1,0.986675
test,17241,1,0.956634
test,17242,1,0.973062
test,17243,1,0.031410
test,17244,1,0.991684
test,17245,1,0.803251
test,17246,1,0.995643
test,17247,1,0.988971
test,17248,1,0.996100
test,17249,1,0.996752
test,17250,1,0.996827
test,17251,1,0.957198
test,17252,1,0.997744
test,17253,1,0.994541
test,17254,1,0.994667
test,17255,1,0.995752
test,17256,1,0.997232
test,17257,1,0.996834
test,17258,1,0.773045
test,17259,1,0.996062
test,17260,1,0.990178
test,17261,1,0.997419
test,17262,1,0.944331
test,17263,1,0.484228
test,17264,1,0.184033
test,17265,1,0.997327
test,17266,1,0.008140
test,17267,1,0.993710
test,17268,1,0.997177
test,17269,1,0.995866
test,17270,1,0.966252
test,17271,1,0.959421
test,17272,1,0.985014
test,17273,1,0.982938
test,17274,1,0.991305
test,17275,1,0.993661
test,17276,1,0.993914
test,17277,1,0.976220
test,17278,1,0.991456
test,17279,1,0.991716
test,17280,1,0.712332
test,17281,1,0.996913
test,17282,1,0.992031
test,17283,1,0.996227
test,17284,1,0.992408
test,17285,1,0.996168
test,17286,1,0.996314
test,17287,1,0.996943
test,17288,1,0.996116
test,17289,1,0.994850
test,17290,1,0.997042
test,17291,1,0.995254
test,17292,1,0.997404
test,17293,1,0.996771
test,17294,1,0.997449
test,17295,1,0.996168
test,17296,1,0.996643
test,17297,1,0.996198
test,17298,1,0.997054
test,17299,1,0.022977
test,17300,1,0.994708
test,17301,1,0.997166
test,17302,1,0.997551
test,17303,1,0.992393
test,17304,1,0.993229
test,17305,1,0.962497
test,17306,1,0.996809
test,17307,1,0.990496
test,17308,1,0.997659
test,17309,1,0.893216
test,17310,1,0.996434
test,17311,1,0.988624
test,17312,1,0.997253
test,17313,1,0.993819
test,17314,1,0.984336
test,17315,1,0.991049
test,17316,1,0.996441
test,17317,1,0.995027
test,17318,1,0.997353
test,17319,1,0.995282
test,17320,1,0.996821
test,17321,1,0.997556
test,17322,1,0.997649
test,17323,1,0.996550
test,17324,1,0.921852
test,17325,1,0.989572
test,17326,1,0.996809
test,17327,1,0.995977
test,17328,1,0.995381
test,17329,1,0.992393
test,17330,1,0.997133
test,17331,1,0.996256
test,17332,1,0.991780
test,17333,1,0.997518
test,17334,1,0.997177
test,17335,1,0.994336
test,17336,1,0.934753
test,17337,1,0.957477
test,17338,1,0.883638
test,17339,1,0.996455
test,17340,1,0.997317
test,17341,1,0.997488
test,17342,1,0.997210
test,17343,1,0.995336
test,17344,1,0.966537
test,17345,1,0.993938
test,17346,1,0.996701
test,17347,1,0.972099
test,17348,1,0.997116
test,17349,1,0.997172
test,17350,1,0.994646
test,17351,1,0.997373
test,17352,1,0.992481
test,17353,1,0.995669
test,17354,1,0.996564
test,17355,1,0.992031
test,17356,1,0.988492
test,17357,1,0.989306
test,17358,1,0.015724
test,17359,1,0.019161
test,17360,1,0.991489
test,17361,1,0.995217
test,17362,1,0.994860
test,17363,1,0.069289
test,17364,1,0.996931
test,17365,1,0.010072
test,17366,1,0.012958
test,17367,1,0.997019
test,17368,1,0.996448
test,17369,1,0.996623
test,17370,1,0.992408
test,17371,1,0.996190
test,17372,1,0.997232
test,17373,1,0.990514
test,17374,1,0.994066
test,17375,1,0.990857
test,17376,1,0.979648
test,17377,1,0.996752
test,17378,1,0.996406
test,17379,1,0.992865
test,17380,1,0.997379
test,17381,1,0.996406
test,17382,1,0.997226
test,17383,1,0.989612
test,17384,1,0.996123
test,17385,1,0.986337
test,17386,1,0.995922
test,17387,1,0.997166
test,17388,1,0.995652
test,17389,1,0.985043
test,17390,1,0.997580
test,17391,1,0.997099
test,17392,1,0.984985
test,17393,1,0.986828
test,17394,1,0.996100
test,17395,1,0.997631
test,17396,1,0.035377
test,17397,1,0.994434
test,17398,1,0.923108
test,17399,1,0.009727
test,17400,1,0.995208
test,17401,1,0.993879
test,17402,1,0.990006
test,17403,1,0.993735
test,17404,1,0.990768
test,17405,1,0.997221
test,17406,1,0.994157
test,17407,1,0.997508
test,17408,1,0.984048
test,17409,1,0.018547
test,17410,1,0.995549
test,17411,1,0.996093
test,17412,1,0.894973
test,17413,1,0.994626
test,17414,1,0.995961
test,17415,1,0.996972
test,17416,1,0.997584
test,17417,1,0.997274
test,17418,1,0.997594
test,17419,1,0.997830
test,17420,1,0.996637
test,17421,1,0.997439
test,17422,1,0.996024
test,17423,1,0.997296
test,17424,1,0.989347
test,17425,1,0.997459
test,17426,1,0.997264
test,17427,1,0.997363
test,17428,1,0.996966
test,17429,1,0.996876
test,17430,1,0.960063
test,17431,1,0.997065
test,17432,1,0.996448
test,17433,1,0.996530
test,17434,1,0.997353
test,17435,1,0.996876
test,17436,1,0.993448
test,17437,1,0.987806
test,17438,1,0.993448
test,17439,1,0.997274
test,17440,1,0.997088
test,17441,1,0.984078
test,17442,1,0.996714
test,17443,1,0.995226
test,17444,1,0.994259
test,17445,1,0.997019
test,17446,1,0.995066
test,17447,1,0.994810
test,17448,1,0.987923
test,17449,1,0.996070
test,17450,1,0.984366
test,17451,1,0.059647
test,17452,1,0.996008
test,17453,1,0.997166
test,17454,1,0.995618
test,17455,1,0.978794
test,17456,1,0.978895
test,17457,1,0.387864
test,17458,1,0.996590
test,17459,1,0.034881
test,17460,1,0.995777
test,17461,1,0.952086
test,17462,1,0.997071
test,17463,1,0.997199
test,17464,1,0.996378
test,17465,1,0.991238
test,17466,1,0.996168
test,17467,1,0.943034
test,17468,1,0.984927
test,17469,1,0.996462
test,17470,1,0.997561
test,17471,1,0.984094
test,17472,1,0.975343
test,17473,1,0.996746
test,17474,1,0.990121
test,17475,1,0.992452
test,17476,1,0.997082
test,17477,1,0.031144
test,17478,1,0.992851
test,17479,1,0.995866
test,17480,1,0.986071
test,17481,1,0.993385
test,17482,1,0.011019
test,17483,1,0.992423
test,17484,1,0.995850
test,17485,1,0.995874
test,17486,1,0.992423
test,17487,1,0.994423
test,17488,1,0.996937
test,17489,1,0.996100
test,17490,1,0.993448
test,17491,1,0.961207
test,17492,1,0.983085
test,17493,1,0.996138
test,17494,1,0.996943
test,17495,1,0.997332
test,17496,1,0.996894
test,17497,1,0.997394
test,17498,1,0.994054
test,17499,1,0.997332
test,17500,1,0.043406
test,17501,1,0.996078
test,17502,1,0.997274
test,17503,1,0.993150
test,17504,1,0.996476
test,17505,1,0.996024
test,17506,1,0.997183
test,17507,1,0.996413
test,17508,1,0.997493
test,17509,1,0.997726
test,17510,1,0.997800
test,17511,1,0.994259
test,17512,1,0.049222
test,17513,1,0.997677
test,17514,1,0.997681
test,17515,1,0.997695
test,17516,1,0.996227
test,17517,1,0.997296
test,17518,1,0.997285
test,17519,1,0.996864
test,17520,1,0.997122
test,17521,1,0.989948
test,17522,1,0.996537
test,17523,1,0.954774
test,17524,1,0.825941
test,17525,1,0.983565
test,17526,1,0.990064
test,17527,1,0.960915
test,17528,1,0.990874
test,17529,1,0.996996
test,17530,1,0.997613
test,17531,1,0.979531
test,17532,1,0.996570
test,17533,1,0.987448
test,17534,1,0.975225
test,17535,1,0.990606
test,17536,1,0.024400
test,17537,1,0.075585
test,17538,1,0.936865
test,17539,1,0.960435
test,17540,1,0.896704
test,17541,1,0.989430
test,17542,1,0.314051
test,17543,1,0.997122
test,17544,1,0.996870
test,17545,1,0.995850
test,17546,1,0.930142
test,17547,1,0.947284
test,17548,1,0.996489
test,17549,1,0.019947
test,17550,1,0.997221
test,17551,1,0.961570
test,17552,1,0.995914
test,17553,1,0.994520
test,17554,1,0.985496
test,17555,1,0.989751
test,17556,1,0.995993
test,17557,1,0.993891
test,17558,1,0.995626
test,17559,1,0.997498
test,17560,1,0.997071
test,17561,1,0.997613
test,17562,1,0.995417
test,17563,1,0.997645
test,17564,1,0.997570
test,17565,1,0.997518
test,17566,1,0.996564
test,17567,1,0.997672
test,17568,1,0.996937
test,17569,1,0.991505
test,17570,1,0.997379
test,17571,1,0.982807
test,17572,1,0.992961
test,17573,1,0.997518
test,17574,1,0.997248
test,17575,1,0.997414
test,17576,1,0.997138
test,17577,1,0.997332
test,17578,1,0.985828
test,17579,1,0.997353
test,17580,1,0.997449
test,17581,1,0.995047
test,17582,1,0.701355
test,17583,1,0.993189
test,17584,1,0.997285
test,17585,1,0.996925
test,17586,1,0.997155
test,17587,1,0.996721
test,17588,1,0.997166
test,17589,1,0.996765
test,17590,1,0.996809
test,17591,1,0.997542
test,17592,1,0.164516
test,17593,1,0.995390
test,17594,1,0.993879
test,17595,1,0.993150
test,17596,1,0.997368
test,17597,1,0.995752
test,17598,1,0.917672
test,17599,1,0.995977
test,17600,1,0.997210
test,17601,1,0.996656
test,17602,1,0.994989
test,17603,1,0.996213
test,17604,1,0.997409
test,17605,1,0.081410
test,17606,1,0.995694
test,17607,1,0.996954
test,17608,1,0.997439
test,17609,1,0.994270
test,17610,1,0.997253
test,17611,1,0.997280
test,17612,1,0.997659
test,17613,1,0.997269
test,17614,1,0.022955
test,17615,1,0.996300
test,17616,1,0.990478
test,17617,1,0.993359
test,17618,1,0.996190
test,17619,1,0.979900
test,17620,1,0.982065
test,17621,1,0.730819
test,17622,1,0.997394
test,17623,1,0.997399
test,17624,1,0.918626
test,17625,1,0.988016
test,17626,1,0.997042
test,17627,1,0.997122
test,17628,1,0.996336
test,17629,1,0.995444
test,17630,1,0.996314
test,17631,1,0.994510
test,17632,1,0.994413
test,17633,1,0.997343
test,17634,1,0.996943
test,17635,1,0.083666
test,17636,1,0.979176
test,17637,1,0.997373
test,17638,1,0.057335
test,17639,1,0.997594
test,17640,1,0.995583
test,17641,1,0.993831
test,17642,1,0.993891
test,17643,1,0.990569
test,17644,1,0.997013
test,17645,1,0.995272
test,17646,1,0.997042
test,17647,1,0.021471
test,17648,1,0.990927
test,17649,1,0.916484
test,17650,1,0.996577
test,17651,1,0.996802
test,17652,1,0.988177
test,17653,1,0.997454
test,17654,1,0.186687
test,17655,1,0.997001
test,17656,1,0.011115
test,17657,1,0.990006
test,17658,1,0.992837
test,17659,1,0.992554
test,17660,1,0.977586
test,17661,1,0.997434
test,17662,1,0.994089
test,17663,1,0.996669
test,17664,1,0.997537
test,17665,1,0.964522
test,17666,1,0.035178
test,17667,1,0.996901
test,17668,1,0.997127
test,17669,1,0.997322
test,17670,1,0.997663
test,17671,1,0.995462
test,17672,1,0.997253
test,17673,1,0.981489
test,17674,1,0.303113
test,17675,1,0.996876
test,17676,1,0.937153
test,17677,1,0.902995
test,17678,1,0.997001
test,17679,1,0.994314
test,17680,1,0.992795
test,17681,1,0.983816
test,17682,1,0.996271
test,17683,1,0.988199
test,17684,1,0.994749
test,17685,1,0.997368
test,17686,1,0.997454
test,17687,1,0.996637
test,17688,1,0.986828
test,17689,1,0.996427
test,17690,1,0.995752
test,17691,1,0.997296
test,17692,1,0.997766
test,17693,1,0.997429
test,17694,1,0.994225
test,17695,1,0.996802
test,17696,1,0.997804
test,17697,1,0.994688
test,17698,1,0.997285
test,17699,1,0.995198
test,17700,1,0.994969
test,17701,1,0.997399
test,17702,1,0.987640
test,17703,1,0.996093
test,17704,1,0.997013
test,17705,1,0.996047
test,17706,1,0.996966
test,17707,1,0.993710
test,17708,1,0.996834
test,17709,1,0.993879
test,17710,1,0.993807
test,17711,1,0.996996
test,17712,1,0.995618
test,17713,1,0.997317
test,17714,1,0.973443
test,17715,1,0.997082
test,17716,1,0.021719
test,17717,1,0.990750
test,17718,1,0.997048
test,17719,1,0.917154
test,17720,1,0.964187
test,17721,1,0.995549
test,17722,1,0.995254
test,17723,1,0.996138
test,17724,1,0.993281
test,17725,1,0.996093
test,17726,1,0.997122
test,17727,1,0.995114
test,17728,1,0.995914
test,17729,1,0.994563
test,17730,1,0.995291
test,17731,1,0.997306
test,17732,1,0.996249
test,17733,1,0.298287
test,17734,1,0.996205
test,17735,1,0.997269
test,17736,1,0.980356
test,17737,1,0.996242
test,17738,1,0.996637
test,17739,1,0.993807
test,17740,1,0.996714
test,17741,1,0.996256
test,17742,1,0.996852
test,17743,1,0.996544
test,17744,1,0.997290
test,17745,1,0.994225
test,17746,1,0.996256
test,17747,1,0.995114
test,17748,1,0.991289
test,17749,1,0.996790
test,17750,1,0.410919
test,17751,1,0.989265
test,17752,1,0.988470
test,17753,1,0.995066
test,17754,1,0.712932
test,17755,1,0.995643
test,17756,1,0.994259
test,17757,1,0.997817
test,17758,1,0.996168
test,17759,1,0.997888
test,17760,1,0.997155
test,17761,1,0.996455
test,17762,1,0.994959
test,17763,1,0.997474
test,17764,1,0.997343
test,17765,1,0.996650
test,17766,1,0.996399
test,17767,1,0.993612
test,17768,1,0.978875
test,17769,1,0.996984
test,17770,1,0.996131
test,17771,1,0.981771
test,17772,1,0.996293
test,17773,1,0.994169
test,17774,1,0.996441
test,17775,1,0.992334
test,17776,1,0.996031
test,17777,1,0.997343
test,17778,1,0.987520
test,17779,1,0.996008
test,17780,1,0.971537
test,17781,1,0.996888
test,17782,1,0.997161
test,17783,1,0.026056
test,17784,1,0.995702
test,17785,1,0.995318
test,17786,1,0.996682
test,17787,1,0.886666
test,17788,1,0.996024
test,17789,1,0.993783
test,17790,1,0.997301
test,17791,1,0.816260
test,17792,1,0.997183
test,17793,1,0.980262
test,17794,1,0.988992
test,17795,1,0.982856
test,17796,1,0.996256
test,17797,1,0.997199
test,17798,1,0.993163
test,17799,1,0.997722
test,17800,1,0.994520
test,17801,1,0.975809
test,17802,1,0.651909
test,17803,1,0.989450
test,17804,1,0.997626
test,17805,1,0.997731
test,17806,1,0.997508
test,17807,1,0.996901
test,17808,1,0.997575
test,17809,1,0.997188
test,17810,1,0.094594
test,17811,1,0.986828
test,17812,1,0.972441
test,17813,1,0.996336
test,17814,1,0.996765
test,17815,1,0.996901
test,17816,1,0.997681
test,17817,1,0.992274
test,17818,1,0.016996
test,17819,1,0.996256
test,17820,1,0.997122
test,17821,1,0.997221
test,17822,1,0.985800
test,17823,1,0.996925
test,17824,1,0.995056
test,17825,1,0.996888
test,17826,1,0.997699
test,17827,1,0.993136
test,17828,1,0.974043
test,17829,1,0.997449
test,17830,1,0.997285
test,17831,1,0.997221
test,17832,1,0.996469
test,17833,1,0.636494
test,17834,1,0.997007
test,17835,1,0.996190
test,17836,1,0.958226
test,17837,1,0.997337
test,17838,1,0.995993
test,17839,1,0.994292
test,17840,1,0.995263
test,17841,1,0.997622
test,17842,1,0.996271
test,17843,1,0.996630
test,17844,1,0.996557
test,17845,1,0.996399
test,17846,1,0.997594
test,17847,1,0.034165
test,17848,1,0.966028
test,17849,1,0.008078
test,17850,1,0.996901
test,17851,1,0.994169
test,17852,1,0.996984
test,17853,1,0.993320
test,17854,1,0.962953
test,17855,1,0.997631
test,17856,1,0.993649
test,17857,1,0.993807
test,17858,1,0.996913
test,17859,1,0.997274
test,17860,1,0.981630
test,17861,1,0.997419
test,17862,1,0.989013
test,17863,1,0.990006
test,17864,1,0.009956
test,17865,1,0.995898
test,17866,1,0.987711
test,17867,1,0.996834
test,17868,1,0.023176
test,17869,1,0.996663
test,17870,1,0.997122
test,17871,1,0.997188
test,17872,1,0.990044
test,17873,1,0.997285
test,17874,1,0.997088
test,17875,1,0.996031
test,17876,1,0.994989
test,17877,1,0.994860
test,17878,1,0.988062
test,17879,1,0.996901
test,17880,1,0.997013
test,17881,1,0.997640
test,17882,1,0.997439
test,17883,1,0.997469
test,17884,1,0.996882
test,17885,1,0.995523
test,17886,1,0.997469
test,17887,1,0.997542
test,17888,1,0.997285
test,17889,1,0.997449
test,17890,1,0.988447
test,17891,1,0.995291
test,17892,1,0.910545
test,17893,1,0.499924
test,17894,1,0.995793
test,17895,1,0.996131
test,17896,1,0.997640
test,17897,1,0.990533
test,17898,1,0.997253
test,17899,1,0.996364
test,17900,1,0.997258
test,17901,1,0.990569
test,17902,1,0.997007
test,17903,1,0.996727
test,17904,1,0.997306
test,17905,1,0.996937
test,17906,1,0.996496
test,17907,1,0.997166
test,17908,1,0.997449
test,17909,1,0.994780
test,17910,1,0.995583
test,17911,1,0.996913
test,17912,1,0.997631
test,17913,1,0.997419
test,17914,1,0.996752
test,17915,1,0.997332
test,17916,1,0.993855
test,17917,1,0.997007
test,17918,1,0.994880
test,17919,1,0.997566
test,17920,1,0.981022
test,17921,1,0.997042
test,17922,1,0.997127
test,17923,1,0.996016
test,17924,1,0.040087
test,17925,1,0.994780
test,17926,1,0.992739
test,17927,1,0.996864
test,17928,1,0.995104
test,17929,1,0.943191
test,17930,1,0.786295
test,17931,1,0.029174
test,17932,1,0.971564
test,17933,1,0.130562
test,17934,1,0.997127
test,17935,1,0.997099
test,17936,1,0.994708
test,17937,1,0.963092
test,17938,1,0.997133
test,17939,1,0.992184
test,17940,1,0.984155
test,17941,1,0.997188
test,17942,1,0.004062
test,17943,1,0.996876
test,17944,1,0.995453
test,17945,1,0.981239
test,17946,1,0.967318
test,17947,1,0.018636
test,17948,1,0.989632
test,17949,1,0.994910
test,17950,1,0.996537
test,17951,1,0.997792
test,17952,1,0.995890
test,17953,1,0.996746
test,17954,1,0.992654
test,17955,1,0.997424
test,17956,1,0.996617
test,17957,1,0.994930
test,17958,1,0.797557
test,17959,1,0.997353
test,17960,1,0.994708
test,17961,1,0.996227
test,17962,1,0.997237
test,17963,1,0.996378
test,17964,1,0.995969
test,17965,1,0.747201
test,17966,1,0.997757
test,17967,1,0.997161
test,17968,1,0.997663
test,17969,1,0.991067
test,17970,1,0.992123
test,17971,1,0.092033
test,17972,1,0.991505
test,17973,1,0.991907
test,17974,1,0.958187
test,17975,1,0.971672
test,17976,1,0.997645
test,17977,1,0.958030
test,17978,1,0.971886
test,17979,1,0.993961
test,17980,1,0.996784
test,17981,1,0.997513
test,17982,1,0.996293
test,17983,1,0.996617
test,17984,1,0.997735
test,17985,1,0.931025
test,17986,1,0.996093
test,17987,1,0.994347
test,17988,1,0.995993
test,17989,1,0.425337
test,17990,1,0.997317
test,17991,1,0.994445
test,17992,1,0.011288
test,17993,1,0.975202
test,17994,1,0.992851
test,17995,1,0.977671
test,17996,1,0.925297
test,17997,1,0.996972
test,17998,1,0.997556
test,17999,1,0.995272
test,18000,1,0.997404
test,18001,1,0.997570
test,18002,1,0.979551
test,18003,1,0.996336
test,18004,1,0.995056
test,18005,1,0.992640
test,18006,1,0.997188
test,18007,1,0.997809
test,18008,1,0.024330
test,18009,1,0.997681
test,18010,1,0.997726
test,18011,1,0.996733
test,18012,1,0.436187
test,18013,1,0.995318
test,18014,1,0.981382
test,18015,1,0.992823
test,18016,1,0.983502
test,18017,1,0.031440
test,18018,1,0.995842
test,18019,1,0.993372
test,18020,1,0.996510
test,18021,1,0.745676
test,18022,1,0.994989
test,18023,1,0.987424
test,18024,1,0.987923
test,18025,1,0.995523
test,18026,1,0.983565
test,18027,1,0.968709
test,18028,1,0.992437
test,18029,1,0.995399
test,18030,1,0.741300
test,18031,1,0.059537
test,18032,1,0.996350
test,18033,1,0.997690
test,18034,1,0.988131
test,18035,1,0.997527
test,18036,1,0.997527
test,18037,1,0.991373
test,18038,1,0.996235
test,18039,1,0.997566
test,18040,1,0.992961
test,18041,1,0.996643
test,18042,1,0.995435
test,18043,1,0.812570
test,18044,1,0.996790
test,18045,1,0.991684
test,18046,1,0.066995
test,18047,1,0.956715
test,18048,1,0.976758
test,18049,1,0.996220
test,18050,1,0.995282
test,18051,1,0.995470
test,18052,1,0.995842
test,18053,1,0.996597
test,18054,1,0.996378
test,18055,1,0.996876
test,18056,1,0.996623
test,18057,1,0.997599
test,18058,1,0.996496
test,18059,1,0.997311
test,18060,1,0.996523
test,18061,1,0.996701
test,18062,1,0.996597
test,18063,1,0.992154
test,18064,1,0.996630
test,18065,1,0.996727
test,18066,1,0.996183
test,18067,1,0.993867
test,18068,1,0.997311
test,18069,1,0.993636
test,18070,1,0.096110
test,18071,1,0.984826
test,18072,1,0.982305
test,18073,1,0.996943
test,18074,1,0.996682
test,18075,1,0.997389
test,18076,1,0.993268
test,18077,1,0.995381
test,18078,1,0.997449
test,18079,1,0.997424
test,18080,1,0.997274
test,18081,1,0.993985
test,18082,1,0.997556
test,18083,1,0.993372
test,18084,1,0.996249
test,18085,1,0.997384
test,18086,1,0.997322
test,18087,1,0.943712
test,18088,1,0.997001
test,18089,1,0.995898
test,18090,1,0.997348
test,18091,1,0.997296
test,18092,1,0.995354
test,18093,1,0.993843
test,18094,1,0.972178
test,18095,1,0.994552
test,18096,1,0.822617
test,18097,1,0.996264
test,18098,1,0.994402
test,18099,1,0.994031
test,18100,1,0.996888
test,18101,1,0.616734
test,18102,1,0.386937
test,18103,1,0.995037
test,18104,1,0.052231
test,18105,1,0.298287
test,18106,1,0.996434
test,18107,1,0.983439
test,18108,1,0.988131
test,18109,1,0.996637
test,18110,1,0.982757
test,18111,1,0.989986
test,18112,1,0.997232
test,18113,1,0.995660
test,18114,1,0.836888
test,18115,1,0.977263
test,18116,1,0.996183
test,18117,1,0.994157
test,18118,1,0.993083
test,18119,1,0.995946
test,18120,1,0.996256
test,18121,1,0.997194
test,18122,1,0.995272
test,18123,1,0.975762
test,18124,1,0.252016
test,18125,1,0.991538
test,18126,1,0.012613
test,18127,1,0.080213
test,18128,1,0.995161
test,18129,1,0.932638
test,18130,1,0.066569
test,18131,1,0.996220
test,18132,1,0.992214
test,18133,1,0.996821
test,18134,1,0.994626
test,18135,1,0.013849
test,18136,1,0.994191
test,18137,1,0.996978
test,18138,1,0.988062
test,18139,1,0.996108
test,18140,1,0.996448
test,18141,1,0.995549
test,18142,1,0.996307
test,18143,1,0.995685
test,18144,1,0.996293
test,18145,1,0.997713
test,18146,1,0.981095
test,18147,1,0.011801
test,18148,1,0.987592
test,18149,1,0.996894
test,18150,1,0.997434
test,18151,1,0.996978
test,18152,1,0.993281
test,18153,1,0.064241
test,18154,1,0.989389
test,18155,1,0.997054
test,18156,1,0.448313
test,18157,1,0.996278
test,18158,1,0.981945
test,18159,1,0.959687
test,18160,1,0.995583
test,18161,1,0.997093
test,18162,1,0.996721
test,18163,1,0.806929
test,18164,1,0.929504
test,18165,1,0.996752
test,18166,1,0.996307
test,18167,1,0.992349
test,18168,1,0.994402
test,18169,1,0.997409
test,18170,1,0.993735
test,18171,1,0.997337
test,18172,1,0.996894
test,18173,1,0.997419
test,18174,1,0.086632
test,18175,1,0.991373
test,18176,1,0.991049
test,18177,1,0.997363
test,18178,1,0.997019
test,18179,1,0.997215
test,18180,1,0.997444
test,18181,1,0.997645
test,18182,1,0.996242
test,18183,1,0.991796
test,18184,1,0.997770
test,18185,1,0.996894
test,18186,1,0.994314
test,18187,1,0.941922
test,18188,1,0.994358
test,18189,1,0.991153
test,18190,1,0.997622
test,18191,1,0.997122
test,18192,1,0.994089
test,18193,1,0.004256
test,18194,1,0.992467
test,18195,1,0.986258
test,18196,1,0.997122
test,18197,1,0.995993
test,18198,1,0.996584
test,18199,1,0.996378
test,18200,1,0.996307
test,18201,1,0.986205
test,18202,1,0.013703
test,18203,1,0.991289
test,18204,1,0.995254
test,18205,1,0.985635
test,18206,1,0.996990
test,18207,1,0.990159
test,18208,1,0.997194
test,18209,1,0.358241
test,18210,1,0.996329
test,18211,1,0.993599
test,18212,1,0.849784
test,18213,1,0.997013
test,18214,1,0.997547
test,18215,1,0.993410
test,18216,1,0.992364
test,18217,1,0.995858
test,18218,1,0.995660
test,18219,1,0.730722
test,18220,1,0.993599
test,18221,1,0.997444
test,18222,1,0.997744
test,18223,1,0.997537
test,18224,1,0.997513
test,18225,1,0.997122
test,18226,1,0.943971
test,18227,1,0.988062
test,18228,1,0.995785
test,18229,1,0.997059
test,18230,1,0.997099
test,18231,1,0.982065
test,18232,1,0.994391
test,18233,1,0.996530
test,18234,1,0.993624
test,18235,1,0.996024
test,18236,1,0.739658
test,18237,1,0.994347
test,18238,1,0.996972
test,18239,1,0.995575
test,18240,1,0.997317
test,18241,1,0.996643
test,18242,1,0.996676
test,18243,1,0.992837
test,18244,1,0.957636
test,18245,1,0.997030
test,18246,1,0.996008
test,18247,1,0.820110
test,18248,1,0.996322
test,18249,1,0.994380
test,18250,1,0.237709
test,18251,1,0.995372
test,18252,1,0.997464
test,18253,1,0.997626
test,18254,1,0.997566
test,18255,1,0.997194
test,18256,1,0.945851
test,18257,1,0.996176
test,18258,1,0.994303
test,18259,1,0.997454
test,18260,1,0.994089
test,18261,1,0.996960
test,18262,1,0.997013
test,18263,1,0.975647
test,18264,1,0.997082
test,18265,1,0.997077
test,18266,1,0.997834
test,18267,1,0.996888
test,18268,1,0.996564
test,18269,1,0.997116
test,18270,1,0.997093
test,18271,1,0.995834
test,18272,1,0.995874
test,18273,1,0.996907
test,18274,1,0.994259
test,18275,1,0.989430
test,18276,1,0.997210
test,18277,1,0.997566
test,18278,1,0.995372
test,18279,1,0.996427
test,18280,1,0.995300
test,18281,1,0.994900
test,18282,1,0.995744
test,18283,1,0.007247
test,18284,1,0.076132
test,18285,1,0.068787
test,18286,1,0.549693
test,18287,1,0.995161
test,18288,1,0.992906
test,18289,1,0.993436
test,18290,1,0.035948
test,18291,1,0.006680
test,18292,1,0.985552
test,18293,1,0.997317
test,18294,1,0.962743
test,18295,1,0.917967
test,18296,1,0.989551
test,18297,1,0.997561
test,18298,1,0.994749
test,18299,1,0.926570
test,18300,1,0.996031
test,18301,1,0.991373
test,18302,1,0.997551
test,18303,1,0.997144
test,18304,1,0.990821
test,18305,1,0.995618
test,18306,1,0.995444
test,18307,1,0.997649
test,18308,1,0.920074
test,18309,1,0.997580
test,18310,1,0.997513
test,18311,1,0.821044
test,18312,1,0.995954
test,18313,1,0.989986
test,18314,1,0.967502
test,18315,1,0.997722
test,18316,1,0.997498
test,18317,1,0.995882
test,18318,1,0.996682
test,18319,1,0.996623
test,18320,1,0.997645
test,18321,1,0.996978
test,18322,1,0.990750
test,18323,1,0.993346
test,18324,1,0.984664
test,18325,1,0.996643
test,18326,1,0.997672
test,18327,1,0.997537
test,18328,1,0.991764
test,18329,1,0.996919
test,18330,1,0.026810
test,18331,1,0.994646
test,18332,1,0.997082
test,18333,1,0.997389
test,18334,1,0.997686
test,18335,1,0.114467
test,18336,1,0.995390
test,18337,1,0.993487
test,18338,1,0.994840
test,18339,1,0.997353
test,18340,1,0.997449
test,18341,1,0.996907
test,18342,1,0.997221
test,18343,1,0.996821
test,18344,1,0.971238
test,18345,1,0.993831
test,18346,1,0.271831
test,18347,1,0.995809
test,18348,1,0.978955
test,18349,1,0.994969
test,18350,1,0.995426
test,18351,1,0.993783
test,18352,1,0.995037
test,18353,1,0.996392
test,18354,1,0.968381
test,18355,1,0.996821
test,18356,1,0.996286
test,18357,1,0.996249
test,18358,1,0.985328
test,18359,1,0.982922
test,18360,1,0.866867
test,18361,1,0.650079
test,18362,1,0.995426
test,18363,1,0.994477
test,18364,1,0.982185
test,18365,1,0.985580
test,18366,1,0.993914
test,18367,1,0.018194
test,18368,1,0.995626
test,18369,1,0.063657
test,18370,1,0.969957
test,18371,1,0.733309
test,18372,1,0.997311
test,18373,1,0.995435
test,18374,1,0.997713
test,18375,1,0.987277
test,18376,1,0.959724
test,18377,1,0.673997
test,18378,1,0.996108
test,18379,1,0.924073
test,18380,1,0.995514
test,18381,1,0.914520
test,18382,1,0.995744
test,18383,1,0.993686
test,18384,1,0.996364
test,18385,1,0.996190
test,18386,1,0.993042
test,18387,1,0.205376
test,18388,1,0.933854
test,18389,1,0.997036
test,18390,1,0.811078
test,18391,1,0.984124
test,18392,1,0.982406
test,18393,1,0.997822
test,18394,1,0.995354
test,18395,1,0.995170
test,18396,1,0.995954
test,18397,1,0.996714
test,18398,1,0.994820
test,18399,1,0.987688
test,18400,1,0.997082
test,18401,1,0.997215
test,18402,1,0.997508
test,18403,1,0.994123
test,18404,1,0.989551
test,18405,1,0.995198
test,18406,1,0.981875
test,18407,1,0.962036
test,18408,1,0.995076
test,18409,1,0.997306
test,18410,1,0.997285
test,18411,1,0.997622
test,18412,1,0.997226
test,18413,1,0.997394
test,18414,1,0.997649
test,18415,1,0.997708
test,18416,1,0.981489
test,18417,1,0.997389
test,18418,1,0.995479
test,18419,1,0.997459
test,18420,1,0.997172
test,18421,1,0.997695
test,18422,1,0.027690
test,18423,1,0.997368
test,18424,1,0.996584
test,18425,1,0.996858
test,18426,1,0.971047
test,18427,1,0.997232
test,18428,1,0.997551
test,18429,1,0.987782
test,18430,1,0.997484
test,18431,1,0.996434
test,18432,1,0.022436
test,18433,1,0.916110
test,18434,1,0.996623
test,18435,1,0.994369
test,18436,1,0.951953
test,18437,1,0.993281
test,18438,1,0.992767
test,18439,1,0.977349
test,18440,1,0.979195
test,18441,1,0.988514
test,18442,1,0.996441
test,18443,1,0.997311
test,18444,1,0.996168
test,18445,1,0.921428
test,18446,1,0.996198
test,18447,1,0.997368
test,18448,1,0.996617
test,18449,1,0.996864
test,18450,1,0.991153
test,18451,1,0.994100
test,18452,1,0.996777
test,18453,1,0.991859
test,18454,1,0.996100
test,18455,1,0.989771
test,18456,1,0.879354
test,18457,1,0.985622
test,18458,1,0.997248
test,18459,1,0.909103
test,18460,1,0.994760
test,18461,1,0.996271
test,18462,1,0.995123
test,18463,1,0.717259
test,18464,1,0.741300
test,18465,1,0.996476
test,18466,1,0.996727
test,18467,1,0.823612
test,18468,1,0.995354
test,18469,1,0.050988
test,18470,1,0.973919
test,18471,1,0.845751
test,18472,1,0.987375
test,18473,1,0.991067
test,18474,1,0.012735
test,18475,1,0.997508
test,18476,1,0.997414
test,18477,1,0.997561
test,18478,1,0.993747
test,18479,1,0.997761
test,18480,1,0.997161
test,18481,1,0.997274
test,18482,1,0.997194
test,18483,1,0.995719
test,18484,1,0.996604
test,18485,1,0.990348
test,18486,1,0.996557
test,18487,1,0.992611
test,18488,1,0.996235
test,18489,1,0.996846
test,18490,1,0.997792
test,18491,1,0.996293
test,18492,1,0.997454
test,18493,1,0.996882
test,18494,1,0.995768
test,18495,1,0.997868
test,18496,1,0.835013
test,18497,1,0.997348
test,18498,1,0.996570
test,18499,1,0.993574
test,18500,1,0.993042
test,18501,1,0.992408
test,18502,1,0.994066
test,18503,1,0.997054
test,18504,1,0.997065
test,18505,1,0.997059
test,18506,1,0.997901
test,18507,1,0.996131
test,18508,1,0.997161
test,18509,1,0.945045
test,18510,1,0.997731
test,18511,1,0.996031
test,18512,1,0.997905
test,18513,1,0.997570
test,18514,1,0.976647
test,18515,1,0.997901
test,18516,1,0.996213
test,18517,1,0.996256
test,18518,1,0.996777
test,18519,1,0.994959
test,18520,1,0.996972
test,18521,1,0.997488
test,18522,1,0.996777
test,18523,1,0.997042
test,18524,1,0.997474
test,18525,1,0.992906
test,18526,1,0.988536
test,18527,1,0.997872
test,18528,1,0.995826
test,18529,1,0.993562
test,18530,1,0.888372
test,18531,1,0.013584
test,18532,1,0.896523
test,18533,1,0.986389
test,18534,1,0.015544
test,18535,1,0.992611
test,18536,1,0.446253
test,18537,1,0.947284
test,18538,1,0.966695
test,18539,1,0.993015
test,18540,1,0.996249
test,18541,1,0.996264
test,18542,1,0.997523
test,18543,1,0.049176
test,18544,1,0.997248
test,18545,1,0.892375
test,18546,1,0.996796
test,18547,1,0.954435
test,18548,1,0.866076
test,18549,1,0.990273
test,18550,1,0.907885
test,18551,1,0.137417
test,18552,1,0.562807
test,18553,1,0.995345
test,18554,1,0.997232
test,18555,1,0.995399
test,18556,1,0.985909
test,18557,1,0.995793
test,18558,1,0.041970
test,18559,1,0.982591
test,18560,1,0.997317
test,18561,1,0.996364
test,18562,1,0.997542
test,18563,1,0.994920
test,18564,1,0.997353
test,18565,1,0.996392
test,18566,1,0.997404
test,18567,1,0.997722
test,18568,1,0.996364
test,18569,1,0.997654
test,18570,1,0.997161
test,18571,1,0.997704
test,18572,1,0.996784
test,18573,1,0.997177
test,18574,1,0.996336
test,18575,1,0.994169
test,18576,1,0.997695
test,18577,1,0.997317
test,18578,1,0.997713
test,18579,1,0.996954
test,18580,1,0.994800
test,18581,1,0.904397
test,18582,1,0.997274
test,18583,1,0.995345
test,18584,1,0.997575
test,18585,1,0.997358
test,18586,1,0.997556
test,18587,1,0.996870
test,18588,1,0.991828
test,18589,1,0.997127
test,18590,1,0.997454
test,18591,1,0.997834
test,18592,1,0.997232
test,18593,1,0.996597
test,18594,1,0.986803
test,18595,1,0.997493
test,18596,1,0.997537
test,18597,1,0.996852
test,18598,1,0.982440
test,18599,1,0.997127
test,18600,1,0.995817
test,18601,1,0.995327
test,18602,1,0.937211
test,18603,1,0.805250
test,18604,1,0.997527
test,18605,1,0.993524
test,18606,1,0.996190
test,18607,1,0.996882
test,18608,1,0.995609
test,18609,1,0.067485
test,18610,1,0.990292
test,18611,1,0.898589
test,18612,1,0.995583
test,18613,1,0.058777
test,18614,1,0.870157
test,18615,1,0.994169
test,18616,1,0.547479
test,18617,1,0.994303
test,18618,1,0.995027
test,18619,1,0.995858
test,18620,1,0.962036
test,18621,1,0.996907
test,18622,1,0.992920
test,18623,1,0.285123
test,18624,1,0.997384
test,18625,1,0.929696
test,18626,1,0.996336
test,18627,1,0.864253
test,18628,1,0.994636
test,18629,1,0.991489
test,18630,1,0.994636
test,18631,1,0.995694
test,18632,1,0.995809
test,18633,1,0.995558
test,18634,1,0.006351
test,18635,1,0.687105
test,18636,1,0.997668
test,18637,1,0.995488
test,18638,1,0.995858
test,18639,1,0.997603
test,18640,1,0.997394
test,18641,1,0.997237
test,18642,1,0.995793
test,18643,1,0.853547
test,18644,1,0.995047
test,18645,1,0.005831
test,18646,1,0.995462
test,18647,1,0.358971
test,18648,1,0.997429
test,18649,1,0.997659
test,18650,1,0.997332
test,18651,1,0.997459
test,18652,1,0.997242
test,18653,1,0.993710
test,18654,1,0.997580
test,18655,1,0.997513
test,18656,1,0.915280
test,18657,1,0.995217
test,18658,1,0.967472
test,18659,1,0.015876
test,18660,1,0.044266
test,18661,1,0.994900
test,18662,1,0.995785
test,18663,1,0.987853
test,18664,1,0.997527
test,18665,1,0.997199
test,18666,1,0.996637
test,18667,1,0.993807
test,18668,1,0.773302
test,18669,1,0.994214
test,18670,1,0.924415
test,18671,1,0.995719
test,18672,1,0.990962
test,18673,1,0.996161
test,18674,1,0.996827
test,18675,1,0.997404
test,18676,1,0.996721
test,18677,1,0.921922
test,18678,1,0.996984
test,18679,1,0.007446
test,18680,1,0.760206
test,18681,1,0.969584
test,18682,1,0.993487
test,18683,1,0.983754
test,18684,1,0.979823
test,18685,1,0.988425
test,18686,1,0.948585
test,18687,1,0.027221
test,18688,1,0.990329
test,18689,1,0.996364
test,18690,1,0.989909
test,18691,1,0.926037
test,18692,1,0.996637
test,18693,1,0.997599
test,18694,1,0.997138
test,18695,1,0.996205
test,18696,1,0.996314
test,18697,1,0.991732
test,18698,1,0.023264
test,18699,1,0.992597
test,18700,1,0.874238
test,18701,1,0.997617
test,18702,1,0.042325
test,18703,1,0.994698
test,18704,1,0.983565
test,18705,1,0.996784
test,18706,1,0.899652
test,18707,1,0.997474
test,18708,1,0.504687
test,18709,1,0.985963
test,18710,1,0.997444
test,18711,1,0.996888
test,18712,1,0.995890
test,18713,1,0.050237
test,18714,1,0.995497
test,18715,1,0.217005
test,18716,1,0.994930
test,18717,1,0.995938
test,18718,1,0.582669
test,18719,1,0.997127
test,18720,1,0.997248
test,18721,1,0.997649
test,18722,1,0.996153
test,18723,1,0.006501
test,18724,1,0.994434
test,18725,1,0.997127
test,18726,1,0.747293
test,18727,1,0.579162
test,18728,1,0.986044
test,18729,1,0.984575
test,18730,1,0.995095
test,18731,1,0.819460
test,18732,1,0.996960
test,18733,1,0.997301
test,18734,1,0.987154
test,18735,1,0.997296
test,18736,1,0.997695
test,18737,1,0.921216
test,18738,1,0.997071
test,18739,1,0.997566
test,18740,1,0.996669
test,18741,1,0.930648
test,18742,1,0.997518
test,18743,1,0.995390
test,18744,1,0.997735
test,18745,1,0.997242
test,18746,1,0.997532
test,18747,1,0.997290
test,18748,1,0.963161
test,18749,1,0.994157
test,18750,1,0.997110
test,18751,1,0.997566
test,18752,1,0.994830
test,18753,1,0.997373
test,18754,1,0.997731
test,18755,1,0.997322
test,18756,1,0.996385
test,18757,1,0.997013
test,18758,1,0.997183
test,18759,1,0.997779
test,18760,1,0.997498
test,18761,1,0.997110
test,18762,1,0.012908
test,18763,1,0.995336
test,18764,1,0.997464
test,18765,1,0.006641
test,18766,1,0.988177
test,18767,1,0.997677
test,18768,1,0.941385
test,18769,1,0.019776
test,18770,1,0.995037
test,18771,1,0.997561
test,18772,1,0.957397
test,18773,1,0.997210
test,18774,1,0.159348
test,18775,1,0.997122
test,18776,1,0.997518
test,18777,1,0.996733
test,18778,1,0.988885
test,18779,1,0.997082
test,18780,1,0.989347
test,18781,1,0.446042
test,18782,1,0.776199
test,18783,1,0.997253
test,18784,1,0.993996
test,18785,1,0.995618
test,18786,1,0.996943
test,18787,1,0.997285
test,18788,1,0.995850
test,18789,1,0.996960
test,18790,1,0.994910
test,18791,1,0.814864
test,18792,1,0.988536
test,18793,1,0.997280
test,18794,1,0.997322
test,18795,1,0.997761
test,18796,1,0.997110
test,18797,1,0.995426
test,18798,1,0.996676
test,18799,1,0.996322
test,18800,1,0.995056
test,18801,1,0.997311
test,18802,1,0.995777
test,18803,1,0.990624
test,18804,1,0.996116
test,18805,1,0.996777
test,18806,1,0.987853
test,18807,1,0.995558
test,18808,1,0.982507
test,18809,1,0.007861
test,18810,1,0.987030
test,18811,1,0.281159
test,18812,1,0.997713
test,18813,1,0.997404
test,18814,1,0.997188
test,18815,1,0.994959
test,18816,1,0.993372
test,18817,1,0.995532
test,18818,1,0.996584
test,18819,1,0.996138
test,18820,1,0.997547
test,18821,1,0.997404
test,18822,1,0.993661
test,18823,1,0.996510
test,18824,1,0.996489
test,18825,1,0.997518
test,18826,1,0.995669
test,18827,1,0.997580
test,18828,1,0.997025
test,18829,1,0.149159
test,18830,1,0.997133
test,18831,1,0.934455
test,18832,1,0.996876
test,18833,1,0.995523
test,18834,1,0.990064
test,18835,1,0.995254
test,18836,1,0.996131
test,18837,1,0.996746
test,18838,1,0.987806
test,18839,1,0.990732
test,18840,1,0.996894
test,18841,1,0.997343
test,18842,1,0.996721
test,18843,1,0.997242
test,18844,1,0.805709
test,18845,1,0.996949
test,18846,1,0.995133
test,18847,1,0.997444
test,18848,1,0.995961
test,18849,1,0.975992
test,18850,1,0.259075
test,18851,1,0.988358
test,18852,1,0.981436
test,18853,1,0.936343
test,18854,1,0.996427
test,18855,1,0.996802
test,18856,1,0.997608
test,18857,1,0.997001
test,18858,1,0.997498
test,18859,1,0.996300
test,18860,1,0.995685
test,18861,1,0.996406
test,18862,1,0.997672
test,18863,1,0.997449
test,18864,1,0.997322
test,18865,1,0.995961
test,18866,1,0.997404
test,18867,1,0.997527
test,18868,1,0.997042
test,18869,1,0.995866
test,18870,1,0.995677
test,18871,1,0.992879
test,18872,1,0.968501
test,18873,1,0.996913
test,18874,1,0.995930
test,18875,1,0.985663
test,18876,1,0.996721
test,18877,1,0.996682
test,18878,1,0.997681
test,18879,1,0.997379
test,18880,1,0.975530
test,18881,1,0.996721
test,18882,1,0.978447
test,18883,1,0.993747
test,18884,1,0.995142
test,18885,1,0.994488
test,18886,1,0.994541
test,18887,1,0.996765
test,18888,1,0.995018
test,18889,1,0.997253
test,18890,1,0.996557
test,18891,1,0.996809
test,18892,1,0.996752
test,18893,1,0.992597
test,18894,1,0.995752
test,18895,1,0.961316
test,18896,1,0.010881
test,18897,1,0.997527
test,18898,1,0.992711
test,18899,1,0.763396
test,18900,1,0.997484
test,18901,1,0.975716
test,18902,1,0.962778
test,18903,1,0.995785
test,18904,1,0.996610
test,18905,1,0.036700
test,18906,1,0.995826
test,18907,1,0.997726
test,18908,1,0.996557
test,18909,1,0.995801
test,18910,1,0.997001
test,18911,1,0.997077
test,18912,1,0.997459
test,18913,1,0.997242
test,18914,1,0.208824
test,18915,1,0.993069
test,18916,1,0.996307
test,18917,1,0.914214
test,18918,1,0.995809
test,18919,1,0.994949
test,18920,1,0.996925
test,18921,1,0.997166
test,18922,1,0.996752
test,18923,1,0.997708
test,18924,1,0.662960
test,18925,1,0.983036
test,18926,1,0.997013
test,18927,1,0.993499
test,18928,1,0.005480
test,18929,1,0.997394
test,18930,1,0.997394
test,18931,1,0.994920
test,18932,1,0.121581
test,18933,1,0.996055
test,18934,1,0.995198
test,18935,1,0.994135
test,18936,1,0.994749
test,18937,1,0.934155
test,18938,1,0.996108
test,18939,1,0.957912
test,18940,1,0.995047
test,18941,1,0.973795
test,18942,1,0.013046
test,18943,1,0.995793
test,18944,1,0.996441
test,18945,1,0.992423
test,18946,1,0.995977
test,18947,1,0.996550
test,18948,1,0.996336
test,18949,1,0.993879
test,18950,1,0.994940
test,18951,1,0.997269
test,18952,1,0.997424
test,18953,1,0.997296
test,18954,1,0.970296
test,18955,1,0.997589
test,18956,1,0.997215
test,18957,1,0.993069
test,18958,1,0.996350
test,18959,1,0.997077
test,18960,1,0.018282
test,18961,1,0.997809
test,18962,1,0.961714
test,18963,1,0.997851
test,18964,1,0.997770
test,18965,1,0.997232
test,18966,1,0.996544
test,18967,1,0.993891
test,18968,1,0.995858
test,18969,1,0.062160
test,18970,1,0.997116
test,18971,1,0.997792
test,18972,1,0.996919
test,18973,1,0.996827
test,18974,1,0.996937
test,18975,1,0.997527
test,18976,1,0.997306
test,18977,1,0.997253
test,18978,1,0.995245
test,18979,1,0.997414
test,18980,1,0.992640
test,18981,1,0.997608
test,18982,1,0.997280
test,18983,1,0.996771
test,18984,1,0.779406
test,18985,1,0.992975
test,18986,1,0.997042
test,18987,1,0.997479
test,18988,1,0.982889
test,18989,1,0.991922
test,18990,1,0.956594
test,18991,1,0.996960
test,18992,1,0.003686
test,18993,1,0.997488
test,18994,1,0.997210
test,18995,1,0.996448
test,18996,1,0.997221
test,18997,1,0.997503
test,18998,1,0.989286
test,18999,1,0.997138
test,19000,1,0.997071
test,19001,1,0.995037
test,19002,1,0.997731
test,19003,1,0.916035
test,19004,1,0.995906
test,19005,1,0.997204
test,19006,1,0.966695
test,19007,1,0.994043
test,19008,1,0.997071
test,19009,1,0.997133
test,19010,1,0.084985
test,19011,1,0.996016
test,19012,1,0.993346
test,19013,1,0.077100
test,19014,1,0.996378
test,19015,1,0.997226
test,19016,1,0.996264
test,19017,1,0.993855
test,19018,1,0.994739
test,19019,1,0.956675
test,19020,1,0.904229
test,19021,1,0.996544
test,19022,1,0.958030
test,19023,1,0.996765
test,19024,1,0.935346
test,19025,1,0.996714
test,19026,1,0.993268
test,19027,1,0.996364
test,19028,1,0.989850
test,19029,1,0.997779
test,19030,1,0.720172
test,19031,1,0.997348
test,19032,1,0.994949
test,19033,1,0.995898
test,19034,1,0.994810
test,19035,1,0.677954
test,19036,1,0.996796
test,19037,1,0.996802
test,19038,1,0.996663
test,19039,1,0.996138
test,19040,1,0.992047
test,19041,1,0.997404
test,19042,1,0.987448
test,19043,1,0.997194
test,19044,1,0.966252
test,19045,1,0.993891
test,19046,1,0.995142
test,19047,1,0.996821
test,19048,1,0.996183
test,19049,1,0.994749
test,19050,1,0.996070
test,19051,1,0.995408
test,19052,1,0.995123
test,19053,1,0.997547
test,19054,1,0.997484
test,19055,1,0.997384
test,19056,1,0.996146
test,19057,1,0.200714
test,19058,1,0.959383
test,19059,1,0.007108
test,19060,1,0.030072
test,19061,1,0.989076
test,19062,1,0.997296
test,19063,1,0.997194
test,19064,1,0.996392
test,19065,1,0.986572
test,19066,1,0.995858
test,19067,1,0.995882
test,19068,1,0.997834
test,19069,1,0.994369
test,19070,1,0.995363
test,19071,1,0.976602
test,19072,1,0.997358
test,19073,1,0.996584
test,19074,1,0.884289
test,19075,1,0.997317
test,19076,1,0.994900
test,19077,1,0.987782
test,19078,1,0.958963
test,19079,1,0.988971
test,19080,1,0.994584
test,19081,1,0.011597
test,19082,1,0.996960
test,19083,1,0.992597
test,19084,1,0.994066
test,19085,1,0.996815
test,19086,1,0.995236
test,19087,1,0.964288
test,19088,1,0.997274
test,19089,1,0.995354
test,19090,1,0.986726
test,19091,1,0.997242
test,19092,1,0.993973
test,19093,1,0.979472
test,19094,1,0.996937
test,19095,1,0.995834
test,19096,1,0.997019
test,19097,1,0.997343
test,19098,1,0.997253
test,19099,1,0.997444
test,19100,1,0.996864
test,19101,1,0.994203
test,19102,1,0.997739
test,19103,1,0.996557
test,19104,1,0.995809
test,19105,1,0.987544
test,19106,1,0.997237
test,19107,1,0.997343
test,19108,1,0.997774
test,19109,1,0.997353
test,19110,1,0.996949
test,19111,1,0.992139
test,19112,1,0.996901
test,19113,1,0.980337
test,19114,1,0.996523
test,19115,1,0.997399
test,19116,1,0.968709
test,19117,1,0.221687
test,19118,1,0.173428
test,19119,1,0.995694
test,19120,1,0.973544
test,19121,1,0.997419
test,19122,1,0.995793
test,19123,1,0.996701
test,19124,1,0.030821
test,19125,1,0.995643
test,19126,1,0.996420
test,19127,1,0.997082
test,19128,1,0.993346
test,19129,1,0.996300
test,19130,1,0.995752
test,19131,1,0.997088
test,19132,1,0.030880
test,19133,1,0.502602
test,19134,1,0.995462
test,19135,1,0.956877
test,19136,1,0.997019
test,19137,1,0.993831
test,19138,1,0.995850
test,19139,1,0.025179
test,19140,1,0.392890
test,19141,1,0.993242
test,19142,1,0.817720
test,19143,1,0.993686
test,19144,1,0.995930
test,19145,1,0.993512
test,19146,1,0.996537
test,19147,1,0.996557
test,19148,1,0.995669
test,19149,1,0.997337
test,19150,1,0.473288
test,19151,1,0.995985
test,19152,1,0.992725
test,19153,1,0.996116
test,19154,1,0.995817
test,19155,1,0.996901
test,19156,1,0.995549
test,19157,1,0.992214
test,19158,1,0.944791
test,19159,1,0.995354
test,19160,1,0.994698
test,19161,1,0.964722
test,19162,1,0.997138
test,19163,1,0.997603
test,19164,1,0.997093
test,19165,1,0.994800
test,19166,1,0.997547
test,19167,1,0.987735
test,19168,1,0.995694
test,19169,1,0.994214
test,19170,1,0.997001
test,19171,1,0.981666
test,19172,1,0.971347
test,19173,1,0.979433
test,19174,1,0.997172
test,19175,1,0.997379
test,19176,1,0.996503
test,19177,1,0.996307
test,19178,1,0.997537
test,19179,1,0.945951
test,19180,1,0.996085
test,19181,1,0.997285
test,19182,1,0.996689
test,19183,1,0.994336
test,19184,1,0.993914
test,19185,1,0.996990
test,19186,1,0.766119
test,19187,1,0.996858
test,19188,1,0.996550
test,19189,1,0.984927
test,19190,1,0.996790
test,19191,1,0.977371
test,19192,1,0.994800
test,19193,1,0.997093
test,19194,1,0.819026
test,19195,1,0.986071
test,19196,1,0.450763
test,19197,1,0.997722
test,19198,1,0.997761
test,19199,1,0.997105
test,19200,1,0.995263
test,19201,1,0.997677
test,19202,1,0.997232
test,19203,1,0.997617
test,19204,1,0.997739
test,19205,1,0.996371
test,19206,1,0.995752
test,19207,1,0.445409
test,19208,1,0.996584
test,19209,1,0.851459
test,19210,1,0.996876
test,19211,1,0.994820
test,19212,1,0.993110
test,19213,1,0.997532
test,19214,1,0.111967
test,19215,1,0.987204
test,19216,1,0.977799
test,19217,1,0.030329
test,19218,1,0.984575
test,19219,1,0.925769
test,19220,1,0.982889
test,19221,1,0.032131
test,19222,1,0.965283
test,19223,1,0.546920
test,19224,1,0.090013
test,19225,1,0.030821
test,19226,1,0.232484
test,19227,1,0.954478
test,19228,1,0.370482
test,19229,1,0.963437
test,19230,1,0.169612
test,19231,1,0.995532
test,19232,1,0.997237
test,19233,1,0.996907
test,19234,1,0.993996
test,19235,1,0.978343
test,19236,1,0.997007
test,19237,1,0.815453
test,19238,1,0.006086
test,19239,1,0.995497
test,19240,1,0.994810
test,19241,1,0.995914
test,19242,1,0.753194
test,19243,1,0.995479
test,19244,1,0.858719
test,19245,1,0.996455
test,19246,1,0.982691
test,19247,1,0.997584
test,19248,1,0.997353
test,19249,1,0.997077
test,19250,1,0.997603
test,19251,1,0.996205
test,19252,1,0.997280
test,19253,1,0.996949
test,19254,1,0.943452
test,19255,1,0.997454
test,19256,1,0.996695
test,19257,1,0.997122
test,19258,1,0.992640
test,19259,1,0.997518
test,19260,1,0.995282
test,19261,1,0.997082
test,19262,1,0.995408
test,19263,1,0.997796
test,19264,1,0.994646
test,19265,1,0.996055
test,19266,1,0.997030
test,19267,1,0.990714
test,19268,1,0.996024
test,19269,1,0.988062
test,19270,1,0.971456
test,19271,1,0.996784
test,19272,1,0.997498
test,19273,1,0.997133
test,19274,1,0.997204
test,19275,1,0.989592
test,19276,1,0.996138
test,19277,1,0.997071
test,19278,1,0.997059
test,19279,1,0.989850
test,19280,1,0.977176
test,19281,1,0.995523
test,19282,1,0.997221
test,19283,1,0.859015
test,19284,1,0.996834
test,19285,1,0.992934
test,19286,1,0.966220
test,19287,1,0.996796
test,19288,1,0.989791
test,19289,1,0.996070
test,19290,1,0.996727
test,19291,1,0.995946
test,19292,1,0.674908
test,19293,1,0.992229
test,19294,1,0.986879
test,19295,1,0.995702
test,19296,1,0.993029
test,19297,1,0.995954
test,19298,1,0.067117
test,19299,1,0.983150
test,19300,1,0.048541
test,19301,1,0.996966
test,19302,1,0.289673
test,19303,1,0.997138
test,19304,1,0.996617
test,19305,1,0.995575
test,19306,1,0.997048
test,19307,1,0.997469
test,19308,1,0.997454
test,19309,1,0.995977
test,19310,1,0.746555
test,19311,1,0.996138
test,19312,1,0.997327
test,19313,1,0.990980
test,19314,1,0.997226
test,19315,1,0.992611
test,19316,1,0.056029
test,19317,1,0.997699
test,19318,1,0.987876
test,19319,1,0.997269
test,19320,1,0.994123
test,19321,1,0.973894
test,19322,1,0.992016
test,19323,1,0.996610
test,19324,1,0.994066
test,19325,1,0.994423
test,19326,1,0.489420
test,19327,1,0.997613
test,19328,1,0.815012
test,19329,1,0.996008
test,19330,1,0.996220
test,19331,1,0.986151
test,19332,1,0.997469
test,19333,1,0.991422
test,19334,1,0.091870
test,19335,1,0.954351
test,19336,1,0.995381
test,19337,1,0.997144
test,19338,1,0.996420
test,19339,1,0.993372
test,19340,1,0.807537
test,19341,1,0.996577
test,19342,1,0.996329
test,19343,1,0.994646
test,19344,1,0.027690
test,19345,1,0.997204
test,19346,1,0.996000
test,19347,1,0.996858
test,19348,1,0.997454
test,19349,1,0.996550
test,19350,1,0.989909
test,19351,1,0.956594
test,19352,1,0.997155
test,19353,1,0.997419
test,19354,1,0.997150
test,19355,1,0.996701
test,19356,1,0.995198
test,19357,1,0.997580
test,19358,1,0.982922
test,19359,1,0.996656
test,19360,1,0.996392
test,19361,1,0.997681
test,19362,1,0.996537
test,19363,1,0.993110
test,19364,1,0.989076
test,19365,1,0.929184
test,19366,1,0.997116
test,19367,1,0.994020
test,19368,1,0.975202
test,19369,1,0.006169
test,19370,1,0.997584
test,19371,1,0.091544
test,19372,1,0.997444
test,19373,1,0.996264
test,19374,1,0.994434
test,19375,1,0.997584
test,19376,1,0.997368
test,19377,1,0.997399
test,19378,1,0.997779
test,19379,1,0.997429
test,19380,1,0.997668
test,19381,1,0.997584
test,19382,1,0.996329
test,19383,1,0.992879
test,19384,1,0.994800
test,19385,1,0.971211
test,19386,1,0.996610
test,19387,1,0.997290
test,19388,1,0.997508
test,19389,1,0.997474
test,19390,1,0.997631
test,19391,1,0.995566
test,19392,1,0.985328
test,19393,1,0.996537
test,19394,1,0.995583
test,19395,1,0.997429
test,19396,1,0.997800
test,19397,1,0.996406
test,19398,1,0.997013
test,19399,1,0.997337
test,19400,1,0.995453
test,19401,1,0.996701
test,19402,1,0.997384
test,19403,1,0.997761
test,19404,1,0.995161
test,19405,1,0.996256
test,19406,1,0.997110
test,19407,1,0.996790
test,19408,1,0.997337
test,19409,1,0.925634
test,19410,1,0.994780
test,19411,1,0.996278
test,19412,1,0.996235
test,19413,1,0.713930
test,19414,1,0.973113
test,19415,1,0.997332
test,19416,1,0.997686
test,19417,1,0.997645
test,19418,1,0.992467
test,19419,1,0.997704
test,19420,1,0.997744
test,19421,1,0.997796
test,19422,1,0.994146
test,19423,1,0.995938
test,19424,1,0.996300
test,19425,1,0.996669
test,19426,1,0.997253
test,19427,1,0.997409
test,19428,1,0.963541
test,19429,1,0.997459
test,19430,1,0.997065
test,19431,1,0.997116
test,19432,1,0.997285
test,19433,1,0.996434
test,19434,1,0.877161
test,19435,1,0.996448
test,19436,1,0.997306
test,19437,1,0.997248
test,19438,1,0.997332
test,19439,1,0.638666
test,19440,1,0.997358
test,19441,1,0.990839
test,19442,1,0.996682
test,19443,1,0.997434
test,19444,1,0.997036
test,19445,1,0.994890
test,19446,1,0.995479
test,19447,1,0.995435
test,19448,1,0.996489
test,19449,1,0.997183
test,19450,1,0.996420
test,19451,1,0.996656
test,19452,1,0.995669
test,19453,1,0.081046
test,19454,1,0.996190
test,19455,1,0.990945
test,19456,1,0.995558
test,19457,1,0.997025
test,19458,1,0.989830
test,19459,1,0.985440
test,19460,1,0.996617
test,19461,1,0.996183
test,19462,1,0.996931
test,19463,1,0.976288
test,19464,1,0.994031
test,19465,1,0.033972
test,19466,1,0.916110
test,19467,1,0.981595
test,19468,1,0.990732
test,19469,1,0.995874
test,19470,1,0.300592
test,19471,1,0.996701
test,19472,1,0.997419
test,19473,1,0.997379
test,19474,1,0.831075
test,19475,1,0.996205
test,19476,1,0.995435
test,19477,1,0.996815
test,19478,1,0.974845
test,19479,1,0.997042
test,19480,1,0.994770
test,19481,1,0.996039
test,19482,1,0.981221
test,19483,1,0.990159
test,19484,1,0.996123
test,19485,1,0.994688
test,19486,1,0.992697
test,19487,1,0.657264
test,19488,1,0.008813
test,19489,1,0.995435
test,19490,1,0.995660
test,19491,1,0.995727
test,19492,1,0.997556
test,19493,1,0.997726
test,19494,1,0.997474
test,19495,1,0.995793
test,19496,1,0.997204
test,19497,1,0.996669
test,19498,1,0.996721
test,19499,1,0.997242
test,19500,1,0.997368
test,19501,1,0.997322
test,19502,1,0.997704
test,19503,1,0.996623
test,19504,1,0.975273
test,19505,1,0.993474
test,19506,1,0.991796
test,19507,1,0.851027
test,19508,1,0.879302
test,19509,1,0.997404
test,19510,1,0.993015
test,19511,1,0.500488
test,19512,1,0.809653
test,19513,1,0.050799
test,19514,1,0.902781
test,19515,1,0.983581
test,19516,1,0.993686
test,19517,1,0.996343
test,19518,1,0.938237
test,19519,1,0.920146
test,19520,1,0.101947
test,19521,1,0.005271
test,19522,1,0.995922
test,19523,1,0.996434
test,19524,1,0.015769
test,19525,1,0.997054
test,19526,1,0.993914
test,19527,1,0.996701
test,19528,1,0.996913
test,19529,1,0.997253
test,19530,1,0.997048
test,19531,1,0.996544
test,19532,1,0.996530
test,19533,1,0.994749
test,19534,1,0.997199
test,19535,1,0.996469
test,19536,1,0.994123
test,19537,1,0.995390
test,19538,1,0.994089
test,19539,1,0.991700
test,19540,1,0.888711
test,19541,1,0.997019
test,19542,1,0.996925
test,19543,1,0.995592
test,19544,1,0.995142
test,19545,1,0.997177
test,19546,1,0.995946
test,19547,1,0.996695
test,19548,1,0.997116
test,19549,1,0.995133
test,19550,1,0.997469
test,19551,1,0.996307
test,19552,1,0.997215
test,19553,1,0.997155
test,19554,1,0.906653
test,19555,1,0.997527
test,19556,1,0.997379
test,19557,1,0.996733
test,19558,1,0.994236
test,19559,1,0.997337
test,19560,1,0.997264
test,19561,1,0.997570
test,19562,1,0.994760
test,19563,1,0.995752
test,19564,1,0.997800
test,19565,1,0.997110
test,19566,1,0.995208
test,19567,1,0.997138
test,19568,1,0.997513
test,19569,1,0.997088
test,19570,1,0.710879
test,19571,1,0.995809
test,19572,1,0.992304
test,19573,1,0.995985
test,19574,1,0.995488
test,19575,1,0.995702
test,19576,1,0.988580
test,19577,1,0.993242
test,19578,1,0.996264
test,19579,1,0.996809
test,19580,1,0.996604
test,19581,1,0.991289
test,19582,1,0.993843
test,19583,1,0.996510
test,19584,1,0.996727
test,19585,1,0.997226
test,19586,1,0.032868
test,19587,1,0.135346
test,19588,1,0.993636
test,19589,1,0.993015
test,19590,1,0.997161
test,19591,1,0.279632
test,19592,1,0.988154
test,19593,1,0.994949
test,19594,1,0.949153
test,19595,1,0.992229
test,19596,1,0.991796
test,19597,1,0.984605
test,19598,1,0.988425
test,19599,1,0.992975
test,19600,1,0.989870
test,19601,1,0.994225
test,19602,1,0.727830
test,19603,1,0.008046
test,19604,1,0.990514
test,19605,1,0.987664
test,19606,1,0.954052
test,19607,1,0.954052
test,19608,1,0.995390
test,19609,1,0.995123
test,19610,1,0.992319
test,19611,1,0.997439
test,19612,1,0.996796
test,19613,1,0.996108
test,19614,1,0.997155
test,19615,1,0.995752
test,19616,1,0.996392
test,19617,1,0.991187
test,19618,1,0.994910
test,19619,1,0.996161
test,19620,1,0.990910
test,19621,1,0.996765
test,19622,1,0.997030
test,19623,1,0.996523
test,19624,1,0.997532
test,19625,1,0.994677
test,19626,1,0.997518
test,19627,1,0.993372
test,19628,1,0.996650
test,19629,1,0.991255
test,19630,1,0.991716
test,19631,1,0.997065
test,19632,1,0.997306
test,19633,1,0.997631
test,19634,1,0.996682
test,19635,1,0.997424
test,19636,1,0.787441
test,19637,1,0.997739
test,19638,1,0.014241
test,19639,1,0.997474
test,19640,1,0.997232
test,19641,1,0.997404
test,19642,1,0.997264
test,19643,1,0.997537
test,19644,1,0.967380
test,19645,1,0.994698
test,19646,1,0.996746
test,19647,1,0.996676
test,19648,1,0.220930
test,19649,1,0.996517
test,19650,1,0.004070
test,19651,1,0.994739
test,19652,1,0.997348
test,19653,1,0.993636
test,19654,1,0.995702
test,19655,1,0.925567
test,19656,1,0.987375
test,19657,1,0.806167
test,19658,1,0.995408
test,19659,1,0.991985
test,19660,1,0.997317
test,19661,1,0.994369
test,19662,1,0.995114
test,19663,1,0.996503
test,19664,1,0.971564
test,19665,1,0.993537
test,19666,1,0.996815
test,19667,1,0.997459
test,19668,1,0.026759
test,19669,1,0.993320
test,19670,1,0.996047
test,19671,1,0.995444
test,19672,1,0.997166
test,19673,1,0.997663
test,19674,1,0.997622
test,19675,1,0.995809
test,19676,1,0.997752
test,19677,1,0.991373
test,19678,1,0.997177
test,19679,1,0.996198
test,19680,1,0.996024
test,19681,1,0.993136
test,19682,1,0.995583
test,19683,1,0.997059
test,19684,1,0.996242
test,19685,1,0.996008
test,19686,1,0.997744
test,19687,1,0.997454
test,19688,1,0.997640
test,19689,1,0.996617
test,19690,1,0.993996
test,19691,1,0.997116
test,19692,1,0.996809
test,19693,1,0.987154
test,19694,1,0.997082
test,19695,1,0.996919
test,19696,1,0.995479
test,19697,1,0.997226
test,19698,1,0.996913
test,19699,1,0.997394
test,19700,1,0.996663
test,19701,1,0.041191
test,19702,1,0.996093
test,19703,1,0.994584
test,19704,1,0.994989
test,19705,1,0.997242
test,19706,1,0.996256
test,19707,1,0.997150
test,19708,1,0.968827
test,19709,1,0.997645
test,19710,1,0.997373
test,19711,1,0.996249
test,19712,1,0.997248
test,19713,1,0.997322
test,19714,1,0.972336
test,19715,1,0.992626
test,19716,1,0.992481
test,19717,1,0.997429
test,19718,1,0.997708
test,19719,1,0.997399
test,19720,1,0.994531
test,19721,1,0.996870
test,19722,1,0.996462
test,19723,1,0.995977
test,19724,1,0.988536
test,19725,1,0.997332
test,19726,1,0.995898
test,19727,1,0.995263
test,19728,1,0.521509
test,19729,1,0.997054
test,19730,1,0.941061
test,19731,1,0.994920
test,19732,1,0.997183
test,19733,1,0.995985
test,19734,1,0.997042
test,19735,1,0.997290
test,19736,1,0.785061
test,19737,1,0.996343
test,19738,1,0.997210
test,19739,1,0.994657
test,19740,1,0.936865
test,19741,1,0.992767
test,19742,1,0.997327
test,19743,1,0.815453
test,19744,1,0.996300
test,19745,1,0.996314
test,19746,1,0.992781
test,19747,1,0.996949
test,19748,1,0.997570
test,19749,1,0.993549
test,19750,1,0.996604
test,19751,1,0.986520
test,19752,1,0.983565
test,19753,1,0.996399
test,19754,1,0.997479
test,19755,1,0.996949
test,19756,1,0.919787
test,19757,1,0.997527
test,19758,1,0.996249
test,19759,1,0.990140
test,19760,1,0.997322
test,19761,1,0.996336
test,19762,1,0.269037
test,19763,1,0.997663
test,19764,1,0.996108
test,19765,1,0.830250
test,19766,1,0.995890
test,19767,1,0.993771
test,19768,1,0.996078
test,19769,1,0.995914
test,19770,1,0.996821
test,19771,1,0.993612
test,19772,1,0.829975
test,19773,1,0.997138
test,19774,1,0.995961
test,19775,1,0.994380
test,19776,1,0.987900
test,19777,1,0.996293
test,19778,1,0.996336
test,19779,1,0.993855
test,19780,1,0.996213
test,19781,1,0.050237
test,19782,1,0.993599
test,19783,1,0.991684
test,19784,1,0.997025
test,19785,1,0.995575
test,19786,1,0.030880
test,19787,1,0.994760
test,19788,1,0.957238
test,19789,1,0.212722
test,19790,1,0.997508
test,19791,1,0.997358
test,19792,1,0.995549
test,19793,1,0.997183
test,19794,1,0.997327
test,19795,1,0.996406
test,19796,1,0.725697
test,19797,1,0.996740
test,19798,1,0.996235
test,19799,1,0.997110
test,19800,1,0.988668
test,19801,1,0.996733
test,19802,1,0.992823
test,19803,1,0.996733
test,19804,1,0.995189
test,19805,1,0.991221
test,19806,1,0.995643
test,19807,1,0.004054
test,19808,1,0.997348
test,19809,1,0.995540
test,19810,1,0.997523
test,19811,1,0.993961
test,19812,1,0.997007
test,19813,1,0.983085
test,19814,1,0.997274
test,19815,1,0.967101
test,19816,1,0.149159
test,19817,1,0.821259
test,19818,1,0.615319
test,19819,1,0.982557
test,19820,1,0.995327
test,19821,1,0.993397
test,19822,1,0.917229
test,19823,1,0.967808
test,19824,1,0.003758
test,19825,1,0.971779
test,19826,1,0.947284
test,19827,1,0.984124
test,19828,1,0.973695
test,19829,1,0.994467
test,19830,1,0.997488
test,19831,1,0.997488
test,19832,1,0.465517
test,19833,1,0.981239
test,19834,1,0.055875
test,19835,1,0.997133
test,19836,1,0.997589
test,19837,1,0.996765
test,19838,1,0.984486
test,19839,1,0.986416
test,19840,1,0.990606
test,19841,1,0.916035
test,19842,1,0.996727
test,19843,1,0.894835
test,19844,1,0.355383
test,19845,1,0.997042
test,19846,1,0.995566
test,19847,1,0.209712
test,19848,1,0.991305
test,19849,1,0.991732
test,19850,1,0.994646
test,19851,1,0.989572
test,19852,1,0.995961
test,19853,1,0.996070
test,19854,1,0.994979
test,19855,1,0.996271
test,19856,1,0.993346
test,19857,1,0.726134
test,19858,1,0.994488
test,19859,1,0.995399
test,19860,1,0.995226
test,19861,1,0.983279
test,19862,1,0.995710
test,19863,1,0.993891
test,19864,1,0.353798
test,19865,1,0.991796
test,19866,1,0.995785
test,19867,1,0.996676
test,19868,1,0.996604
test,19869,1,0.996978
test,19870,1,0.996116
test,19871,1,0.996996
test,19872,1,0.997188
test,19873,1,0.996954
test,19874,1,0.997704
test,19875,1,0.997570
test,19876,1,0.997640
test,19877,1,0.996503
test,19878,1,0.996870
test,19879,1,0.992319
test,19880,1,0.997226
test,19881,1,0.996701
test,19882,1,0.996876
test,19883,1,0.996777
test,19884,1,0.970632
test,19885,1,0.997757
test,19886,1,0.997722
test,19887,1,0.996784
test,19888,1,0.994860
test,19889,1,0.994541
test,19890,1,0.995635
test,19891,1,0.996966
test,19892,1,0.997077
test,19893,1,0.997668
test,19894,1,0.997264
test,19895,1,0.979275
test,19896,1,0.983909
test,19897,1,0.989909
test,19898,1,0.996765
test,19899,1,0.996617
test,19900,1,0.994510
test,19901,1,0.997434
test,19902,1,0.991339
test,19903,1,0.993474
test,19904,1,0.046943
test,19905,1,0.997603
test,19906,1,0.996371
test,19907,1,0.971992
test,19908,1,0.993216
test,19909,1,0.954435
test,19910,1,0.995236
test,19911,1,0.983754
test,19912,1,0.935935
test,19913,1,0.996016
test,19914,1,0.997248
test,19915,1,0.997204
test,19916,1,0.990945
test,19917,1,0.997204
test,19918,1,0.018370
test,19919,1,0.994336
test,19920,1,0.997649
test,19921,1,0.995444
test,19922,1,0.397895
test,19923,1,0.997071
test,19924,1,0.997077
test,19925,1,0.994531
test,19926,1,0.994890
test,19927,1,0.503933
test,19928,1,0.992467
test,19929,1,0.996517
test,19930,1,0.995809
test,19931,1,0.996802
test,19932,1,0.993698
test,19933,1,0.997110
test,19934,1,0.982790
test,19935,1,0.997409
test,19936,1,0.996840
test,19937,1,0.991135
test,19938,1,0.996357
test,19939,1,0.996954
test,19940,1,0.996307
test,19941,1,0.997285
test,19942,1,0.996701
test,19943,1,0.997161
test,19944,1,0.997150
test,19945,1,0.996840
test,19946,1,0.992319
test,19947,1,0.906901
test,19948,1,0.996205
test,19949,1,0.996584
test,19950,1,0.995702
test,19951,1,0.993996
test,19952,1,0.993996
test,19953,1,0.997077
test,19954,1,0.996392
test,19955,1,0.996796
test,19956,1,0.994780
test,19957,1,0.988624
test,19958,1,0.996796
test,19959,1,0.972257
test,19960,1,0.883538
test,19961,1,0.982117
test,19962,1,0.996517
test,19963,1,0.996960
test,19964,1,0.989909
test,19965,1,0.987302
test,19966,1,0.997242
test,19967,1,0.996771
test,19968,1,0.995760
test,19969,1,0.992481
test,19970,1,0.995426
test,19971,1,0.972204
test,19972,1,0.997444
test,19973,1,0.997306
test,19974,1,0.997686
test,19975,1,0.069795
test,19976,1,0.997770
test,19977,1,0.996676
test,19978,1,0.996759
test,19979,1,0.996846
test,19980,1,0.994314
test,19981,1,0.988646
test,19982,1,0.993599
test,19983,1,0.995549
test,19984,1,0.997221
test,19985,1,0.996406
test,19986,1,0.994646
test,19987,1,0.997221
test,19988,1,0.996336
test,19989,1,0.996765
test,19990,1,0.240239
test,19991,1,0.522750
test,19992,1,0.993698
test,19993,1,0.997280
test,19994,1,0.694613
test,19995,1,0.993950
test,19996,1,0.995085
test,19997,1,0.997144
test,19998,1,0.997404
test,19999,1,0.995752
test,20000,1,0.996721
test,20001,1,0.996183
test,20002,1,0.997379
test,20003,1,0.994790
test,20004,1,0.997608
test,20005,1,0.996840
test,20006,1,0.996949
test,20007,1,0.996264
test,20008,1,0.993771
test,20009,1,0.994347
test,20010,1,0.996796
test,20011,1,0.997258
test,20012,1,0.992452
test,20013,1,0.997419
test,20014,1,0.995008
test,20015,1,0.529115
test,20016,1,0.987544
test,20017,1,0.068040
test,20018,1,0.990006
test,20019,1,0.993474
test,20020,1,0.988313
test,20021,1,0.997488
test,20022,1,0.995381
test,20023,1,0.995354
test,20024,1,0.980506
test,20025,1,0.960878
test,20026,1,0.997594
test,20027,1,0.995479
test,20028,1,0.994123
test,20029,1,0.995372
test,20030,1,0.997059
test,20031,1,0.981382
test,20032,1,0.995793
test,20033,1,0.080502
test,20034,1,0.991356
test,20035,1,0.996357
test,20036,1,0.996984
test,20037,1,0.996420
test,20038,1,0.996827
test,20039,1,0.997210
test,20040,1,0.997363
test,20041,1,0.114171
test,20042,1,0.994626
test,20043,1,0.996176
test,20044,1,0.996656
test,20045,1,0.997532
test,20046,1,0.996138
test,20047,1,0.990235
test,20048,1,0.997659
test,20049,1,0.997575
test,20050,1,0.997264
test,20051,1,0.997226
test,20052,1,0.990962
test,20053,1,0.962988
test,20054,1,0.996213
test,20055,1,0.997353
test,20056,1,0.995694
test,20057,1,0.997373
test,20058,1,0.997444
test,20059,1,0.997071
test,20060,1,0.997659
test,20061,1,0.996978
test,20062,1,0.997301
test,20063,1,0.997399
test,20064,1,0.955486
test,20065,1,0.145601
test,20066,1,0.140985
test,20067,1,0.988268
test,20068,1,0.991472
test,20069,1,0.997459
test,20070,1,0.985746
test,20071,1,0.995710
test,20072,1,0.997752
test,20073,1,0.997332
test,20074,1,0.997518
test,20075,1,0.996597
test,20076,1,0.995866
test,20077,1,0.996482
test,20078,1,0.993163
test,20079,1,0.996925
test,20080,1,0.997556
test,20081,1,0.201420
test,20082,1,0.991684
test,20083,1,0.996827
test,20084,1,0.990292
test,20085,1,0.938181
test,20086,1,0.978895
test,20087,1,0.976691
test,20088,1,0.995318
test,20089,1,0.958382
test,20090,1,0.995189
test,20091,1,0.996434
test,20092,1,0.995263
test,20093,1,0.848659
test,20094,1,0.995882
test,20095,1,0.988885
test,20096,1,0.136263
test,20097,1,0.027585
test,20098,1,0.926304
test,20099,1,0.996577
test,20100,1,0.990927
test,20101,1,0.931463
test,20102,1,0.994347
test,20103,1,0.005566
test,20104,1,0.871966
test,20105,1,0.986017
test,20106,1,0.915205
test,20107,1,0.949995
test,20108,1,0.098686
test,20109,1,0.927429
test,20110,1,0.387198
test,20111,1,0.995922
test,20112,1,0.997523
test,20113,1,0.997663
test,20114,1,0.997237
test,20115,1,0.996278
test,20116,1,0.997204
test,20117,1,0.962250
test,20118,1,0.996523
test,20119,1,0.997645
test,20120,1,0.044225
test,20121,1,0.997161
test,20122,1,0.009917
test,20123,1,0.996544
test,20124,1,0.997575
test,20125,1,0.995850
test,20126,1,0.996925
test,20127,1,0.784319
test,20128,1,0.997542
test,20129,1,0.997290
test,20130,1,0.970381
test,20131,1,0.995426
test,20132,1,0.953144
test,20133,1,0.997210
test,20134,1,0.996721
test,20135,1,0.995291
test,20136,1,0.996392
test,20137,1,0.258513
test,20138,1,0.996714
test,20139,1,0.992510
test,20140,1,0.990945
test,20141,1,0.897156
test,20142,1,0.971859
test,20143,1,0.993436
test,20144,1,0.993499
test,20145,1,0.028167
test,20146,1,0.997796
test,20147,1,0.996138
test,20148,1,0.996815
test,20149,1,0.996752
test,20150,1,0.997065
test,20151,1,0.995226
test,20152,1,0.997672
test,20153,1,0.997332
test,20154,1,0.996949
test,20155,1,0.996220
test,20156,1,0.995575
test,20157,1,0.997599
test,20158,1,0.997258
test,20159,1,0.997358
test,20160,1,0.997322
test,20161,1,0.992467
test,20162,1,0.997518
test,20163,1,0.995309
test,20164,1,0.978156
test,20165,1,0.995354
test,20166,1,0.993686
test,20167,1,0.997048
test,20168,1,0.997599
test,20169,1,0.997735
test,20170,1,0.997748
test,20171,1,0.997542
test,20172,1,0.997048
test,20173,1,0.997645
test,20174,1,0.403214
test,20175,1,0.996371
test,20176,1,0.997561
test,20177,1,0.982288
test,20178,1,0.997337
test,20179,1,0.997617
test,20180,1,0.997469
test,20181,1,0.996314
test,20182,1,0.988016
test,20183,1,0.997204
test,20184,1,0.997419
test,20185,1,0.995834
test,20186,1,0.997566
test,20187,1,0.997668
test,20188,1,0.997138
test,20189,1,0.997404
test,20190,1,0.996503
test,20191,1,0.997077
test,20192,1,0.990235
test,20193,1,0.997796
test,20194,1,0.997358
test,20195,1,0.996643
test,20196,1,0.997332
test,20197,1,0.996714
test,20198,1,0.997296
test,20199,1,0.997348
test,20200,1,0.997649
test,20201,1,0.996882
test,20202,1,0.997503
test,20203,1,0.997204
test,20204,1,0.996293
test,20205,1,0.996271
test,20206,1,0.997177
test,20207,1,0.997523
test,20208,1,0.997708
test,20209,1,0.997237
test,20210,1,0.997645
test,20211,1,0.995575
test,20212,1,0.997226
test,20213,1,0.997681
test,20214,1,0.997613
test,20215,1,0.997449
test,20216,1,0.997542
test,20217,1,0.997713
test,20218,1,0.997580
test,20219,1,0.996931
test,20220,1,0.997059
test,20221,1,0.996517
test,20222,1,0.997498
test,20223,1,0.997311
test,20224,1,0.997594
test,20225,1,0.006931
test,20226,1,0.988536
test,20227,1,0.990329
test,20228,1,0.996314
test,20229,1,0.996378
test,20230,1,0.996966
test,20231,1,0.997384
test,20232,1,0.996966
test,20233,1,0.993056
test,20234,1,0.996809
test,20235,1,0.996482
test,20236,1,0.995601
test,20237,1,0.977564
test,20238,1,0.997306
test,20239,1,0.996960
test,20240,1,0.997093
test,20241,1,0.997779
test,20242,1,0.997645
test,20243,1,0.995462
test,20244,1,0.996570
test,20245,1,0.996168
test,20246,1,0.997659
test,20247,1,0.996256
test,20248,1,0.997518
test,20249,1,0.997508
test,20250,1,0.997584
test,20251,1,0.223377
test,20252,1,0.997166
test,20253,1,0.997752
test,20254,1,0.970743
test,20255,1,0.995523
test,20256,1,0.997337
test,20257,1,0.996482
test,20258,1,0.997704
test,20259,1,0.996937
test,20260,1,0.996954
test,20261,1,0.991356
test,20262,1,0.995497
test,20263,1,0.986700
test,20264,1,0.977968
test,20265,1,0.994969
test,20266,1,0.992988
test,20267,1,0.997172
test,20268,1,0.989889
test,20269,1,0.997493
test,20270,1,0.995381
test,20271,1,0.901314
test,20272,1,0.997414
test,20273,1,0.996746
test,20274,1,0.997722
test,20275,1,0.992093
test,20276,1,0.996925
test,20277,1,0.997025
test,20278,1,0.997144
test,20279,1,0.997210
test,20280,1,0.996039
test,20281,1,0.992364
test,20282,1,0.996870
test,20283,1,0.037362
test,20284,1,0.012908
test,20285,1,0.997498
test,20286,1,0.996399
test,20287,1,0.963092
test,20288,1,0.995626
test,20289,1,0.997007
test,20290,1,0.989470
test,20291,1,0.997603
test,20292,1,0.997561
test,20293,1,0.997296
test,20294,1,0.993042
test,20295,1,0.996943
test,20296,1,0.994729
test,20297,1,0.996190
test,20298,1,0.957794
test,20299,1,0.997566
test,20300,1,0.997523
test,20301,1,0.995558
test,20302,1,0.994890
test,20303,1,0.997353
test,20304,1,0.994900
test,20305,1,0.995180
test,20306,1,0.997194
test,20307,1,0.997306
test,20308,1,0.994445
test,20309,1,0.996913
test,20310,1,0.994402
test,20311,1,0.048541
test,20312,1,0.995618
test,20313,1,0.997532
test,20314,1,0.994510
test,20315,1,0.444829
test,20316,1,0.997166
test,20317,1,0.994413
test,20318,1,0.997570
test,20319,1,0.935993
test,20320,1,0.996146
test,20321,1,0.989672
test,20322,1,0.994112
test,20323,1,0.996972
test,20324,1,0.995890
test,20325,1,0.925027
test,20326,1,0.115162
test,20327,1,0.467202
test,20328,1,0.991118
test,20329,1,0.996123
test,20330,1,0.997399
test,20331,1,0.988199
test,20332,1,0.037964
test,20333,1,0.996131
test,20334,1,0.990660
test,20335,1,0.993397
test,20336,1,0.997731
test,20337,1,0.995161
test,20338,1,0.997399
test,20339,1,0.997343
test,20340,1,0.995669
test,20341,1,0.997389
test,20342,1,0.997194
test,20343,1,0.997766
test,20344,1,0.887790
test,20345,1,0.996322
test,20346,1,0.986494
test,20347,1,0.996100
test,20348,1,0.993512
test,20349,1,0.996834
test,20350,1,0.971913
test,20351,1,0.993512
test,20352,1,0.983101
test,20353,1,0.946597
test,20354,1,0.969411
test,20355,1,0.997264
test,20356,1,0.385461
test,20357,1,0.989140
test,20358,1,0.997809
test,20359,1,0.995652
test,20360,1,0.996322
test,20361,1,0.995354
test,20362,1,0.985384
test,20363,1,0.996031
test,20364,1,0.996249
test,20365,1,0.997054
test,20366,1,0.996846
test,20367,1,0.991489
test,20368,1,0.863103
test,20369,1,0.871693
test,20370,1,0.995609
test,20371,1,0.995095
test,20372,1,0.997177
test,20373,1,0.997537
test,20374,1,0.994800
test,20375,1,0.997454
test,20376,1,0.996846
test,20377,1,0.996378
test,20378,1,0.995575
test,20379,1,0.996815
test,20380,1,0.993069
test,20381,1,0.997042
test,20382,1,0.985552
test,20383,1,0.996784
test,20384,1,0.982987
test,20385,1,0.990892
test,20386,1,0.980562
test,20387,1,0.997166
test,20388,1,0.996637
test,20389,1,0.996427
test,20390,1,0.997264
test,20391,1,0.995652
test,20392,1,0.985718
test,20393,1,0.994563
test,20394,1,0.996039
test,20395,1,0.025012
test,20396,1,0.997077
test,20397,1,0.924347
test,20398,1,0.993783
test,20399,1,0.997580
test,20400,1,0.996378
test,20401,1,0.967990
test,20402,1,0.981507
test,20403,1,0.984664
test,20404,1,0.997105
test,20405,1,0.997088
test,20406,1,0.993069
test,20407,1,0.996256
test,20408,1,0.984738
test,20409,1,0.007984
test,20410,1,0.011665
test,20411,1,0.911653
test,20412,1,0.021125
test,20413,1,0.997172
test,20414,1,0.014118
test,20415,1,0.996371
test,20416,1,0.995336
test,20417,1,0.978405
test,20418,1,0.996183
test,20419,1,0.981524
test,20420,1,0.996286
test,20421,1,0.997649
test,20422,1,0.993710
test,20423,1,0.996039
test,20424,1,0.997444
test,20425,1,0.997327
test,20426,1,0.132852
test,20427,1,0.996227
test,20428,1,0.993549
test,20429,1,0.996802
test,20430,1,0.996701
test,20431,1,0.996984
test,20432,1,0.904397
test,20433,1,0.994573
test,20434,1,0.997434
test,20435,1,0.996039
test,20436,1,0.959039
test,20437,1,0.997110
test,20438,1,0.983847
test,20439,1,0.996701
test,20440,1,0.996882
test,20441,1,0.995866
test,20442,1,0.996364
test,20443,1,0.017935
test,20444,1,0.996153
test,20445,1,0.990254
test,20446,1,0.993255
test,20447,1,0.992961
test,20448,1,0.950227
test,20449,1,0.928926
test,20450,1,0.989830
test,20451,1,0.331174
test,20452,1,0.996434
test,20453,1,0.992047
test,20454,1,0.994270
test,20455,1,0.996434
test,20456,1,0.997194
test,20457,1,0.996523
test,20458,1,0.997464
test,20459,1,0.996070
test,20460,1,0.996482
test,20461,1,0.997654
test,20462,1,0.996530
test,20463,1,0.996669
test,20464,1,0.997409
test,20465,1,0.996949
test,20466,1,0.996901
test,20467,1,0.996557
test,20468,1,0.994531
test,20469,1,0.997368
test,20470,1,0.996630
test,20471,1,0.981595
test,20472,1,0.996870
test,20473,1,0.995399
test,20474,1,0.990857
test,20475,1,0.997449
test,20476,1,0.996784
test,20477,1,0.994626
test,20478,1,0.994840
test,20479,1,0.992510
test,20480,1,0.997155
test,20481,1,0.993902
test,20482,1,0.095687
test,20483,1,0.997122
test,20484,1,0.989161
test,20485,1,0.993649
test,20486,1,0.614423
test,20487,1,0.010530
test,20488,1,0.994584
test,20489,1,0.996590
test,20490,1,0.995198
test,20491,1,0.997503
test,20492,1,0.990569
test,20493,1,0.996100
test,20494,1,0.979275
test,20495,1,0.991969
test,20496,1,0.994810
test,20497,1,0.995890
test,20498,1,0.997001
test,20499,1,0.995834
test,20500,1,0.990750
test,20501,1,0.994959
test,20502,1,0.034521
test,20503,1,0.997343
test,20504,1,0.996441
test,20505,1,0.996322
test,20506,1,0.990178
test,20507,1,0.996489
test,20508,1,0.997280
test,20509,1,0.992334
test,20510,1,0.997508
test,20511,1,0.456622
test,20512,1,0.990696
test,20513,1,0.997414
test,20514,1,0.996746
test,20515,1,0.979919
test,20516,1,0.993985
test,20517,1,0.997110
test,20518,1,0.994605
test,20519,1,0.201263
test,20520,1,0.996610
test,20521,1,0.993961
test,20522,1,0.874828
test,20523,1,0.976802
test,20524,1,0.997580
test,20525,1,0.993524
test,20526,1,0.997237
test,20527,1,0.997065
test,20528,1,0.996322
test,20529,1,0.996476
test,20530,1,0.997110
test,20531,1,0.993203
test,20532,1,0.995898
test,20533,1,0.995850
test,20534,1,0.993242
test,20535,1,0.997204
test,20536,1,0.995037
test,20537,1,0.997704
test,20538,1,0.996827
test,20539,1,0.984170
test,20540,1,0.996153
test,20541,1,0.997013
test,20542,1,0.991907
test,20543,1,0.996271
test,20544,1,0.918114
test,20545,1,0.997464
test,20546,1,0.996420
test,20547,1,0.997210
test,20548,1,0.988580
test,20549,1,0.997093
test,20550,1,0.996031
test,20551,1,0.034294
test,20552,1,0.996482
test,20553,1,0.995282
test,20554,1,0.995685
test,20555,1,0.997221
test,20556,1,0.993855
test,20557,1,0.997155
test,20558,1,0.994402
test,20559,1,0.997449
test,20560,1,0.895979
test,20561,1,0.997311
test,20562,1,0.996116
test,20563,1,0.996329
test,20564,1,0.993537
test,20565,1,0.997001
test,20566,1,0.013377
test,20567,1,0.996809
test,20568,1,0.995085
test,20569,1,0.978631
test,20570,1,0.997537
test,20571,1,0.997353
test,20572,1,0.995095
test,20573,1,0.997479
test,20574,1,0.997608
test,20575,1,0.994989
test,20576,1,0.996689
test,20577,1,0.996371
test,20578,1,0.996876
test,20579,1,0.994940
test,20580,1,0.997449
test,20581,1,0.997479
test,20582,1,0.997704
test,20583,1,0.997603
test,20584,1,0.996643
test,20585,1,0.997677
test,20586,1,0.996966
test,20587,1,0.996876
test,20588,1,0.997761
test,20589,1,0.994402
test,20590,1,0.997484
test,20591,1,0.865565
test,20592,1,0.996300
test,20593,1,0.997221
test,20594,1,0.997663
test,20595,1,0.996570
test,20596,1,0.996984
test,20597,1,0.997484
test,20598,1,0.997513
test,20599,1,0.997695
test,20600,1,0.996888
test,20601,1,0.997042
test,20602,1,0.997547
test,20603,1,0.992062
test,20604,1,0.996888
test,20605,1,0.996378
test,20606,1,0.996846
test,20607,1,0.997348
test,20608,1,0.997183
test,20609,1,0.997389
test,20610,1,0.997419
test,20611,1,0.997735
test,20612,1,0.990839
test,20613,1,0.996123
test,20614,1,0.996469
test,20615,1,0.043855
test,20616,1,0.997518
test,20617,1,0.980710
test,20618,1,0.996913
test,20619,1,0.015694
test,20620,1,0.070368
test,20621,1,0.012674
test,20622,1,0.996329
test,20623,1,0.997508
test,20624,1,0.997301
test,20625,1,0.997594
test,20626,1,0.994626
test,20627,1,0.997122
test,20628,1,0.997077
test,20629,1,0.996689
test,20630,1,0.992611
test,20631,1,0.992611
test,20632,1,0.996937
test,20633,1,0.996610
test,20634,1,0.994594
test,20635,1,0.995914
test,20636,1,0.997603
test,20637,1,0.993914
test,20638,1,0.997110
test,20639,1,0.992739
test,20640,1,0.996937
test,20641,1,0.996503
test,20642,1,0.987900
test,20643,1,0.994281
test,20644,1,0.997513
test,20645,1,0.994247
test,20646,1,0.997589
test,20647,1,0.989811
test,20648,1,0.920504
test,20649,1,0.994959
test,20650,1,0.995930
test,20651,1,0.996846
test,20652,1,0.996550
test,20653,1,0.989731
test,20654,1,0.993843
test,20655,1,0.996055
test,20656,1,0.972493
test,20657,1,0.992626
test,20658,1,0.993843
test,20659,1,0.995272
test,20660,1,0.097347
test,20661,1,0.992047
test,20662,1,0.016372
test,20663,1,0.995954
test,20664,1,0.997488
test,20665,1,0.984231
test,20666,1,0.991985
test,20667,1,0.997210
test,20668,1,0.979726
test,20669,1,0.996399
test,20670,1,0.968471
test,20671,1,0.996168
test,20672,1,0.939582
test,20673,1,0.994135
test,20674,1,0.963092
test,20675,1,0.963882
test,20676,1,0.997166
test,20677,1,0.996876
test,20678,1,0.008661
test,20679,1,0.045480
test,20680,1,0.997030
test,20681,1,0.990857
test,20682,1,0.997348
test,20683,1,0.995985
test,20684,1,0.981329
test,20685,1,0.209470
test,20686,1,0.995817
test,20687,1,0.995906
test,20688,1,0.996834
test,20689,1,0.038214
test,20690,1,0.983279
test,20691,1,0.940188
test,20692,1,0.994203
test,20693,1,0.997088
test,20694,1,0.996413
test,20695,1,0.994358
test,20696,1,0.997138
test,20697,1,0.006364
test,20698,1,0.995858
test,20699,1,0.996357
test,20700,1,0.995866
test,20701,1,0.996489
test,20702,1,0.993385
test,20703,1,0.011642
test,20704,1,0.898143
test,20705,1,0.993879
test,20706,1,0.996235
test,20707,1,0.895888
test,20708,1,0.993950
test,20709,1,0.995390
test,20710,1,0.982790
test,20711,1,0.010130
test,20712,1,0.930711
test,20713,1,0.116563
test,20714,1,0.024191
test,20715,1,0.352146
test,20716,1,0.997464
test,20717,1,0.996695
test,20718,1,0.996176
test,20719,1,0.996682
test,20720,1,0.997626
test,20721,1,0.996984
test,20722,1,0.996840
test,20723,1,0.996637
test,20724,1,0.997242
test,20725,1,0.995523
test,20726,1,0.997580
test,20727,1,0.997280
test,20728,1,0.996550
test,20729,1,0.997498
test,20730,1,0.997556
test,20731,1,0.997752
test,20732,1,0.997122
test,20733,1,0.996784
test,20734,1,0.994920
test,20735,1,0.997030
test,20736,1,0.350838
test,20737,1,0.997409
test,20738,1,0.997013
test,20739,1,0.997317
test,20740,1,0.997726
test,20741,1,0.987711
test,20742,1,0.996364
test,20743,1,0.997116
test,20744,1,0.996858
test,20745,1,0.997019
test,20746,1,0.997258
test,20747,1,0.997645
test,20748,1,0.997166
test,20749,1,0.994369
test,20750,1,0.993926
test,20751,1,0.989572
test,20752,1,0.997626
test,20753,1,0.995702
test,20754,1,0.992683
test,20755,1,0.995609
test,20756,1,0.996876
test,20757,1,0.995514
test,20758,1,0.997248
test,20759,1,0.982100
test,20760,1,0.994531
test,20761,1,0.996689
test,20762,1,0.997285
test,20763,1,0.683578
test,20764,1,0.996300
test,20765,1,0.980091
test,20766,1,0.993281
test,20767,1,0.996913
test,20768,1,0.009578
test,20769,1,0.994380
test,20770,1,0.997622
test,20771,1,0.996852
test,20772,1,0.997144
test,20773,1,0.997116
test,20774,1,0.996669
test,20775,1,0.986675
test,20776,1,0.994667
test,20777,1,0.973594
test,20778,1,0.995946
test,20779,1,0.896251
test,20780,1,0.991716
test,20781,1,0.996544
test,20782,1,0.993029
test,20783,1,0.936052
test,20784,1,0.995363
test,20785,1,0.993783
test,20786,1,0.993973
test,20787,1,0.997589
test,20788,1,0.996610
test,20789,1,0.994467
test,20790,1,0.997161
test,20791,1,0.799207
test,20792,1,0.995426
test,20793,1,0.991875
test,20794,1,0.997242
test,20795,1,0.996876
test,20796,1,0.996919
test,20797,1,0.990768
test,20798,1,0.995272
test,20799,1,0.995523
test,20800,1,0.995198
test,20801,1,0.993136
test,20802,1,0.996530
test,20803,1,0.466917
test,20804,1,0.997317
test,20805,1,0.997054
test,20806,1,0.050894
test,20807,1,0.993015
test,20808,1,0.996385
test,20809,1,0.994820
test,20810,1,0.996617
test,20811,1,0.992975
test,20812,1,0.996960
test,20813,1,0.995985
test,20814,1,0.997503
test,20815,1,0.997613
test,20816,1,0.995245
test,20817,1,0.995826
test,20818,1,0.986572
test,20819,1,0.997001
test,20820,1,0.411283
test,20821,1,0.045395
test,20822,1,0.997594
test,20823,1,0.985300
test,20824,1,0.997296
test,20825,1,0.993524
test,20826,1,0.986098
test,20827,1,0.627923
test,20828,1,0.996597
test,20829,1,0.365428
test,20830,1,0.996913
test,20831,1,0.997537
test,20832,1,0.997513
test,20833,1,0.997343
test,20834,1,0.997065
test,20835,1,0.996907
test,20836,1,0.980487
test,20837,1,0.996249
test,20838,1,0.993807
test,20839,1,0.207777
test,20840,1,0.996815
test,20841,1,0.996623
test,20842,1,0.994573
test,20843,1,0.377455
test,20844,1,0.251372
test,20845,1,0.997663
test,20846,1,0.997253
test,20847,1,0.981185
test,20848,1,0.997042
test,20849,1,0.997077
test,20850,1,0.997527
test,20851,1,0.997007
test,20852,1,0.996949
test,20853,1,0.987664
test,20854,1,0.949248
test,20855,1,0.997144
test,20856,1,0.987876
test,20857,1,0.036357
test,20858,1,0.996676
test,20859,1,0.997358
test,20860,1,0.996676
test,20861,1,0.993216
test,20862,1,0.988358
test,20863,1,0.996329
test,20864,1,0.996590
test,20865,1,0.996557
test,20866,1,0.997419
test,20867,1,0.994314
test,20868,1,0.988245
test,20869,1,0.980692
test,20870,1,0.996220
test,20871,1,0.994800
test,20872,1,0.997280
test,20873,1,0.989672
test,20874,1,0.996978
test,20875,1,0.950824
test,20876,1,0.992920
test,20877,1,0.005741
test,20878,1,0.996990
test,20879,1,0.994708
test,20880,1,0.985800
test,20881,1,0.995834
test,20882,1,0.985186
test,20883,1,0.987351
test,20884,1,0.995417
test,20885,1,0.996168
test,20886,1,0.995532
test,20887,1,0.985271
test,20888,1,0.995961
test,20889,1,0.917967
test,20890,1,0.995189
test,20891,1,0.996183
test,20892,1,0.839010
test,20893,1,0.997155
test,20894,1,0.993574
test,20895,1,0.997488
test,20896,1,0.997513
test,20897,1,0.997484
test,20898,1,0.997110
test,20899,1,0.997253
test,20900,1,0.996943
test,20901,1,0.993163
test,20902,1,0.997264
test,20903,1,0.990385
test,20904,1,0.867934
test,20905,1,0.020371
test,20906,1,0.992184
test,20907,1,0.009541
test,20908,1,0.982790
test,20909,1,0.084909
test,20910,1,0.987448
test,20911,1,0.978955
test,20912,1,0.994031
test,20913,1,0.996901
test,20914,1,0.997636
test,20915,1,0.997166
test,20916,1,0.988335
test,20917,1,0.991652
test,20918,1,0.996116
test,20919,1,0.996176
test,20920,1,0.997373
test,20921,1,0.893216
test,20922,1,0.626631
test,20923,1,0.271252
test,20924,1,0.996329
test,20925,1,0.983279
test,20926,1,0.992349
test,20927,1,0.971402
test,20928,1,0.997232
test,20929,1,0.997493
test,20930,1,0.996740
test,20931,1,0.214280
test,20932,1,0.960988
test,20933,1,0.996623
test,20934,1,0.993423
test,20935,1,0.995858
test,20936,1,0.995514
test,20937,1,0.991084
test,20938,1,0.997221
test,20939,1,0.996343
test,20940,1,0.996146
test,20941,1,0.992988
test,20942,1,0.997248
test,20943,1,0.997613
test,20944,1,0.993636
test,20945,1,0.983214
test,20946,1,0.958226
test,20947,1,0.997575
test,20948,1,0.950641
test,20949,1,0.995882
test,20950,1,0.864196
test,20951,1,0.997379
test,20952,1,0.904482
test,20953,1,0.021553
test,20954,1,0.990478
test,20955,1,0.996138
test,20956,1,0.990140
test,20957,1,0.021553
test,20958,1,0.018743
test,20959,1,0.993549
test,20960,1,0.994688
test,20961,1,0.995142
test,20962,1,0.994031
test,20963,1,0.052473
test,20964,1,0.072768
test,20965,1,0.993150
test,20966,1,0.997232
test,20967,1,0.997631
test,20968,1,0.995263
test,20969,1,0.994100
test,20970,1,0.997166
test,20971,1,0.997363
test,20972,1,0.996577
test,20973,1,0.996978
test,20974,1,0.914444
test,20975,1,0.995669
test,20976,1,0.997645
test,20977,1,0.990006
test,20978,1,0.997110
test,20979,1,0.997183
test,20980,1,0.997384
test,20981,1,0.997868
test,20982,1,0.704414
test,20983,1,0.995817
test,20984,1,0.020449
test,20985,1,0.983847
test,20986,1,0.986284
test,20987,1,0.994910
test,20988,1,0.405890
test,20989,1,0.994677
test,20990,1,0.983909
test,20991,1,0.014842
test,20992,1,0.984782
test,20993,1,0.825027
test,20994,1,0.712132
test,20995,1,0.993686
test,20996,1,0.989286
test,20997,1,0.055618
test,20998,1,0.571587
test,20999,1,0.997394
test,21000,1,0.996777
test,21001,1,0.233269
test,21002,1,0.326862
test,21003,1,0.996584
test,21004,1,0.991985
test,21005,1,0.986284
test,21006,1,0.979803
test,21007,1,0.976714
test,21008,1,0.012821
test,21009,1,0.995085
test,21010,1,0.997133
test,21011,1,0.992481
test,21012,1,0.994780
test,21013,1,0.019947
test,21014,1,0.991406
test,21015,1,0.986363
test,21016,1,0.977543
test,21017,1,0.996392
test,21018,1,0.988131
test,21019,1,0.975202
test,21020,1,0.992334
test,21021,1,0.990441
test,21022,1,0.997007
test,21023,1,0.993110
test,21024,1,0.977392
test,21025,1,0.981293
test,21026,1,0.997813
test,21027,1,0.997868
test,21028,1,0.997296
test,21029,1,0.997599
test,21030,1,0.096365
test,21031,1,0.995114
test,21032,1,0.994123
test,21033,1,0.996960
test,21034,1,0.988755
test,21035,1,0.982889
test,21036,1,0.996984
test,21037,1,0.994605
test,21038,1,0.048496
test,21039,1,0.904313
test,21040,1,0.997110
test,21041,1,0.989692
test,21042,1,0.996796
test,21043,1,0.996413
test,21044,1,0.997071
test,21045,1,0.991907
test,21046,1,0.996235
test,21047,1,0.997363
test,21048,1,0.984396
test,21049,1,0.997498
test,21050,1,0.996919
test,21051,1,0.996864
test,21052,1,0.991522
test,21053,1,0.913291
test,21054,1,0.984017
test,21055,1,0.988668
test,21056,1,0.997210
test,21057,1,0.819388
test,21058,1,0.995189
test,21059,1,0.903465
test,21060,1,0.023021
test,21061,1,0.997183
test,21062,1,0.009090
test,21063,1,0.992214
test,21064,1,0.997059
test,21065,1,0.995408
test,21066,1,0.987399
test,21067,1,0.680135
test,21068,1,0.989223
test,21069,1,0.996590
test,21070,1,0.997226
test,21071,1,0.997317
test,21072,1,0.997177
test,21073,1,0.669799
test,21074,1,0.996669
test,21075,1,0.980673
test,21076,1,0.996557
test,21077,1,0.995801
test,21078,1,0.991170
test,21079,1,0.995114
test,21080,1,0.995834
test,21081,1,0.985328
test,21082,1,0.991522
test,21083,1,0.997399
test,21084,1,0.996530
test,21085,1,0.997030
test,21086,1,0.997280
test,21087,1,0.996888
test,21088,1,0.977989
test,21089,1,0.978135
test,21090,1,0.114220
test,21091,1,0.993397
test,21092,1,0.997030
test,21093,1,0.996752
test,21094,1,0.923454
test,21095,1,0.996343
test,21096,1,0.995969
test,21097,1,0.995282
test,21098,1,0.995008
test,21099,1,0.635562
test,21100,1,0.997622
test,21101,1,0.995922
test,21102,1,0.924552
test,21103,1,0.993879
test,21104,1,0.997399
test,21105,1,0.996727
test,21106,1,0.997631
test,21107,1,0.995858
test,21108,1,0.997242
test,21109,1,0.987104
test,21110,1,0.932392
test,21111,1,0.062732
test,21112,1,0.996350
test,21113,1,0.953535
test,21114,1,0.996205
test,21115,1,0.996300
test,21116,1,0.036873
test,21117,1,0.994402
test,21118,1,0.388154
test,21119,1,0.997166
test,21120,1,0.994780
test,21121,1,0.941385
test,21122,1,0.997099
test,21123,1,0.963127
test,21124,1,0.996031
test,21125,1,0.951818
test,21126,1,0.997570
test,21127,1,0.993110
test,21128,1,0.986546
test,21129,1,0.993056
test,21130,1,0.994830
test,21131,1,0.995417
test,21132,1,0.997077
test,21133,1,0.884489
test,21134,1,0.936401
test,21135,1,0.994112
test,21136,1,0.996623
test,21137,1,0.860662
test,21138,1,0.996960
test,21139,1,0.996630
test,21140,1,0.996131
test,21141,1,0.995768
test,21142,1,0.997690
test,21143,1,0.993385
test,21144,1,0.997353
test,21145,1,0.913984
test,21146,1,0.991067
test,21147,1,0.996954
test,21148,1,0.992568
test,21149,1,0.996413
test,21150,1,0.938801
test,21151,1,0.997215
test,21152,1,0.996669
test,21153,1,0.955486
test,21154,1,0.955940
test,21155,1,0.078289
test,21156,1,0.485649
test,21157,1,0.993423
test,21158,1,0.996039
test,21159,1,0.983878
test,21160,1,0.996771
test,21161,1,0.851521
test,21162,1,0.996482
test,21163,1,0.995969
test,21164,1,0.992851
test,21165,1,0.993042
test,21166,1,0.991716
test,21167,1,0.987448
test,21168,1,0.996846
test,21169,1,0.935346
test,21170,1,0.990839
test,21171,1,0.993056
test,21172,1,0.996392
test,21173,1,0.993307
test,21174,1,0.996138
test,21175,1,0.997404
test,21176,1,0.051510
test,21177,1,0.992525
test,21178,1,0.990678
test,21179,1,0.995890
test,21180,1,0.007094
test,21181,1,0.388241
test,21182,1,0.991985
test,21183,1,0.987277
test,21184,1,0.997603
test,21185,1,0.997699
test,21186,1,0.748214
test,21187,1,0.989592
test,21188,1,0.997221
test,21189,1,0.997690
test,21190,1,0.996784
test,21191,1,0.996669
test,21192,1,0.997663
test,21193,1,0.917820
test,21194,1,0.972598
test,21195,1,0.994708
test,21196,1,0.992583
test,21197,1,0.997444
test,21198,1,0.996996
test,21199,1,0.548039
test,21200,1,0.997464
test,21201,1,0.997770
test,21202,1,0.997001
test,21203,1,0.996996
test,21204,1,0.181481
test,21205,1,0.984605
test,21206,1,0.970268
test,21207,1,0.994146
test,21208,1,0.025517
test,21209,1,0.004700
test,21210,1,0.996815
test,21211,1,0.997353
test,21212,1,0.997019
test,21213,1,0.996925
test,21214,1,0.992184
test,21215,1,0.993710
test,21216,1,0.997508
test,21217,1,0.996882
test,21218,1,0.996530
test,21219,1,0.016980
test,21220,1,0.996336
test,21221,1,0.996610
test,21222,1,0.997488
test,21223,1,0.997599
test,21224,1,0.995272
test,21225,1,0.988154
test,21226,1,0.984956
test,21227,1,0.996378
test,21228,1,0.755682
test,21229,1,0.997248
test,21230,1,0.994760
test,21231,1,0.997464
test,21232,1,0.997248
test,21233,1,0.997603
test,21234,1,0.995272
test,21235,1,0.996047
test,21236,1,0.997204
test,21237,1,0.997414
test,21238,1,0.996907
test,21239,1,0.997258
test,21240,1,0.984366
test,21241,1,0.997424
test,21242,1,0.996888
test,21243,1,0.996796
test,21244,1,0.996960
test,21245,1,0.986726
test,21246,1,0.990732
test,21247,1,0.990385
test,21248,1,0.996907
test,21249,1,0.029174
test,21250,1,0.997537
test,21251,1,0.016769
test,21252,1,0.988690
test,21253,1,0.271928
test,21254,1,0.966976
test,21255,1,0.935228
test,21256,1,0.995047
test,21257,1,0.991844
test,21258,1,0.995488
test,21259,1,0.997150
test,21260,1,0.997542
test,21261,1,0.993574
test,21262,1,0.996564
test,21263,1,0.997343
test,21264,1,0.008985
test,21265,1,0.995866
test,21266,1,0.991032
test,21267,1,0.966757
test,21268,1,0.935817
test,21269,1,0.994135
test,21270,1,0.994860
test,21271,1,0.991356
test,21272,1,0.997603
test,21273,1,0.997013
test,21274,1,0.994423
test,21275,1,0.994930
test,21276,1,0.997122
test,21277,1,0.996503
test,21278,1,0.973844
test,21279,1,0.995505
test,21280,1,0.996637
test,21281,1,0.990821
test,21282,1,0.996047
test,21283,1,0.997752
test,21284,1,0.974988
test,21285,1,0.996385
test,21286,1,0.983198
test,21287,1,0.995408
test,21288,1,0.994445
test,21289,1,0.997561
test,21290,1,0.991844
test,21291,1,0.997713
test,21292,1,0.997527
test,21293,1,0.984306
test,21294,1,0.950824
test,21295,1,0.991322
test,21296,1,0.996055
test,21297,1,0.997183
test,21298,1,0.997404
test,21299,1,0.996476
test,21300,1,0.996610
test,21301,1,0.996385
test,21302,1,0.990441
test,21303,1,0.996846
test,21304,1,0.995095
test,21305,1,0.997232
test,21306,1,0.997348
test,21307,1,0.992583
test,21308,1,0.990514
test,21309,1,0.962603
test,21310,1,0.996864
test,21311,1,0.997054
test,21312,1,0.991620
test,21313,1,0.997547
test,21314,1,0.995327
test,21315,1,0.982168
test,21316,1,0.993599
test,21317,1,0.997439
test,21318,1,0.995817
test,21319,1,0.996978
test,21320,1,0.994358
test,21321,1,0.996714
test,21322,1,0.997077
test,21323,1,0.997322
test,21324,1,0.112405
test,21325,1,0.997542
test,21326,1,0.030618
test,21327,1,0.995768
test,21328,1,0.962988
test,21329,1,0.994391
test,21330,1,0.996062
test,21331,1,0.995047
test,21332,1,0.997527
test,21333,1,0.997594
test,21334,1,0.992364
test,21335,1,0.997363
test,21336,1,0.996441
test,21337,1,0.037609
test,21338,1,0.988842
test,21339,1,0.997285
test,21340,1,0.996943
test,21341,1,0.996213
test,21342,1,0.997636
test,21343,1,0.997013
test,21344,1,0.996503
test,21345,1,0.995558
test,21346,1,0.995208
test,21347,1,0.996016
test,21348,1,0.997030
test,21349,1,0.996864
test,21350,1,0.997071
test,21351,1,0.963575
test,21352,1,0.995282
test,21353,1,0.995669
test,21354,1,0.997248
test,21355,1,0.993255
test,21356,1,0.995626
test,21357,1,0.996220
test,21358,1,0.995858
test,21359,1,0.997659
test,21360,1,0.996070
test,21361,1,0.997384
test,21362,1,0.995549
test,21363,1,0.997311
test,21364,1,0.997311
test,21365,1,0.235636
test,21366,1,0.995785
test,21367,1,0.989731
test,21368,1,0.997343
test,21369,1,0.997613
test,21370,1,0.993436
test,21371,1,0.995505
test,21372,1,0.997088
test,21373,1,0.992795
test,21374,1,0.997399
test,21375,1,0.726814
test,21376,1,0.989244
test,21377,1,0.978073
test,21378,1,0.995834
test,21379,1,0.991255
test,21380,1,0.993359
test,21381,1,0.996960
test,21382,1,0.993069
test,21383,1,0.996434
test,21384,1,0.993795
test,21385,1,0.995381
test,21386,1,0.997133
test,21387,1,0.983375
test,21388,1,0.997459
test,21389,1,0.990292
test,21390,1,0.980224
test,21391,1,0.996954
test,21392,1,0.995643
test,21393,1,0.996249
test,21394,1,0.996650
test,21395,1,0.996901
test,21396,1,0.995898
test,21397,1,0.996695
test,21398,1,0.112893
test,21399,1,0.966442
test,21400,1,0.996954
test,21401,1,0.987616
test,21402,1,0.946250
test,21403,1,0.963403
test,21404,1,0.995208
test,21405,1,0.996264
test,21406,1,0.995626
test,21407,1,0.014241
test,21408,1,0.996496
test,21409,1,0.992865
test,21410,1,0.996827
test,21411,1,0.996623
test,21412,1,0.994594
test,21413,1,0.996116
test,21414,1,0.997770
test,21415,1,0.997429
test,21416,1,0.997274
test,21417,1,0.996852
test,21418,1,0.996544
test,21419,1,0.996701
test,21420,1,0.055311
test,21421,1,0.996448
test,21422,1,0.995719
test,21423,1,0.992525
test,21424,1,0.997065
test,21425,1,0.989551
test,21426,1,0.997608
test,21427,1,0.995946
test,21428,1,0.997429
test,21429,1,0.995532
test,21430,1,0.978115
test,21431,1,0.989202
test,21432,1,0.997030
test,21433,1,0.987154
test,21434,1,0.992496
test,21435,1,0.993499
test,21436,1,0.994499
test,21437,1,0.996055
test,21438,1,0.996213
test,21439,1,0.997296
test,21440,1,0.997138
test,21441,1,0.875999
test,21442,1,0.997122
test,21443,1,0.958187
test,21444,1,0.992568
test,21445,1,0.462659
test,21446,1,0.997444
test,21447,1,0.996954
test,21448,1,0.996882
test,21449,1,0.997232
test,21450,1,0.989223
test,21451,1,0.986071
test,21452,1,0.995882
test,21453,1,0.055260
test,21454,1,0.997065
test,21455,1,0.997025
test,21456,1,0.087175
test,21457,1,0.993448
test,21458,1,0.996314
test,21459,1,0.996116
test,21460,1,0.996746
test,21461,1,0.997399
test,21462,1,0.993474
test,21463,1,0.994830
test,21464,1,0.997363
test,21465,1,0.992274
test,21466,1,0.997532
test,21467,1,0.251924
test,21468,1,0.994860
test,21469,1,0.997048
test,21470,1,0.993783
test,21471,1,0.995327
test,21472,1,0.997253
test,21473,1,0.985100
test,21474,1,0.981185
test,21475,1,0.994325
test,21476,1,0.997414
test,21477,1,0.993686
test,21478,1,0.878105
test,21479,1,0.449717
test,21480,1,0.905657
test,21481,1,0.997343
test,21482,1,0.997127
test,21483,1,0.994303
test,21484,1,0.997424
test,21485,1,0.997681
test,21486,1,0.995076
test,21487,1,0.997503
test,21488,1,0.997479
test,21489,1,0.995618
test,21490,1,0.997770
test,21491,1,0.997204
test,21492,1,0.987735
test,21493,1,0.996413
test,21494,1,0.973494
test,21495,1,0.977841
test,21496,1,0.996220
test,21497,1,0.995882
test,21498,1,0.022912
test,21499,1,0.819244
test,21500,1,0.994626
test,21501,1,0.997424
test,21502,1,0.996392
test,21503,1,0.997498
test,21504,1,0.996740
test,21505,1,0.996682
test,21506,1,0.996476
test,21507,1,0.997065
test,21508,1,0.991187
test,21509,1,0.988536
test,21510,1,0.941868
test,21511,1,0.995898
test,21512,1,0.995085
test,21513,1,0.997575
test,21514,1,0.997204
test,21515,1,0.997513
test,21516,1,0.042603
test,21517,1,0.079068
test,21518,1,0.996784
test,21519,1,0.981203
test,21520,1,0.984840
test,21521,1,0.990254
test,21522,1,0.996663
test,21523,1,0.996462
test,21524,1,0.993819
test,21525,1,0.997317
test,21526,1,0.766381
test,21527,1,0.971156
test,21528,1,0.991571
test,21529,1,0.994780
test,21530,1,0.996434
test,21531,1,0.981666
test,21532,1,0.997484
test,21533,1,0.966663
test,21534,1,0.996954
test,21535,1,0.994780
test,21536,1,0.997001
test,21537,1,0.997353
test,21538,1,0.929440
test,21539,1,0.996931
test,21540,1,0.014714
test,21541,1,0.997025
test,21542,1,0.039453
test,21543,1,0.997603
test,21544,1,0.996876
test,21545,1,0.994729
test,21546,1,0.996852
test,21547,1,0.996784
test,21548,1,0.997280
test,21549,1,0.971184
test,21550,1,0.997161
test,21551,1,0.997290
test,21552,1,0.996617
test,21553,1,0.997327
test,21554,1,0.993083
test,21555,1,0.991049
test,21556,1,0.973139
test,21557,1,0.069479
test,21558,1,0.994573
test,21559,1,0.882225
test,21560,1,0.973795
test,21561,1,0.996161
test,21562,1,0.996919
test,21563,1,0.997280
test,21564,1,0.997194
test,21565,1,0.997036
test,21566,1,0.987129
test,21567,1,0.984336
test,21568,1,0.994402
test,21569,1,0.996689
test,21570,1,0.993914
test,21571,1,0.996695
test,21572,1,0.991538
test,21573,1,0.996858
test,21574,1,0.044431
test,21575,1,0.017952
test,21576,1,0.997817
test,21577,1,0.994739
test,21578,1,0.996733
test,21579,1,0.018212
test,21580,1,0.991636
test,21581,1,0.996278
test,21582,1,0.993722
test,21583,1,0.996954
test,21584,1,0.986649
test,21585,1,0.995985
test,21586,1,0.996740
test,21587,1,0.994423
test,21588,1,0.986178
test,21589,1,0.996966
test,21590,1,0.996972
test,21591,1,0.996669
test,21592,1,0.995435
test,21593,1,0.997296
test,21594,1,0.995735
test,21595,1,0.977154
test,21596,1,0.996413
test,21597,1,0.997183
test,21598,1,0.655419
test,21599,1,0.996996
test,21600,1,0.902180
test,21601,1,0.997368
test,21602,1,0.997434
test,21603,1,0.994840
test,21604,1,0.997454
test,21605,1,0.992654
test,21606,1,0.997363
test,21607,1,0.995236
test,21608,1,0.997532
test,21609,1,0.997013
test,21610,1,0.971913
test,21611,1,0.989140
test,21612,1,0.992568
test,21613,1,0.994180
test,21614,1,0.996047
test,21615,1,0.996650
test,21616,1,0.976378
test,21617,1,0.995291
test,21618,1,0.997348
test,21619,1,0.993624
test,21620,1,0.968381
test,21621,1,0.996031
test,21622,1,0.968381
test,21623,1,0.994698
test,21624,1,0.996954
test,21625,1,0.997343
test,21626,1,0.994247
test,21627,1,0.996746
test,21628,1,0.995922
test,21629,1,0.997280
test,21630,1,0.996093
test,21631,1,0.994820
test,21632,1,0.967869
test,21633,1,0.996784
test,21634,1,0.989119
test,21635,1,0.991187
test,21636,1,0.995208
test,21637,1,0.996300
test,21638,1,0.995817
test,21639,1,0.995189
test,21640,1,0.982490
test,21641,1,0.994940
test,21642,1,0.187877
test,21643,1,0.673729
test,21644,1,0.994169
test,21645,1,0.996676
test,21646,1,0.988558
test,21647,1,0.995381
test,21648,1,0.993938
test,21649,1,0.997116
test,21650,1,0.996925
test,21651,1,0.997518
test,21652,1,0.990696
test,21653,1,0.990121
test,21654,1,0.996161
test,21655,1,0.997322
test,21656,1,0.992906
test,21657,1,0.987375
test,21658,1,0.986284
test,21659,1,0.946250
test,21660,1,0.991748
test,21661,1,0.995946
test,21662,1,0.995694
test,21663,1,0.933975
test,21664,1,0.988403
test,21665,1,0.996496
test,21666,1,0.995890
test,21667,1,0.995858
test,21668,1,0.994636
test,21669,1,0.996153
test,21670,1,0.988470
test,21671,1,0.995189
test,21672,1,0.997608
test,21673,1,0.971129
test,21674,1,0.993735
test,21675,1,0.977392
test,21676,1,0.996765
test,21677,1,0.996131
test,21678,1,0.084795
test,21679,1,0.995558
test,21680,1,0.995198
test,21681,1,0.996978
test,21682,1,0.986416
test,21683,1,0.994900
test,21684,1,0.994467
test,21685,1,0.996406
test,21686,1,0.997177
test,21687,1,0.996055
test,21688,1,0.997054
test,21689,1,0.996427
test,21690,1,0.996888
test,21691,1,0.995345
test,21692,1,0.996469
test,21693,1,0.996503
test,21694,1,0.994646
test,21695,1,0.996752
test,21696,1,0.997363
test,21697,1,0.994636
test,21698,1,0.994830
test,21699,1,0.841891
test,21700,1,0.992214
test,21701,1,0.997199
test,21702,1,0.996978
test,21703,1,0.997183
test,21704,1,0.994900
test,21705,1,0.996870
test,21706,1,0.997409
test,21707,1,0.979861
test,21708,1,0.760028
test,21709,1,0.995938
test,21710,1,0.995300
test,21711,1,0.997082
test,21712,1,0.997353
test,21713,1,0.997537
test,21714,1,0.995417
test,21715,1,0.061480
test,21716,1,0.993268
test,21717,1,0.978240
test,21718,1,0.990533
test,21719,1,0.977371
test,21720,1,0.991844
test,21721,1,0.995151
test,21722,1,0.976356
test,21723,1,0.784649
test,21724,1,0.996550
test,21725,1,0.690246
test,21726,1,0.996701
test,21727,1,0.996406
test,21728,1,0.996016
test,21729,1,0.994719
test,21730,1,0.996834
test,21731,1,0.997210
test,21732,1,0.997617
test,21733,1,0.996876
test,21734,1,0.993123
test,21735,1,0.996427
test,21736,1,0.997373
test,21737,1,0.997739
test,21738,1,0.997348
test,21739,1,0.996931
test,21740,1,0.995592
test,21741,1,0.992244
test,21742,1,0.994800
test,21743,1,0.996496
test,21744,1,0.939526
test,21745,1,0.996790
test,21746,1,0.996821
test,21747,1,0.989306
test,21748,1,0.996790
test,21749,1,0.988863
test,21750,1,0.990997
test,21751,1,0.995817
test,21752,1,0.019852
test,21753,1,0.952706
test,21754,1,0.994135
test,21755,1,0.985186
test,21756,1,0.273720
test,21757,1,0.994780
test,21758,1,0.996771
test,21759,1,0.997373
test,21760,1,0.997594
test,21761,1,0.991049
test,21762,1,0.996978
test,21763,1,0.990874
test,21764,1,0.987154
test,21765,1,0.991603
test,21766,1,0.994657
test,21767,1,0.994594
test,21768,1,0.997122
test,21769,1,0.979861
test,21770,1,0.992568
test,21771,1,0.997242
test,21772,1,0.997444
test,21773,1,0.995018
test,21774,1,0.996943
test,21775,1,0.997379
test,21776,1,0.967869
test,21777,1,0.997464
test,21778,1,0.987759
test,21779,1,0.991373
test,21780,1,0.997210
test,21781,1,0.028328
test,21782,1,0.997199
test,21783,1,0.995444
test,21784,1,0.985043
test,21785,1,0.994510
test,21786,1,0.991969
test,21787,1,0.045310
test,21788,1,0.997110
test,21789,1,0.722821
test,21790,1,0.997488
test,21791,1,0.997735
test,21792,1,0.997603
test,21793,1,0.997672
test,21794,1,0.997419
test,21795,1,0.997013
test,21796,1,0.996183
test,21797,1,0.997290
test,21798,1,0.996943
test,21799,1,0.911967
test,21800,1,0.996954
test,21801,1,0.997444
test,21802,1,0.996577
test,21803,1,0.997368
test,21804,1,0.991489
test,21805,1,0.997414
test,21806,1,0.996530
test,21807,1,0.995669
test,21808,1,0.996846
test,21809,1,0.996198
test,21810,1,0.997088
test,21811,1,0.809502
test,21812,1,0.997088
test,21813,1,0.997649
test,21814,1,0.997384
test,21815,1,0.994031
test,21816,1,0.996138
test,21817,1,0.989531
test,21818,1,0.995417
test,21819,1,0.997280
test,21820,1,0.995643
test,21821,1,0.993372
test,21822,1,0.996300
test,21823,1,0.157785
test,21824,1,0.116111
test,21825,1,0.997484
test,21826,1,0.994100
test,21827,1,0.984124
test,21828,1,0.143548
test,21829,1,0.996523
test,21830,1,0.029648
test,21831,1,0.995226
test,21832,1,0.996093
test,21833,1,0.847274
test,21834,1,0.997348
test,21835,1,0.996249
test,21836,1,0.996960
test,21837,1,0.997030
test,21838,1,0.995217
test,21839,1,0.863966
test,21840,1,0.156298
test,21841,1,0.967533
test,21842,1,0.996714
test,21843,1,0.994203
test,21844,1,0.996385
test,21845,1,0.996062
test,21846,1,0.989928
test,21847,1,0.993673
test,21848,1,0.994008
test,21849,1,0.996249
test,21850,1,0.994940
test,21851,1,0.996000
test,21852,1,0.994760
test,21853,1,0.996864
test,21854,1,0.990839
test,21855,1,0.975693
test,21856,1,0.997248
test,21857,1,0.982591
test,21858,1,0.990329
test,21859,1,0.996271
test,21860,1,0.995866
test,21861,1,0.995626
test,21862,1,0.659624
test,21863,1,0.964756
test,21864,1,0.996870
test,21865,1,0.996919
test,21866,1,0.997394
test,21867,1,0.991938
test,21868,1,0.997608
test,21869,1,0.992496
test,21870,1,0.997177
test,21871,1,0.996882
test,21872,1,0.996701
test,21873,1,0.024516
test,21874,1,0.996931
test,21875,1,0.977066
test,21876,1,0.987253
test,21877,1,0.991118
test,21878,1,0.991101
test,21879,1,0.996055
test,21880,1,0.995523
test,21881,1,0.986258
test,21882,1,0.993029
test,21883,1,0.080430
test,21884,1,0.990660
test,21885,1,0.995114
test,21886,1,0.989286
test,21887,1,0.987970
test,21888,1,0.996123
test,21889,1,0.996138
test,21890,1,0.997449
test,21891,1,0.995643
test,21892,1,0.992683
test,21893,1,0.991907
test,21894,1,0.996517
test,21895,1,0.986546
test,21896,1,0.995444
test,21897,1,0.994270
test,21898,1,0.995817
test,21899,1,0.994760
test,21900,1,0.995961
test,21901,1,0.053700
test,21902,1,0.995354
test,21903,1,0.996078
test,21904,1,0.995363
test,21905,1,0.997269
test,21906,1,0.996100
test,21907,1,0.987030
test,21908,1,0.996765
test,21909,1,0.996864
test,21910,1,0.994314
test,21911,1,0.981595
test,21912,1,0.997301
test,21913,1,0.994031
test,21914,1,0.996343
test,21915,1,0.997394
test,21916,1,0.997575
test,21917,1,0.997110
test,21918,1,0.993636
test,21919,1,0.148294
test,21920,1,0.024917
test,21921,1,0.179963
test,21922,1,0.935935
test,21923,1,0.993512
test,21924,1,0.103794
test,21925,1,0.996336
test,21926,1,0.969843
test,21927,1,0.428846
test,21928,1,0.058669
test,21929,1,0.993056
test,21930,1,0.993448
test,21931,1,0.016199
test,21932,1,0.259920
test,21933,1,0.996901
test,21934,1,0.986416
test,21935,1,0.990750
test,21936,1,0.995435
test,21937,1,0.991907
test,21938,1,0.980710
test,21939,1,0.995282
test,21940,1,0.996656
test,21941,1,0.977735
test,21942,1,0.995710
test,21943,1,0.976847
test,21944,1,0.025083
test,21945,1,0.991620
test,21946,1,0.994259
test,21947,1,0.977045
test,21948,1,0.996777
test,21949,1,0.996413
test,21950,1,0.997826
test,21951,1,0.867036
test,21952,1,0.993843
test,21953,1,0.996708
test,21954,1,0.962778
test,21955,1,0.442874
test,21956,1,0.982608
test,21957,1,0.996271
test,21958,1,0.996990
test,21959,1,0.988245
test,21960,1,0.997649
test,21961,1,0.997155
test,21962,1,0.997155
test,21963,1,0.995381
test,21964,1,0.968291
test,21965,1,0.985882
test,21966,1,0.996198
test,21967,1,0.997699
test,21968,1,0.968738
test,21969,1,0.995226
test,21970,1,0.997054
test,21971,1,0.997527
test,21972,1,0.991049
test,21973,1,0.996286
test,21974,1,0.997237
test,21975,1,0.968560
test,21976,1,0.901401
test,21977,1,0.978955
test,21978,1,0.997172
test,21979,1,0.995558
test,21980,1,0.029648
test,21981,1,0.994191
test,21982,1,0.009765
test,21983,1,0.996462
test,21984,1,0.022159
test,21985,1,0.990678
test,21986,1,0.995882
test,21987,1,0.746416
test,21988,1,0.996371
test,21989,1,0.989013
test,21990,1,0.997589
test,21991,1,0.995497
test,21992,1,0.945601
test,21993,1,0.990660
test,21994,1,0.997735
test,21995,1,0.994270
test,21996,1,0.996650
test,21997,1,0.997194
test,21998,1,0.995850
test,21999,1,0.997332
test,22000,1,0.996695
test,22001,1,0.996100
test,22002,1,0.990768
test,22003,1,0.997133
test,22004,1,0.946892
test,22005,1,0.678753
test,22006,1,0.997556
test,22007,1,0.049681
test,22008,1,0.995817
test,22009,1,0.995842
test,22010,1,0.993242
test,22011,1,0.996827
test,22012,1,0.949669
test,22013,1,0.997503
test,22014,1,0.997580
test,22015,1,0.996093
test,22016,1,0.994760
test,22017,1,0.996448
test,22018,1,0.992739
test,22019,1,0.996623
test,22020,1,0.996689
test,22021,1,0.992108
test,22022,1,0.996656
test,22023,1,0.997322
test,22024,1,0.984738
test,22025,1,0.862468
test,22026,1,0.877056
test,22027,1,0.990292
test,22028,1,0.997088
test,22029,1,0.997626
test,22030,1,0.997183
test,22031,1,0.997826
test,22032,1,0.997414
test,22033,1,0.038430
test,22034,1,0.996364
test,22035,1,0.996834
test,22036,1,0.995993
test,22037,1,0.997399
test,22038,1,0.997204
test,22039,1,0.985215
test,22040,1,0.996901
test,22041,1,0.991554
test,22042,1,0.997787
test,22043,1,0.997636
test,22044,1,0.997469
test,22045,1,0.997444
test,22046,1,0.996108
test,22047,1,0.996590
test,22048,1,0.995977
test,22049,1,0.997459
test,22050,1,0.996802
test,22051,1,0.995291
test,22052,1,0.997155
test,22053,1,0.995677
test,22054,1,0.996834
test,22055,1,0.933249
test,22056,1,0.984664
test,22057,1,0.994402
test,22058,1,0.994281
test,22059,1,0.993537
test,22060,1,0.991272
test,22061,1,0.997419
test,22062,1,0.994780
test,22063,1,0.990696
test,22064,1,0.997542
test,22065,1,0.997348
test,22066,1,0.115511
test,22067,1,0.996146
test,22068,1,0.996249
test,22069,1,0.990310
test,22070,1,0.994920
test,22071,1,0.993042
test,22072,1,0.079068
test,22073,1,0.997166
test,22074,1,0.810104
test,22075,1,0.994677
test,22076,1,0.997099
test,22077,1,0.974337
test,22078,1,0.993512
test,22079,1,0.013983
test,22080,1,0.997804
test,22081,1,0.997474
test,22082,1,0.996809
test,22083,1,0.981022
test,22084,1,0.997253
test,22085,1,0.995643
test,22086,1,0.994510
test,22087,1,0.997686
test,22088,1,0.996937
test,22089,1,0.995922
test,22090,1,0.997399
test,22091,1,0.993759
test,22092,1,0.996161
test,22093,1,0.334100
test,22094,1,0.995318
test,22095,1,0.901921
test,22096,1,0.996138
test,22097,1,0.950319
test,22098,1,0.996852
test,22099,1,0.996434
test,22100,1,0.979900
test,22101,1,0.993735
test,22102,1,0.997766
test,22103,1,0.992437
test,22104,1,0.997358
test,22105,1,0.994810
test,22106,1,0.993397
test,22107,1,0.994499
test,22108,1,0.993722
test,22109,1,0.996590
test,22110,1,0.986178
test,22111,1,0.983785
test,22112,1,0.984032
test,22113,1,0.864196
test,22114,1,0.216260
test,22115,1,0.996469
test,22116,1,0.996630
test,22117,1,0.930395
test,22118,1,0.996777
test,22119,1,0.994123
test,22120,1,0.031859
test,22121,1,0.907230
test,22122,1,0.996876
test,22123,1,0.189296
test,22124,1,0.995643
test,22125,1,0.963643
test,22126,1,0.176246
test,22127,1,0.006388
test,22128,1,0.652297
test,22129,1,0.980167
test,22130,1,0.993902
test,22131,1,0.984276
test,22132,1,0.987993
test,22133,1,0.538786
test,22134,1,0.005708
test,22135,1,0.982955
test,22136,1,0.994657
test,22137,1,0.243058
test,22138,1,0.985990
test,22139,1,0.996689
test,22140,1,0.981753
test,22141,1,0.979096
test,22142,1,0.576840
test,22143,1,0.997166
test,22144,1,0.973919
test,22145,1,0.985990
test,22146,1,0.997054
test,22147,1,0.994123
test,22148,1,0.992304
test,22149,1,0.996821
test,22150,1,0.996676
test,22151,1,0.995735
test,22152,1,0.996901
test,22153,1,0.996721
test,22154,1,0.010368
test,22155,1,0.997399
test,22156,1,0.995669
test,22157,1,0.997722
test,22158,1,0.995444
test,22159,1,0.996827
test,22160,1,0.993574
test,22161,1,0.997459
test,22162,1,0.997343
test,22163,1,0.995170
test,22164,1,0.996517
test,22165,1,0.997274
test,22166,1,0.987876
test,22167,1,0.996617
test,22168,1,0.997082
test,22169,1,0.996523
test,22170,1,0.997373
test,22171,1,0.997274
test,22172,1,0.997613
test,22173,1,0.992334
test,22174,1,0.997454
test,22175,1,0.996650
test,22176,1,0.997449
test,22177,1,0.993372
test,22178,1,0.997663
test,22179,1,0.993673
test,22180,1,0.832645
test,22181,1,0.996913
test,22182,1,0.992093
test,22183,1,0.997199
test,22184,1,0.995946
test,22185,1,0.993698
test,22186,1,0.996564
test,22187,1,0.997199
test,22188,1,0.997133
test,22189,1,0.996078
test,22190,1,0.996901
test,22191,1,0.996343
test,22192,1,0.951097
test,22193,1,0.994563
test,22194,1,0.996978
test,22195,1,0.981453
test,22196,1,0.975809
test,22197,1,0.993891
test,22198,1,0.996790
test,22199,1,0.995254
test,22200,1,0.996378
test,22201,1,0.697197
test,22202,1,0.997285
test,22203,1,0.995961
test,22204,1,0.997617
test,22205,1,0.993448
test,22206,1,0.989389
test,22207,1,0.030502
test,22208,1,0.970743
test,22209,1,0.991118
test,22210,1,0.986416
test,22211,1,0.997306
test,22212,1,0.950686
test,22213,1,0.996913
test,22214,1,0.995208
test,22215,1,0.997414
test,22216,1,0.049268
test,22217,1,0.979551
test,22218,1,0.995047
test,22219,1,0.993722
test,22220,1,0.990945
test,22221,1,0.997088
test,22222,1,0.987993
test,22223,1,0.995470
test,22224,1,0.994510
test,22225,1,0.995710
test,22226,1,0.168583
test,22227,1,0.016657
test,22228,1,0.950595
test,22229,1,0.997493
test,22230,1,0.973469
test,22231,1,0.997575
test,22232,1,0.996462
test,22233,1,0.997547
test,22234,1,0.717408
test,22235,1,0.997654
test,22236,1,0.997498
test,22237,1,0.994820
test,22238,1,0.996300
test,22239,1,0.892281
test,22240,1,0.082623
test,22241,1,0.914520
test,22242,1,0.978156
test,22243,1,0.994998
test,22244,1,0.981076
test,22245,1,0.993163
test,22246,1,0.993795
test,22247,1,0.997649
test,22248,1,0.924005
test,22249,1,0.937954
test,22250,1,0.990803
test,22251,1,0.993843
test,22252,1,0.995470
test,22253,1,0.997327
test,22254,1,0.997488
test,22255,1,0.985882
test,22256,1,0.995643
test,22257,1,0.982254
test,22258,1,0.996523
test,22259,1,0.007461
test,22260,1,0.038575
test,22261,1,0.017476
test,22262,1,0.997343
test,22263,1,0.992393
test,22264,1,0.996116
test,22265,1,0.997358
test,22266,1,0.997384
test,22267,1,0.994969
test,22268,1,0.997226
test,22269,1,0.995898
test,22270,1,0.997649
test,22271,1,0.997722
test,22272,1,0.955402
test,22273,1,0.990892
test,22274,1,0.237443
test,22275,1,0.309389
test,22276,1,0.996227
test,22277,1,0.994870
test,22278,1,0.997379
test,22279,1,0.997007
test,22280,1,0.997708
test,22281,1,0.995809
test,22282,1,0.997199
test,22283,1,0.997384
test,22284,1,0.997570
test,22285,1,0.997498
test,22286,1,0.997150
test,22287,1,0.993123
test,22288,1,0.997215
test,22289,1,0.996364
test,22290,1,0.997551
test,22291,1,0.992725
test,22292,1,0.997274
test,22293,1,0.739893
test,22294,1,0.872890
test,22295,1,0.298901
test,22296,1,0.997019
test,22297,1,0.981382
test,22298,1,0.005512
test,22299,1,0.996413
test,22300,1,0.996584
test,22301,1,0.996708
test,22302,1,0.996925
test,22303,1,0.997631
test,22304,1,0.997048
test,22305,1,0.997368
test,22306,1,0.995189
test,22307,1,0.997503
test,22308,1,0.997232
test,22309,1,0.997668
test,22310,1,0.997570
test,22311,1,0.996949
test,22312,1,0.997337
test,22313,1,0.997285
test,22314,1,0.996008
test,22315,1,0.997363
test,22316,1,0.997274
test,22317,1,0.177597
test,22318,1,0.997363
test,22319,1,0.997594
test,22320,1,0.950686
test,22321,1,0.997484
test,22322,1,0.012492
test,22323,1,0.996570
test,22324,1,0.996427
test,22325,1,0.996689
test,22326,1,0.997317
test,22327,1,0.995858
test,22328,1,0.191479
test,22329,1,0.991748
test,22330,1,0.154249
test,22331,1,0.997301
test,22332,1,0.997444
test,22333,1,0.997001
test,22334,1,0.963984
test,22335,1,0.989928
test,22336,1,0.996802
test,22337,1,0.996623
test,22338,1,0.997116
test,22339,1,0.996796
test,22340,1,0.985800
test,22341,1,0.986777
test,22342,1,0.995710
test,22343,1,0.968441
test,22344,1,0.996827
test,22345,1,0.994739
test,22346,1,0.996901
test,22347,1,0.993961
test,22348,1,0.976333
test,22349,1,0.996919
test,22350,1,0.988690
test,22351,1,0.003961
test,22352,1,0.992274
test,22353,1,0.994292
test,22354,1,0.997498
test,22355,1,0.835013
test,22356,1,0.996039
test,22357,1,0.996307
test,22358,1,0.988358
test,22359,1,0.995444
test,22360,1,0.996392
test,22361,1,0.996650
test,22362,1,0.990478
test,22363,1,0.996489
test,22364,1,0.976197
test,22365,1,0.696991
test,22366,1,0.995954
test,22367,1,0.982987
test,22368,1,0.997659
test,22369,1,0.997150
test,22370,1,0.995408
test,22371,1,0.997226
test,22372,1,0.021698
test,22373,1,0.996503
test,22374,1,0.995618
test,22375,1,0.995318
test,22376,1,0.978281
test,22377,1,0.997479
test,22378,1,0.997429
test,22379,1,0.995180
test,22380,1,0.993359
test,22381,1,0.987472
test,22382,1,0.970381
test,22383,1,0.995592
test,22384,1,0.012456
test,22385,1,0.993002
test,22386,1,0.956675
test,22387,1,0.995263
test,22388,1,0.996949
test,22389,1,0.995817
test,22390,1,0.983847
test,22391,1,0.975060
test,22392,1,0.988690
test,22393,1,0.990660
test,22394,1,0.991153
test,22395,1,0.043732
test,22396,1,0.997474
test,22397,1,0.962250
test,22398,1,0.997599
test,22399,1,0.300438
test,22400,1,0.971320
test,22401,1,0.037012
test,22402,1,0.006451
test,22403,1,0.996510
test,22404,1,0.995114
test,22405,1,0.996972
test,22406,1,0.928603
test,22407,1,0.996227
test,22408,1,0.995882
test,22409,1,0.997042
test,22410,1,0.029648
test,22411,1,0.994413
test,22412,1,0.013287
test,22413,1,0.248625
test,22414,1,0.986520
test,22415,1,0.943867
test,22416,1,0.940353
test,22417,1,0.677954
test,22418,1,0.972019
test,22419,1,0.996972
test,22420,1,0.994270
test,22421,1,0.970240
test,22422,1,0.986363
test,22423,1,0.363703
test,22424,1,0.996834
test,22425,1,0.867822
test,22426,1,0.995874
test,22427,1,0.992108
test,22428,1,0.996399
test,22429,1,0.799207
test,22430,1,0.995479
test,22431,1,0.028898
test,22432,1,0.022117
test,22433,1,0.997523
test,22434,1,0.997880
test,22435,1,0.997649
test,22436,1,0.997138
test,22437,1,0.996954
test,22438,1,0.997735
test,22439,1,0.996070
test,22440,1,0.997783
test,22441,1,0.997731
test,22442,1,0.997787
test,22443,1,0.996746
test,22444,1,0.997752
test,22445,1,0.996286
test,22446,1,0.996000
test,22447,1,0.997183
test,22448,1,0.997523
test,22449,1,0.997439
test,22450,1,0.997704
test,22451,1,0.997518
test,22452,1,0.997580
test,22453,1,0.997449
test,22454,1,0.995618
test,22455,1,0.984396
test,22456,1,0.997699
test,22457,1,0.997817
test,22458,1,0.995327
test,22459,1,0.996913
test,22460,1,0.986468
test,22461,1,0.997659
test,22462,1,0.012229
test,22463,1,0.994719
test,22464,1,0.997459
test,22465,1,0.995047
test,22466,1,0.994380
test,22467,1,0.997518
test,22468,1,0.980581
test,22469,1,0.140336
test,22470,1,0.995977
test,22471,1,0.996894
test,22472,1,0.996264
test,22473,1,0.968471
test,22474,1,0.995702
test,22475,1,0.994729
test,22476,1,0.990121
test,22477,1,0.992199
test,22478,1,0.716962
test,22479,1,0.955152
test,22480,1,0.981806
test,22481,1,0.997532
test,22482,1,0.534719
test,22483,1,0.997155
test,22484,1,0.888566
test,22485,1,0.997594
test,22486,1,0.576020
test,22487,1,0.997065
test,22488,1,0.997199
test,22489,1,0.997363
test,22490,1,0.994043
test,22491,1,0.997394
test,22492,1,0.974988
test,22493,1,0.995470
test,22494,1,0.967318
test,22495,1,0.997414
test,22496,1,0.985691
test,22497,1,0.993649
test,22498,1,0.994739
test,22499,1,0.997414
test,22500,1,0.996937
test,22501,1,0.996925
test,22502,1,0.996503
test,22503,1,0.995874
test,22504,1,0.991859
test,22505,1,0.996943
test,22506,1,0.995566
test,22507,1,0.715871
test,22508,1,0.993985
test,22509,1,0.977241
test,22510,1,0.996882
test,22511,1,0.996966
test,22512,1,0.997537
test,22513,1,0.895157
test,22514,1,0.988335
test,22515,1,0.996663
test,22516,1,0.990962
test,22517,1,0.996637
test,22518,1,0.996434
test,22519,1,0.996894
test,22520,1,0.997399
test,22521,1,0.991969
test,22522,1,0.018493
test,22523,1,0.995272
test,22524,1,0.996759
test,22525,1,0.997059
test,22526,1,0.996966
test,22527,1,0.994031
test,22528,1,0.996759
test,22529,1,0.988290
test,22530,1,0.996482
test,22531,1,0.996740
test,22532,1,0.997274
test,22533,1,0.966442
test,22534,1,0.997498
test,22535,1,0.997007
test,22536,1,0.996752
test,22537,1,0.996870
test,22538,1,0.993307
test,22539,1,0.979784
test,22540,1,0.984336
test,22541,1,0.995037
test,22542,1,0.996630
test,22543,1,0.997503
test,22544,1,0.996577
test,22545,1,0.997640
test,22546,1,0.996448
test,22547,1,0.997301
test,22548,1,0.997532
test,22549,1,0.994940
test,22550,1,0.949949
test,22551,1,0.991603
test,22552,1,0.997695
test,22553,1,0.996727
test,22554,1,0.996759
test,22555,1,0.997527
test,22556,1,0.994850
test,22557,1,0.023712
test,22558,1,0.986468
test,22559,1,0.997071
test,22560,1,0.996990
test,22561,1,0.994402
test,22562,1,0.997007
test,22563,1,0.992349
test,22564,1,0.991732
test,22565,1,0.964855
test,22566,1,0.992077
test,22567,1,0.996597
test,22568,1,0.990329
test,22569,1,0.996300
test,22570,1,0.996901
test,22571,1,0.992229
test,22572,1,0.927822
test,22573,1,0.997498
test,22574,1,0.997127
test,22575,1,0.997735
test,22576,1,0.993385
test,22577,1,0.510596
test,22578,1,0.995300
test,22579,1,0.996441
test,22580,1,0.987399
test,22581,1,0.017678
test,22582,1,0.993710
test,22583,1,0.991780
test,22584,1,0.997358
test,22585,1,0.997399
test,22586,1,0.997177
test,22587,1,0.996815
test,22588,1,0.997556
test,22589,1,0.993448
test,22590,1,0.899563
test,22591,1,0.996350
test,22592,1,0.997484
test,22593,1,0.997337
test,22594,1,0.994552
test,22595,1,0.979707
test,22596,1,0.996695
test,22597,1,0.997527
test,22598,1,0.997269
test,22599,1,0.997713
test,22600,1,0.986044
test,22601,1,0.997368
test,22602,1,0.994646
test,22603,1,0.996846
test,22604,1,0.977392
test,22605,1,0.996990
test,22606,1,0.997306
test,22607,1,0.997274
test,22608,1,0.997379
test,22609,1,0.996278
test,22610,1,0.996378
test,22611,1,0.996796
test,22612,1,0.989986
test,22613,1,0.996901
test,22614,1,0.997317
test,22615,1,0.991875
test,22616,1,0.995104
test,22617,1,0.997264
test,22618,1,0.995898
test,22619,1,0.992481
test,22620,1,0.997155
test,22621,1,0.997042
test,22622,1,0.997001
test,22623,1,0.068164
test,22624,1,0.389750
test,22625,1,0.996913
test,22626,1,0.995850
test,22627,1,0.995462
test,22628,1,0.997290
test,22629,1,0.921287
test,22630,1,0.466538
test,22631,1,0.996455
test,22632,1,0.991272
test,22633,1,0.737395
test,22634,1,0.977176
test,22635,1,0.993961
test,22636,1,0.903209
test,22637,1,0.995842
test,22638,1,0.017866
test,22639,1,0.974893
test,22640,1,0.748214
test,22641,1,0.996637
test,22642,1,0.994667
test,22643,1,0.997584
test,22644,1,0.996796
test,22645,1,0.995549
test,22646,1,0.997105
test,22647,1,0.992865
test,22648,1,0.996378
test,22649,1,0.997469
test,22650,1,0.996168
test,22651,1,0.990514
test,22652,1,0.990945
test,22653,1,0.945147
test,22654,1,0.996882
test,22655,1,0.996441
test,22656,1,0.992626
test,22657,1,0.951414
test,22658,1,0.994979
test,22659,1,0.983878
test,22660,1,0.994225
test,22661,1,0.037187
test,22662,1,0.997513
test,22663,1,0.993397
test,22664,1,0.996108
test,22665,1,0.997133
test,22666,1,0.996577
test,22667,1,0.997172
test,22668,1,0.997285
test,22669,1,0.997127
test,22670,1,0.994259
test,22671,1,0.995777
test,22672,1,0.996420
test,22673,1,0.996329
test,22674,1,0.997672
test,22675,1,0.996476
test,22676,1,0.996070
test,22677,1,0.994467
test,22678,1,0.997717
test,22679,1,0.990083
test,22680,1,0.023286
test,22681,1,0.761095
test,22682,1,0.995566
test,22683,1,0.994626
test,22684,1,0.996919
test,22685,1,0.997059
test,22686,1,0.997013
test,22687,1,0.992739
test,22688,1,0.997384
test,22689,1,0.997301
test,22690,1,0.949995
test,22691,1,0.959988
test,22692,1,0.995652
test,22693,1,0.996434
test,22694,1,0.993587
test,22695,1,0.996108
test,22696,1,0.968738
test,22697,1,0.995906
test,22698,1,0.988290
test,22699,1,0.997761
test,22700,1,0.995719
test,22701,1,0.996489
test,22702,1,0.985773
test,22703,1,0.997048
test,22704,1,0.996604
test,22705,1,0.996721
test,22706,1,0.997518
test,22707,1,0.996913
test,22708,1,0.995435
test,22709,1,0.996765
test,22710,1,0.993686
test,22711,1,0.997556
test,22712,1,0.973569
test,22713,1,0.994810
test,22714,1,0.996392
test,22715,1,0.997248
test,22716,1,0.034521
test,22717,1,0.995558
test,22718,1,0.976061
test,22719,1,0.996949
test,22720,1,0.052912
test,22721,1,0.996752
test,22722,1,0.995318
test,22723,1,0.996870
test,22724,1,0.996708
test,22725,1,0.996907
test,22726,1,0.997138
test,22727,1,0.997237
test,22728,1,0.997404
test,22729,1,0.997626
test,22730,1,0.997221
test,22731,1,0.989013
test,22732,1,0.996676
test,22733,1,0.991238
test,22734,1,0.996123
test,22735,1,0.997449
test,22736,1,0.997770
test,22737,1,0.996746
test,22738,1,0.997761
test,22739,1,0.997622
test,22740,1,0.996406
test,22741,1,0.004802
test,22742,1,0.986879
test,22743,1,0.996550
test,22744,1,0.987253
test,22745,1,0.993747
test,22746,1,0.997155
test,22747,1,0.996740
test,22748,1,0.995523
test,22749,1,0.982524
test,22750,1,0.038683
test,22751,1,0.410993
test,22752,1,0.035611
test,22753,1,0.939137
test,22754,1,0.353205
test,22755,1,0.997099
test,22756,1,0.993649
test,22757,1,0.996031
test,22758,1,0.996564
test,22759,1,0.996249
test,22760,1,0.996870
test,22761,1,0.997663
test,22762,1,0.982356
test,22763,1,0.997580
test,22764,1,0.997059
test,22765,1,0.997547
test,22766,1,0.648745
test,22767,1,0.303654
test,22768,1,0.997138
test,22769,1,0.997199
test,22770,1,0.996000
test,22771,1,0.996972
test,22772,1,0.996364
test,22773,1,0.994667
test,22774,1,0.996385
test,22775,1,0.997306
test,22776,1,0.995566
test,22777,1,0.996100
test,22778,1,0.997242
test,22779,1,0.997317
test,22780,1,0.996161
test,22781,1,0.994054
test,22782,1,0.930268
test,22783,1,0.996108
test,22784,1,0.990121
test,22785,1,0.996242
test,22786,1,0.996427
test,22787,1,0.994303
test,22788,1,0.987923
test,22789,1,0.995702
test,22790,1,0.994605
test,22791,1,0.986125
test,22792,1,0.997744
test,22793,1,0.997274
test,22794,1,0.997210
test,22795,1,0.995768
test,22796,1,0.997503
test,22797,1,0.996024
test,22798,1,0.099645
test,22799,1,0.997498
test,22800,1,0.868771
test,22801,1,0.997290
test,22802,1,0.997594
test,22803,1,0.996949
test,22804,1,0.997518
test,22805,1,0.993123
test,22806,1,0.995938
test,22807,1,0.996777
test,22808,1,0.997379
test,22809,1,0.993436
test,22810,1,0.997503
test,22811,1,0.997640
test,22812,1,0.997575
test,22813,1,0.997358
test,22814,1,0.749500
test,22815,1,0.996740
test,22816,1,0.996039
test,22817,1,0.997570
test,22818,1,0.995583
test,22819,1,0.996364
test,22820,1,0.994900
test,22821,1,0.924891
test,22822,1,0.996307
test,22823,1,0.978177
test,22824,1,0.994423
test,22825,1,0.996901
test,22826,1,0.997589
test,22827,1,0.041114
test,22828,1,0.994123
test,22829,1,0.997704
test,22830,1,0.997649
test,22831,1,0.993524
test,22832,1,0.996630
test,22833,1,0.955899
test,22834,1,0.997409
test,22835,1,0.995549
test,22836,1,0.709019
test,22837,1,0.996205
test,22838,1,0.022138
test,22839,1,0.996343
test,22840,1,0.971859
test,22841,1,0.990459
test,22842,1,0.995946
test,22843,1,0.995540
test,22844,1,0.884738
test,22845,1,0.990821
test,22846,1,0.996307
test,22847,1,0.996489
test,22848,1,0.010308
test,22849,1,0.994020
test,22850,1,0.997264
test,22851,1,0.997399
test,22852,1,0.997594
test,22853,1,0.985746
test,22854,1,0.798658
test,22855,1,0.997001
test,22856,1,0.995985
test,22857,1,0.997248
test,22858,1,0.997479
test,22859,1,0.996530
test,22860,1,0.996637
test,22861,1,0.996161
test,22862,1,0.995906
test,22863,1,0.142351
test,22864,1,0.996227
test,22865,1,0.991118
test,22866,1,0.997575
test,22867,1,0.986125
test,22868,1,0.997025
test,22869,1,0.994969
test,22870,1,0.997280
test,22871,1,0.997210
test,22872,1,0.997389
test,22873,1,0.997589
test,22874,1,0.996802
test,22875,1,0.928603
test,22876,1,0.995592
test,22877,1,0.867261
test,22878,1,0.996138
test,22879,1,0.997631
test,22880,1,0.997404
test,22881,1,0.954393
test,22882,1,0.997584
test,22883,1,0.994112
test,22884,1,0.995961
test,22885,1,0.997695
test,22886,1,0.997001
test,22887,1,0.997274
test,22888,1,0.926703
test,22889,1,0.997332
test,22890,1,0.995236
test,22891,1,0.989870
test,22892,1,0.995309
test,22893,1,0.997409
test,22894,1,0.993229
test,22895,1,0.995085
test,22896,1,0.997204
test,22897,1,0.958304
test,22898,1,0.996570
test,22899,1,0.991067
test,22900,1,0.997226
test,22901,1,0.997547
test,22902,1,0.997439
test,22903,1,0.997363
test,22904,1,0.997584
test,22905,1,0.994830
test,22906,1,0.996523
test,22907,1,0.996413
test,22908,1,0.965086
test,22909,1,0.026032
test,22910,1,0.995858
test,22911,1,0.997409
test,22912,1,0.995922
test,22913,1,0.995954
test,22914,1,0.996070
test,22915,1,0.903379
test,22916,1,0.995479
test,22917,1,0.973869
test,22918,1,0.993002
test,22919,1,0.997343
test,22920,1,0.994688
test,22921,1,0.997025
test,22922,1,0.997155
test,22923,1,0.995793
test,22924,1,0.996000
test,22925,1,0.997188
test,22926,1,0.996901
test,22927,1,0.997424
test,22928,1,0.995635
test,22929,1,0.991101
test,22930,1,0.997439
test,22931,1,0.997649
test,22932,1,0.997757
test,22933,1,0.996821
test,22934,1,0.997399
test,22935,1,0.993242
test,22936,1,0.997409
test,22937,1,0.992393
test,22938,1,0.996721
test,22939,1,0.995300
test,22940,1,0.995488
test,22941,1,0.974190
test,22942,1,0.095181
test,22943,1,0.997172
test,22944,1,0.997556
test,22945,1,0.997584
test,22946,1,0.997332
test,22947,1,0.997122
test,22948,1,0.993333
test,22949,1,0.997127
test,22950,1,0.988154
test,22951,1,0.993461
test,22952,1,0.997242
test,22953,1,0.995601
test,22954,1,0.980506
test,22955,1,0.996039
test,22956,1,0.989306
test,22957,1,0.928084
test,22958,1,0.996510
test,22959,1,0.996517
test,22960,1,0.996131
test,22961,1,0.989223
test,22962,1,0.005080
test,22963,1,0.040503
test,22964,1,0.996264
test,22965,1,0.991748
test,22966,1,0.975992
test,22967,1,0.994739
test,22968,1,0.302134
test,22969,1,0.605887
test,22970,1,0.996078
test,22971,1,0.997317
test,22972,1,0.996000
test,22973,1,0.997668
test,22974,1,0.954774
test,22975,1,0.995618
test,22976,1,0.997399
test,22977,1,0.232223
test,22978,1,0.995858
test,22979,1,0.042206
test,22980,1,0.997030
test,22981,1,0.997172
test,22982,1,0.994729
test,22983,1,0.997019
test,22984,1,0.995946
test,22985,1,0.983691
test,22986,1,0.944995
test,22987,1,0.986205
test,22988,1,0.996882
test,22989,1,0.987253
test,22990,1,0.995914
test,22991,1,0.996427
test,22992,1,0.990569
test,22993,1,0.995180
test,22994,1,0.997099
test,22995,1,0.997253
test,22996,1,0.997384
test,22997,1,0.997584
test,22998,1,0.978052
test,22999,1,0.994573
test,23000,1,0.984869
test,23001,1,0.997779
test,23002,1,0.996496
test,23003,1,0.986337
test,23004,1,0.976265
test,23005,1,0.997513
test,23006,1,0.994890
test,23007,1,0.991828
test,23008,1,0.995866
test,23009,1,0.982083
test,23010,1,0.996643
test,23011,1,0.994780
test,23012,1,0.996643
test,23013,1,0.996434
test,23014,1,0.997306
test,23015,1,0.995300
test,23016,1,0.992393
test,23017,1,0.074905
test,23018,1,0.997172
test,23019,1,0.995008
test,23020,1,0.079068
test,23021,1,0.996888
test,23022,1,0.996949
test,23023,1,0.997013
test,23024,1,0.995626
test,23025,1,0.860369
test,23026,1,0.993783
test,23027,1,0.992214
test,23028,1,0.997194
test,23029,1,0.855731
test,23030,1,0.993574
test,23031,1,0.996984
test,23032,1,0.994477
test,23033,1,0.984723
test,23034,1,0.994998
test,23035,1,0.985200
test,23036,1,0.997469
test,23037,1,0.995977
test,23038,1,0.007548
test,23039,1,0.992214
test,23040,1,0.997221
test,23041,1,0.997439
test,23042,1,0.996809
test,23043,1,0.996420
test,23044,1,0.997285
test,23045,1,0.993474
test,23046,1,0.997704
test,23047,1,0.997311
test,23048,1,0.997379
test,23049,1,0.995922
test,23050,1,0.995037
test,23051,1,0.997508
test,23052,1,0.997783
test,23053,1,0.994259
test,23054,1,0.995170
test,23055,1,0.990235
test,23056,1,0.993973
test,23057,1,0.966315
test,23058,1,0.996676
test,23059,1,0.997589
test,23060,1,0.032651
test,23061,1,0.997434
test,23062,1,0.996537
test,23063,1,0.997547
test,23064,1,0.997327
test,23065,1,0.993624
test,23066,1,0.946051
test,23067,1,0.171408
test,23068,1,0.997584
test,23069,1,0.866810
test,23070,1,0.997599
test,23071,1,0.997394
test,23072,1,0.997221
test,23073,1,0.996901
test,23074,1,0.996205
test,23075,1,0.995817
test,23076,1,0.994146
test,23077,1,0.197599
test,23078,1,0.968886
test,23079,1,0.989098
test,23080,1,0.984002
test,23081,1,0.997215
test,23082,1,0.997429
test,23083,1,0.997542
test,23084,1,0.997542
test,23085,1,0.991859
test,23086,1,0.987946
test,23087,1,0.997368
test,23088,1,0.996771
test,23089,1,0.997603
test,23090,1,0.994840
test,23091,1,0.982591
test,23092,1,0.996888
test,23093,1,0.991406
test,23094,1,0.996570
test,23095,1,0.997194
test,23096,1,0.995066
test,23097,1,0.996984
test,23098,1,0.997296
test,23099,1,0.997488
test,23100,1,0.990514
test,23101,1,0.985215
test,23102,1,0.997469
test,23103,1,0.996116
test,23104,1,0.488627
test,23105,1,0.987179
test,23106,1,0.937211
test,23107,1,0.997332
test,23108,1,0.997654
test,23109,1,0.992319
test,23110,1,0.992920
test,23111,1,0.951908
test,23112,1,0.459982
test,23113,1,0.993624
test,23114,1,0.658472
test,23115,1,0.994850
test,23116,1,0.994247
test,23117,1,0.609553
test,23118,1,0.993973
test,23119,1,0.959193
test,23120,1,0.021969
test,23121,1,0.992364
test,23122,1,0.964085
test,23123,1,0.944536
test,23124,1,0.994930
test,23125,1,0.995866
test,23126,1,0.987993
test,23127,1,0.994100
test,23128,1,0.996413
test,23129,1,0.992711
test,23130,1,0.995399
test,23131,1,0.987277
test,23132,1,0.046595
test,23133,1,0.997368
test,23134,1,0.997518
test,23135,1,0.997368
test,23136,1,0.997343
test,23137,1,0.991289
test,23138,1,0.996996
test,23139,1,0.997204
test,23140,1,0.997439
test,23141,1,0.980618
test,23142,1,0.993807
test,23143,1,0.996682
test,23144,1,0.990821
test,23145,1,0.996496
test,23146,1,0.995453
test,23147,1,0.996802
test,23148,1,0.997599
test,23149,1,0.996882
test,23150,1,0.963541
test,23151,1,0.995381
test,23152,1,0.961786
test,23153,1,0.996752
test,23154,1,0.997449
test,23155,1,0.996771
test,23156,1,0.995532
test,23157,1,0.997748
test,23158,1,0.995479
test,23159,1,0.997449
test,23160,1,0.997188
test,23161,1,0.996008
test,23162,1,0.997561
test,23163,1,0.988177
test,23164,1,0.997332
test,23165,1,0.995444
test,23166,1,0.995066
test,23167,1,0.905907
test,23168,1,0.997518
test,23169,1,0.997150
test,23170,1,0.993855
test,23171,1,0.980876
test,23172,1,0.283484
test,23173,1,0.997474
test,23174,1,0.989909
test,23175,1,0.981910
test,23176,1,0.701406
test,23177,1,0.994488
test,23178,1,0.997099
test,23179,1,0.991875
test,23180,1,0.995123
test,23181,1,0.997248
test,23182,1,0.994043
test,23183,1,0.992697
test,23184,1,0.996455
test,23185,1,0.997161
test,23186,1,0.996462
test,23187,1,0.993587
test,23188,1,0.996364
test,23189,1,0.991780
test,23190,1,0.147801
test,23191,1,0.995735
test,23192,1,0.668556
test,23193,1,0.988425
test,23194,1,0.995626
test,23195,1,0.901748
test,23196,1,0.994615
test,23197,1,0.997150
test,23198,1,0.990178
test,23199,1,0.994708
test,23200,1,0.856992
test,23201,1,0.995300
test,23202,1,0.997306
test,23203,1,0.987640
test,23204,1,0.989672
test,23205,1,0.993397
test,23206,1,0.996300
test,23207,1,0.986125
test,23208,1,0.980413
test,23209,1,0.996517
test,23210,1,0.994008
test,23211,1,0.997613
test,23212,1,0.653293
test,23213,1,0.994259
test,23214,1,0.997469
test,23215,1,0.979016
test,23216,1,0.992349
test,23217,1,0.994698
test,23218,1,0.997172
test,23219,1,0.992274
test,23220,1,0.997042
test,23221,1,0.997013
test,23222,1,0.997071
test,23223,1,0.994303
test,23224,1,0.995609
test,23225,1,0.994729
test,23226,1,0.995282
test,23227,1,0.997274
test,23228,1,0.996708
test,23229,1,0.993867
test,23230,1,0.897066
test,23231,1,0.988290
test,23232,1,0.958460
test,23233,1,0.997498
test,23234,1,0.997177
test,23235,1,0.997042
test,23236,1,0.886470
test,23237,1,0.664159
test,23238,1,0.847716
test,23239,1,0.997059
test,23240,1,0.992851
test,23241,1,0.992892
test,23242,1,0.958187
test,23243,1,0.991170
test,23244,1,0.993926
test,23245,1,0.013795
test,23246,1,0.993255
test,23247,1,0.994749
test,23248,1,0.994135
test,23249,1,0.997127
test,23250,1,0.993879
test,23251,1,0.960805
test,23252,1,0.997311
test,23253,1,0.991422
test,23254,1,0.996669
test,23255,1,0.967717
test,23256,1,0.995752
test,23257,1,0.977778
test,23258,1,0.960621
test,23259,1,0.996784
test,23260,1,0.989986
test,23261,1,0.995609
test,23262,1,0.967410
test,23263,1,0.996827
test,23264,1,0.997001
test,23265,1,0.937096
test,23266,1,0.996790
test,23267,1,0.996759
test,23268,1,0.006526
test,23269,1,0.997695
test,23270,1,0.997409
test,23271,1,0.997353
test,23272,1,0.995300
test,23273,1,0.888469
test,23274,1,0.994615
test,23275,1,0.996784
test,23276,1,0.995076
test,23277,1,0.996256
test,23278,1,0.991221
test,23279,1,0.997290
test,23280,1,0.979056
test,23281,1,0.997258
test,23282,1,0.997589
test,23283,1,0.996314
test,23284,1,0.997739
test,23285,1,0.997343
test,23286,1,0.990732
test,23287,1,0.997493
test,23288,1,0.997311
test,23289,1,0.997800
test,23290,1,0.997343
test,23291,1,0.997399
test,23292,1,0.997603
test,23293,1,0.986205
test,23294,1,0.996796
test,23295,1,0.994510
test,23296,1,0.670770
test,23297,1,0.997337
test,23298,1,0.981683
test,23299,1,0.996399
test,23300,1,0.996469
test,23301,1,0.997542
test,23302,1,0.997444
test,23303,1,0.996966
test,23304,1,0.997608
test,23305,1,0.996888
test,23306,1,0.997226
test,23307,1,0.343177
test,23308,1,0.997248
test,23309,1,0.997025
test,23310,1,0.997631
test,23311,1,0.996336
test,23312,1,0.996220
test,23313,1,0.996864
test,23314,1,0.997082
test,23315,1,0.996759
test,23316,1,0.996840
test,23317,1,0.988668
test,23318,1,0.974629
test,23319,1,0.991587
test,23320,1,0.997686
test,23321,1,0.943452
test,23322,1,0.996858
test,23323,1,0.985691
test,23324,1,0.978031
test,23325,1,0.996153
test,23326,1,0.697557
test,23327,1,0.993110
test,23328,1,0.989889
test,23329,1,0.937726
test,23330,1,0.980506
test,23331,1,0.993771
test,23332,1,0.992988
test,23333,1,0.995702
test,23334,1,0.991716
test,23335,1,0.822688
test,23336,1,0.991153
test,23337,1,0.996960
test,23338,1,0.995977
test,23339,1,0.993524
test,23340,1,0.996777
test,23341,1,0.996852
test,23342,1,0.996564
test,23343,1,0.997389
test,23344,1,0.941331
test,23345,1,0.997025
test,23346,1,0.742795
test,23347,1,0.997082
test,23348,1,0.996852
test,23349,1,0.993807
test,23350,1,0.996888
test,23351,1,0.980655
test,23352,1,0.995566
test,23353,1,0.996858
test,23354,1,0.997551
test,23355,1,0.996978
test,23356,1,0.997071
test,23357,1,0.997474
test,23358,1,0.996307
test,23359,1,0.603026
test,23360,1,0.987806
test,23361,1,0.986649
test,23362,1,0.013519
test,23363,1,0.996943
test,23364,1,0.984456
test,23365,1,0.996070
test,23366,1,0.997622
test,23367,1,0.997099
test,23368,1,0.997424
test,23369,1,0.997542
test,23370,1,0.009003
test,23371,1,0.991255
test,23372,1,0.748536
test,23373,1,0.997731
test,23374,1,0.993891
test,23375,1,0.966505
test,23376,1,0.979215
test,23377,1,0.996901
test,23378,1,0.994169
test,23379,1,0.989055
test,23380,1,0.997322
test,23381,1,0.991305
test,23382,1,0.971725
test,23383,1,0.997663
test,23384,1,0.995381
test,23385,1,0.996406
test,23386,1,0.991796
test,23387,1,0.966914
test,23388,1,0.992851
test,23389,1,0.993359
test,23390,1,0.997274
test,23391,1,0.996489
test,23392,1,0.997566
test,23393,1,0.996590
test,23394,1,0.996093
test,23395,1,0.997677
test,23396,1,0.996827
test,23397,1,0.996777
test,23398,1,0.997093
test,23399,1,0.996530
test,23400,1,0.996123
test,23401,1,0.995254
test,23402,1,0.996630
test,23403,1,0.996597
test,23404,1,0.996235
test,23405,1,0.995282
test,23406,1,0.997527
test,23407,1,0.997332
test,23408,1,0.996802
test,23409,1,0.997561
test,23410,1,0.995768
test,23411,1,0.995523
test,23412,1,0.997177
test,23413,1,0.996085
test,23414,1,0.995161
test,23415,1,0.997363
test,23416,1,0.996469
test,23417,1,0.993176
test,23418,1,0.991668
test,23419,1,0.991356
test,23420,1,0.995470
test,23421,1,0.974917
test,23422,1,0.995609
test,23423,1,0.978895
test,23424,1,0.989347
test,23425,1,0.979056
test,23426,1,0.989967
test,23427,1,0.993461
test,23428,1,0.995540
test,23429,1,0.995938
test,23430,1,0.997584
test,23431,1,0.997133
test,23432,1,0.984694
test,23433,1,0.979570
test,23434,1,0.994910
test,23435,1,0.996752
test,23436,1,0.991684
test,23437,1,0.992047
test,23438,1,0.996264
test,23439,1,0.989928
test,23440,1,0.990839
test,23441,1,0.911180
test,23442,1,0.038214
test,23443,1,0.978855
test,23444,1,0.994008
test,23445,1,0.984321
test,23446,1,0.992334
test,23447,1,0.984366
test,23448,1,0.993150
test,23449,1,0.527377
test,23450,1,0.442042
test,23451,1,0.991780
test,23452,1,0.996623
test,23453,1,0.996643
test,23454,1,0.985773
test,23455,1,0.996978
test,23456,1,0.996919
test,23457,1,0.040961
test,23458,1,0.991780
test,23459,1,0.997503
test,23460,1,0.995300
test,23461,1,0.995066
test,23462,1,0.996047
test,23463,1,0.997221
test,23464,1,0.993499
test,23465,1,0.995047
test,23466,1,0.997631
test,23467,1,0.994445
test,23468,1,0.996888
test,23469,1,0.990696
test,23470,1,0.996752
test,23471,1,0.987496
test,23472,1,0.997547
test,23473,1,0.913907
test,23474,1,0.008644
test,23475,1,0.997708
test,23476,1,0.015937
test,23477,1,0.997439
test,23478,1,0.991587
test,23479,1,0.964018
test,23480,1,0.996777
test,23481,1,0.992597
test,23482,1,0.997479
test,23483,1,0.975484
test,23484,1,0.997327
test,23485,1,0.995694
test,23486,1,0.373819
test,23487,1,0.965283
test,23488,1,0.996385
test,23489,1,0.967808
test,23490,1,0.997343
test,23491,1,0.996300
test,23492,1,0.997127
test,23493,1,0.996790
test,23494,1,0.996116
test,23495,1,0.992539
test,23496,1,0.997133
test,23497,1,0.994900
test,23498,1,0.996650
test,23499,1,0.992683
test,23500,1,0.996858
test,23501,1,0.990750
test,23502,1,0.996462
test,23503,1,0.987179
test,23504,1,0.995363
test,23505,1,0.128143
test,23506,1,0.991084
test,23507,1,0.996765
test,23508,1,0.982823
test,23509,1,0.996925
test,23510,1,0.995768
test,23511,1,0.986520
test,23512,1,0.997556
test,23513,1,0.995488
test,23514,1,0.926570
test,23515,1,0.986979
test,23516,1,0.996623
test,23517,1,0.997269
test,23518,1,0.996931
test,23519,1,0.997580
test,23520,1,0.997434
test,23521,1,0.997566
test,23522,1,0.997469
test,23523,1,0.018654
test,23524,1,0.995514
test,23525,1,0.997518
test,23526,1,0.651133
test,23527,1,0.058239
test,23528,1,0.993624
test,23529,1,0.957118
test,23530,1,0.997332
test,23531,1,0.993698
test,23532,1,0.997717
test,23533,1,0.997122
test,23534,1,0.991985
test,23535,1,0.997493
test,23536,1,0.928409
test,23537,1,0.380960
test,23538,1,0.997059
test,23539,1,0.996821
test,23540,1,0.991748
test,23541,1,0.997551
test,23542,1,0.995381
test,23543,1,0.987900
test,23544,1,0.997322
test,23545,1,0.973037
test,23546,1,0.997622
test,23547,1,0.997404
test,23548,1,0.995479
test,23549,1,0.356055
test,23550,1,0.997419
test,23551,1,0.995435
test,23552,1,0.997454
test,23553,1,0.638709
test,23554,1,0.997019
test,23555,1,0.995300
test,23556,1,0.994880
test,23557,1,0.993961
test,23558,1,0.994880
test,23559,1,0.994760
test,23560,1,0.732687
test,23561,1,0.990624
test,23562,1,0.974190
test,23563,1,0.806853
test,23564,1,0.986178
test,23565,1,0.971483
test,23566,1,0.995381
test,23567,1,0.997133
test,23568,1,0.995453
test,23569,1,0.997161
test,23570,1,0.958460
test,23571,1,0.995532
test,23572,1,0.995938
test,23573,1,0.997327
test,23574,1,0.996796
test,23575,1,0.996322
test,23576,1,0.997566
test,23577,1,0.964221
test,23578,1,0.992851
test,23579,1,0.996100
test,23580,1,0.997155
test,23581,1,0.995018
test,23582,1,0.997048
test,23583,1,0.995635
test,23584,1,0.997177
test,23585,1,0.964888
test,23586,1,0.993002
test,23587,1,0.994998
test,23588,1,0.996055
test,23589,1,0.995777
test,23590,1,0.996827
test,23591,1,0.981275
test,23592,1,0.946101
test,23593,1,0.996771
test,23594,1,0.989389
test,23595,1,0.997301
test,23596,1,0.996482
test,23597,1,0.988799
test,23598,1,0.955444
test,23599,1,0.995592
test,23600,1,0.997368
test,23601,1,0.991187
test,23602,1,0.974215
test,23603,1,0.997488
test,23604,1,0.995514
test,23605,1,0.976979
test,23606,1,0.993686
test,23607,1,0.890056
test,23608,1,0.996557
test,23609,1,0.962143
test,23610,1,0.997301
test,23611,1,0.991439
test,23612,1,0.997394
test,23613,1,0.997608
test,23614,1,0.995254
test,23615,1,0.997570
test,23616,1,0.993902
test,23617,1,0.997110
test,23618,1,0.331093
test,23619,1,0.997626
test,23620,1,0.997654
test,23621,1,0.996894
test,23622,1,0.997177
test,23623,1,0.996708
test,23624,1,0.997532
test,23625,1,0.994541
test,23626,1,0.016199
test,23627,1,0.997424
test,23628,1,0.996752
test,23629,1,0.993722
test,23630,1,0.996286
test,23631,1,0.987302
test,23632,1,0.976535
test,23633,1,0.995618
test,23634,1,0.986337
test,23635,1,0.996427
test,23636,1,0.996227
test,23637,1,0.996733
test,23638,1,0.994626
test,23639,1,0.993385
test,23640,1,0.997469
test,23641,1,0.996392
test,23642,1,0.997484
test,23643,1,0.997399
test,23644,1,0.994780
test,23645,1,0.995744
test,23646,1,0.052522
test,23647,1,0.056600
test,23648,1,0.996682
test,23649,1,0.995549
test,23650,1,0.006719
test,23651,1,0.997394
test,23652,1,0.982757
test,23653,1,0.048316
test,23654,1,0.996919
test,23655,1,0.995685
test,23656,1,0.995575
test,23657,1,0.880438
test,23658,1,0.996378
test,23659,1,0.997264
test,23660,1,0.997082
test,23661,1,0.662960
test,23662,1,0.995151
test,23663,1,0.996161
test,23664,1,0.995123
test,23665,1,0.975083
test,23666,1,0.997663
test,23667,1,0.995914
test,23668,1,0.997264
test,23669,1,0.991101
test,23670,1,0.997105
test,23671,1,0.997843
test,23672,1,0.997518
test,23673,1,0.945951
test,23674,1,0.997348
test,23675,1,0.920290
test,23676,1,0.996176
test,23677,1,0.997343
test,23678,1,0.997274
test,23679,1,0.090494
test,23680,1,0.997434
test,23681,1,0.997105
test,23682,1,0.993069
test,23683,1,0.971211
test,23684,1,0.694872
test,23685,1,0.977564
test,23686,1,0.997459
test,23687,1,0.996108
test,23688,1,0.997566
test,23689,1,0.996597
test,23690,1,0.991373
test,23691,1,0.005323
test,23692,1,0.988690
test,23693,1,0.921074
test,23694,1,0.990803
test,23695,1,0.688626
test,23696,1,0.995842
test,23697,1,0.996597
test,23698,1,0.990750
test,23699,1,0.991067
test,23700,1,0.993150
test,23701,1,0.993537
test,23702,1,0.997138
test,23703,1,0.997594
test,23704,1,0.742702
test,23705,1,0.390795
test,23706,1,0.033972
test,23707,1,0.996055
test,23708,1,0.996024
test,23709,1,0.993307
test,23710,1,0.996733
test,23711,1,0.030997
test,23712,1,0.996256
test,23713,1,0.997221
test,23714,1,0.993879
test,23715,1,0.997013
test,23716,1,0.997424
test,23717,1,0.996913
test,23718,1,0.979116
test,23719,1,0.997166
test,23720,1,0.988199
test,23721,1,0.995842
test,23722,1,0.994100
test,23723,1,0.995479
test,23724,1,0.996176
test,23725,1,0.986337
test,23726,1,0.318220
test,23727,1,0.996984
test,23728,1,0.997547
test,23729,1,0.997424
test,23730,1,0.996314
test,23731,1,0.994123
test,23732,1,0.997575
test,23733,1,0.019852
test,23734,1,0.997093
test,23735,1,0.997144
test,23736,1,0.995977
test,23737,1,0.995272
test,23738,1,0.951051
test,23739,1,0.996235
test,23740,1,0.995549
test,23741,1,0.995245
test,23742,1,0.484380
test,23743,1,0.983691
test,23744,1,0.984002
test,23745,1,0.972467
test,23746,1,0.995123
test,23747,1,0.994247
test,23748,1,0.020646
test,23749,1,0.994214
test,23750,1,0.997188
test,23751,1,0.992123
test,23752,1,0.997817
test,23753,1,0.996984
test,23754,1,0.995850
test,23755,1,0.995390
test,23756,1,0.996796
test,23757,1,0.993410
test,23758,1,0.996031
test,23759,1,0.996682
test,23760,1,0.997071
test,23761,1,0.995479
test,23762,1,0.997274
test,23763,1,0.997161
test,23764,1,0.996701
test,23765,1,0.997645
test,23766,1,0.986389
test,23767,1,0.996530
test,23768,1,0.996420
test,23769,1,0.996544
test,23770,1,0.997617
test,23771,1,0.996307
test,23772,1,0.990159
test,23773,1,0.997668
test,23774,1,0.997817
test,23775,1,0.997523
test,23776,1,0.996777
test,23777,1,0.888372
test,23778,1,0.997800
test,23779,1,0.995245
test,23780,1,0.997488
test,23781,1,0.997122
test,23782,1,0.996378
test,23783,1,0.994270
test,23784,1,0.997054
test,23785,1,0.997537
test,23786,1,0.980129
test,23787,1,0.988222
test,23788,1,0.995027
test,23789,1,0.989306
test,23790,1,0.996385
test,23791,1,0.996544
test,23792,1,0.996617
test,23793,1,0.996721
test,23794,1,0.992349
test,23795,1,0.997584
test,23796,1,0.993698
test,23797,1,0.997766
test,23798,1,0.989306
test,23799,1,0.995532
test,23800,1,0.996564
test,23801,1,0.996183
test,23802,1,0.980319
test,23803,1,0.997394
test,23804,1,0.997188
test,23805,1,0.986071
test,23806,1,0.996919
test,23807,1,0.996557
test,23808,1,0.967039
test,23809,1,0.996469
test,23810,1,0.996198
test,23811,1,0.993673
test,23812,1,0.305024
test,23813,1,0.997464
test,23814,1,0.995626
test,23815,1,0.978488
test,23816,1,0.997547
test,23817,1,0.997019
test,23818,1,0.997269
test,23819,1,0.996357
test,23820,1,0.997663
test,23821,1,0.997348
test,23822,1,0.997429
test,23823,1,0.995254
test,23824,1,0.987154
test,23825,1,0.996039
test,23826,1,0.405920
test,23827,1,0.997414
test,23828,1,0.997264
test,23829,1,0.996537
test,23830,1,0.171477
test,23831,1,0.996714
test,23832,1,0.965544
test,23833,1,0.988268
test,23834,1,0.993320
test,23835,1,0.987520
test,23836,1,0.987970
test,23837,1,0.996242
test,23838,1,0.990587
test,23839,1,0.997580
test,23840,1,0.026582
test,23841,1,0.062274
test,23842,1,0.995735
test,23843,1,0.041385
test,23844,1,0.991700
test,23845,1,0.997429
test,23846,1,0.996689
test,23847,1,0.996746
test,23848,1,0.929376
test,23849,1,0.996876
test,23850,1,0.986752
test,23851,1,0.996482
test,23852,1,0.997301
test,23853,1,0.996623
test,23854,1,0.997474
test,23855,1,0.991891
test,23856,1,0.995354
test,23857,1,0.996190
test,23858,1,0.961425
test,23859,1,0.995601
test,23860,1,0.995549
test,23861,1,0.990235
test,23862,1,0.014630
test,23863,1,0.004556
test,23864,1,0.997188
test,23865,1,0.917967
test,23866,1,0.878001
test,23867,1,0.020528
test,23868,1,0.984336
test,23869,1,0.984109
test,23870,1,0.993867
test,23871,1,0.996278
test,23872,1,0.018851
test,23873,1,0.994739
test,23874,1,0.954393
test,23875,1,0.145540
test,23876,1,0.010955
test,23877,1,0.979648
test,23878,1,0.995817
test,23879,1,0.992583
test,23880,1,0.969266
test,23881,1,0.987923
test,23882,1,0.966410
test,23883,1,0.995601
test,23884,1,0.071332
test,23885,1,0.978692
test,23886,1,0.012077
test,23887,1,0.996385
test,23888,1,0.997626
test,23889,1,0.996623
test,23890,1,0.997264
test,23891,1,0.997122
test,23892,1,0.913058
test,23893,1,0.287468
test,23894,1,0.973993
test,23895,1,0.865053
test,23896,1,0.990606
test,23897,1,0.995882
test,23898,1,0.996235
test,23899,1,0.997353
test,23900,1,0.995930
test,23901,1,0.996978
test,23902,1,0.994860
test,23903,1,0.996852
test,23904,1,0.996949
test,23905,1,0.996544
test,23906,1,0.997389
test,23907,1,0.992668
test,23908,1,0.995735
test,23909,1,0.997708
test,23910,1,0.997708
test,23911,1,0.996146
test,23912,1,0.993512
test,23913,1,0.997389
test,23914,1,0.997215
test,23915,1,0.996198
test,23916,1,0.993938
test,23917,1,0.996907
test,23918,1,0.996978
test,23919,1,0.970799
test,23920,1,0.997399
test,23921,1,0.978895
test,23922,1,0.997570
test,23923,1,0.996378
test,23924,1,0.997133
test,23925,1,0.996676
test,23926,1,0.995660
test,23927,1,0.995104
test,23928,1,0.997613
test,23929,1,0.872619
test,23930,1,0.017094
test,23931,1,0.997479
test,23932,1,0.992467
test,23933,1,0.997194
test,23934,1,0.995095
test,23935,1,0.991652
test,23936,1,0.987544
test,23937,1,0.997580
test,23938,1,0.997459
test,23939,1,0.527609
test,23940,1,0.983738
test,23941,1,0.996000
test,23942,1,0.991716
test,23943,1,0.993056
test,23944,1,0.996024
test,23945,1,0.978611
test,23946,1,0.994169
test,23947,1,0.995801
test,23948,1,0.995226
test,23949,1,0.994739
test,23950,1,0.988863
test,23951,1,0.993281
test,23952,1,0.982524
test,23953,1,0.991828
test,23954,1,0.996503
test,23955,1,0.996523
test,23956,1,0.993549
test,23957,1,0.005427
test,23958,1,0.982591
test,23959,1,0.116663
test,23960,1,0.996100
test,23961,1,0.992711
test,23962,1,0.004755
test,23963,1,0.147187
test,23964,1,0.994698
test,23965,1,0.996630
test,23966,1,0.995426
test,23967,1,0.263031
test,23968,1,0.995363
test,23969,1,0.997183
test,23970,1,0.996517
test,23971,1,0.997654
test,23972,1,0.995170
test,23973,1,0.996448
test,23974,1,0.997368
test,23975,1,0.996978
test,23976,1,0.997188
test,23977,1,0.990197
test,23978,1,0.996537
test,23979,1,0.982658
test,23980,1,0.996630
test,23981,1,0.976038
test,23982,1,0.996682
test,23983,1,0.101679
test,23984,1,0.995719
test,23985,1,0.997459
test,23986,1,0.996771
test,23987,1,0.995426
test,23988,1,0.996503
test,23989,1,0.983847
test,23990,1,0.996085
test,23991,1,0.012809
test,23992,1,0.995272
test,23993,1,0.994488
test,23994,1,0.993015
test,23995,1,0.995752
test,23996,1,0.990404
test,23997,1,0.984078
test,23998,1,0.997122
test,23999,1,0.996434
test,24000,1,0.992408
test,24001,1,0.005292
test,24002,1,0.115361
test,24003,1,0.010818
test,24004,1,0.989409
test,24005,1,0.994940
test,24006,1,0.996740
test,24007,1,0.981736
test,24008,1,0.993436
test,24009,1,0.995142
test,24010,1,0.994203
test,24011,1,0.991389
test,24012,1,0.995497
test,24013,1,0.996984
test,24014,1,0.996954
test,24015,1,0.983004
test,24016,1,0.995882
test,24017,1,0.013532
test,24018,1,0.993372
test,24019,1,0.855006
test,24020,1,0.997082
test,24021,1,0.991322
test,24022,1,0.986803
test,24023,1,0.997110
test,24024,1,0.992961
test,24025,1,0.979977
test,24026,1,0.995408
test,24027,1,0.996852
test,24028,1,0.989870
test,24029,1,0.997194
test,24030,1,0.177098
test,24031,1,0.989327
test,24032,1,0.609553
test,24033,1,0.994708
test,24034,1,0.995085
test,24035,1,0.085099
test,24036,1,0.987080
test,24037,1,0.991571
test,24038,1,0.995922
test,24039,1,0.996996
test,24040,1,0.063193
test,24041,1,0.997640
test,24042,1,0.996882
test,24043,1,0.997484
test,24044,1,0.995027
test,24045,1,0.997580
test,24046,1,0.995076
test,24047,1,0.996399
test,24048,1,0.990874
test,24049,1,0.993783
test,24050,1,0.995752
test,24051,1,0.995583
test,24052,1,0.992988
test,24053,1,0.996557
test,24054,1,0.995583
test,24055,1,0.988199
test,24056,1,0.996364
test,24057,1,0.986904
test,24058,1,0.994281
test,24059,1,0.929951
test,24060,1,0.996420
test,24061,1,0.996100
test,24062,1,0.019106
test,24063,1,0.997007
test,24064,1,0.994303
test,24065,1,0.964822
test,24066,1,0.309337
test,24067,1,0.996314
test,24068,1,0.773388
test,24069,1,0.029063
test,24070,1,0.996462
test,24071,1,0.987375
test,24072,1,0.997731
test,24073,1,0.994930
test,24074,1,0.997838
test,24075,1,0.997792
test,24076,1,0.996827
test,24077,1,0.996796
test,24078,1,0.996827
test,24079,1,0.995497
test,24080,1,0.105671
test,24081,1,0.997464
test,24082,1,0.989672
test,24083,1,0.914901
test,24084,1,0.997379
test,24085,1,0.983971
test,24086,1,0.995272
test,24087,1,0.491627
test,24088,1,0.060696
test,24089,1,0.996870
test,24090,1,0.988447
test,24091,1,0.997584
test,24092,1,0.950549
test,24093,1,0.997757
test,24094,1,0.997713
test,24095,1,0.996663
test,24096,1,0.986700
test,24097,1,0.997105
test,24098,1,0.996996
test,24099,1,0.958382
test,24100,1,0.997007
test,24101,1,0.997188
test,24102,1,0.976288
test,24103,1,0.994358
test,24104,1,0.995318
test,24105,1,0.997183
test,24106,1,0.992229
test,24107,1,0.605741
test,24108,1,0.996978
test,24109,1,0.973241
test,24110,1,0.986828
test,24111,1,0.968381
test,24112,1,0.994043
test,24113,1,0.997071
test,24114,1,0.995583
test,24115,1,0.997232
test,24116,1,0.992739
test,24117,1,0.988906
test,24118,1,0.987664
test,24119,1,0.997133
test,24120,1,0.988668
test,24121,1,0.991067
test,24122,1,0.997166
test,24123,1,0.996650
test,24124,1,0.993524
test,24125,1,0.997429
test,24126,1,0.985524
test,24127,1,0.006426
test,24128,1,0.997704
test,24129,1,0.940844
test,24130,1,0.005544
test,24131,1,0.996343
test,24132,1,0.997622
test,24133,1,0.990083
test,24134,1,0.997337
test,24135,1,0.997424
test,24136,1,0.996617
test,24137,1,0.986258
test,24138,1,0.993042
test,24139,1,0.996116
test,24140,1,0.993879
test,24141,1,0.994563
test,24142,1,0.996689
test,24143,1,0.997155
test,24144,1,0.994499
test,24145,1,0.994605
test,24146,1,0.997258
test,24147,1,0.995523
test,24148,1,0.996161
test,24149,1,0.995914
test,24150,1,0.995618
test,24151,1,0.750553
test,24152,1,0.994270
test,24153,1,0.996870
test,24154,1,0.996314
test,24155,1,0.996093
test,24156,1,0.996093
test,24157,1,0.996650
test,24158,1,0.994820
test,24159,1,0.958148
test,24160,1,0.995609
test,24161,1,0.993891
test,24162,1,0.994840
test,24163,1,0.993771
test,24164,1,0.997188
test,24165,1,0.997322
test,24166,1,0.997210
test,24167,1,0.996584
test,24168,1,0.997690
test,24169,1,0.997796
test,24170,1,0.996650
test,24171,1,0.997493
test,24172,1,0.995095
test,24173,1,0.993961
test,24174,1,0.979096
test,24175,1,0.996669
test,24176,1,0.997739
test,24177,1,0.997739
test,24178,1,0.997127
test,24179,1,0.987946
test,24180,1,0.997826
test,24181,1,0.996852
test,24182,1,0.997065
test,24183,1,0.993831
test,24184,1,0.997613
test,24185,1,0.996790
test,24186,1,0.988690
test,24187,1,0.988358
test,24188,1,0.994800
test,24189,1,0.994520
test,24190,1,0.994626
test,24191,1,0.997116
test,24192,1,0.990910
test,24193,1,0.994760
test,24194,1,0.995514
test,24195,1,0.463725
test,24196,1,0.995694
test,24197,1,0.997105
test,24198,1,0.996590
test,24199,1,0.992077
test,24200,1,0.997409
test,24201,1,0.996469
test,24202,1,0.996623
test,24203,1,0.997654
test,24204,1,0.997013
test,24205,1,0.997183
test,24206,1,0.997306
test,24207,1,0.061593
test,24208,1,0.970660
test,24209,1,0.992725
test,24210,1,0.996584
test,24211,1,0.825941
test,24212,1,0.994477
test,24213,1,0.993216
test,24214,1,0.996371
test,24215,1,0.996146
test,24216,1,0.990292
test,24217,1,0.996954
test,24218,1,0.995601
test,24219,1,0.994552
test,24220,1,0.994467
test,24221,1,0.992364
test,24222,1,0.995076
test,24223,1,0.996322
test,24224,1,0.985086
test,24225,1,0.994739
test,24226,1,0.997556
test,24227,1,0.994445
test,24228,1,0.995874
test,24229,1,0.969871
test,24230,1,0.997735
test,24231,1,0.536070
test,24232,1,0.014928
test,24233,1,0.997127
test,24234,1,0.996919
test,24235,1,0.996242
test,24236,1,0.995226
test,24237,1,0.994225
test,24238,1,0.981630
test,24239,1,0.997498
test,24240,1,0.955651
test,24241,1,0.996610
test,24242,1,0.996496
test,24243,1,0.997626
test,24244,1,0.997105
test,24245,1,0.996815
test,24246,1,0.996656
test,24247,1,0.972985
test,24248,1,0.972985
test,24249,1,0.997498
test,24250,1,0.994402
test,24251,1,0.997409
test,24252,1,0.989409
test,24253,1,0.985909
test,24254,1,0.977522
test,24255,1,0.991828
test,24256,1,0.045310
test,24257,1,0.997570
test,24258,1,0.997800
test,24259,1,0.997622
test,24260,1,0.997672
test,24261,1,0.996100
test,24262,1,0.991716
test,24263,1,0.997622
test,24264,1,0.997166
test,24265,1,0.997088
test,24266,1,0.997389
test,24267,1,0.202286
test,24268,1,0.990803
test,24269,1,0.997608
test,24270,1,0.997654
test,24271,1,0.997708
test,24272,1,0.997566
test,24273,1,0.997082
test,24274,1,0.995417
test,24275,1,0.983343
test,24276,1,0.982987
test,24277,1,0.997204
test,24278,1,0.997394
test,24279,1,0.997566
test,24280,1,0.996413
test,24281,1,0.997161
test,24282,1,0.997301
test,24283,1,0.997150
test,24284,1,0.997389
test,24285,1,0.996577
test,24286,1,0.997561
test,24287,1,0.997822
test,24288,1,0.997800
test,24289,1,0.996220
test,24290,1,0.997161
test,24291,1,0.996031
test,24292,1,0.997454
test,24293,1,0.988949
test,24294,1,0.993587
test,24295,1,0.996420
test,24296,1,0.997484
test,24297,1,0.987080
test,24298,1,0.992379
test,24299,1,0.996765
test,24300,1,0.995993
test,24301,1,0.997474
test,24302,1,0.997093
test,24303,1,0.997575
test,24304,1,0.994667
test,24305,1,0.996183
test,24306,1,0.991748
test,24307,1,0.997317
test,24308,1,0.995874
test,24309,1,0.995801
test,24310,1,0.997253
test,24311,1,0.985746
test,24312,1,0.026734
test,24313,1,0.994531
test,24314,1,0.992668
test,24315,1,0.996771
test,24316,1,0.988403
test,24317,1,0.006364
test,24318,1,0.994391
test,24319,1,0.992169
test,24320,1,0.994840
test,24321,1,0.995752
test,24322,1,0.995189
test,24323,1,0.286843
test,24324,1,0.989731
test,24325,1,0.992496
test,24326,1,0.996434
test,24327,1,0.995354
test,24328,1,0.994477
test,24329,1,0.986700
test,24330,1,0.997269
test,24331,1,0.996242
test,24332,1,0.997082
test,24333,1,0.995777
test,24334,1,0.996714
test,24335,1,0.997232
test,24336,1,0.995592
test,24337,1,0.997575
test,24338,1,0.997253
test,24339,1,0.995834
test,24340,1,0.993867
test,24341,1,0.997161
test,24342,1,0.975414
test,24343,1,0.033400
test,24344,1,0.997459
test,24345,1,0.997285
test,24346,1,0.997210
test,24347,1,0.997449
test,24348,1,0.901401
test,24349,1,0.967101
test,24350,1,0.995399
test,24351,1,0.772959
test,24352,1,0.997518
test,24353,1,0.996925
test,24354,1,0.997210
test,24355,1,0.997699
test,24356,1,0.997713
test,24357,1,0.997739
test,24358,1,0.996784
test,24359,1,0.997409
test,24360,1,0.997082
test,24361,1,0.996984
test,24362,1,0.997449
test,24363,1,0.997301
test,24364,1,0.997007
test,24365,1,0.997518
test,24366,1,0.997663
test,24367,1,0.992683
test,24368,1,0.997713
test,24369,1,0.996960
test,24370,1,0.996809
test,24371,1,0.992274
test,24372,1,0.995850
test,24373,1,0.997030
test,24374,1,0.025908
test,24375,1,0.997444
test,24376,1,0.997599
test,24377,1,0.997479
test,24378,1,0.996517
test,24379,1,0.997110
test,24380,1,0.996943
test,24381,1,0.997594
test,24382,1,0.991389
test,24383,1,0.008252
test,24384,1,0.992093
test,24385,1,0.997088
test,24386,1,0.996496
test,24387,1,0.996070
test,24388,1,0.996503
test,24389,1,0.996943
test,24390,1,0.997082
test,24391,1,0.997071
test,24392,1,0.996740
test,24393,1,0.997059
test,24394,1,0.984826
test,24395,1,0.995066
test,24396,1,0.995170
test,24397,1,0.964288
test,24398,1,0.992554
test,24399,1,0.018654
test,24400,1,0.988492
test,24401,1,0.996765
test,24402,1,0.940243
test,24403,1,0.994247
test,24404,1,0.995583
test,24405,1,0.987640
test,24406,1,0.985677
test,24407,1,0.997636
test,24408,1,0.985909
test,24409,1,0.997264
test,24410,1,0.995180
test,24411,1,0.996876
test,24412,1,0.996489
test,24413,1,0.947527
test,24414,1,0.995969
test,24415,1,0.054199
test,24416,1,0.997030
test,24417,1,0.996978
test,24418,1,0.996617
test,24419,1,0.203787
test,24420,1,0.987711
test,24421,1,0.996123
test,24422,1,0.997155
test,24423,1,0.992947
test,24424,1,0.995226
test,24425,1,0.996286
test,24426,1,0.995993
test,24427,1,0.997686
test,24428,1,0.995652
test,24429,1,0.993759
test,24430,1,0.991289
test,24431,1,0.987326
test,24432,1,0.114914
test,24433,1,0.995470
test,24434,1,0.993698
test,24435,1,0.995272
test,24436,1,0.008899
test,24437,1,0.997636
test,24438,1,0.006998
test,24439,1,0.961534
test,24440,1,0.911180
test,24441,1,0.996205
test,24442,1,0.964589
test,24443,1,0.987228
test,24444,1,0.579043
test,24445,1,0.918040
test,24446,1,0.995882
test,24447,1,0.993686
test,24448,1,0.995151
test,24449,1,0.993487
test,24450,1,0.976265
test,24451,1,0.025541
test,24452,1,0.996008
test,24453,1,0.996870
test,24454,1,0.995399
test,24455,1,0.997306
test,24456,1,0.848282
test,24457,1,0.996016
test,24458,1,0.997654
test,24459,1,0.339609
test,24460,1,0.752195
test,24461,1,0.932821
test,24462,1,0.989612
test,24463,1,0.050941
test,24464,1,0.004046
test,24465,1,0.992423
test,24466,1,0.026230
test,24467,1,0.689358
test,24468,1,0.977110
test,24469,1,0.953966
test,24470,1,0.992865
test,24471,1,0.996597
test,24472,1,0.983085
test,24473,1,0.995866
test,24474,1,0.997394
test,24475,1,0.662524
test,24476,1,0.996183
test,24477,1,0.990459
test,24478,1,0.877896
test,24479,1,0.994636
test,24480,1,0.997498
test,24481,1,0.993661
test,24482,1,0.997348
test,24483,1,0.994203
test,24484,1,0.994760
test,24485,1,0.115511
test,24486,1,0.996530
test,24487,1,0.996937
test,24488,1,0.997358
test,24489,1,0.996406
test,24490,1,0.951594
test,24491,1,0.444625
test,24492,1,0.996682
test,24493,1,0.980487
test,24494,1,0.995479
test,24495,1,0.983629
test,24496,1,0.011266
test,24497,1,0.997221
test,24498,1,0.997296
test,24499,1,0.759582
test,24500,1,0.996802
test,24501,1,0.996870
test,24502,1,0.996990
test,24503,1,0.991472
test,24504,1,0.028598
test,24505,1,0.021492
test,24506,1,0.996378
test,24507,1,0.995381
test,24508,1,0.996984
test,24509,1,0.994770
test,24510,1,0.949949
test,24511,1,0.997474
test,24512,1,0.994708
test,24513,1,0.997232
test,24514,1,0.997099
test,24515,1,0.997399
test,24516,1,0.997337
test,24517,1,0.997493
test,24518,1,0.997059
test,24519,1,0.996721
test,24520,1,0.996476
test,24521,1,0.165661
test,24522,1,0.995114
test,24523,1,0.996427
test,24524,1,0.074164
test,24525,1,0.971211
test,24526,1,0.994402
test,24527,1,0.995426
test,24528,1,0.997110
test,24529,1,0.994413
test,24530,1,0.997589
test,24531,1,0.994800
test,24532,1,0.726668
test,24533,1,0.995363
test,24534,1,0.997054
test,24535,1,0.976106
test,24536,1,0.973215
test,24537,1,0.007651
test,24538,1,0.981771
test,24539,1,0.994402
test,24540,1,0.992753
test,24541,1,0.997099
test,24542,1,0.596257
test,24543,1,0.996329
test,24544,1,0.997731
test,24545,1,0.997301
test,24546,1,0.994214
test,24547,1,0.952574
test,24548,1,0.996024
test,24549,1,0.990750
test,24550,1,0.993123
test,24551,1,0.994499
test,24552,1,0.991472
test,24553,1,0.003511
test,24554,1,0.994413
test,24555,1,0.929440
test,24556,1,0.993216
test,24557,1,0.988992
test,24558,1,0.996564
test,24559,1,0.992510
test,24560,1,0.995426
test,24561,1,0.996434
test,24562,1,0.995906
test,24563,1,0.992934
test,24564,1,0.997479
test,24565,1,0.997099
test,24566,1,0.997221
test,24567,1,0.997110
test,24568,1,0.324610
test,24569,1,0.996131
test,24570,1,0.996523
test,24571,1,0.993397
test,24572,1,0.986929
test,24573,1,0.995817
test,24574,1,0.997138
test,24575,1,0.996286
test,24576,1,0.991067
test,24577,1,0.996385
test,24578,1,0.981910
test,24579,1,0.015160
test,24580,1,0.983214
test,24581,1,0.947381
test,24582,1,0.996637
test,24583,1,0.996570
test,24584,1,0.996242
test,24585,1,0.997617
test,24586,1,0.997640
test,24587,1,0.996623
test,24588,1,0.997626
test,24589,1,0.997065
test,24590,1,0.996469
test,24591,1,0.997030
test,24592,1,0.996746
test,24593,1,0.976802
test,24594,1,0.987923
test,24595,1,0.997368
test,24596,1,0.987993
test,24597,1,0.996455
test,24598,1,0.979255
test,24599,1,0.995018
test,24600,1,0.997296
test,24601,1,0.995488
test,24602,1,0.997373
test,24603,1,0.990178
test,24604,1,0.996420
test,24605,1,0.961750
test,24606,1,0.989491
test,24607,1,0.997059
test,24608,1,0.997744
test,24609,1,0.997603
test,24610,1,0.996676
test,24611,1,0.997654
test,24612,1,0.994940
test,24613,1,0.996966
test,24614,1,0.997030
test,24615,1,0.997659
test,24616,1,0.997409
test,24617,1,0.995592
test,24618,1,0.997394
test,24619,1,0.996116
test,24620,1,0.990839
test,24621,1,0.669691
test,24622,1,0.997532
test,24623,1,0.995882
test,24624,1,0.993961
test,24625,1,0.997166
test,24626,1,0.997394
test,24627,1,0.983971
test,24628,1,0.997659
test,24629,1,0.010428
test,24630,1,0.997399
test,24631,1,0.972415
test,24632,1,0.997274
test,24633,1,0.952397
test,24634,1,0.994840
test,24635,1,0.996746
test,24636,1,0.996047
test,24637,1,0.997296
test,24638,1,0.995985
test,24639,1,0.990678
test,24640,1,0.997547
test,24641,1,0.886568
test,24642,1,0.997337
test,24643,1,0.997603
test,24644,1,0.996746
test,24645,1,0.997474
test,24646,1,0.997645
test,24647,1,0.997537
test,24648,1,0.996949
test,24649,1,0.997394
test,24650,1,0.995272
test,24651,1,0.997301
test,24652,1,0.996336
test,24653,1,0.995488
test,24654,1,0.991828
test,24655,1,0.988245
test,24656,1,0.991828
test,24657,1,0.938576
test,24658,1,0.980167
test,24659,1,0.006719
test,24660,1,0.997332
test,24661,1,0.991891
test,24662,1,0.997274
test,24663,1,0.934155
test,24664,1,0.996960
test,24665,1,0.997048
test,24666,1,0.994850
test,24667,1,0.995977
test,24668,1,0.992379
test,24669,1,0.996701
test,24670,1,0.991118
test,24671,1,0.996972
test,24672,1,0.996943
test,24673,1,0.996870
test,24674,1,0.997150
test,24675,1,0.997469
test,24676,1,0.991844
test,24677,1,0.997215
test,24678,1,0.997363
test,24679,1,0.996925
test,24680,1,0.996966
test,24681,1,0.996213
test,24682,1,0.988514
test,24683,1,0.996919
test,24684,1,0.997735
test,24685,1,0.994066
test,24686,1,0.997419
test,24687,1,0.994636
test,24688,1,0.287668
test,24689,1,0.996882
test,24690,1,0.996870
test,24691,1,0.992554
test,24692,1,0.997353
test,24693,1,0.995969
test,24694,1,0.571647
test,24695,1,0.995834
test,24696,1,0.996721
test,24697,1,0.990874
test,24698,1,0.988085
test,24699,1,0.996623
test,24700,1,0.995744
test,24701,1,0.997681
test,24702,1,0.997686
test,24703,1,0.997424
test,24704,1,0.997237
test,24705,1,0.940408
test,24706,1,0.172102
test,24707,1,0.161519
test,24708,1,0.023198
test,24709,1,0.887107
test,24710,1,0.997317
test,24711,1,0.995817
test,24712,1,0.992408
test,24713,1,0.974386
test,24714,1,0.997488
test,24715,1,0.996790
test,24716,1,0.996123
test,24717,1,0.995114
test,24718,1,0.997645
test,24719,1,0.997122
test,24720,1,0.862468
test,24721,1,0.040655
test,24722,1,0.995540
test,24723,1,0.931025
test,24724,1,0.987993
test,24725,1,0.122733
test,24726,1,0.997353
test,24727,1,0.018264
test,24728,1,0.996990
test,24729,1,0.995842
test,24730,1,0.995669
test,24731,1,0.995752
test,24732,1,0.771413
test,24733,1,0.993950
test,24734,1,0.997248
test,24735,1,0.992437
test,24736,1,0.983182
test,24737,1,0.240909
test,24738,1,0.977968
test,24739,1,0.996643
test,24740,1,0.886715
test,24741,1,0.987782
test,24742,1,0.908049
test,24743,1,0.996721
test,24744,1,0.997166
test,24745,1,0.996564
test,24746,1,0.996070
test,24747,1,0.992481
test,24748,1,0.958654
test,24749,1,0.995882
test,24750,1,0.985718
test,24751,1,0.669475
test,24752,1,0.996448
test,24753,1,0.996271
test,24754,1,0.993698
test,24755,1,0.995977
test,24756,1,0.248443
test,24757,1,0.995752
test,24758,1,0.996062
test,24759,1,0.997547
test,24760,1,0.996870
test,24761,1,0.996517
test,24762,1,0.991067
test,24763,1,0.996441
test,24764,1,0.995417
test,24765,1,0.993735
test,24766,1,0.968709
test,24767,1,0.927888
test,24768,1,0.975107
test,24769,1,0.009431
test,24770,1,0.991439
test,24771,1,0.995161
test,24772,1,0.996846
test,24773,1,0.993268
test,24774,1,0.950041
test,24775,1,0.753557
test,24776,1,0.989632
test,24777,1,0.960137
test,24778,1,0.997429
test,24779,1,0.997444
test,24780,1,0.990892
test,24781,1,0.992934
test,24782,1,0.984396
test,24783,1,0.989286
test,24784,1,0.123049
test,24785,1,0.905573
test,24786,1,0.967225
test,24787,1,0.991032
test,24788,1,0.996746
test,24789,1,0.991373
test,24790,1,0.978855
test,24791,1,0.986125
test,24792,1,0.996907
test,24793,1,0.996840
test,24794,1,0.996876
test,24795,1,0.996131
test,24796,1,0.997439
test,24797,1,0.996790
test,24798,1,0.996537
test,24799,1,0.997007
test,24800,1,0.997551
test,24801,1,0.996637
test,24802,1,0.997404
test,24803,1,0.988863
test,24804,1,0.997384
test,24805,1,0.996489
test,24806,1,0.992304
test,24807,1,0.990910
test,24808,1,0.996537
test,24809,1,0.991620
test,24810,1,0.954900
test,24811,1,0.844985
test,24812,1,0.995381
test,24813,1,0.882225
test,24814,1,0.993189
test,24815,1,0.994890
test,24816,1,0.990714
test,24817,1,0.149159
test,24818,1,0.821259
test,24819,1,0.615319
test,24820,1,0.982557
test,24821,1,0.995327
test,24822,1,0.993397
test,24823,1,0.917229
test,24824,1,0.967808
test,24825,1,0.003758
test,24826,1,0.971779
test,24827,1,0.947284
test,24828,1,0.996278
test,24829,1,0.996907
test,24830,1,0.997654
test,24831,1,0.989244
test,24832,1,0.996960
test,24833,1,0.993385
test,24834,1,0.997285
test,24835,1,0.987544
test,24836,1,0.885829
test,24837,1,0.997513
test,24838,1,0.983707
test,24839,1,0.985328
test,24840,1,0.997636
test,24841,1,0.993474
test,24842,1,0.996138
test,24843,1,0.994292
test,24844,1,0.994281
test,24845,1,0.917006
test,24846,1,0.915280
test,24847,1,0.019382
test,24848,1,0.022117
test,24849,1,0.164114
test,24850,1,0.901575
test,24851,1,0.030618
test,24852,1,0.995505
test,24853,1,0.996827
test,24854,1,0.996510
test,24855,1,0.996399
test,24856,1,0.975969
test,24857,1,0.018352
test,24858,1,0.984723
test,24859,1,0.994358
test,24860,1,0.995254
test,24861,1,0.015073
test,24862,1,0.619443
test,24863,1,0.176530
test,24864,1,0.962108
test,24865,1,0.970576
test,24866,1,0.995558
test,24867,1,0.952442
test,24868,1,0.968081
test,24869,1,0.995801
test,24870,1,0.995566
test,24871,1,0.932145
test,24872,1,0.980729
test,24873,1,0.993069
test,24874,1,0.980394
test,24875,1,0.984575
test,24876,1,0.997686
test,24877,1,0.996564
test,24878,1,0.996078
test,24879,1,0.997337
test,24880,1,0.997065
test,24881,1,0.993537
test,24882,1,0.997761
test,24883,1,0.989368
test,24884,1,0.996809
test,24885,1,0.997454
test,24886,1,0.995408
test,24887,1,0.997348
test,24888,1,0.996123
test,24889,1,0.997800
test,24890,1,0.997843
test,24891,1,0.997030
test,24892,1,0.997731
test,24893,1,0.997532
test,24894,1,0.996008
test,24895,1,0.980618
test,24896,1,0.964221
test,24897,1,0.992139
test,24898,1,0.996802
test,24899,1,0.995047
test,24900,1,0.982474
test,24901,1,0.997042
test,24902,1,0.997161
test,24903,1,0.997127
test,24904,1,0.993015
test,24905,1,0.973241
test,24906,1,0.986828
test,24907,1,0.968381
test,24908,1,0.994043
test,24909,1,0.997071
test,24910,1,0.995583
test,24911,1,0.997232
test,24912,1,0.992739
test,24913,1,0.988906
test,24914,1,0.987664
test,24915,1,0.985440
test,24916,1,0.995142
test,24917,1,0.017276
test,24918,1,0.995752
test,24919,1,0.995142
test,24920,1,0.872890
test,24921,1,0.996864
test,24922,1,0.997166
test,24923,1,0.997542
test,24924,1,0.997479
test,24925,1,0.994358
test,24926,1,0.996530
test,24927,1,0.996220
test,24928,1,0.984246
test,24929,1,0.996364
test,24930,1,0.996544
test,24931,1,0.993056
test,24932,1,0.996821
test,24933,1,0.996503
test,24934,1,0.997761
test,24935,1,0.996510
test,24936,1,0.995226
test,24937,1,0.996329
test,24938,1,0.024540
test,24939,1,0.996623
test,24940,1,0.995170
test,24941,1,0.974917
test,24942,1,0.364806
test,24943,1,0.997752
test,24944,1,0.996650
test,24945,1,0.930142
test,24946,1,0.996448
test,24947,1,0.996809
test,24948,1,0.997603
test,24949,1,0.997575
test,24950,1,0.997527
test,24951,1,0.996604
test,24952,1,0.519796
test,24953,1,0.997739
test,24954,1,0.996476
test,24955,1,0.996809
test,24956,1,0.997258
test,24957,1,0.968081
test,24958,1,0.995372
test,24959,1,0.996183
test,24960,1,0.996972
test,24961,1,0.129623
test,24962,1,0.129623
test,24963,1,0.995985
test,24964,1,0.997654
test,24965,1,0.994157
test,24966,1,0.997188
test,24967,1,0.994800
test,24968,1,0.992988
test,24969,1,0.996695
test,24970,1,0.995652
test,24971,1,0.912826
test,24972,1,0.997551
test,24973,1,0.898855
test,24974,1,0.996070
test,24975,1,0.996584
test,24976,1,0.997537
test,24977,1,0.994949
test,24978,1,0.997232
test,24979,1,0.997144
test,24980,1,0.997708
test,24981,1,0.965544
test,24982,1,0.992879
test,24983,1,0.982987
test,24984,1,0.995890
test,24985,1,0.907885
test,24986,1,0.992640
test,24987,1,0.996131
test,24988,1,0.990441
test,24989,1,0.992000
test,24990,1,0.996972
test,24991,1,0.803482
test,24992,1,0.994270
test,24993,1,0.862930
test,24994,1,0.997150
test,24995,1,0.994979
test,24996,1,0.931774
test,24997,1,0.993281
test,24998,1,0.518379
test,24999,1,0.990857
challenge,0,0,0.004265
challenge,1,0,0.058885
challenge,2,0,0.004408
challenge,3,0,0.017815
challenge,4,0,0.036322
challenge,5,0,0.006121
challenge,6,0,0.011710
challenge,7,0,0.006615
challenge,8,0,0.005060
challenge,9,0,0.752604
challenge,10,1,0.480113
challenge,11,1,0.933794
challenge,12,1,0.984321
challenge,13,1,0.030909
challenge,14,1,0.738386
challenge,15,1,0.797439
challenge,16,1,0.990064
challenge,17,1,0.878991
challenge,18,1,0.971047
challenge,19,1,0.122209
challenge,20,1,0.995801
challenge,21,1,0.991153
challenge,22,1,0.989306
challenge,23,1,0.994077
challenge,24,1,0.994020
challenge,25,0,0.004792
challenge,26,0,0.049176
challenge,27,0,0.013223
challenge,28,0,0.012723
challenge,29,0,0.042444
challenge,30,0,0.133246
challenge,31,0,0.679179
challenge,32,0,0.946250
challenge,33,0,0.996249
challenge,34,0,0.910267
challenge,35,0,0.130562
challenge,36,0,0.985314
challenge,37,0,0.030243
challenge,38,1,0.005261
challenge,39,1,0.009541
challenge,40,1,0.870322
challenge,41,1,0.956553
challenge,42,1,0.967960
challenge,43,1,0.930899
challenge,44,1,0.117673
challenge,45,0,0.224395
challenge,46,0,0.119100
challenge,47,0,0.309389
challenge,48,0,0.122891
challenge,49,0,0.053305
