split,idx,y_true,p_pos
test,0,0,0.143144
test,1,0,0.297067
test,2,0,0.239771
test,3,0,0.183139
test,4,0,0.813926
test,5,0,0.149520
test,6,0,0.291302
test,7,0,0.142708
test,8,0,0.080303
test,9,0,0.008501
test,10,0,0.030760
test,11,0,0.371605
test,12,0,0.068740
test,13,0,0.079867
test,14,0,0.171004
test,15,0,0.229942
test,16,0,0.223443
test,17,0,0.334381
test,18,0,0.647831
test,19,0,0.297638
test,20,0,0.280340
test,21,0,0.183399
test,22,0,0.528058
test,23,0,0.075364
test,24,0,0.208354
test,25,0,0.334421
test,26,0,0.260556
test,27,0,0.291163
test,28,0,0.460792
test,29,0,0.410595
test,30,0,0.180368
test,31,0,0.025315
test,32,0,0.587162
test,33,0,0.244582
test,34,0,0.377638
test,35,0,0.066383
test,36,0,0.400396
test,37,0,0.471060
test,38,0,0.388278
test,39,0,0.348971
test,40,0,0.082856
test,41,0,0.463440
test,42,0,0.245397
test,43,0,0.063809
test,44,0,0.139815
test,45,0,0.107360
test,46,0,0.567124
test,47,0,0.398613
test,48,0,0.195920
test,49,0,0.084366
test,50,0,0.109726
test,51,0,0.428319
test,52,0,0.205029
test,53,0,0.256014
test,54,0,0.178816
test,55,0,0.243300
test,56,0,0.288468
test,57,0,0.109223
test,58,0,0.263315
test,59,0,0.325492
test,60,0,0.115853
test,61,0,0.620200
test,62,0,0.266188
test,63,0,0.498777
test,64,0,0.015172
test,65,0,0.035960
test,66,0,0.347429
test,67,0,0.159102
test,68,0,0.158689
test,69,0,0.060189
test,70,0,0.068996
test,71,0,0.228393
test,72,0,0.204952
test,73,0,0.356441
test,74,0,0.273255
test,75,0,0.536651
test,76,0,0.316187
test,77,0,0.230146
test,78,0,0.331708
test,79,0,0.649994
test,80,0,0.350025
test,81,0,0.226329
test,82,0,0.047830
test,83,0,0.076475
test,84,0,0.163020
test,85,0,0.302418
test,86,0,0.218769
test,87,0,0.327575
test,88,0,0.202112
test,89,0,0.070485
test,90,0,0.027312
test,91,0,0.087274
test,92,0,0.713759
test,93,0,0.023628
test,94,0,0.079120
test,95,0,0.394729
test,96,0,0.151761
test,97,0,0.442452
test,98,0,0.711323
test,99,0,0.470027
test,100,0,0.355749
test,101,0,0.661253
test,102,0,0.069512
test,103,0,0.402574
test,104,0,0.328974
test,105,0,0.257852
test,106,0,0.046611
test,107,0,0.324014
test,108,0,0.022181
test,109,0,0.114488
test,110,0,0.613668
test,111,0,0.167894
test,112,0,0.130657
test,113,0,0.376200
test,114,0,0.502430
test,115,0,0.323467
test,116,0,0.598550
test,117,0,0.135825
test,118,0,0.557074
test,119,0,0.457248
test,120,0,0.106256
test,121,0,0.531840
test,122,0,0.591153
test,123,0,0.182492
test,124,0,0.653601
test,125,0,0.159490
test,126,0,0.227908
test,127,0,0.202320
test,128,0,0.256220
test,129,0,0.155906
test,130,0,0.078271
test,131,0,0.021636
test,132,0,0.425078
test,133,0,0.337811
test,134,0,0.253938
test,135,0,0.057441
test,136,0,0.375549
test,137,0,0.105544
test,138,0,0.295047
test,139,0,0.058419
test,140,0,0.411448
test,141,0,0.270914
test,142,0,0.095003
test,143,0,0.838607
test,144,0,0.132763
test,145,0,0.025281
test,146,0,0.076401
test,147,0,0.722110
test,148,0,0.171538
test,149,0,0.250674
test,150,0,0.310118
test,151,0,0.115990
test,152,0,0.075037
test,153,0,0.568013
test,154,0,0.245959
test,155,0,0.333519
test,156,0,0.147431
test,157,0,0.353848
test,158,0,0.453711
test,159,0,0.219824
test,160,0,0.163929
test,161,0,0.058054
test,162,0,0.051524
test,163,0,0.110007
test,164,0,0.070659
test,165,0,0.196590
test,166,0,0.051797
test,167,0,0.076276
test,168,0,0.105757
test,169,0,0.128575
test,170,0,0.314150
test,171,0,0.128166
test,172,0,0.088350
test,173,0,0.148242
test,174,0,0.019918
test,175,0,0.236305
test,176,0,0.076397
test,177,0,0.121302
test,178,0,0.176232
test,179,0,0.032282
test,180,0,0.501581
test,181,0,0.275568
test,182,0,0.121098
test,183,0,0.354449
test,184,0,0.730589
test,185,0,0.323588
test,186,0,0.296722
test,187,0,0.238359
test,188,0,0.532139
test,189,0,0.205681
test,190,0,0.321995
test,191,0,0.162204
test,192,0,0.464799
test,193,0,0.494819
test,194,0,0.627271
test,195,0,0.283663
test,196,0,0.138187
test,197,0,0.077007
test,198,0,0.148861
test,199,0,0.228211
test,200,0,0.346116
test,201,0,0.507752
test,202,0,0.540536
test,203,0,0.256443
test,204,0,0.240019
test,205,0,0.047893
test,206,0,0.157491
test,207,0,0.193532
test,208,0,0.412893
test,209,0,0.087010
test,210,0,0.173672
test,211,0,0.318464
test,212,0,0.528488
test,213,0,0.575797
test,214,0,0.159506
test,215,0,0.045535
test,216,0,0.395435
test,217,0,0.459431
test,218,0,0.194716
test,219,0,0.091992
test,220,0,0.267523
test,221,0,0.154066
test,222,0,0.308290
test,223,0,0.306258
test,224,0,0.058178
test,225,0,0.095922
test,226,0,0.360906
test,227,0,0.386832
test,228,0,0.070017
test,229,0,0.198215
test,230,0,0.606646
test,231,0,0.614447
test,232,0,0.093687
test,233,0,0.229263
test,234,0,0.123508
test,235,0,0.590764
test,236,0,0.416226
test,237,0,0.161588
test,238,0,0.010789
test,239,0,0.080602
test,240,0,0.408192
test,241,0,0.018128
test,242,0,0.474792
test,243,0,0.274121
test,244,0,0.508121
test,245,0,0.084461
test,246,0,0.134337
test,247,0,0.211757
test,248,0,0.191649
test,249,0,0.114201
test,250,0,0.356432
test,251,0,0.015385
test,252,0,0.106142
test,253,0,0.013739
test,254,0,0.033633
test,255,0,0.221821
test,256,0,0.109651
test,257,0,0.238972
test,258,0,0.110015
test,259,0,0.395083
test,260,0,0.036657
test,261,0,0.428936
test,262,0,0.088180
test,263,0,0.067841
test,264,0,0.168063
test,265,0,0.786954
test,266,0,0.295730
test,267,0,0.158398
test,268,0,0.336202
test,269,0,0.252801
test,270,0,0.143753
test,271,0,0.467694
test,272,0,0.236185
test,273,0,0.216260
test,274,0,0.181003
test,275,0,0.025551
test,276,0,0.440403
test,277,0,0.339369
test,278,0,0.047579
test,279,0,0.240669
test,280,0,0.357612
test,281,0,0.159992
test,282,0,0.062019
test,283,0,0.322612
test,284,0,0.652593
test,285,0,0.686316
test,286,0,0.334874
test,287,0,0.614848
test,288,0,0.375177
test,289,0,0.635034
test,290,0,0.159306
test,291,0,0.051634
test,292,0,0.064178
test,293,0,0.554789
test,294,0,0.236055
test,295,0,0.121953
test,296,0,0.270902
test,297,0,0.111899
test,298,0,0.005534
test,299,0,0.035811
test,300,0,0.215515
test,301,0,0.040810
test,302,0,0.057774
test,303,0,0.151584
test,304,0,0.116522
test,305,0,0.014901
test,306,0,0.161316
test,307,0,0.576251
test,308,0,0.244228
test,309,0,0.103707
test,310,0,0.127702
test,311,0,0.580674
test,312,0,0.103587
test,313,0,0.754712
test,314,0,0.212092
test,315,0,0.322936
test,316,0,0.219680
test,317,0,0.066972
test,318,0,0.346655
test,319,0,0.035739
test,320,0,0.420207
test,321,0,0.284684
test,322,0,0.156034
test,323,0,0.043799
test,324,0,0.328150
test,325,0,0.046286
test,326,0,0.253370
test,327,0,0.185555
test,328,0,0.051565
test,329,0,0.246970
test,330,0,0.419775
test,331,0,0.098290
test,332,0,0.280120
test,333,0,0.233130
test,334,0,0.104244
test,335,0,0.042980
test,336,0,0.411437
test,337,0,0.058646
test,338,0,0.147034
test,339,0,0.217312
test,340,0,0.079568
test,341,0,0.112081
test,342,0,0.244836
test,343,0,0.396734
test,344,0,0.613406
test,345,0,0.510277
test,346,0,0.072832
test,347,0,0.183796
test,348,0,0.084691
test,349,0,0.032185
test,350,0,0.298332
test,351,0,0.492243
test,352,0,0.103526
test,353,0,0.144008
test,354,0,0.293479
test,355,0,0.022891
test,356,0,0.359074
test,357,0,0.374401
test,358,0,0.336483
test,359,0,0.067787
test,360,0,0.066030
test,361,0,0.059313
test,362,0,0.093309
test,363,0,0.156320
test,364,0,0.055920
test,365,0,0.143667
test,366,0,0.158490
test,367,0,0.106171
test,368,0,0.272838
test,369,0,0.079977
test,370,0,0.527006
test,371,0,0.069425
test,372,0,0.012760
test,373,0,0.627385
test,374,0,0.087999
test,375,0,0.253999
test,376,0,0.105957
test,377,0,0.182545
test,378,0,0.118258
test,379,0,0.035500
test,380,0,0.022046
test,381,0,0.396490
test,382,0,0.299990
test,383,0,0.723675
test,384,0,0.103130
test,385,0,0.279769
test,386,0,0.039404
test,387,0,0.274757
test,388,0,0.074040
test,389,0,0.100097
test,390,0,0.088166
test,391,0,0.105606
test,392,0,0.215260
test,393,0,0.797537
test,394,0,0.057066
test,395,0,0.053311
test,396,0,0.101473
test,397,0,0.450260
test,398,0,0.109234
test,399,0,0.675995
test,400,0,0.086782
test,401,0,0.267382
test,402,0,0.188774
test,403,0,0.241026
test,404,0,0.275682
test,405,0,0.588476
test,406,0,0.196017
test,407,0,0.297315
test,408,0,0.232038
test,409,0,0.151763
test,410,0,0.340161
test,411,0,0.062996
test,412,0,0.165284
test,413,0,0.033828
test,414,0,0.371277
test,415,0,0.229410
test,416,0,0.581301
test,417,0,0.350174
test,418,0,0.202742
test,419,0,0.462136
test,420,0,0.321972
test,421,0,0.131448
test,422,0,0.011973
test,423,0,0.583736
test,424,0,0.383067
test,425,0,0.336035
test,426,0,0.265311
test,427,0,0.171765
test,428,0,0.212252
test,429,0,0.215491
test,430,0,0.249974
test,431,0,0.362736
test,432,0,0.050045
test,433,0,0.094209
test,434,0,0.098934
test,435,0,0.130921
test,436,0,0.732090
test,437,0,0.441921
test,438,0,0.373397
test,439,0,0.302132
test,440,0,0.427009
test,441,0,0.130040
test,442,0,0.763280
test,443,0,0.040259
test,444,0,0.082397
test,445,0,0.294655
test,446,0,0.525349
test,447,0,0.409038
test,448,0,0.108349
test,449,0,0.267254
test,450,0,0.111242
test,451,0,0.074947
test,452,0,0.232891
test,453,0,0.313621
test,454,0,0.560786
test,455,0,0.038499
test,456,0,0.094176
test,457,0,0.162540
test,458,0,0.046950
test,459,0,0.268072
test,460,0,0.069249
test,461,0,0.026740
test,462,0,0.105674
test,463,0,0.060414
test,464,0,0.146028
test,465,0,0.514858
test,466,0,0.240274
test,467,0,0.309103
test,468,0,0.237993
test,469,0,0.153974
test,470,0,0.184478
test,471,0,0.013389
test,472,0,0.209149
test,473,0,0.150363
test,474,0,0.206904
test,475,0,0.548853
test,476,0,0.470180
test,477,0,0.190034
test,478,0,0.154836
test,479,0,0.462118
test,480,0,0.227014
test,481,0,0.172622
test,482,0,0.384056
test,483,0,0.567529
test,484,0,0.108805
test,485,0,0.335820
test,486,0,0.317007
test,487,0,0.179997
test,488,0,0.056588
test,489,0,0.064677
test,490,0,0.032262
test,491,0,0.136002
test,492,0,0.320345
test,493,0,0.022613
test,494,0,0.064302
test,495,0,0.046914
test,496,0,0.102318
test,497,0,0.135872
test,498,0,0.154562
test,499,0,0.151845
test,500,0,0.363350
test,501,0,0.114909
test,502,0,0.196310
test,503,0,0.154858
test,504,0,0.222453
test,505,0,0.191515
test,506,0,0.642179
test,507,0,0.228513
test,508,0,0.246475
test,509,0,0.024875
test,510,0,0.268904
test,511,0,0.206136
test,512,0,0.051256
test,513,0,0.079953
test,514,0,0.037485
test,515,0,0.130507
test,516,0,0.215688
test,517,0,0.090854
test,518,0,0.015025
test,519,0,0.071335
test,520,0,0.350412
test,521,0,0.195665
test,522,0,0.545998
test,523,0,0.246911
test,524,0,0.297792
test,525,0,0.621256
test,526,0,0.663609
test,527,0,0.743050
test,528,0,0.308813
test,529,0,0.071437
test,530,0,0.404242
test,531,0,0.037898
test,532,0,0.069226
test,533,0,0.106864
test,534,0,0.450811
test,535,0,0.036730
test,536,0,0.428579
test,537,0,0.394952
test,538,0,0.370676
test,539,0,0.459883
test,540,0,0.477759
test,541,0,0.510476
test,542,0,0.346756
test,543,0,0.070221
test,544,0,0.020714
test,545,0,0.054208
test,546,0,0.492975
test,547,0,0.016645
test,548,0,0.040558
test,549,0,0.016659
test,550,0,0.042923
test,551,0,0.058301
test,552,0,0.038136
test,553,0,0.087784
test,554,0,0.320256
test,555,0,0.155562
test,556,0,0.119987
test,557,0,0.003922
test,558,0,0.054688
test,559,0,0.257790
test,560,0,0.044665
test,561,0,0.194495
test,562,0,0.194295
test,563,0,0.253691
test,564,0,0.311680
test,565,0,0.323727
test,566,0,0.509446
test,567,0,0.282087
test,568,0,0.323564
test,569,0,0.241969
test,570,0,0.597831
test,571,0,0.463313
test,572,0,0.121457
test,573,0,0.385244
test,574,0,0.159896
test,575,0,0.148146
test,576,0,0.244568
test,577,0,0.257355
test,578,0,0.487661
test,579,0,0.397760
test,580,0,0.443436
test,581,0,0.024316
test,582,0,0.292323
test,583,0,0.272239
test,584,0,0.427125
test,585,0,0.664988
test,586,0,0.672678
test,587,0,0.594177
test,588,0,0.674014
test,589,0,0.248325
test,590,0,0.097854
test,591,0,0.383047
test,592,0,0.517189
test,593,0,0.004587
test,594,0,0.430412
test,595,0,0.084688
test,596,0,0.235006
test,597,0,0.226274
test,598,0,0.167226
test,599,0,0.451520
test,600,0,0.234682
test,601,0,0.278768
test,602,0,0.555473
test,603,0,0.399070
test,604,0,0.319895
test,605,0,0.398336
test,606,0,0.223669
test,607,0,0.739161
test,608,0,0.254974
test,609,0,0.617337
test,610,0,0.166275
test,611,0,0.293720
test,612,0,0.514879
test,613,0,0.348334
test,614,0,0.093694
test,615,0,0.053355
test,616,0,0.160543
test,617,0,0.476928
test,618,0,0.034255
test,619,0,0.241201
test,620,0,0.130241
test,621,0,0.137242
test,622,0,0.141694
test,623,0,0.049117
test,624,0,0.745443
test,625,0,0.088862
test,626,0,0.166956
test,627,0,0.313345
test,628,0,0.030139
test,629,0,0.094731
test,630,0,0.025084
test,631,0,0.026428
test,632,0,0.070797
test,633,0,0.111566
test,634,0,0.017894
test,635,0,0.074233
test,636,0,0.078671
test,637,0,0.187998
test,638,0,0.206898
test,639,0,0.244896
test,640,0,0.493276
test,641,0,0.249009
test,642,0,0.258912
test,643,0,0.548771
test,644,0,0.216007
test,645,0,0.259841
test,646,0,0.196712
test,647,0,0.113206
test,648,0,0.129770
test,649,0,0.064386
test,650,0,0.042615
test,651,0,0.330553
test,652,0,0.129743
test,653,0,0.280771
test,654,0,0.420045
test,655,0,0.230593
test,656,0,0.045424
test,657,0,0.174982
test,658,0,0.094344
test,659,0,0.123290
test,660,0,0.199134
test,661,0,0.392995
test,662,0,0.043387
test,663,0,0.494099
test,664,0,0.103997
test,665,0,0.683840
test,666,0,0.120057
test,667,0,0.212096
test,668,0,0.037508
test,669,0,0.362775
test,670,0,0.114778
test,671,0,0.131787
test,672,0,0.042076
test,673,0,0.033583
test,674,0,0.072695
test,675,0,0.095802
test,676,0,0.306036
test,677,0,0.182651
test,678,0,0.233242
test,679,0,0.083502
test,680,0,0.502539
test,681,0,0.062273
test,682,0,0.456840
test,683,0,0.215652
test,684,0,0.083886
test,685,0,0.223451
test,686,0,0.351213
test,687,0,0.118125
test,688,0,0.202767
test,689,0,0.210647
test,690,0,0.290581
test,691,0,0.500940
test,692,0,0.581730
test,693,0,0.161271
test,694,0,0.413158
test,695,0,0.547215
test,696,0,0.517609
test,697,0,0.100129
test,698,0,0.259891
test,699,0,0.455323
test,700,0,0.206812
test,701,0,0.614005
test,702,0,0.468011
test,703,0,0.030908
test,704,0,0.311644
test,705,0,0.278233
test,706,0,0.473193
test,707,0,0.746991
test,708,0,0.009858
test,709,0,0.133595
test,710,0,0.341115
test,711,0,0.184117
test,712,0,0.214903
test,713,0,0.223352
test,714,0,0.437823
test,715,0,0.299155
test,716,0,0.079379
test,717,0,0.423091
test,718,0,0.041672
test,719,0,0.548345
test,720,0,0.141227
test,721,0,0.782728
test,722,0,0.265764
test,723,0,0.056642
test,724,0,0.144136
test,725,0,0.610574
test,726,0,0.270531
test,727,0,0.436926
test,728,0,0.568349
test,729,0,0.042626
test,730,0,0.183263
test,731,0,0.428118
test,732,0,0.313771
test,733,0,0.395862
test,734,0,0.510676
test,735,0,0.657805
test,736,0,0.393610
test,737,0,0.405422
test,738,0,0.130448
test,739,0,0.171762
test,740,0,0.104667
test,741,0,0.253386
test,742,0,0.111090
test,743,0,0.033982
test,744,0,0.136976
test,745,0,0.040177
test,746,0,0.067700
test,747,0,0.360967
test,748,0,0.050890
test,749,0,0.492166
test,750,0,0.029778
test,751,0,0.151068
test,752,0,0.232917
test,753,0,0.465883
test,754,0,0.176491
test,755,0,0.058168
test,756,0,0.263823
test,757,0,0.196583
test,758,0,0.435359
test,759,0,0.270862
test,760,0,0.230974
test,761,0,0.307090
test,762,0,0.062052
test,763,0,0.092771
test,764,0,0.154082
test,765,0,0.012897
test,766,0,0.017878
test,767,0,0.054540
test,768,0,0.072995
test,769,0,0.652355
test,770,0,0.079041
test,771,0,0.145162
test,772,0,0.245608
test,773,0,0.035258
test,774,0,0.195592
test,775,0,0.008856
test,776,0,0.928744
test,777,0,0.180606
test,778,0,0.446905
test,779,0,0.225845
test,780,0,0.526252
test,781,0,0.213962
test,782,0,0.306853
test,783,0,0.074538
test,784,0,0.118329
test,785,0,0.342980
test,786,0,0.134416
test,787,0,0.488461
test,788,0,0.413528
test,789,0,0.262961
test,790,0,0.179650
test,791,0,0.102194
test,792,0,0.360933
test,793,0,0.266497
test,794,0,0.142886
test,795,0,0.264692
test,796,0,0.024458
test,797,0,0.008695
test,798,0,0.191020
test,799,0,0.143081
test,800,0,0.261443
test,801,0,0.253040
test,802,0,0.341745
test,803,0,0.157161
test,804,0,0.542847
test,805,0,0.796106
test,806,0,0.183600
test,807,0,0.227951
test,808,0,0.223757
test,809,0,0.034160
test,810,0,0.048710
test,811,0,0.430677
test,812,0,0.369018
test,813,0,0.241818
test,814,0,0.259051
test,815,0,0.063871
test,816,0,0.100890
test,817,0,0.229388
test,818,0,0.294486
test,819,0,0.429007
test,820,0,0.154651
test,821,0,0.229953
test,822,0,0.175434
test,823,0,0.076293
test,824,0,0.434460
test,825,0,0.134429
test,826,0,0.379927
test,827,0,0.400769
test,828,0,0.121306
test,829,0,0.395763
test,830,0,0.406335
test,831,0,0.546553
test,832,0,0.110347
test,833,0,0.181220
test,834,0,0.180404
test,835,0,0.452871
test,836,0,0.271090
test,837,0,0.182180
test,838,0,0.111065
test,839,0,0.216797
test,840,0,0.301967
test,841,0,0.015518
test,842,0,0.223909
test,843,0,0.109708
test,844,0,0.015737
test,845,0,0.122476
test,846,0,0.231386
test,847,0,0.742596
test,848,0,0.212052
test,849,0,0.067935
test,850,0,0.170607
test,851,0,0.266401
test,852,0,0.213757
test,853,0,0.649528
test,854,0,0.371343
test,855,0,0.445150
test,856,0,0.461747
test,857,0,0.232529
test,858,0,0.036418
test,859,0,0.187734
test,860,0,0.050296
test,861,0,0.130672
test,862,0,0.197839
test,863,0,0.176066
test,864,0,0.484711
test,865,0,0.059820
test,866,0,0.062719
test,867,0,0.078324
test,868,0,0.070896
test,869,0,0.246301
test,870,0,0.129517
test,871,0,0.321127
test,872,0,0.103130
test,873,0,0.011776
test,874,0,0.248546
test,875,0,0.073877
test,876,0,0.141206
test,877,0,0.151626
test,878,0,0.049589
test,879,0,0.015743
test,880,0,0.204970
test,881,0,0.596516
test,882,0,0.305389
test,883,0,0.275971
test,884,0,0.191291
test,885,0,0.082101
test,886,0,0.122529
test,887,0,0.609435
test,888,0,0.077215
test,889,0,0.147148
test,890,0,0.248810
test,891,0,0.075023
test,892,0,0.229828
test,893,0,0.184625
test,894,0,0.499993
test,895,0,0.125752
test,896,0,0.456487
test,897,0,0.394619
test,898,0,0.075233
test,899,0,0.289445
test,900,0,0.066840
test,901,0,0.493050
test,902,0,0.100713
test,903,0,0.379451
test,904,0,0.564066
test,905,0,0.132044
test,906,0,0.556039
test,907,0,0.487824
test,908,0,0.430264
test,909,0,0.284779
test,910,0,0.339298
test,911,0,0.446787
test,912,0,0.186273
test,913,0,0.132627
test,914,0,0.149114
test,915,0,0.520621
test,916,0,0.751266
test,917,0,0.211299
test,918,0,0.264209
test,919,0,0.387398
test,920,0,0.484671
test,921,0,0.168869
test,922,0,0.373490
test,923,0,0.091586
test,924,0,0.227520
test,925,0,0.412110
test,926,0,0.188957
test,927,0,0.093164
test,928,0,0.317468
test,929,0,0.248900
test,930,0,0.339501
test,931,0,0.085176
test,932,0,0.120886
test,933,0,0.473973
test,934,0,0.516077
test,935,0,0.532727
test,936,0,0.667290
test,937,0,0.275130
test,938,0,0.095024
test,939,0,0.034263
test,940,0,0.335084
test,941,0,0.310217
test,942,0,0.336931
test,943,0,0.344185
test,944,0,0.252136
test,945,0,0.248350
test,946,0,0.348398
test,947,0,0.433813
test,948,0,0.179300
test,949,0,0.462108
test,950,0,0.158926
test,951,0,0.029901
test,952,0,0.072721
test,953,0,0.367543
test,954,0,0.335503
test,955,0,0.294346
test,956,0,0.394586
test,957,0,0.305354
test,958,0,0.112651
test,959,0,0.157310
test,960,0,0.393197
test,961,0,0.188228
test,962,0,0.041539
test,963,0,0.138374
test,964,0,0.364347
test,965,0,0.446379
test,966,0,0.390241
test,967,0,0.534861
test,968,0,0.699680
test,969,0,0.199767
test,970,0,0.252183
test,971,0,0.073718
test,972,0,0.407115
test,973,0,0.302636
test,974,0,0.282724
test,975,0,0.128242
test,976,0,0.042741
test,977,0,0.016753
test,978,0,0.341282
test,979,0,0.211615
test,980,0,0.671331
test,981,0,0.267219
test,982,0,0.372899
test,983,0,0.151565
test,984,0,0.355328
test,985,0,0.028017
test,986,0,0.475443
test,987,0,0.358962
test,988,0,0.095192
test,989,0,0.388562
test,990,0,0.152801
test,991,0,0.075309
test,992,0,0.553548
test,993,0,0.051665
test,994,0,0.064021
test,995,0,0.609708
test,996,0,0.709153
test,997,0,0.058014
test,998,0,0.068474
test,999,0,0.042477
test,1000,0,0.268460
test,1001,0,0.475441
test,1002,0,0.338125
test,1003,0,0.090090
test,1004,0,0.331421
test,1005,0,0.134334
test,1006,0,0.464506
test,1007,0,0.101360
test,1008,0,0.061439
test,1009,0,0.314059
test,1010,0,0.573586
test,1011,0,0.198610
test,1012,0,0.477538
test,1013,0,0.429620
test,1014,0,0.477538
test,1015,0,0.219255
test,1016,0,0.312425
test,1017,0,0.083621
test,1018,0,0.020453
test,1019,0,0.142317
test,1020,0,0.291578
test,1021,0,0.608318
test,1022,0,0.096812
test,1023,0,0.073525
test,1024,0,0.532355
test,1025,0,0.095659
test,1026,0,0.014130
test,1027,0,0.426515
test,1028,0,0.047740
test,1029,0,0.087549
test,1030,0,0.248130
test,1031,0,0.006618
test,1032,0,0.024586
test,1033,0,0.024558
test,1034,0,0.175361
test,1035,0,0.044188
test,1036,0,0.032987
test,1037,0,0.368228
test,1038,0,0.145752
test,1039,0,0.050722
test,1040,0,0.183939
test,1041,0,0.161905
test,1042,0,0.663576
test,1043,0,0.058902
test,1044,0,0.335992
test,1045,0,0.059721
test,1046,0,0.156315
test,1047,0,0.042255
test,1048,0,0.051533
test,1049,0,0.026663
test,1050,0,0.235721
test,1051,0,0.118495
test,1052,0,0.210937
test,1053,0,0.237861
test,1054,0,0.216210
test,1055,0,0.178720
test,1056,0,0.079525
test,1057,0,0.123734
test,1058,0,0.049624
test,1059,0,0.117668
test,1060,0,0.066432
test,1061,0,0.226306
test,1062,0,0.357136
test,1063,0,0.111414
test,1064,0,0.052763
test,1065,0,0.074947
test,1066,0,0.016836
test,1067,0,0.108524
test,1068,0,0.177265
test,1069,0,0.384095
test,1070,0,0.159533
test,1071,0,0.079757
test,1072,0,0.369391
test,1073,0,0.087674
test,1074,0,0.222333
test,1075,0,0.158989
test,1076,0,0.130791
test,1077,0,0.209924
test,1078,0,0.616730
test,1079,0,0.410624
test,1080,0,0.164436
test,1081,0,0.373816
test,1082,0,0.119117
test,1083,0,0.251441
test,1084,0,0.207568
test,1085,0,0.155598
test,1086,0,0.120238
test,1087,0,0.342635
test,1088,0,0.215466
test,1089,0,0.220373
test,1090,0,0.078581
test,1091,0,0.092848
test,1092,0,0.609123
test,1093,0,0.234993
test,1094,0,0.098060
test,1095,0,0.107982
test,1096,0,0.105844
test,1097,0,0.158884
test,1098,0,0.169715
test,1099,0,0.235248
test,1100,0,0.473629
test,1101,0,0.197851
test,1102,0,0.401300
test,1103,0,0.144893
test,1104,0,0.139425
test,1105,0,0.358692
test,1106,0,0.531902
test,1107,0,0.219960
test,1108,0,0.141308
test,1109,0,0.482994
test,1110,0,0.192403
test,1111,0,0.179235
test,1112,0,0.034672
test,1113,0,0.365392
test,1114,0,0.108281
test,1115,0,0.205937
test,1116,0,0.372168
test,1117,0,0.047806
test,1118,0,0.613384
test,1119,0,0.800308
test,1120,0,0.242596
test,1121,0,0.053490
test,1122,0,0.125974
test,1123,0,0.391346
test,1124,0,0.260298
test,1125,0,0.557306
test,1126,0,0.177091
test,1127,0,0.438256
test,1128,0,0.475805
test,1129,0,0.169930
test,1130,0,0.568568
test,1131,0,0.113131
test,1132,0,0.046249
test,1133,0,0.216981
test,1134,0,0.089522
test,1135,0,0.232863
test,1136,0,0.110655
test,1137,0,0.291512
test,1138,0,0.090914
test,1139,0,0.225402
test,1140,0,0.332966
test,1141,0,0.091133
test,1142,0,0.203413
test,1143,0,0.453024
test,1144,0,0.098081
test,1145,0,0.165186
test,1146,0,0.037495
test,1147,0,0.422749
test,1148,0,0.537638
test,1149,0,0.176281
test,1150,0,0.322184
test,1151,0,0.237901
test,1152,0,0.523667
test,1153,0,0.116558
test,1154,0,0.146620
test,1155,0,0.236048
test,1156,0,0.249715
test,1157,0,0.273901
test,1158,0,0.179715
test,1159,0,0.435418
test,1160,0,0.603286
test,1161,0,0.684961
test,1162,0,0.266099
test,1163,0,0.172471
test,1164,0,0.303880
test,1165,0,0.429411
test,1166,0,0.227922
test,1167,0,0.099133
test,1168,0,0.110309
test,1169,0,0.210700
test,1170,0,0.540558
test,1171,0,0.111576
test,1172,0,0.210281
test,1173,0,0.342227
test,1174,0,0.329353
test,1175,0,0.343970
test,1176,0,0.226976
test,1177,0,0.353460
test,1178,0,0.332116
test,1179,0,0.243552
test,1180,0,0.532506
test,1181,0,0.101333
test,1182,0,0.063733
test,1183,0,0.306149
test,1184,0,0.066568
test,1185,0,0.109930
test,1186,0,0.181133
test,1187,0,0.427865
test,1188,0,0.215178
test,1189,0,0.038533
test,1190,0,0.351549
test,1191,0,0.103098
test,1192,0,0.611747
test,1193,0,0.298879
test,1194,0,0.405858
test,1195,0,0.228225
test,1196,0,0.288645
test,1197,0,0.152220
test,1198,0,0.429047
test,1199,0,0.111040
test,1200,0,0.256044
test,1201,0,0.204532
test,1202,0,0.287248
test,1203,0,0.309912
test,1204,0,0.148301
test,1205,0,0.087900
test,1206,0,0.084321
test,1207,0,0.360740
test,1208,0,0.063067
test,1209,0,0.166246
test,1210,0,0.180546
test,1211,0,0.055773
test,1212,0,0.020527
test,1213,0,0.046503
test,1214,0,0.127550
test,1215,0,0.051415
test,1216,0,0.187903
test,1217,0,0.512658
test,1218,0,0.711687
test,1219,0,0.746189
test,1220,0,0.148273
test,1221,0,0.220580
test,1222,0,0.145210
test,1223,0,0.322246
test,1224,0,0.396903
test,1225,0,0.535164
test,1226,0,0.329335
test,1227,0,0.229954
test,1228,0,0.058191
test,1229,0,0.357790
test,1230,0,0.298169
test,1231,0,0.129104
test,1232,0,0.040048
test,1233,0,0.279322
test,1234,0,0.332784
test,1235,0,0.333604
test,1236,0,0.061873
test,1237,0,0.163551
test,1238,0,0.709449
test,1239,0,0.066588
test,1240,0,0.163245
test,1241,0,0.053318
test,1242,0,0.319235
test,1243,0,0.266710
test,1244,0,0.022604
test,1245,0,0.138699
test,1246,0,0.109450
test,1247,0,0.073842
test,1248,0,0.041571
test,1249,0,0.087376
test,1250,0,0.042956
test,1251,0,0.048605
test,1252,0,0.078626
test,1253,0,0.183734
test,1254,0,0.613228
test,1255,0,0.343763
test,1256,0,0.051334
test,1257,0,0.172047
test,1258,0,0.017493
test,1259,0,0.220362
test,1260,0,0.449008
test,1261,0,0.146350
test,1262,0,0.268822
test,1263,0,0.213905
test,1264,0,0.288416
test,1265,0,0.106825
test,1266,0,0.326659
test,1267,0,0.012884
test,1268,0,0.448840
test,1269,0,0.034234
test,1270,0,0.097813
test,1271,0,0.075199
test,1272,0,0.111458
test,1273,0,0.510702
test,1274,0,0.199351
test,1275,0,0.029531
test,1276,0,0.089164
test,1277,0,0.236304
test,1278,0,0.473467
test,1279,0,0.410603
test,1280,0,0.501937
test,1281,0,0.371956
test,1282,0,0.125793
test,1283,0,0.138972
test,1284,0,0.372324
test,1285,0,0.485657
test,1286,0,0.246882
test,1287,0,0.327911
test,1288,0,0.314320
test,1289,0,0.551633
test,1290,0,0.186977
test,1291,0,0.096126
test,1292,0,0.161405
test,1293,0,0.078431
test,1294,0,0.466888
test,1295,0,0.411173
test,1296,0,0.171700
test,1297,0,0.406150
test,1298,0,0.233024
test,1299,0,0.215791
test,1300,0,0.033335
test,1301,0,0.242870
test,1302,0,0.138136
test,1303,0,0.283942
test,1304,0,0.319581
test,1305,0,0.096973
test,1306,0,0.486028
test,1307,0,0.336938
test,1308,0,0.475619
test,1309,0,0.417320
test,1310,0,0.806367
test,1311,0,0.381120
test,1312,0,0.373187
test,1313,0,0.371354
test,1314,0,0.417328
test,1315,0,0.306429
test,1316,0,0.180871
test,1317,0,0.850468
test,1318,0,0.430989
test,1319,0,0.120583
test,1320,0,0.543240
test,1321,0,0.132784
test,1322,0,0.176203
test,1323,0,0.456237
test,1324,0,0.078294
test,1325,0,0.393918
test,1326,0,0.496603
test,1327,0,0.137633
test,1328,0,0.122898
test,1329,0,0.235045
test,1330,0,0.072281
test,1331,0,0.278541
test,1332,0,0.339122
test,1333,0,0.205149
test,1334,0,0.223884
test,1335,0,0.291152
test,1336,0,0.036198
test,1337,0,0.196241
test,1338,0,0.483403
test,1339,0,0.119913
test,1340,0,0.066787
test,1341,0,0.038492
test,1342,0,0.535411
test,1343,0,0.135523
test,1344,0,0.388780
test,1345,0,0.146583
test,1346,0,0.296366
test,1347,0,0.218367
test,1348,0,0.501941
test,1349,0,0.160241
test,1350,0,0.468421
test,1351,0,0.221768
test,1352,0,0.069066
test,1353,0,0.087172
test,1354,0,0.046980
test,1355,0,0.004660
test,1356,0,0.002162
test,1357,0,0.089622
test,1358,0,0.692162
test,1359,0,0.507321
test,1360,0,0.100211
test,1361,0,0.089876
test,1362,0,0.425750
test,1363,0,0.112423
test,1364,0,0.542710
test,1365,0,0.084772
test,1366,0,0.372008
test,1367,0,0.028014
test,1368,0,0.120567
test,1369,0,0.080659
test,1370,0,0.302299
test,1371,0,0.041333
test,1372,0,0.269162
test,1373,0,0.078066
test,1374,0,0.124134
test,1375,0,0.028820
test,1376,0,0.099647
test,1377,0,0.150079
test,1378,0,0.200277
test,1379,0,0.038811
test,1380,0,0.015784
test,1381,0,0.055569
test,1382,0,0.137967
test,1383,0,0.104391
test,1384,0,0.104965
test,1385,0,0.648906
test,1386,0,0.024972
test,1387,0,0.329601
test,1388,0,0.100242
test,1389,0,0.040718
test,1390,0,0.052647
test,1391,0,0.187602
test,1392,0,0.096519
test,1393,0,0.527868
test,1394,0,0.040182
test,1395,0,0.076649
test,1396,0,0.059369
test,1397,0,0.290751
test,1398,0,0.082524
test,1399,0,0.274128
test,1400,0,0.012711
test,1401,0,0.128149
test,1402,0,0.034288
test,1403,0,0.046482
test,1404,0,0.053924
test,1405,0,0.078924
test,1406,0,0.621502
test,1407,0,0.229462
test,1408,0,0.283730
test,1409,0,0.126611
test,1410,0,0.009240
test,1411,0,0.744575
test,1412,0,0.408094
test,1413,0,0.214589
test,1414,0,0.086103
test,1415,0,0.338640
test,1416,0,0.481949
test,1417,0,0.519735
test,1418,0,0.091270
test,1419,0,0.305033
test,1420,0,0.715339
test,1421,0,0.144461
test,1422,0,0.392647
test,1423,0,0.202607
test,1424,0,0.232601
test,1425,0,0.145908
test,1426,0,0.061366
test,1427,0,0.145027
test,1428,0,0.093953
test,1429,0,0.207196
test,1430,0,0.114945
test,1431,0,0.043964
test,1432,0,0.351249
test,1433,0,0.103095
test,1434,0,0.022805
test,1435,0,0.068406
test,1436,0,0.398828
test,1437,0,0.065639
test,1438,0,0.049524
test,1439,0,0.036461
test,1440,0,0.106871
test,1441,0,0.236411
test,1442,0,0.065666
test,1443,0,0.175340
test,1444,0,0.324364
test,1445,0,0.046755
test,1446,0,0.149365
test,1447,0,0.049475
test,1448,0,0.139463
test,1449,0,0.197315
test,1450,0,0.278766
test,1451,0,0.438854
test,1452,0,0.418432
test,1453,0,0.199647
test,1454,0,0.374166
test,1455,0,0.651120
test,1456,0,0.569660
test,1457,0,0.246097
test,1458,0,0.147031
test,1459,0,0.140483
test,1460,0,0.282068
test,1461,0,0.701259
test,1462,0,0.155480
test,1463,0,0.215200
test,1464,0,0.075335
test,1465,0,0.100242
test,1466,0,0.523289
test,1467,0,0.217386
test,1468,0,0.345478
test,1469,0,0.579660
test,1470,0,0.381488
test,1471,0,0.055168
test,1472,0,0.150447
test,1473,0,0.078995
test,1474,0,0.078995
test,1475,0,0.204571
test,1476,0,0.201725
test,1477,0,0.277306
test,1478,0,0.373913
test,1479,0,0.084431
test,1480,0,0.599441
test,1481,0,0.329816
test,1482,0,0.140044
test,1483,0,0.757386
test,1484,0,0.359256
test,1485,0,0.188829
test,1486,0,0.466510
test,1487,0,0.479638
test,1488,0,0.419501
test,1489,0,0.750031
test,1490,0,0.182747
test,1491,0,0.391092
test,1492,0,0.068306
test,1493,0,0.778266
test,1494,0,0.265408
test,1495,0,0.085838
test,1496,0,0.223796
test,1497,0,0.021626
test,1498,0,0.768590
test,1499,0,0.077209
test,1500,0,0.071819
test,1501,0,0.022956
test,1502,0,0.583697
test,1503,0,0.163806
test,1504,0,0.008723
test,1505,0,0.101541
test,1506,0,0.126060
test,1507,0,0.196944
test,1508,0,0.119912
test,1509,0,0.163191
test,1510,0,0.291415
test,1511,0,0.128634
test,1512,0,0.058694
test,1513,0,0.059742
test,1514,0,0.352319
test,1515,0,0.142618
test,1516,0,0.263350
test,1517,0,0.214955
test,1518,0,0.104001
test,1519,0,0.338054
test,1520,0,0.051910
test,1521,0,0.468366
test,1522,0,0.192791
test,1523,0,0.734770
test,1524,0,0.487251
test,1525,0,0.593502
test,1526,0,0.299906
test,1527,0,0.074175
test,1528,0,0.101167
test,1529,0,0.508610
test,1530,0,0.290452
test,1531,0,0.291429
test,1532,0,0.540327
test,1533,0,0.517864
test,1534,0,0.266484
test,1535,0,0.707346
test,1536,0,0.151252
test,1537,0,0.135396
test,1538,0,0.007687
test,1539,0,0.091907
test,1540,0,0.034254
test,1541,0,0.172381
test,1542,0,0.528897
test,1543,0,0.205648
test,1544,0,0.107904
test,1545,0,0.255023
test,1546,0,0.119393
test,1547,0,0.357945
test,1548,0,0.270064
test,1549,0,0.281082
test,1550,0,0.320102
test,1551,0,0.057960
test,1552,0,0.311617
test,1553,0,0.072589
test,1554,0,0.620805
test,1555,0,0.199728
test,1556,0,0.339751
test,1557,0,0.370796
test,1558,0,0.101783
test,1559,0,0.059981
test,1560,0,0.064464
test,1561,0,0.083735
test,1562,0,0.093449
test,1563,0,0.146610
test,1564,0,0.063902
test,1565,0,0.013603
test,1566,0,0.035084
test,1567,0,0.263399
test,1568,0,0.167974
test,1569,0,0.145454
test,1570,0,0.089311
test,1571,0,0.060557
test,1572,0,0.198299
test,1573,0,0.046722
test,1574,0,0.439597
test,1575,0,0.253497
test,1576,0,0.103913
test,1577,0,0.057310
test,1578,0,0.083791
test,1579,0,0.655023
test,1580,0,0.062414
test,1581,0,0.299650
test,1582,0,0.163172
test,1583,0,0.410766
test,1584,0,0.214371
test,1585,0,0.346042
test,1586,0,0.118396
test,1587,0,0.193844
test,1588,0,0.358091
test,1589,0,0.496991
test,1590,0,0.099207
test,1591,0,0.084560
test,1592,0,0.224914
test,1593,0,0.186779
test,1594,0,0.342247
test,1595,0,0.127546
test,1596,0,0.320997
test,1597,0,0.410958
test,1598,0,0.181811
test,1599,0,0.229880
test,1600,0,0.150779
test,1601,0,0.073951
test,1602,0,0.044345
test,1603,0,0.382027
test,1604,0,0.078400
test,1605,0,0.290278
test,1606,0,0.557781
test,1607,0,0.095956
test,1608,0,0.746118
test,1609,0,0.095232
test,1610,0,0.196313
test,1611,0,0.278443
test,1612,0,0.274179
test,1613,0,0.017348
test,1614,0,0.294362
test,1615,0,0.192664
test,1616,0,0.198877
test,1617,0,0.409304
test,1618,0,0.130904
test,1619,0,0.116700
test,1620,0,0.318957
test,1621,0,0.183355
test,1622,0,0.357012
test,1623,0,0.166677
test,1624,0,0.316672
test,1625,0,0.222909
test,1626,0,0.581878
test,1627,0,0.507038
test,1628,0,0.488475
test,1629,0,0.342541
test,1630,0,0.361717
test,1631,0,0.503045
test,1632,0,0.662230
test,1633,0,0.631679
test,1634,0,0.284580
test,1635,0,0.612567
test,1636,0,0.096505
test,1637,0,0.420634
test,1638,0,0.437968
test,1639,0,0.566455
test,1640,0,0.056038
test,1641,0,0.011210
test,1642,0,0.074869
test,1643,0,0.060041
test,1644,0,0.076958
test,1645,0,0.592564
test,1646,0,0.365168
test,1647,0,0.039902
test,1648,0,0.411563
test,1649,0,0.320313
test,1650,0,0.427058
test,1651,0,0.385823
test,1652,0,0.053172
test,1653,0,0.384812
test,1654,0,0.106766
test,1655,0,0.282090
test,1656,0,0.190819
test,1657,0,0.145705
test,1658,0,0.618509
test,1659,0,0.191653
test,1660,0,0.152880
test,1661,0,0.052327
test,1662,0,0.027361
test,1663,0,0.196482
test,1664,0,0.135306
test,1665,0,0.452147
test,1666,0,0.341650
test,1667,0,0.183629
test,1668,0,0.029121
test,1669,0,0.048081
test,1670,0,0.075088
test,1671,0,0.078035
test,1672,0,0.160518
test,1673,0,0.063355
test,1674,0,0.062080
test,1675,0,0.233687
test,1676,0,0.054797
test,1677,0,0.073683
test,1678,0,0.057329
test,1679,0,0.355219
test,1680,0,0.394224
test,1681,0,0.135755
test,1682,0,0.036000
test,1683,0,0.346955
test,1684,0,0.675754
test,1685,0,0.198898
test,1686,0,0.499168
test,1687,0,0.126491
test,1688,0,0.307816
test,1689,0,0.223992
test,1690,0,0.052965
test,1691,0,0.251086
test,1692,0,0.463026
test,1693,0,0.099951
test,1694,0,0.322227
test,1695,0,0.205568
test,1696,0,0.424902
test,1697,0,0.244857
test,1698,0,0.277053
test,1699,0,0.095507
test,1700,0,0.391358
test,1701,0,0.250826
test,1702,0,0.121664
test,1703,0,0.633518
test,1704,0,0.797184
test,1705,0,0.465104
test,1706,0,0.245795
test,1707,0,0.094456
test,1708,0,0.362724
test,1709,0,0.261814
test,1710,0,0.062466
test,1711,0,0.073052
test,1712,0,0.155727
test,1713,0,0.133794
test,1714,0,0.262189
test,1715,0,0.135306
test,1716,0,0.020708
test,1717,0,0.150524
test,1718,0,0.062171
test,1719,0,0.060094
test,1720,0,0.187298
test,1721,0,0.473903
test,1722,0,0.035425
test,1723,0,0.060676
test,1724,0,0.527898
test,1725,0,0.252422
test,1726,0,0.390393
test,1727,0,0.297598
test,1728,0,0.089861
test,1729,0,0.030367
test,1730,0,0.130113
test,1731,0,0.149893
test,1732,0,0.066320
test,1733,0,0.052731
test,1734,0,0.160662
test,1735,0,0.176847
test,1736,0,0.045473
test,1737,0,0.099774
test,1738,0,0.271663
test,1739,0,0.457521
test,1740,0,0.352406
test,1741,0,0.057892
test,1742,0,0.019072
test,1743,0,0.176195
test,1744,0,0.320124
test,1745,0,0.252110
test,1746,0,0.152949
test,1747,0,0.067897
test,1748,0,0.152093
test,1749,0,0.151680
test,1750,0,0.309280
test,1751,0,0.190093
test,1752,0,0.228297
test,1753,0,0.253897
test,1754,0,0.348293
test,1755,0,0.160356
test,1756,0,0.720341
test,1757,0,0.301934
test,1758,0,0.422475
test,1759,0,0.575150
test,1760,0,0.211357
test,1761,0,0.420981
test,1762,0,0.655696
test,1763,0,0.660105
test,1764,0,0.389025
test,1765,0,0.127161
test,1766,0,0.430392
test,1767,0,0.474215
test,1768,0,0.116762
test,1769,0,0.313640
test,1770,0,0.088584
test,1771,0,0.164196
test,1772,0,0.349588
test,1773,0,0.764136
test,1774,0,0.206955
test,1775,0,0.099616
test,1776,0,0.225349
test,1777,0,0.153515
test,1778,0,0.064937
test,1779,0,0.426000
test,1780,0,0.636802
test,1781,0,0.309993
test,1782,0,0.318749
test,1783,0,0.182993
test,1784,0,0.480040
test,1785,0,0.495738
test,1786,0,0.529047
test,1787,0,0.027737
test,1788,0,0.181250
test,1789,0,0.335044
test,1790,0,0.210808
test,1791,0,0.401068
test,1792,0,0.150598
test,1793,0,0.039950
test,1794,0,0.275086
test,1795,0,0.170366
test,1796,0,0.093017
test,1797,0,0.210255
test,1798,0,0.316106
test,1799,0,0.119660
test,1800,0,0.101360
test,1801,0,0.051390
test,1802,0,0.078284
test,1803,0,0.082846
test,1804,0,0.012673
test,1805,0,0.263424
test,1806,0,0.023367
test,1807,0,0.179392
test,1808,0,0.061910
test,1809,0,0.380622
test,1810,0,0.120893
test,1811,0,0.788900
test,1812,0,0.203352
test,1813,0,0.223642
test,1814,0,0.126909
test,1815,0,0.094459
test,1816,0,0.288320
test,1817,0,0.655814
test,1818,0,0.327011
test,1819,0,0.024217
test,1820,0,0.232206
test,1821,0,0.346461
test,1822,0,0.326264
test,1823,0,0.102731
test,1824,0,0.199547
test,1825,0,0.172035
test,1826,0,0.203808
test,1827,0,0.407458
test,1828,0,0.069352
test,1829,0,0.254403
test,1830,0,0.591367
test,1831,0,0.465198
test,1832,0,0.313844
test,1833,0,0.027918
test,1834,0,0.187384
test,1835,0,0.305838
test,1836,0,0.184077
test,1837,0,0.526755
test,1838,0,0.232267
test,1839,0,0.733552
test,1840,0,0.012659
test,1841,0,0.136936
test,1842,0,0.415646
test,1843,0,0.209841
test,1844,0,0.193520
test,1845,0,0.157408
test,1846,0,0.118294
test,1847,0,0.014530
test,1848,0,0.021496
test,1849,0,0.079265
test,1850,0,0.395370
test,1851,0,0.023948
test,1852,0,0.234390
test,1853,0,0.046826
test,1854,0,0.194548
test,1855,0,0.198759
test,1856,0,0.455321
test,1857,0,0.117793
test,1858,0,0.352875
test,1859,0,0.058895
test,1860,0,0.118075
test,1861,0,0.547230
test,1862,0,0.200636
test,1863,0,0.028527
test,1864,0,0.025681
test,1865,0,0.299551
test,1866,0,0.204069
test,1867,0,0.159293
test,1868,0,0.214388
test,1869,0,0.236724
test,1870,0,0.135738
test,1871,0,0.506929
test,1872,0,0.214842
test,1873,0,0.333791
test,1874,0,0.294058
test,1875,0,0.259410
test,1876,0,0.140461
test,1877,0,0.108386
test,1878,0,0.118462
test,1879,0,0.224086
test,1880,0,0.026220
test,1881,0,0.151709
test,1882,0,0.033517
test,1883,0,0.017235
test,1884,0,0.037055
test,1885,0,0.139667
test,1886,0,0.050818
test,1887,0,0.695605
test,1888,0,0.366910
test,1889,0,0.051802
test,1890,0,0.489899
test,1891,0,0.247660
test,1892,0,0.077190
test,1893,0,0.618497
test,1894,0,0.265934
test,1895,0,0.443862
test,1896,0,0.294416
test,1897,0,0.255281
test,1898,0,0.249169
test,1899,0,0.152340
test,1900,0,0.175522
test,1901,0,0.089254
test,1902,0,0.139670
test,1903,0,0.180558
test,1904,0,0.166038
test,1905,0,0.500285
test,1906,0,0.296344
test,1907,0,0.119866
test,1908,0,0.215958
test,1909,0,0.048823
test,1910,0,0.086023
test,1911,0,0.255557
test,1912,0,0.321492
test,1913,0,0.420795
test,1914,0,0.456117
test,1915,0,0.122599
test,1916,0,0.485877
test,1917,0,0.235890
test,1918,0,0.082161
test,1919,0,0.017011
test,1920,0,0.472188
test,1921,0,0.076086
test,1922,0,0.048021
test,1923,0,0.777637
test,1924,0,0.111927
test,1925,0,0.131619
test,1926,0,0.049874
test,1927,0,0.069496
test,1928,0,0.269265
test,1929,0,0.392552
test,1930,0,0.067335
test,1931,0,0.134375
test,1932,0,0.394571
test,1933,0,0.022947
test,1934,0,0.433540
test,1935,0,0.041063
test,1936,0,0.044397
test,1937,0,0.014951
test,1938,0,0.068221
test,1939,0,0.018162
test,1940,0,0.012179
test,1941,0,0.035410
test,1942,0,0.224820
test,1943,0,0.050034
test,1944,0,0.058418
test,1945,0,0.054233
test,1946,0,0.057552
test,1947,0,0.083716
test,1948,0,0.009375
test,1949,0,0.273259
test,1950,0,0.219498
test,1951,0,0.024245
test,1952,0,0.033027
test,1953,0,0.040171
test,1954,0,0.057930
test,1955,0,0.115668
test,1956,0,0.036837
test,1957,0,0.012532
test,1958,0,0.077090
test,1959,0,0.254442
test,1960,0,0.153891
test,1961,0,0.116341
test,1962,0,0.028445
test,1963,0,0.591532
test,1964,0,0.144031
test,1965,0,0.051558
test,1966,0,0.213205
test,1967,0,0.016503
test,1968,0,0.031678
test,1969,0,0.162544
test,1970,0,0.298970
test,1971,0,0.545856
test,1972,0,0.419852
test,1973,0,0.182077
test,1974,0,0.276547
test,1975,0,0.294777
test,1976,0,0.193050
test,1977,0,0.294350
test,1978,0,0.168015
test,1979,0,0.260499
test,1980,0,0.225484
test,1981,0,0.096197
test,1982,0,0.329466
test,1983,0,0.129755
test,1984,0,0.465168
test,1985,0,0.199661
test,1986,0,0.189002
test,1987,0,0.363083
test,1988,0,0.339278
test,1989,0,0.129177
test,1990,0,0.241520
test,1991,0,0.629621
test,1992,0,0.546569
test,1993,0,0.556077
test,1994,0,0.302746
test,1995,0,0.054201
test,1996,0,0.228618
test,1997,0,0.359264
test,1998,0,0.404555
test,1999,0,0.135375
test,2000,0,0.129776
test,2001,0,0.067662
test,2002,0,0.234822
test,2003,0,0.079084
test,2004,0,0.207339
test,2005,0,0.373024
test,2006,0,0.747532
test,2007,0,0.033106
test,2008,0,0.005817
test,2009,0,0.019800
test,2010,0,0.075872
test,2011,0,0.259017
test,2012,0,0.117424
test,2013,0,0.125756
test,2014,0,0.422453
test,2015,0,0.232872
test,2016,0,0.009584
test,2017,0,0.159615
test,2018,0,0.410064
test,2019,0,0.107020
test,2020,0,0.066617
test,2021,0,0.144611
test,2022,0,0.170436
test,2023,0,0.253933
test,2024,0,0.042295
test,2025,0,0.189181
test,2026,0,0.225713
test,2027,0,0.319972
test,2028,0,0.154983
test,2029,0,0.064230
test,2030,0,0.340762
test,2031,0,0.164868
test,2032,0,0.200078
test,2033,0,0.036301
test,2034,0,0.439316
test,2035,0,0.253440
test,2036,0,0.312836
test,2037,0,0.290513
test,2038,0,0.484385
test,2039,0,0.263779
test,2040,0,0.398759
test,2041,0,0.265620
test,2042,0,0.187104
test,2043,0,0.131890
test,2044,0,0.109701
test,2045,0,0.381971
test,2046,0,0.267446
test,2047,0,0.345938
test,2048,0,0.023376
test,2049,0,0.060718
test,2050,0,0.015328
test,2051,0,0.140736
test,2052,0,0.576745
test,2053,0,0.666624
test,2054,0,0.025979
test,2055,0,0.063685
test,2056,0,0.216196
test,2057,0,0.207526
test,2058,0,0.154545
test,2059,0,0.434061
test,2060,0,0.059891
test,2061,0,0.118048
test,2062,0,0.806629
test,2063,0,0.274517
test,2064,0,0.181921
test,2065,0,0.057502
test,2066,0,0.125955
test,2067,0,0.129142
test,2068,0,0.124936
test,2069,0,0.175095
test,2070,0,0.346417
test,2071,0,0.216168
test,2072,0,0.048413
test,2073,0,0.168863
test,2074,0,0.088870
test,2075,0,0.248205
test,2076,0,0.536798
test,2077,0,0.292442
test,2078,0,0.598762
test,2079,0,0.183814
test,2080,0,0.685121
test,2081,0,0.155952
test,2082,0,0.052936
test,2083,0,0.156351
test,2084,0,0.032912
test,2085,0,0.198312
test,2086,0,0.112889
test,2087,0,0.120072
test,2088,0,0.062014
test,2089,0,0.385710
test,2090,0,0.067119
test,2091,0,0.177412
test,2092,0,0.102110
test,2093,0,0.071845
test,2094,0,0.330011
test,2095,0,0.201342
test,2096,0,0.079285
test,2097,0,0.239524
test,2098,0,0.551181
test,2099,0,0.009120
test,2100,0,0.084518
test,2101,0,0.114932
test,2102,0,0.225936
test,2103,0,0.027191
test,2104,0,0.247074
test,2105,0,0.340075
test,2106,0,0.641398
test,2107,0,0.250683
test,2108,0,0.176810
test,2109,0,0.131398
test,2110,0,0.203241
test,2111,0,0.164711
test,2112,0,0.242219
test,2113,0,0.117027
test,2114,0,0.227486
test,2115,0,0.075671
test,2116,0,0.042160
test,2117,0,0.268246
test,2118,0,0.287816
test,2119,0,0.043117
test,2120,0,0.090900
test,2121,0,0.018389
test,2122,0,0.078017
test,2123,0,0.057824
test,2124,0,0.209212
test,2125,0,0.286494
test,2126,0,0.147660
test,2127,0,0.393424
test,2128,0,0.068913
test,2129,0,0.440604
test,2130,0,0.039764
test,2131,0,0.066883
test,2132,0,0.077682
test,2133,0,0.130386
test,2134,0,0.021428
test,2135,0,0.301211
test,2136,0,0.073714
test,2137,0,0.375126
test,2138,0,0.408299
test,2139,0,0.081147
test,2140,0,0.217311
test,2141,0,0.367698
test,2142,0,0.335152
test,2143,0,0.248424
test,2144,0,0.090675
test,2145,0,0.224367
test,2146,0,0.307185
test,2147,0,0.125415
test,2148,0,0.126390
test,2149,0,0.194152
test,2150,0,0.331827
test,2151,0,0.098436
test,2152,0,0.121249
test,2153,0,0.087363
test,2154,0,0.405553
test,2155,0,0.294491
test,2156,0,0.025114
test,2157,0,0.016322
test,2158,0,0.024819
test,2159,0,0.120513
test,2160,0,0.736922
test,2161,0,0.580956
test,2162,0,0.267412
test,2163,0,0.255511
test,2164,0,0.193363
test,2165,0,0.026739
test,2166,0,0.057785
test,2167,0,0.046668
test,2168,0,0.173666
test,2169,0,0.001442
test,2170,0,0.071102
test,2171,0,0.115213
test,2172,0,0.049644
test,2173,0,0.054779
test,2174,0,0.026036
test,2175,0,0.018259
test,2176,0,0.303882
test,2177,0,0.234460
test,2178,0,0.125008
test,2179,0,0.222520
test,2180,0,0.401515
test,2181,0,0.203120
test,2182,0,0.313906
test,2183,0,0.147061
test,2184,0,0.378623
test,2185,0,0.131438
test,2186,0,0.106626
test,2187,0,0.080688
test,2188,0,0.009229
test,2189,0,0.690282
test,2190,0,0.526143
test,2191,0,0.067753
test,2192,0,0.119520
test,2193,0,0.165214
test,2194,0,0.564714
test,2195,0,0.272829
test,2196,0,0.183338
test,2197,0,0.344158
test,2198,0,0.596335
test,2199,0,0.548406
test,2200,0,0.261927
test,2201,0,0.289354
test,2202,0,0.099683
test,2203,0,0.158829
test,2204,0,0.110064
test,2205,0,0.119665
test,2206,0,0.068870
test,2207,0,0.241772
test,2208,0,0.288669
test,2209,0,0.257980
test,2210,0,0.470971
test,2211,0,0.245583
test,2212,0,0.315869
test,2213,0,0.437229
test,2214,0,0.547333
test,2215,0,0.555056
test,2216,0,0.306239
test,2217,0,0.032961
test,2218,0,0.040049
test,2219,0,0.060245
test,2220,0,0.412901
test,2221,0,0.532487
test,2222,0,0.739968
test,2223,0,0.273412
test,2224,0,0.219444
test,2225,0,0.464501
test,2226,0,0.060715
test,2227,0,0.164859
test,2228,0,0.110487
test,2229,0,0.032838
test,2230,0,0.391113
test,2231,0,0.151132
test,2232,0,0.323680
test,2233,0,0.111693
test,2234,0,0.350215
test,2235,0,0.126590
test,2236,0,0.153544
test,2237,0,0.065123
test,2238,0,0.310119
test,2239,0,0.635490
test,2240,0,0.795675
test,2241,0,0.262783
test,2242,0,0.135631
test,2243,0,0.227223
test,2244,0,0.592024
test,2245,0,0.616520
test,2246,0,0.270338
test,2247,0,0.129731
test,2248,0,0.079156
test,2249,0,0.271547
test,2250,0,0.207198
test,2251,0,0.251307
test,2252,0,0.217128
test,2253,0,0.418334
test,2254,0,0.233745
test,2255,0,0.401851
test,2256,0,0.373375
test,2257,0,0.656449
test,2258,0,0.128907
test,2259,0,0.018448
test,2260,0,0.040255
test,2261,0,0.199924
test,2262,0,0.350829
test,2263,0,0.321387
test,2264,0,0.145825
test,2265,0,0.126145
test,2266,0,0.171967
test,2267,0,0.605331
test,2268,0,0.098592
test,2269,0,0.336133
test,2270,0,0.344348
test,2271,0,0.315311
test,2272,0,0.061775
test,2273,0,0.247862
test,2274,0,0.208363
test,2275,0,0.084550
test,2276,0,0.309074
test,2277,0,0.220375
test,2278,0,0.068338
test,2279,0,0.145352
test,2280,0,0.187747
test,2281,0,0.199519
test,2282,0,0.440883
test,2283,0,0.653077
test,2284,0,0.042936
test,2285,0,0.169295
test,2286,0,0.511480
test,2287,0,0.461933
test,2288,0,0.083718
test,2289,0,0.218944
test,2290,0,0.094631
test,2291,0,0.065265
test,2292,0,0.724042
test,2293,0,0.587445
test,2294,0,0.062702
test,2295,0,0.072847
test,2296,0,0.269352
test,2297,0,0.170404
test,2298,0,0.331045
test,2299,0,0.322591
test,2300,0,0.233627
test,2301,0,0.390713
test,2302,0,0.505438
test,2303,0,0.588715
test,2304,0,0.526865
test,2305,0,0.344211
test,2306,0,0.232701
test,2307,0,0.013445
test,2308,0,0.441604
test,2309,0,0.052379
test,2310,0,0.499981
test,2311,0,0.512700
test,2312,0,0.098682
test,2313,0,0.020599
test,2314,0,0.171035
test,2315,0,0.373138
test,2316,0,0.156404
test,2317,0,0.747432
test,2318,0,0.068393
test,2319,0,0.078276
test,2320,0,0.724671
test,2321,0,0.232482
test,2322,0,0.598560
test,2323,0,0.083799
test,2324,0,0.078112
test,2325,0,0.088452
test,2326,0,0.045443
test,2327,0,0.322817
test,2328,0,0.098552
test,2329,0,0.205203
test,2330,0,0.122097
test,2331,0,0.553000
test,2332,0,0.526372
test,2333,0,0.569535
test,2334,0,0.149814
test,2335,0,0.570586
test,2336,0,0.384462
test,2337,0,0.139215
test,2338,0,0.312131
test,2339,0,0.233161
test,2340,0,0.460830
test,2341,0,0.109576
test,2342,0,0.504476
test,2343,0,0.234828
test,2344,0,0.204522
test,2345,0,0.272328
test,2346,0,0.373316
test,2347,0,0.269088
test,2348,0,0.162509
test,2349,0,0.105067
test,2350,0,0.463361
test,2351,0,0.481221
test,2352,0,0.848442
test,2353,0,0.016663
test,2354,0,0.207032
test,2355,0,0.083202
test,2356,0,0.075446
test,2357,0,0.055969
test,2358,0,0.071356
test,2359,0,0.637002
test,2360,0,0.107570
test,2361,0,0.143776
test,2362,0,0.512183
test,2363,0,0.491833
test,2364,0,0.186747
test,2365,0,0.743114
test,2366,0,0.434031
test,2367,0,0.107977
test,2368,0,0.114924
test,2369,0,0.413923
test,2370,0,0.186334
test,2371,0,0.187511
test,2372,0,0.122602
test,2373,0,0.150591
test,2374,0,0.316161
test,2375,0,0.250547
test,2376,0,0.357896
test,2377,0,0.290260
test,2378,0,0.100209
test,2379,0,0.574537
test,2380,0,0.186410
test,2381,0,0.198627
test,2382,0,0.414757
test,2383,0,0.110024
test,2384,0,0.120786
test,2385,0,0.243211
test,2386,0,0.132688
test,2387,0,0.314479
test,2388,0,0.156548
test,2389,0,0.228210
test,2390,0,0.663823
test,2391,0,0.036895
test,2392,0,0.333229
test,2393,0,0.190450
test,2394,0,0.080335
test,2395,0,0.217602
test,2396,0,0.273246
test,2397,0,0.364539
test,2398,0,0.228433
test,2399,0,0.171179
test,2400,0,0.047989
test,2401,0,0.301489
test,2402,0,0.338712
test,2403,0,0.542271
test,2404,0,0.263106
test,2405,0,0.744908
test,2406,0,0.683345
test,2407,0,0.212490
test,2408,0,0.067026
test,2409,0,0.092702
test,2410,0,0.387021
test,2411,0,0.683209
test,2412,0,0.086519
test,2413,0,0.601753
test,2414,0,0.124525
test,2415,0,0.575556
test,2416,0,0.160101
test,2417,0,0.282931
test,2418,0,0.205254
test,2419,0,0.286338
test,2420,0,0.031475
test,2421,0,0.066937
test,2422,0,0.326475
test,2423,0,0.226623
test,2424,0,0.050452
test,2425,0,0.039779
test,2426,0,0.263277
test,2427,0,0.192029
test,2428,0,0.209802
test,2429,0,0.394409
test,2430,0,0.112895
test,2431,0,0.209139
test,2432,0,0.379552
test,2433,0,0.177970
test,2434,0,0.258699
test,2435,0,0.680970
test,2436,0,0.134202
test,2437,0,0.108329
test,2438,0,0.679809
test,2439,0,0.027340
test,2440,0,0.037635
test,2441,0,0.031269
test,2442,0,0.015283
test,2443,0,0.368993
test,2444,0,0.214553
test,2445,0,0.395627
test,2446,0,0.638325
test,2447,0,0.306963
test,2448,0,0.268942
test,2449,0,0.076374
test,2450,0,0.125918
test,2451,0,0.493571
test,2452,0,0.497953
test,2453,0,0.166822
test,2454,0,0.251895
test,2455,0,0.637340
test,2456,0,0.242644
test,2457,0,0.186376
test,2458,0,0.062600
test,2459,0,0.081353
test,2460,0,0.281804
test,2461,0,0.188613
test,2462,0,0.239746
test,2463,0,0.267234
test,2464,0,0.384414
test,2465,0,0.047704
test,2466,0,0.285390
test,2467,0,0.420537
test,2468,0,0.571475
test,2469,0,0.085147
test,2470,0,0.121202
test,2471,0,0.422805
test,2472,0,0.396498
test,2473,0,0.179563
test,2474,0,0.784548
test,2475,0,0.678898
test,2476,0,0.562182
test,2477,0,0.705957
test,2478,0,0.541158
test,2479,0,0.090261
test,2480,0,0.119874
test,2481,0,0.136535
test,2482,0,0.029710
test,2483,0,0.024075
test,2484,0,0.303703
test,2485,0,0.090897
test,2486,0,0.246347
test,2487,0,0.892776
test,2488,0,0.290894
test,2489,0,0.130412
test,2490,0,0.042826
test,2491,0,0.356393
test,2492,0,0.231201
test,2493,0,0.024624
test,2494,0,0.324596
test,2495,0,0.095713
test,2496,0,0.274764
test,2497,0,0.156578
test,2498,0,0.169469
test,2499,0,0.357578
test,2500,0,0.458382
test,2501,0,0.027804
test,2502,0,0.383394
test,2503,0,0.619586
test,2504,0,0.340598
test,2505,0,0.549916
test,2506,0,0.069566
test,2507,0,0.255427
test,2508,0,0.313703
test,2509,0,0.106662
test,2510,0,0.353410
test,2511,0,0.207965
test,2512,0,0.275818
test,2513,0,0.100604
test,2514,0,0.596544
test,2515,0,0.340369
test,2516,0,0.241497
test,2517,0,0.173873
test,2518,0,0.131626
test,2519,0,0.574939
test,2520,0,0.142680
test,2521,0,0.416813
test,2522,0,0.173606
test,2523,0,0.073094
test,2524,0,0.015973
test,2525,0,0.294927
test,2526,0,0.062331
test,2527,0,0.519975
test,2528,0,0.173910
test,2529,0,0.265775
test,2530,0,0.386549
test,2531,0,0.177629
test,2532,0,0.206776
test,2533,0,0.183843
test,2534,0,0.296195
test,2535,0,0.446168
test,2536,0,0.197939
test,2537,0,0.081935
test,2538,0,0.041467
test,2539,0,0.436827
test,2540,0,0.114847
test,2541,0,0.073345
test,2542,0,0.233715
test,2543,0,0.062775
test,2544,0,0.161760
test,2545,0,0.267056
test,2546,0,0.472952
test,2547,0,0.105630
test,2548,0,0.178466
test,2549,0,0.544402
test,2550,0,0.460018
test,2551,0,0.556279
test,2552,0,0.307340
test,2553,0,0.047864
test,2554,0,0.335286
test,2555,0,0.315232
test,2556,0,0.024077
test,2557,0,0.071468
test,2558,0,0.138107
test,2559,0,0.240337
test,2560,0,0.292577
test,2561,0,0.418459
test,2562,0,0.069520
test,2563,0,0.035468
test,2564,0,0.475283
test,2565,0,0.009284
test,2566,0,0.394292
test,2567,0,0.259971
test,2568,0,0.083826
test,2569,0,0.236035
test,2570,0,0.070668
test,2571,0,0.467163
test,2572,0,0.214039
test,2573,0,0.296696
test,2574,0,0.098906
test,2575,0,0.260516
test,2576,0,0.093208
test,2577,0,0.038959
test,2578,0,0.072889
test,2579,0,0.081218
test,2580,0,0.039073
test,2581,0,0.315352
test,2582,0,0.234560
test,2583,0,0.459066
test,2584,0,0.211796
test,2585,0,0.274609
test,2586,0,0.468339
test,2587,0,0.461628
test,2588,0,0.029274
test,2589,0,0.145693
test,2590,0,0.095253
test,2591,0,0.110751
test,2592,0,0.255350
test,2593,0,0.065670
test,2594,0,0.185709
test,2595,0,0.122994
test,2596,0,0.230994
test,2597,0,0.236594
test,2598,0,0.036495
test,2599,0,0.128113
test,2600,0,0.180670
test,2601,0,0.781073
test,2602,0,0.124966
test,2603,0,0.053504
test,2604,0,0.277081
test,2605,0,0.222303
test,2606,0,0.033712
test,2607,0,0.203526
test,2608,0,0.431690
test,2609,0,0.059993
test,2610,0,0.077070
test,2611,0,0.028052
test,2612,0,0.007423
test,2613,0,0.064225
test,2614,0,0.116067
test,2615,0,0.187140
test,2616,0,0.129663
test,2617,0,0.134539
test,2618,0,0.177920
test,2619,0,0.171933
test,2620,0,0.527463
test,2621,0,0.676534
test,2622,0,0.173980
test,2623,0,0.135605
test,2624,0,0.040965
test,2625,0,0.172941
test,2626,0,0.126573
test,2627,0,0.282848
test,2628,0,0.072348
test,2629,0,0.029267
test,2630,0,0.214043
test,2631,0,0.128566
test,2632,0,0.146494
test,2633,0,0.127841
test,2634,0,0.312049
test,2635,0,0.279793
test,2636,0,0.140439
test,2637,0,0.042826
test,2638,0,0.236148
test,2639,0,0.403909
test,2640,0,0.212039
test,2641,0,0.341469
test,2642,0,0.097115
test,2643,0,0.147331
test,2644,0,0.231443
test,2645,0,0.680480
test,2646,0,0.406495
test,2647,0,0.181952
test,2648,0,0.281233
test,2649,0,0.402532
test,2650,0,0.141687
test,2651,0,0.055936
test,2652,0,0.232047
test,2653,0,0.446618
test,2654,0,0.692822
test,2655,0,0.091809
test,2656,0,0.062926
test,2657,0,0.097012
test,2658,0,0.462256
test,2659,0,0.062619
test,2660,0,0.121655
test,2661,0,0.166795
test,2662,0,0.095549
test,2663,0,0.346248
test,2664,0,0.063376
test,2665,0,0.321070
test,2666,0,0.241337
test,2667,0,0.217992
test,2668,0,0.187572
test,2669,0,0.230839
test,2670,0,0.156144
test,2671,0,0.212379
test,2672,0,0.102256
test,2673,0,0.211830
test,2674,0,0.583533
test,2675,0,0.222938
test,2676,0,0.031598
test,2677,0,0.292338
test,2678,0,0.250119
test,2679,0,0.397706
test,2680,0,0.378219
test,2681,0,0.358343
test,2682,0,0.294763
test,2683,0,0.052499
test,2684,0,0.185077
test,2685,0,0.286674
test,2686,0,0.533781
test,2687,0,0.347815
test,2688,0,0.857316
test,2689,0,0.392893
test,2690,0,0.397266
test,2691,0,0.042000
test,2692,0,0.756495
test,2693,0,0.235180
test,2694,0,0.054127
test,2695,0,0.008852
test,2696,0,0.448140
test,2697,0,0.268662
test,2698,0,0.496423
test,2699,0,0.228714
test,2700,0,0.112349
test,2701,0,0.064616
test,2702,0,0.106754
test,2703,0,0.116282
test,2704,0,0.142849
test,2705,0,0.048661
test,2706,0,0.232899
test,2707,0,0.121932
test,2708,0,0.008453
test,2709,0,0.350927
test,2710,0,0.091521
test,2711,0,0.025482
test,2712,0,0.191589
test,2713,0,0.205469
test,2714,0,0.104219
test,2715,0,0.076165
test,2716,0,0.103643
test,2717,0,0.446051
test,2718,0,0.019987
test,2719,0,0.174091
test,2720,0,0.075545
test,2721,0,0.105786
test,2722,0,0.091391
test,2723,0,0.039196
test,2724,0,0.260315
test,2725,0,0.027282
test,2726,0,0.044988
test,2727,0,0.304739
test,2728,0,0.021377
test,2729,0,0.328272
test,2730,0,0.011799
test,2731,0,0.680992
test,2732,0,0.140624
test,2733,0,0.104209
test,2734,0,0.751920
test,2735,0,0.011217
test,2736,0,0.104007
test,2737,0,0.203660
test,2738,0,0.153085
test,2739,0,0.289230
test,2740,0,0.262073
test,2741,0,0.153158
test,2742,0,0.072702
test,2743,0,0.116565
test,2744,0,0.236391
test,2745,0,0.093441
test,2746,0,0.128499
test,2747,0,0.057245
test,2748,0,0.367341
test,2749,0,0.074251
test,2750,0,0.590623
test,2751,0,0.274600
test,2752,0,0.318424
test,2753,0,0.233511
test,2754,0,0.747064
test,2755,0,0.289337
test,2756,0,0.178364
test,2757,0,0.037155
test,2758,0,0.323881
test,2759,0,0.181679
test,2760,0,0.595616
test,2761,0,0.181805
test,2762,0,0.045745
test,2763,0,0.067766
test,2764,0,0.290199
test,2765,0,0.120020
test,2766,0,0.681672
test,2767,0,0.013461
test,2768,0,0.088654
test,2769,0,0.114839
test,2770,0,0.400790
test,2771,0,0.619877
test,2772,0,0.108105
test,2773,0,0.099050
test,2774,0,0.132354
test,2775,0,0.010582
test,2776,0,0.326174
test,2777,0,0.069919
test,2778,0,0.089067
test,2779,0,0.142592
test,2780,0,0.162643
test,2781,0,0.243434
test,2782,0,0.493077
test,2783,0,0.102784
test,2784,0,0.408411
test,2785,0,0.263477
test,2786,0,0.331311
test,2787,0,0.440254
test,2788,0,0.517712
test,2789,0,0.262476
test,2790,0,0.230994
test,2791,0,0.031708
test,2792,0,0.189923
test,2793,0,0.033523
test,2794,0,0.186189
test,2795,0,0.281312
test,2796,0,0.101204
test,2797,0,0.090884
test,2798,0,0.605629
test,2799,0,0.789914
test,2800,0,0.022563
test,2801,0,0.311241
test,2802,0,0.222635
test,2803,0,0.331652
test,2804,0,0.451918
test,2805,0,0.259443
test,2806,0,0.339962
test,2807,0,0.419008
test,2808,0,0.180059
test,2809,0,0.676070
test,2810,0,0.200301
test,2811,0,0.078989
test,2812,0,0.130088
test,2813,0,0.190605
test,2814,0,0.581855
test,2815,0,0.501003
test,2816,0,0.250688
test,2817,0,0.132224
test,2818,0,0.065899
test,2819,0,0.093707
test,2820,0,0.198100
test,2821,0,0.446701
test,2822,0,0.417417
test,2823,0,0.474625
test,2824,0,0.147533
test,2825,0,0.121453
test,2826,0,0.476429
test,2827,0,0.256736
test,2828,0,0.048900
test,2829,0,0.471044
test,2830,0,0.457928
test,2831,0,0.375498
test,2832,0,0.299450
test,2833,0,0.380284
test,2834,0,0.533491
test,2835,0,0.363934
test,2836,0,0.403050
test,2837,0,0.363258
test,2838,0,0.030840
test,2839,0,0.234167
test,2840,0,0.876104
test,2841,0,0.741391
test,2842,0,0.313401
test,2843,0,0.051588
test,2844,0,0.253846
test,2845,0,0.354800
test,2846,0,0.344027
test,2847,0,0.432268
test,2848,0,0.746523
test,2849,0,0.469806
test,2850,0,0.067773
test,2851,0,0.015347
test,2852,0,0.141912
test,2853,0,0.045654
test,2854,0,0.122227
test,2855,0,0.286028
test,2856,0,0.084175
test,2857,0,0.353854
test,2858,0,0.287679
test,2859,0,0.255809
test,2860,0,0.011304
test,2861,0,0.106931
test,2862,0,0.312541
test,2863,0,0.326454
test,2864,0,0.267228
test,2865,0,0.119801
test,2866,0,0.099972
test,2867,0,0.288045
test,2868,0,0.718313
test,2869,0,0.096548
test,2870,0,0.483521
test,2871,0,0.062981
test,2872,0,0.046765
test,2873,0,0.122228
test,2874,0,0.220772
test,2875,0,0.280685
test,2876,0,0.398990
test,2877,0,0.398070
test,2878,0,0.162676
test,2879,0,0.339168
test,2880,0,0.192677
test,2881,0,0.325523
test,2882,0,0.376356
test,2883,0,0.561707
test,2884,0,0.322278
test,2885,0,0.115955
test,2886,0,0.620143
test,2887,0,0.036063
test,2888,0,0.465169
test,2889,0,0.265536
test,2890,0,0.669851
test,2891,0,0.154878
test,2892,0,0.178371
test,2893,0,0.347627
test,2894,0,0.186936
test,2895,0,0.195960
test,2896,0,0.054855
test,2897,0,0.079926
test,2898,0,0.136410
test,2899,0,0.479253
test,2900,0,0.199315
test,2901,0,0.403297
test,2902,0,0.058392
test,2903,0,0.054749
test,2904,0,0.030944
test,2905,0,0.080205
test,2906,0,0.152912
test,2907,0,0.082357
test,2908,0,0.040198
test,2909,0,0.208169
test,2910,0,0.021837
test,2911,0,0.391410
test,2912,0,0.195155
test,2913,0,0.418811
test,2914,0,0.231685
test,2915,0,0.285842
test,2916,0,0.058423
test,2917,0,0.328410
test,2918,0,0.235975
test,2919,0,0.201215
test,2920,0,0.022613
test,2921,0,0.138286
test,2922,0,0.523605
test,2923,0,0.168773
test,2924,0,0.769470
test,2925,0,0.089528
test,2926,0,0.019956
test,2927,0,0.047630
test,2928,0,0.216646
test,2929,0,0.502918
test,2930,0,0.046362
test,2931,0,0.103639
test,2932,0,0.100757
test,2933,0,0.557853
test,2934,0,0.171680
test,2935,0,0.078113
test,2936,0,0.228736
test,2937,0,0.381687
test,2938,0,0.186199
test,2939,0,0.038076
test,2940,0,0.043250
test,2941,0,0.023015
test,2942,0,0.217831
test,2943,0,0.186570
test,2944,0,0.337424
test,2945,0,0.147866
test,2946,0,0.029689
test,2947,0,0.158503
test,2948,0,0.037166
test,2949,0,0.019629
test,2950,0,0.143088
test,2951,0,0.211458
test,2952,0,0.217773
test,2953,0,0.061043
test,2954,0,0.123025
test,2955,0,0.298843
test,2956,0,0.258316
test,2957,0,0.093282
test,2958,0,0.526093
test,2959,0,0.050223
test,2960,0,0.355023
test,2961,0,0.166919
test,2962,0,0.253550
test,2963,0,0.013396
test,2964,0,0.457528
test,2965,0,0.275686
test,2966,0,0.170339
test,2967,0,0.104584
test,2968,0,0.085337
test,2969,0,0.049845
test,2970,0,0.012306
test,2971,0,0.321026
test,2972,0,0.031041
test,2973,0,0.120979
test,2974,0,0.111738
test,2975,0,0.168486
test,2976,0,0.239497
test,2977,0,0.083774
test,2978,0,0.165082
test,2979,0,0.094604
test,2980,0,0.151557
test,2981,0,0.048087
test,2982,0,0.485691
test,2983,0,0.086174
test,2984,0,0.614313
test,2985,0,0.299434
test,2986,0,0.449381
test,2987,0,0.122684
test,2988,0,0.199003
test,2989,0,0.165274
test,2990,0,0.062865
test,2991,0,0.104567
test,2992,0,0.211694
test,2993,0,0.446906
test,2994,0,0.278685
test,2995,0,0.462736
test,2996,0,0.301203
test,2997,0,0.299833
test,2998,0,0.561893
test,2999,0,0.298203
test,3000,0,0.443002
test,3001,0,0.154615
test,3002,0,0.175445
test,3003,0,0.213918
test,3004,0,0.154023
test,3005,0,0.560935
test,3006,0,0.466074
test,3007,0,0.101685
test,3008,0,0.630629
test,3009,0,0.272814
test,3010,0,0.604472
test,3011,0,0.281825
test,3012,0,0.357578
test,3013,0,0.279255
test,3014,0,0.260600
test,3015,0,0.100138
test,3016,0,0.086805
test,3017,0,0.026939
test,3018,0,0.141692
test,3019,0,0.502229
test,3020,0,0.104940
test,3021,0,0.115596
test,3022,0,0.393932
test,3023,0,0.123125
test,3024,0,0.088232
test,3025,0,0.183168
test,3026,0,0.105776
test,3027,0,0.052882
test,3028,0,0.014489
test,3029,0,0.695216
test,3030,0,0.021966
test,3031,0,0.254794
test,3032,0,0.022854
test,3033,0,0.150014
test,3034,0,0.422440
test,3035,0,0.750323
test,3036,0,0.342596
test,3037,0,0.678634
test,3038,0,0.018217
test,3039,0,0.428478
test,3040,0,0.090952
test,3041,0,0.078602
test,3042,0,0.456936
test,3043,0,0.463706
test,3044,0,0.273048
test,3045,0,0.306862
test,3046,0,0.041830
test,3047,0,0.045373
test,3048,0,0.317177
test,3049,0,0.088659
test,3050,0,0.142643
test,3051,0,0.471037
test,3052,0,0.006141
test,3053,0,0.206474
test,3054,0,0.139867
test,3055,0,0.654582
test,3056,0,0.625207
test,3057,0,0.191387
test,3058,0,0.544416
test,3059,0,0.473578
test,3060,0,0.398952
test,3061,0,0.500373
test,3062,0,0.475130
test,3063,0,0.082449
test,3064,0,0.074142
test,3065,0,0.315736
test,3066,0,0.325481
test,3067,0,0.333283
test,3068,0,0.552597
test,3069,0,0.123464
test,3070,0,0.186034
test,3071,0,0.064898
test,3072,0,0.155282
test,3073,0,0.288590
test,3074,0,0.028315
test,3075,0,0.690689
test,3076,0,0.064177
test,3077,0,0.037470
test,3078,0,0.272901
test,3079,0,0.194493
test,3080,0,0.241169
test,3081,0,0.061001
test,3082,0,0.038437
test,3083,0,0.093248
test,3084,0,0.140066
test,3085,0,0.161491
test,3086,0,0.161491
test,3087,0,0.108848
test,3088,0,0.672196
test,3089,0,0.384954
test,3090,0,0.157389
test,3091,0,0.129018
test,3092,0,0.245346
test,3093,0,0.162882
test,3094,0,0.101854
test,3095,0,0.422257
test,3096,0,0.076474
test,3097,0,0.113132
test,3098,0,0.286610
test,3099,0,0.194266
test,3100,0,0.378196
test,3101,0,0.024330
test,3102,0,0.341386
test,3103,0,0.367841
test,3104,0,0.151545
test,3105,0,0.419311
test,3106,0,0.464141
test,3107,0,0.499641
test,3108,0,0.390955
test,3109,0,0.252477
test,3110,0,0.238420
test,3111,0,0.301405
test,3112,0,0.298204
test,3113,0,0.556204
test,3114,0,0.263034
test,3115,0,0.165499
test,3116,0,0.596528
test,3117,0,0.621897
test,3118,0,0.222546
test,3119,0,0.236834
test,3120,0,0.096938
test,3121,0,0.507305
test,3122,0,0.247537
test,3123,0,0.569255
test,3124,0,0.348997
test,3125,0,0.259603
test,3126,0,0.396952
test,3127,0,0.152133
test,3128,0,0.140184
test,3129,0,0.314340
test,3130,0,0.063944
test,3131,0,0.469596
test,3132,0,0.067504
test,3133,0,0.045782
test,3134,0,0.097293
test,3135,0,0.209571
test,3136,0,0.522956
test,3137,0,0.429983
test,3138,0,0.415687
test,3139,0,0.380653
test,3140,0,0.369734
test,3141,0,0.327143
test,3142,0,0.320302
test,3143,0,0.164402
test,3144,0,0.320762
test,3145,0,0.215344
test,3146,0,0.367009
test,3147,0,0.149936
test,3148,0,0.202043
test,3149,0,0.482196
test,3150,0,0.160221
test,3151,0,0.309517
test,3152,0,0.477558
test,3153,0,0.125146
test,3154,0,0.379072
test,3155,0,0.346071
test,3156,0,0.133806
test,3157,0,0.164879
test,3158,0,0.219937
test,3159,0,0.095218
test,3160,0,0.046035
test,3161,0,0.162436
test,3162,0,0.099681
test,3163,0,0.095397
test,3164,0,0.077500
test,3165,0,0.070407
test,3166,0,0.013321
test,3167,0,0.026308
test,3168,0,0.033775
test,3169,0,0.174728
test,3170,0,0.117780
test,3171,0,0.181118
test,3172,0,0.457913
test,3173,0,0.026169
test,3174,0,0.120462
test,3175,0,0.024350
test,3176,0,0.030713
test,3177,0,0.574152
test,3178,0,0.306209
test,3179,0,0.331318
test,3180,0,0.039445
test,3181,0,0.056741
test,3182,0,0.148268
test,3183,0,0.219831
test,3184,0,0.329712
test,3185,0,0.026465
test,3186,0,0.528061
test,3187,0,0.290206
test,3188,0,0.319456
test,3189,0,0.093844
test,3190,0,0.034970
test,3191,0,0.302495
test,3192,0,0.027251
test,3193,0,0.311613
test,3194,0,0.095608
test,3195,0,0.231592
test,3196,0,0.211006
test,3197,0,0.220503
test,3198,0,0.112403
test,3199,0,0.083457
test,3200,0,0.237068
test,3201,0,0.048767
test,3202,0,0.306466
test,3203,0,0.260326
test,3204,0,0.177663
test,3205,0,0.270060
test,3206,0,0.177444
test,3207,0,0.101566
test,3208,0,0.172571
test,3209,0,0.052282
test,3210,0,0.206854
test,3211,0,0.185463
test,3212,0,0.081514
test,3213,0,0.388473
test,3214,0,0.462929
test,3215,0,0.093654
test,3216,0,0.169985
test,3217,0,0.689511
test,3218,0,0.284812
test,3219,0,0.122754
test,3220,0,0.149820
test,3221,0,0.170286
test,3222,0,0.488113
test,3223,0,0.187786
test,3224,0,0.221165
test,3225,0,0.222340
test,3226,0,0.346959
test,3227,0,0.254878
test,3228,0,0.054726
test,3229,0,0.152102
test,3230,0,0.065788
test,3231,0,0.348518
test,3232,0,0.214011
test,3233,0,0.473605
test,3234,0,0.283202
test,3235,0,0.275906
test,3236,0,0.306784
test,3237,0,0.131669
test,3238,0,0.332051
test,3239,0,0.307253
test,3240,0,0.181076
test,3241,0,0.106789
test,3242,0,0.084549
test,3243,0,0.158723
test,3244,0,0.446218
test,3245,0,0.612815
test,3246,0,0.089786
test,3247,0,0.447916
test,3248,0,0.037375
test,3249,0,0.180340
test,3250,0,0.290389
test,3251,0,0.029053
test,3252,0,0.597616
test,3253,0,0.373783
test,3254,0,0.094776
test,3255,0,0.247005
test,3256,0,0.757833
test,3257,0,0.073261
test,3258,0,0.090775
test,3259,0,0.150441
test,3260,0,0.145990
test,3261,0,0.307290
test,3262,0,0.105378
test,3263,0,0.022065
test,3264,0,0.211346
test,3265,0,0.046489
test,3266,0,0.031759
test,3267,0,0.108013
test,3268,0,0.104156
test,3269,0,0.073188
test,3270,0,0.130542
test,3271,0,0.565623
test,3272,0,0.128304
test,3273,0,0.031442
test,3274,0,0.209778
test,3275,0,0.060277
test,3276,0,0.105425
test,3277,0,0.482672
test,3278,0,0.045351
test,3279,0,0.005427
test,3280,0,0.366882
test,3281,0,0.083307
test,3282,0,0.159443
test,3283,0,0.400620
test,3284,0,0.347889
test,3285,0,0.024119
test,3286,0,0.158928
test,3287,0,0.520877
test,3288,0,0.032446
test,3289,0,0.379196
test,3290,0,0.162693
test,3291,0,0.228634
test,3292,0,0.183859
test,3293,0,0.513467
test,3294,0,0.308287
test,3295,0,0.246243
test,3296,0,0.047179
test,3297,0,0.141290
test,3298,0,0.048623
test,3299,0,0.378443
test,3300,0,0.117858
test,3301,0,0.078486
test,3302,0,0.112801
test,3303,0,0.353526
test,3304,0,0.215164
test,3305,0,0.529806
test,3306,0,0.010295
test,3307,0,0.268479
test,3308,0,0.065152
test,3309,0,0.253235
test,3310,0,0.109127
test,3311,0,0.200921
test,3312,0,0.162133
test,3313,0,0.388371
test,3314,0,0.266141
test,3315,0,0.207061
test,3316,0,0.395280
test,3317,0,0.159502
test,3318,0,0.163799
test,3319,0,0.410316
test,3320,0,0.158910
test,3321,0,0.053429
test,3322,0,0.181982
test,3323,0,0.263564
test,3324,0,0.347300
test,3325,0,0.218902
test,3326,0,0.111460
test,3327,0,0.122431
test,3328,0,0.092035
test,3329,0,0.026855
test,3330,0,0.144790
test,3331,0,0.086298
test,3332,0,0.396759
test,3333,0,0.059739
test,3334,0,0.409371
test,3335,0,0.326377
test,3336,0,0.336500
test,3337,0,0.164164
test,3338,0,0.313678
test,3339,0,0.283059
test,3340,0,0.277200
test,3341,0,0.221427
test,3342,0,0.185791
test,3343,0,0.340871
test,3344,0,0.423810
test,3345,0,0.163014
test,3346,0,0.231404
test,3347,0,0.176698
test,3348,0,0.090784
test,3349,0,0.092280
test,3350,0,0.090276
test,3351,0,0.061168
test,3352,0,0.056119
test,3353,0,0.037564
test,3354,0,0.328505
test,3355,0,0.341321
test,3356,0,0.118756
test,3357,0,0.341938
test,3358,0,0.108546
test,3359,0,0.177064
test,3360,0,0.462836
test,3361,0,0.210905
test,3362,0,0.118351
test,3363,0,0.294834
test,3364,0,0.385672
test,3365,0,0.147980
test,3366,0,0.614104
test,3367,0,0.285648
test,3368,0,0.123435
test,3369,0,0.018779
test,3370,0,0.451693
test,3371,0,0.127373
test,3372,0,0.328579
test,3373,0,0.191522
test,3374,0,0.449708
test,3375,0,0.098617
test,3376,0,0.056159
test,3377,0,0.399964
test,3378,0,0.151714
test,3379,0,0.272996
test,3380,0,0.121776
test,3381,0,0.036331
test,3382,0,0.147432
test,3383,0,0.222156
test,3384,0,0.193174
test,3385,0,0.771778
test,3386,0,0.705039
test,3387,0,0.253994
test,3388,0,0.103528
test,3389,0,0.153903
test,3390,0,0.435272
test,3391,0,0.068135
test,3392,0,0.792755
test,3393,0,0.491416
test,3394,0,0.187739
test,3395,0,0.061275
test,3396,0,0.173992
test,3397,0,0.380353
test,3398,0,0.088977
test,3399,0,0.027733
test,3400,0,0.128778
test,3401,0,0.020172
test,3402,0,0.150283
test,3403,0,0.162493
test,3404,0,0.248377
test,3405,0,0.697579
test,3406,0,0.404555
test,3407,0,0.135375
test,3408,0,0.129776
test,3409,0,0.067662
test,3410,0,0.234822
test,3411,0,0.079084
test,3412,0,0.207339
test,3413,0,0.373024
test,3414,0,0.747532
test,3415,0,0.033106
test,3416,0,0.005817
test,3417,0,0.019800
test,3418,0,0.075872
test,3419,0,0.259017
test,3420,0,0.117424
test,3421,0,0.125756
test,3422,0,0.422453
test,3423,0,0.232872
test,3424,0,0.009584
test,3425,0,0.693970
test,3426,0,0.175411
test,3427,0,0.111742
test,3428,0,0.010424
test,3429,0,0.018841
test,3430,0,0.413627
test,3431,0,0.371692
test,3432,0,0.480363
test,3433,0,0.325157
test,3434,0,0.335649
test,3435,0,0.283473
test,3436,0,0.377161
test,3437,0,0.320762
test,3438,0,0.215344
test,3439,0,0.367009
test,3440,0,0.149936
test,3441,0,0.202043
test,3442,0,0.482196
test,3443,0,0.160221
test,3444,0,0.309517
test,3445,0,0.477558
test,3446,0,0.125146
test,3447,0,0.379072
test,3448,0,0.346071
test,3449,0,0.133806
test,3450,0,0.164879
test,3451,0,0.390881
test,3452,0,0.059296
test,3453,0,0.191547
test,3454,0,0.205269
test,3455,0,0.151371
test,3456,0,0.082694
test,3457,0,0.378382
test,3458,0,0.291253
test,3459,0,0.182714
test,3460,0,0.094000
test,3461,0,0.161435
test,3462,0,0.261638
test,3463,0,0.412017
test,3464,0,0.305619
test,3465,0,0.289714
test,3466,0,0.092812
test,3467,0,0.348143
test,3468,0,0.105490
test,3469,0,0.603310
test,3470,0,0.557652
test,3471,0,0.569777
test,3472,0,0.491422
test,3473,0,0.425743
test,3474,0,0.349237
test,3475,0,0.523449
test,3476,0,0.128112
test,3477,0,0.146926
test,3478,0,0.397826
test,3479,0,0.125582
test,3480,0,0.017202
test,3481,0,0.261385
test,3482,0,0.063014
test,3483,0,0.349430
test,3484,0,0.418513
test,3485,0,0.130049
test,3486,0,0.640032
test,3487,0,0.376396
test,3488,0,0.354570
test,3489,0,0.297987
test,3490,0,0.058003
test,3491,0,0.296001
test,3492,0,0.682410
test,3493,0,0.104301
test,3494,0,0.076612
test,3495,0,0.108205
test,3496,0,0.464330
test,3497,0,0.134666
test,3498,0,0.078939
test,3499,0,0.594119
test,3500,0,0.549140
test,3501,0,0.047979
test,3502,0,0.152510
test,3503,0,0.069867
test,3504,0,0.035410
test,3505,0,0.019134
test,3506,0,0.059793
test,3507,0,0.228902
test,3508,0,0.175107
test,3509,0,0.077081
test,3510,0,0.622881
test,3511,0,0.030418
test,3512,0,0.059480
test,3513,0,0.288721
test,3514,0,0.231503
test,3515,0,0.015792
test,3516,0,0.227611
test,3517,0,0.016744
test,3518,0,0.042075
test,3519,0,0.110255
test,3520,0,0.084787
test,3521,0,0.076420
test,3522,0,0.158325
test,3523,0,0.144253
test,3524,0,0.402078
test,3525,0,0.339352
test,3526,0,0.056182
test,3527,0,0.374133
test,3528,0,0.200976
test,3529,0,0.199039
test,3530,0,0.092130
test,3531,0,0.221510
test,3532,0,0.212481
test,3533,0,0.028831
test,3534,0,0.155326
test,3535,0,0.060203
test,3536,0,0.223869
test,3537,0,0.079354
test,3538,0,0.255891
test,3539,0,0.168130
test,3540,0,0.648804
test,3541,0,0.143830
test,3542,0,0.088842
test,3543,0,0.438098
test,3544,0,0.179333
test,3545,0,0.211693
test,3546,0,0.268266
test,3547,0,0.774943
test,3548,0,0.167016
test,3549,0,0.504080
test,3550,0,0.641153
test,3551,0,0.291543
test,3552,0,0.075923
test,3553,0,0.955525
test,3554,0,0.124773
test,3555,0,0.203184
test,3556,0,0.162975
test,3557,0,0.296197
test,3558,0,0.111458
test,3559,0,0.073714
test,3560,0,0.560542
test,3561,0,0.004982
test,3562,0,0.189666
test,3563,0,0.237753
test,3564,0,0.317522
test,3565,0,0.283511
test,3566,0,0.293590
test,3567,0,0.319803
test,3568,0,0.643520
test,3569,0,0.051745
test,3570,0,0.299249
test,3571,0,0.445004
test,3572,0,0.180393
test,3573,0,0.179340
test,3574,0,0.115331
test,3575,0,0.803805
test,3576,0,0.422200
test,3577,0,0.540713
test,3578,0,0.489032
test,3579,0,0.042811
test,3580,0,0.103735
test,3581,0,0.046918
test,3582,0,0.188829
test,3583,0,0.574564
test,3584,0,0.068482
test,3585,0,0.039818
test,3586,0,0.041854
test,3587,0,0.763414
test,3588,0,0.027960
test,3589,0,0.008597
test,3590,0,0.079828
test,3591,0,0.072938
test,3592,0,0.154599
test,3593,0,0.411243
test,3594,0,0.402294
test,3595,0,0.481987
test,3596,0,0.580158
test,3597,0,0.485471
test,3598,0,0.322150
test,3599,0,0.327181
test,3600,0,0.278882
test,3601,0,0.440371
test,3602,0,0.306152
test,3603,0,0.125698
test,3604,0,0.267807
test,3605,0,0.609474
test,3606,0,0.062764
test,3607,0,0.099329
test,3608,0,0.115309
test,3609,0,0.034723
test,3610,0,0.093229
test,3611,0,0.352647
test,3612,0,0.341873
test,3613,0,0.084527
test,3614,0,0.063429
test,3615,0,0.097969
test,3616,0,0.424536
test,3617,0,0.033633
test,3618,0,0.069632
test,3619,0,0.049201
test,3620,0,0.297159
test,3621,0,0.145161
test,3622,0,0.091888
test,3623,0,0.145888
test,3624,0,0.786476
test,3625,0,0.578426
test,3626,0,0.496324
test,3627,0,0.285380
test,3628,0,0.234389
test,3629,0,0.397948
test,3630,0,0.125768
test,3631,0,0.064072
test,3632,0,0.090168
test,3633,0,0.105975
test,3634,0,0.216084
test,3635,0,0.325276
test,3636,0,0.235069
test,3637,0,0.089119
test,3638,0,0.648392
test,3639,0,0.080343
test,3640,0,0.143884
test,3641,0,0.112772
test,3642,0,0.156396
test,3643,0,0.293516
test,3644,0,0.168076
test,3645,0,0.280012
test,3646,0,0.084762
test,3647,0,0.423888
test,3648,0,0.461885
test,3649,0,0.733155
test,3650,0,0.395979
test,3651,0,0.256207
test,3652,0,0.111286
test,3653,0,0.491170
test,3654,0,0.390089
test,3655,0,0.378033
test,3656,0,0.373353
test,3657,0,0.118719
test,3658,0,0.133978
test,3659,0,0.451498
test,3660,0,0.278919
test,3661,0,0.409004
test,3662,0,0.131117
test,3663,0,0.086906
test,3664,0,0.204751
test,3665,0,0.404193
test,3666,0,0.072734
test,3667,0,0.202035
test,3668,0,0.456814
test,3669,0,0.236607
test,3670,0,0.315013
test,3671,0,0.281735
test,3672,0,0.187837
test,3673,0,0.097055
test,3674,0,0.255713
test,3675,0,0.749655
test,3676,0,0.012438
test,3677,0,0.066288
test,3678,0,0.034604
test,3679,0,0.072528
test,3680,0,0.008820
test,3681,0,0.512824
test,3682,0,0.117832
test,3683,0,0.087794
test,3684,0,0.131754
test,3685,0,0.179494
test,3686,0,0.046129
test,3687,0,0.270530
test,3688,0,0.127925
test,3689,0,0.837350
test,3690,0,0.546465
test,3691,0,0.078933
test,3692,0,0.870170
test,3693,0,0.394942
test,3694,0,0.028767
test,3695,0,0.247557
test,3696,0,0.058384
test,3697,0,0.170297
test,3698,0,0.297974
test,3699,0,0.059813
test,3700,0,0.169494
test,3701,0,0.208956
test,3702,0,0.408394
test,3703,0,0.580896
test,3704,0,0.176342
test,3705,0,0.102627
test,3706,0,0.288998
test,3707,0,0.492370
test,3708,0,0.074166
test,3709,0,0.655883
test,3710,0,0.039213
test,3711,0,0.074826
test,3712,0,0.120826
test,3713,0,0.233346
test,3714,0,0.131241
test,3715,0,0.335100
test,3716,0,0.718454
test,3717,0,0.093958
test,3718,0,0.071647
test,3719,0,0.157150
test,3720,0,0.070683
test,3721,0,0.157296
test,3722,0,0.212195
test,3723,0,0.061799
test,3724,0,0.140899
test,3725,0,0.356727
test,3726,0,0.162561
test,3727,0,0.744030
test,3728,0,0.438039
test,3729,0,0.088696
test,3730,0,0.104323
test,3731,0,0.051813
test,3732,0,0.129403
test,3733,0,0.034552
test,3734,0,0.162202
test,3735,0,0.043162
test,3736,0,0.041214
test,3737,0,0.386964
test,3738,0,0.178059
test,3739,0,0.110441
test,3740,0,0.616869
test,3741,0,0.183387
test,3742,0,0.138105
test,3743,0,0.203943
test,3744,0,0.396408
test,3745,0,0.523193
test,3746,0,0.047053
test,3747,0,0.135388
test,3748,0,0.248700
test,3749,0,0.404672
test,3750,0,0.246341
test,3751,0,0.199002
test,3752,0,0.374090
test,3753,0,0.009098
test,3754,0,0.032111
test,3755,0,0.240871
test,3756,0,0.032326
test,3757,0,0.886564
test,3758,0,0.252416
test,3759,0,0.323353
test,3760,0,0.068109
test,3761,0,0.076434
test,3762,0,0.260649
test,3763,0,0.416391
test,3764,0,0.120453
test,3765,0,0.403832
test,3766,0,0.541281
test,3767,0,0.247088
test,3768,0,0.447231
test,3769,0,0.032446
test,3770,0,0.187615
test,3771,0,0.084878
test,3772,0,0.053006
test,3773,0,0.215856
test,3774,0,0.610054
test,3775,0,0.196629
test,3776,0,0.253515
test,3777,0,0.165884
test,3778,0,0.074688
test,3779,0,0.084736
test,3780,0,0.358420
test,3781,0,0.208871
test,3782,0,0.287259
test,3783,0,0.593358
test,3784,0,0.749036
test,3785,0,0.262480
test,3786,0,0.421785
test,3787,0,0.071651
test,3788,0,0.547353
test,3789,0,0.136972
test,3790,0,0.219170
test,3791,0,0.110341
test,3792,0,0.162749
test,3793,0,0.138446
test,3794,0,0.600860
test,3795,0,0.268224
test,3796,0,0.356116
test,3797,0,0.296122
test,3798,0,0.372652
test,3799,0,0.069433
test,3800,0,0.093117
test,3801,0,0.274754
test,3802,0,0.210389
test,3803,0,0.177642
test,3804,0,0.234510
test,3805,0,0.039911
test,3806,0,0.240952
test,3807,0,0.196523
test,3808,0,0.521449
test,3809,0,0.158235
test,3810,0,0.548356
test,3811,0,0.149638
test,3812,0,0.337507
test,3813,0,0.405206
test,3814,0,0.421174
test,3815,0,0.316767
test,3816,0,0.234531
test,3817,0,0.593681
test,3818,0,0.112586
test,3819,0,0.230029
test,3820,0,0.232572
test,3821,0,0.010970
test,3822,0,0.027223
test,3823,0,0.045059
test,3824,0,0.236282
test,3825,0,0.109951
test,3826,0,0.066983
test,3827,0,0.661016
test,3828,0,0.070480
test,3829,0,0.023012
test,3830,0,0.176701
test,3831,0,0.645291
test,3832,0,0.086931
test,3833,0,0.022966
test,3834,0,0.103198
test,3835,0,0.466198
test,3836,0,0.069788
test,3837,0,0.161015
test,3838,0,0.457278
test,3839,0,0.111716
test,3840,0,0.241450
test,3841,0,0.265666
test,3842,0,0.305694
test,3843,0,0.759096
test,3844,0,0.207529
test,3845,0,0.354094
test,3846,0,0.386163
test,3847,0,0.330038
test,3848,0,0.455618
test,3849,0,0.119209
test,3850,0,0.068443
test,3851,0,0.043413
test,3852,0,0.191321
test,3853,0,0.008874
test,3854,0,0.202948
test,3855,0,0.179761
test,3856,0,0.117102
test,3857,0,0.041660
test,3858,0,0.021027
test,3859,0,0.099352
test,3860,0,0.139362
test,3861,0,0.101186
test,3862,0,0.071845
test,3863,0,0.030232
test,3864,0,0.306779
test,3865,0,0.138910
test,3866,0,0.332941
test,3867,0,0.445995
test,3868,0,0.108976
test,3869,0,0.247059
test,3870,0,0.452426
test,3871,0,0.560663
test,3872,0,0.604485
test,3873,0,0.317292
test,3874,0,0.387012
test,3875,0,0.231933
test,3876,0,0.657896
test,3877,0,0.012460
test,3878,0,0.472233
test,3879,0,0.119277
test,3880,0,0.246713
test,3881,0,0.439123
test,3882,0,0.193959
test,3883,0,0.136371
test,3884,0,0.252983
test,3885,0,0.608815
test,3886,0,0.051028
test,3887,0,0.352831
test,3888,0,0.283409
test,3889,0,0.151680
test,3890,0,0.191173
test,3891,0,0.096096
test,3892,0,0.116351
test,3893,0,0.207169
test,3894,0,0.404037
test,3895,0,0.040976
test,3896,0,0.029073
test,3897,0,0.096730
test,3898,0,0.437609
test,3899,0,0.108470
test,3900,0,0.040372
test,3901,0,0.034814
test,3902,0,0.410675
test,3903,0,0.039501
test,3904,0,0.051556
test,3905,0,0.147053
test,3906,0,0.594373
test,3907,0,0.224995
test,3908,0,0.120912
test,3909,0,0.168070
test,3910,0,0.523173
test,3911,0,0.480215
test,3912,0,0.435002
test,3913,0,0.045919
test,3914,0,0.079802
test,3915,0,0.223604
test,3916,0,0.182745
test,3917,0,0.481294
test,3918,0,0.094872
test,3919,0,0.090443
test,3920,0,0.175581
test,3921,0,0.406420
test,3922,0,0.383428
test,3923,0,0.181239
test,3924,0,0.236250
test,3925,0,0.148392
test,3926,0,0.022540
test,3927,0,0.263026
test,3928,0,0.179592
test,3929,0,0.042798
test,3930,0,0.394656
test,3931,0,0.055127
test,3932,0,0.147136
test,3933,0,0.099896
test,3934,0,0.221163
test,3935,0,0.463625
test,3936,0,0.084110
test,3937,0,0.617326
test,3938,0,0.095040
test,3939,0,0.240712
test,3940,0,0.653265
test,3941,0,0.344460
test,3942,0,0.126279
test,3943,0,0.165420
test,3944,0,0.104479
test,3945,0,0.063108
test,3946,0,0.029507
test,3947,0,0.279949
test,3948,0,0.046891
test,3949,0,0.156595
test,3950,0,0.084067
test,3951,0,0.060989
test,3952,0,0.222277
test,3953,0,0.086302
test,3954,0,0.072682
test,3955,0,0.171752
test,3956,0,0.172653
test,3957,0,0.008704
test,3958,0,0.016494
test,3959,0,0.103786
test,3960,0,0.227019
test,3961,0,0.013908
test,3962,0,0.077334
test,3963,0,0.112130
test,3964,0,0.146187
test,3965,0,0.061088
test,3966,0,0.110286
test,3967,0,0.243010
test,3968,0,0.533857
test,3969,0,0.130501
test,3970,0,0.030062
test,3971,0,0.200893
test,3972,0,0.279089
test,3973,0,0.031525
test,3974,0,0.040691
test,3975,0,0.092319
test,3976,0,0.393348
test,3977,0,0.356006
test,3978,0,0.075609
test,3979,0,0.108915
test,3980,0,0.284205
test,3981,0,0.358047
test,3982,0,0.351229
test,3983,0,0.218142
test,3984,0,0.470071
test,3985,0,0.262518
test,3986,0,0.117479
test,3987,0,0.234319
test,3988,0,0.157312
test,3989,0,0.140573
test,3990,0,0.108892
test,3991,0,0.216400
test,3992,0,0.028686
test,3993,0,0.722179
test,3994,0,0.110500
test,3995,0,0.105427
test,3996,0,0.133309
test,3997,0,0.395818
test,3998,0,0.144860
test,3999,0,0.187167
test,4000,0,0.128593
test,4001,0,0.324218
test,4002,0,0.491021
test,4003,0,0.201687
test,4004,0,0.074189
test,4005,0,0.254938
test,4006,0,0.486986
test,4007,0,0.232797
test,4008,0,0.211732
test,4009,0,0.175023
test,4010,0,0.098240
test,4011,0,0.103839
test,4012,0,0.291698
test,4013,0,0.533000
test,4014,0,0.455079
test,4015,0,0.118990
test,4016,0,0.010749
test,4017,0,0.010381
test,4018,0,0.010019
test,4019,0,0.046054
test,4020,0,0.013952
test,4021,0,0.011281
test,4022,0,0.034552
test,4023,0,0.003304
test,4024,0,0.002807
test,4025,0,0.007748
test,4026,0,0.013201
test,4027,0,0.018122
test,4028,0,0.002077
test,4029,0,0.014718
test,4030,0,0.007103
test,4031,0,0.032789
test,4032,0,0.022867
test,4033,0,0.013302
test,4034,0,0.021388
test,4035,0,0.078823
test,4036,0,0.011658
test,4037,0,0.021927
test,4038,0,0.014226
test,4039,0,0.038834
test,4040,0,0.262756
test,4041,0,0.358795
test,4042,0,0.098528
test,4043,0,0.285313
test,4044,0,0.241269
test,4045,0,0.195314
test,4046,0,0.450223
test,4047,0,0.151205
test,4048,0,0.336338
test,4049,0,0.186439
test,4050,0,0.243405
test,4051,0,0.343219
test,4052,0,0.495443
test,4053,0,0.097709
test,4054,0,0.430428
test,4055,0,0.455758
test,4056,0,0.238863
test,4057,0,0.369140
test,4058,0,0.191022
test,4059,0,0.103639
test,4060,0,0.166668
test,4061,0,0.027735
test,4062,0,0.358558
test,4063,0,0.506720
test,4064,0,0.105633
test,4065,0,0.142539
test,4066,0,0.034481
test,4067,0,0.074494
test,4068,0,0.193115
test,4069,0,0.197895
test,4070,0,0.269984
test,4071,0,0.150377
test,4072,0,0.430603
test,4073,0,0.095656
test,4074,0,0.408731
test,4075,0,0.394661
test,4076,0,0.252279
test,4077,0,0.271498
test,4078,0,0.730609
test,4079,0,0.062277
test,4080,0,0.115251
test,4081,0,0.062425
test,4082,0,0.461994
test,4083,0,0.250002
test,4084,0,0.064998
test,4085,0,0.122341
test,4086,0,0.352828
test,4087,0,0.407542
test,4088,0,0.450298
test,4089,0,0.308853
test,4090,0,0.362759
test,4091,0,0.358119
test,4092,0,0.023226
test,4093,0,0.038187
test,4094,0,0.096701
test,4095,0,0.289767
test,4096,0,0.250379
test,4097,0,0.315869
test,4098,0,0.437229
test,4099,0,0.547333
test,4100,0,0.555056
test,4101,0,0.306239
test,4102,0,0.032961
test,4103,0,0.040049
test,4104,0,0.060245
test,4105,0,0.412901
test,4106,0,0.532487
test,4107,0,0.553735
test,4108,0,0.124034
test,4109,0,0.014281
test,4110,0,0.242447
test,4111,0,0.144315
test,4112,0,0.648211
test,4113,0,0.603691
test,4114,0,0.403119
test,4115,0,0.120150
test,4116,0,0.472936
test,4117,0,0.035231
test,4118,0,0.969906
test,4119,0,0.084318
test,4120,0,0.038243
test,4121,0,0.063205
test,4122,0,0.026218
test,4123,0,0.011410
test,4124,0,0.065617
test,4125,0,0.069315
test,4126,0,0.170535
test,4127,0,0.027301
test,4128,0,0.158133
test,4129,0,0.034956
test,4130,0,0.027620
test,4131,0,0.162177
test,4132,0,0.064009
test,4133,0,0.153586
test,4134,0,0.147953
test,4135,0,0.029140
test,4136,0,0.016041
test,4137,0,0.028715
test,4138,0,0.086006
test,4139,0,0.115456
test,4140,0,0.260517
test,4141,0,0.191185
test,4142,0,0.126059
test,4143,0,0.071760
test,4144,0,0.022884
test,4145,0,0.065660
test,4146,0,0.063006
test,4147,0,0.049836
test,4148,0,0.827046
test,4149,0,0.368177
test,4150,0,0.006625
test,4151,0,0.106959
test,4152,0,0.306937
test,4153,0,0.212562
test,4154,0,0.132407
test,4155,0,0.167537
test,4156,0,0.041732
test,4157,0,0.109161
test,4158,0,0.458834
test,4159,0,0.458447
test,4160,0,0.209059
test,4161,0,0.149341
test,4162,0,0.175238
test,4163,0,0.259981
test,4164,0,0.319927
test,4165,0,0.479428
test,4166,0,0.252050
test,4167,0,0.706736
test,4168,0,0.672838
test,4169,0,0.479428
test,4170,0,0.210429
test,4171,0,0.509128
test,4172,0,0.160364
test,4173,0,0.043851
test,4174,0,0.024476
test,4175,0,0.242663
test,4176,0,0.335587
test,4177,0,0.249846
test,4178,0,0.227361
test,4179,0,0.072546
test,4180,0,0.069184
test,4181,0,0.092360
test,4182,0,0.313084
test,4183,0,0.431545
test,4184,0,0.080772
test,4185,0,0.319433
test,4186,0,0.067193
test,4187,0,0.464053
test,4188,0,0.183416
test,4189,0,0.053930
test,4190,0,0.160323
test,4191,0,0.415993
test,4192,0,0.577899
test,4193,0,0.065379
test,4194,0,0.064773
test,4195,0,0.161969
test,4196,0,0.389943
test,4197,0,0.066883
test,4198,0,0.225915
test,4199,0,0.090037
test,4200,0,0.067147
test,4201,0,0.252813
test,4202,0,0.289080
test,4203,0,0.067736
test,4204,0,0.054530
test,4205,0,0.432419
test,4206,0,0.175595
test,4207,0,0.089948
test,4208,0,0.045864
test,4209,0,0.592370
test,4210,0,0.029325
test,4211,0,0.019936
test,4212,0,0.260545
test,4213,0,0.009483
test,4214,0,0.103129
test,4215,0,0.067460
test,4216,0,0.027920
test,4217,0,0.274183
test,4218,0,0.368568
test,4219,0,0.110279
test,4220,0,0.426133
test,4221,0,0.206560
test,4222,0,0.295580
test,4223,0,0.053330
test,4224,0,0.162216
test,4225,0,0.036105
test,4226,0,0.552853
test,4227,0,0.234557
test,4228,0,0.115167
test,4229,0,0.240030
test,4230,0,0.152687
test,4231,0,0.092530
test,4232,0,0.348338
test,4233,0,0.621164
test,4234,0,0.432042
test,4235,0,0.360095
test,4236,0,0.321959
test,4237,0,0.094167
test,4238,0,0.113613
test,4239,0,0.419229
test,4240,0,0.224131
test,4241,0,0.078075
test,4242,0,0.281730
test,4243,0,0.056611
test,4244,0,0.124008
test,4245,0,0.395561
test,4246,0,0.526777
test,4247,0,0.105710
test,4248,0,0.043328
test,4249,0,0.099214
test,4250,0,0.433279
test,4251,0,0.227403
test,4252,0,0.396674
test,4253,0,0.209989
test,4254,0,0.169759
test,4255,0,0.085551
test,4256,0,0.098839
test,4257,0,0.114073
test,4258,0,0.157130
test,4259,0,0.035549
test,4260,0,0.075953
test,4261,0,0.364649
test,4262,0,0.427757
test,4263,0,0.201303
test,4264,0,0.178840
test,4265,0,0.249874
test,4266,0,0.368112
test,4267,0,0.003434
test,4268,0,0.151988
test,4269,0,0.354157
test,4270,0,0.115893
test,4271,0,0.042282
test,4272,0,0.041299
test,4273,0,0.156526
test,4274,0,0.026064
test,4275,0,0.161688
test,4276,0,0.064316
test,4277,0,0.210691
test,4278,0,0.157129
test,4279,0,0.558284
test,4280,0,0.189241
test,4281,0,0.665629
test,4282,0,0.199620
test,4283,0,0.040310
test,4284,0,0.100067
test,4285,0,0.552886
test,4286,0,0.359929
test,4287,0,0.016937
test,4288,0,0.234653
test,4289,0,0.062863
test,4290,0,0.543901
test,4291,0,0.523974
test,4292,0,0.286906
test,4293,0,0.393424
test,4294,0,0.092656
test,4295,0,0.533187
test,4296,0,0.351243
test,4297,0,0.448447
test,4298,0,0.532551
test,4299,0,0.045483
test,4300,0,0.306144
test,4301,0,0.408473
test,4302,0,0.124383
test,4303,0,0.146823
test,4304,0,0.107284
test,4305,0,0.056389
test,4306,0,0.043472
test,4307,0,0.118502
test,4308,0,0.088928
test,4309,0,0.012112
test,4310,0,0.305083
test,4311,0,0.189222
test,4312,0,0.326478
test,4313,0,0.288161
test,4314,0,0.019754
test,4315,0,0.075238
test,4316,0,0.178975
test,4317,0,0.291010
test,4318,0,0.325303
test,4319,0,0.278793
test,4320,0,0.547230
test,4321,0,0.097790
test,4322,0,0.246334
test,4323,0,0.009767
test,4324,0,0.240787
test,4325,0,0.516627
test,4326,0,0.399578
test,4327,0,0.399896
test,4328,0,0.060320
test,4329,0,0.317214
test,4330,0,0.327804
test,4331,0,0.083614
test,4332,0,0.221841
test,4333,0,0.155187
test,4334,0,0.167031
test,4335,0,0.553080
test,4336,0,0.328295
test,4337,0,0.025152
test,4338,0,0.028137
test,4339,0,0.302019
test,4340,0,0.470556
test,4341,0,0.167010
test,4342,0,0.149731
test,4343,0,0.136480
test,4344,0,0.465021
test,4345,0,0.158886
test,4346,0,0.108735
test,4347,0,0.171559
test,4348,0,0.526323
test,4349,0,0.095652
test,4350,0,0.018697
test,4351,0,0.378716
test,4352,0,0.440552
test,4353,0,0.219740
test,4354,0,0.044637
test,4355,0,0.532539
test,4356,0,0.025661
test,4357,0,0.149138
test,4358,0,0.182857
test,4359,0,0.348017
test,4360,0,0.253260
test,4361,0,0.319604
test,4362,0,0.351863
test,4363,0,0.221673
test,4364,0,0.205268
test,4365,0,0.126572
test,4366,0,0.389324
test,4367,0,0.458617
test,4368,0,0.083937
test,4369,0,0.240600
test,4370,0,0.253035
test,4371,0,0.399431
test,4372,0,0.541195
test,4373,0,0.336619
test,4374,0,0.242875
test,4375,0,0.128548
test,4376,0,0.195896
test,4377,0,0.302655
test,4378,0,0.120208
test,4379,0,0.505503
test,4380,0,0.203026
test,4381,0,0.024827
test,4382,0,0.030969
test,4383,0,0.502138
test,4384,0,0.201280
test,4385,0,0.105455
test,4386,0,0.172492
test,4387,0,0.591305
test,4388,0,0.185524
test,4389,0,0.252570
test,4390,0,0.212121
test,4391,0,0.175294
test,4392,0,0.140194
test,4393,0,0.618935
test,4394,0,0.138803
test,4395,0,0.567458
test,4396,0,0.400943
test,4397,0,0.222548
test,4398,0,0.197149
test,4399,0,0.309594
test,4400,0,0.171891
test,4401,0,0.193067
test,4402,0,0.482241
test,4403,0,0.160762
test,4404,0,0.526772
test,4405,0,0.379045
test,4406,0,0.607776
test,4407,0,0.499652
test,4408,0,0.146054
test,4409,0,0.273078
test,4410,0,0.543567
test,4411,0,0.430069
test,4412,0,0.441851
test,4413,0,0.131326
test,4414,0,0.448067
test,4415,0,0.050576
test,4416,0,0.438155
test,4417,0,0.303232
test,4418,0,0.674631
test,4419,0,0.272878
test,4420,0,0.430573
test,4421,0,0.602723
test,4422,0,0.230326
test,4423,0,0.061907
test,4424,0,0.116061
test,4425,0,0.216226
test,4426,0,0.659212
test,4427,0,0.215735
test,4428,0,0.066133
test,4429,0,0.077382
test,4430,0,0.219019
test,4431,0,0.675409
test,4432,0,0.014491
test,4433,0,0.152670
test,4434,0,0.195267
test,4435,0,0.154166
test,4436,0,0.039290
test,4437,0,0.035083
test,4438,0,0.058597
test,4439,0,0.172019
test,4440,0,0.155600
test,4441,0,0.116610
test,4442,0,0.144735
test,4443,0,0.038412
test,4444,0,0.044962
test,4445,0,0.060542
test,4446,0,0.200948
test,4447,0,0.039567
test,4448,0,0.877979
test,4449,0,0.168252
test,4450,0,0.097648
test,4451,0,0.129197
test,4452,0,0.195409
test,4453,0,0.400139
test,4454,0,0.400139
test,4455,0,0.108092
test,4456,0,0.128096
test,4457,0,0.201122
test,4458,0,0.067111
test,4459,0,0.020013
test,4460,0,0.076397
test,4461,0,0.040098
test,4462,0,0.032808
test,4463,0,0.032997
test,4464,0,0.676048
test,4465,0,0.157650
test,4466,0,0.144002
test,4467,0,0.127422
test,4468,0,0.009040
test,4469,0,0.049780
test,4470,0,0.002120
test,4471,0,0.064122
test,4472,0,0.495952
test,4473,0,0.209980
test,4474,0,0.301061
test,4475,0,0.449357
test,4476,0,0.410366
test,4477,0,0.114714
test,4478,0,0.297444
test,4479,0,0.460986
test,4480,0,0.336608
test,4481,0,0.634605
test,4482,0,0.518598
test,4483,0,0.220391
test,4484,0,0.570610
test,4485,0,0.689412
test,4486,0,0.410153
test,4487,0,0.211004
test,4488,0,0.105209
test,4489,0,0.499818
test,4490,0,0.488184
test,4491,0,0.367287
test,4492,0,0.628849
test,4493,0,0.147294
test,4494,0,0.086290
test,4495,0,0.170908
test,4496,0,0.153452
test,4497,0,0.342031
test,4498,0,0.145852
test,4499,0,0.210993
test,4500,0,0.176635
test,4501,0,0.058087
test,4502,0,0.634474
test,4503,0,0.641352
test,4504,0,0.444770
test,4505,0,0.745764
test,4506,0,0.421066
test,4507,0,0.173629
test,4508,0,0.308171
test,4509,0,0.225268
test,4510,0,0.378122
test,4511,0,0.217363
test,4512,0,0.418745
test,4513,0,0.335541
test,4514,0,0.296049
test,4515,0,0.189678
test,4516,0,0.145045
test,4517,0,0.494015
test,4518,0,0.112832
test,4519,0,0.067719
test,4520,0,0.497176
test,4521,0,0.144782
test,4522,0,0.190069
test,4523,0,0.063735
test,4524,0,0.280942
test,4525,0,0.368972
test,4526,0,0.652750
test,4527,0,0.366267
test,4528,0,0.048013
test,4529,0,0.051724
test,4530,0,0.048909
test,4531,0,0.457349
test,4532,0,0.218101
test,4533,0,0.207105
test,4534,0,0.254944
test,4535,0,0.026742
test,4536,0,0.180415
test,4537,0,0.389451
test,4538,0,0.034448
test,4539,0,0.157847
test,4540,0,0.115864
test,4541,0,0.378691
test,4542,0,0.046762
test,4543,0,0.266899
test,4544,0,0.015929
test,4545,0,0.057129
test,4546,0,0.055156
test,4547,0,0.142321
test,4548,0,0.388646
test,4549,0,0.060222
test,4550,0,0.033138
test,4551,0,0.386730
test,4552,0,0.306278
test,4553,0,0.292361
test,4554,0,0.237358
test,4555,0,0.048631
test,4556,0,0.335647
test,4557,0,0.197240
test,4558,0,0.040532
test,4559,0,0.051771
test,4560,0,0.035208
test,4561,0,0.089706
test,4562,0,0.029962
test,4563,0,0.007914
test,4564,0,0.077026
test,4565,0,0.023898
test,4566,0,0.558621
test,4567,0,0.283454
test,4568,0,0.341729
test,4569,0,0.050998
test,4570,0,0.472062
test,4571,0,0.032971
test,4572,0,0.157961
test,4573,0,0.689190
test,4574,0,0.530908
test,4575,0,0.090939
test,4576,0,0.433115
test,4577,0,0.134796
test,4578,0,0.149392
test,4579,0,0.223128
test,4580,0,0.184327
test,4581,0,0.360028
test,4582,0,0.111457
test,4583,0,0.096674
test,4584,0,0.046702
test,4585,0,0.327767
test,4586,0,0.317355
test,4587,0,0.207223
test,4588,0,0.243341
test,4589,0,0.367780
test,4590,0,0.656963
test,4591,0,0.477182
test,4592,0,0.671688
test,4593,0,0.569937
test,4594,0,0.097563
test,4595,0,0.035345
test,4596,0,0.297475
test,4597,0,0.166238
test,4598,0,0.493384
test,4599,0,0.657499
test,4600,0,0.837478
test,4601,0,0.027592
test,4602,0,0.532578
test,4603,0,0.179987
test,4604,0,0.122962
test,4605,0,0.227213
test,4606,0,0.184398
test,4607,0,0.147867
test,4608,0,0.074627
test,4609,0,0.013095
test,4610,0,0.204478
test,4611,0,0.101307
test,4612,0,0.602241
test,4613,0,0.314936
test,4614,0,0.072698
test,4615,0,0.559434
test,4616,0,0.131503
test,4617,0,0.463290
test,4618,0,0.231797
test,4619,0,0.092024
test,4620,0,0.214675
test,4621,0,0.256185
test,4622,0,0.351013
test,4623,0,0.072153
test,4624,0,0.101462
test,4625,0,0.152504
test,4626,0,0.043868
test,4627,0,0.138248
test,4628,0,0.050354
test,4629,0,0.023395
test,4630,0,0.144932
test,4631,0,0.217310
test,4632,0,0.042910
test,4633,0,0.422239
test,4634,0,0.022529
test,4635,0,0.332968
test,4636,0,0.355573
test,4637,0,0.059234
test,4638,0,0.065959
test,4639,0,0.301965
test,4640,0,0.401262
test,4641,0,0.606094
test,4642,0,0.684630
test,4643,0,0.280370
test,4644,0,0.086895
test,4645,0,0.277887
test,4646,0,0.428618
test,4647,0,0.121626
test,4648,0,0.132212
test,4649,0,0.165858
test,4650,0,0.176382
test,4651,0,0.500394
test,4652,0,0.276544
test,4653,0,0.452520
test,4654,0,0.010413
test,4655,0,0.568262
test,4656,0,0.296202
test,4657,0,0.143080
test,4658,0,0.069454
test,4659,0,0.056124
test,4660,0,0.405863
test,4661,0,0.118984
test,4662,0,0.050824
test,4663,0,0.276548
test,4664,0,0.230387
test,4665,0,0.075481
test,4666,0,0.360957
test,4667,0,0.365838
test,4668,0,0.299546
test,4669,0,0.181685
test,4670,0,0.081183
test,4671,0,0.022870
test,4672,0,0.038669
test,4673,0,0.155158
test,4674,0,0.282698
test,4675,0,0.146683
test,4676,0,0.102286
test,4677,0,0.045423
test,4678,0,0.033393
test,4679,0,0.336175
test,4680,0,0.069965
test,4681,0,0.322770
test,4682,0,0.760040
test,4683,0,0.466933
test,4684,0,0.168402
test,4685,0,0.283027
test,4686,0,0.092939
test,4687,0,0.331543
test,4688,0,0.025298
test,4689,0,0.073062
test,4690,0,0.160807
test,4691,0,0.345326
test,4692,0,0.520295
test,4693,0,0.128138
test,4694,0,0.353627
test,4695,0,0.281343
test,4696,0,0.322522
test,4697,0,0.083006
test,4698,0,0.143972
test,4699,0,0.185541
test,4700,0,0.346587
test,4701,0,0.393093
test,4702,0,0.214819
test,4703,0,0.735663
test,4704,0,0.130708
test,4705,0,0.654993
test,4706,0,0.275073
test,4707,0,0.437655
test,4708,0,0.617632
test,4709,0,0.381653
test,4710,0,0.209599
test,4711,0,0.476168
test,4712,0,0.545258
test,4713,0,0.380751
test,4714,0,0.163030
test,4715,0,0.440891
test,4716,0,0.760776
test,4717,0,0.025486
test,4718,0,0.223212
test,4719,0,0.041806
test,4720,0,0.205330
test,4721,0,0.021930
test,4722,0,0.150585
test,4723,0,0.844654
test,4724,0,0.513149
test,4725,0,0.148974
test,4726,0,0.195332
test,4727,0,0.108315
test,4728,0,0.471144
test,4729,0,0.648916
test,4730,0,0.237111
test,4731,0,0.162201
test,4732,0,0.164357
test,4733,0,0.123330
test,4734,0,0.068303
test,4735,0,0.157198
test,4736,0,0.110324
test,4737,0,0.144883
test,4738,0,0.240857
test,4739,0,0.154755
test,4740,0,0.033631
test,4741,0,0.382743
test,4742,0,0.095173
test,4743,0,0.746800
test,4744,0,0.757250
test,4745,0,0.257946
test,4746,0,0.260694
test,4747,0,0.165013
test,4748,0,0.666043
test,4749,0,0.284516
test,4750,0,0.361622
test,4751,0,0.792929
test,4752,0,0.592552
test,4753,0,0.078652
test,4754,0,0.047012
test,4755,0,0.223424
test,4756,0,0.071743
test,4757,0,0.077922
test,4758,0,0.749782
test,4759,0,0.272058
test,4760,0,0.550977
test,4761,0,0.067783
test,4762,0,0.586087
test,4763,0,0.039467
test,4764,0,0.150009
test,4765,0,0.108369
test,4766,0,0.117288
test,4767,0,0.114967
test,4768,0,0.048771
test,4769,0,0.379934
test,4770,0,0.348287
test,4771,0,0.042581
test,4772,0,0.197359
test,4773,0,0.346043
test,4774,0,0.049657
test,4775,0,0.638980
test,4776,0,0.345310
test,4777,0,0.372291
test,4778,0,0.249699
test,4779,0,0.338485
test,4780,0,0.182940
test,4781,0,0.509288
test,4782,0,0.283573
test,4783,0,0.071023
test,4784,0,0.196472
test,4785,0,0.376222
test,4786,0,0.186945
test,4787,0,0.084397
test,4788,0,0.088821
test,4789,0,0.188133
test,4790,0,0.299188
test,4791,0,0.134314
test,4792,0,0.240404
test,4793,0,0.626923
test,4794,0,0.764776
test,4795,0,0.059289
test,4796,0,0.189778
test,4797,0,0.319683
test,4798,0,0.130669
test,4799,0,0.179812
test,4800,0,0.111407
test,4801,0,0.434165
test,4802,0,0.482517
test,4803,0,0.251154
test,4804,0,0.033634
test,4805,0,0.039526
test,4806,0,0.071184
test,4807,0,0.161313
test,4808,0,0.115421
test,4809,0,0.151554
test,4810,0,0.680546
test,4811,0,0.869067
test,4812,0,0.537527
test,4813,0,0.221287
test,4814,0,0.132691
test,4815,0,0.268074
test,4816,0,0.201310
test,4817,0,0.075264
test,4818,0,0.031687
test,4819,0,0.300594
test,4820,0,0.082081
test,4821,0,0.019802
test,4822,0,0.147032
test,4823,0,0.198267
test,4824,0,0.378807
test,4825,0,0.121279
test,4826,0,0.214963
test,4827,0,0.087285
test,4828,0,0.102352
test,4829,0,0.055943
test,4830,0,0.029253
test,4831,0,0.328148
test,4832,0,0.349298
test,4833,0,0.677939
test,4834,0,0.356460
test,4835,0,0.159837
test,4836,0,0.129949
test,4837,0,0.082726
test,4838,0,0.167138
test,4839,0,0.270355
test,4840,0,0.326620
test,4841,0,0.604705
test,4842,0,0.163617
test,4843,0,0.038421
test,4844,0,0.019637
test,4845,0,0.007366
test,4846,0,0.299462
test,4847,0,0.061854
test,4848,0,0.129194
test,4849,0,0.278314
test,4850,0,0.147518
test,4851,0,0.013391
test,4852,0,0.068309
test,4853,0,0.055900
test,4854,0,0.141582
test,4855,0,0.168948
test,4856,0,0.186627
test,4857,0,0.029799
test,4858,0,0.053745
test,4859,0,0.102672
test,4860,0,0.132233
test,4861,0,0.158899
test,4862,0,0.121836
test,4863,0,0.107479
test,4864,0,0.428192
test,4865,0,0.211974
test,4866,0,0.077987
test,4867,0,0.191440
test,4868,0,0.396255
test,4869,0,0.201745
test,4870,0,0.455959
test,4871,0,0.748421
test,4872,0,0.161863
test,4873,0,0.149200
test,4874,0,0.012123
test,4875,0,0.141754
test,4876,0,0.142158
test,4877,0,0.276581
test,4878,0,0.255090
test,4879,0,0.335034
test,4880,0,0.500922
test,4881,0,0.054972
test,4882,0,0.234416
test,4883,0,0.155148
test,4884,0,0.209911
test,4885,0,0.498105
test,4886,0,0.090577
test,4887,0,0.133574
test,4888,0,0.149525
test,4889,0,0.213823
test,4890,0,0.302852
test,4891,0,0.119171
test,4892,0,0.298498
test,4893,0,0.603574
test,4894,0,0.521734
test,4895,0,0.087650
test,4896,0,0.216197
test,4897,0,0.537246
test,4898,0,0.478821
test,4899,0,0.050644
test,4900,0,0.238983
test,4901,0,0.513506
test,4902,0,0.271181
test,4903,0,0.010562
test,4904,0,0.144404
test,4905,0,0.042565
test,4906,0,0.349708
test,4907,0,0.182861
test,4908,0,0.280563
test,4909,0,0.094778
test,4910,0,0.196264
test,4911,0,0.071357
test,4912,0,0.035098
test,4913,0,0.216036
test,4914,0,0.204303
test,4915,0,0.193785
test,4916,0,0.249919
test,4917,0,0.141231
test,4918,0,0.424928
test,4919,0,0.205005
test,4920,0,0.056494
test,4921,0,0.051139
test,4922,0,0.324764
test,4923,0,0.380831
test,4924,0,0.265487
test,4925,0,0.123880
test,4926,0,0.044383
test,4927,0,0.188174
test,4928,0,0.052116
test,4929,0,0.090212
test,4930,0,0.169230
test,4931,0,0.382149
test,4932,0,0.425854
test,4933,0,0.007900
test,4934,0,0.026470
test,4935,0,0.086751
test,4936,0,0.235597
test,4937,0,0.429537
test,4938,0,0.458490
test,4939,0,0.244138
test,4940,0,0.121626
test,4941,0,0.086223
test,4942,0,0.068864
test,4943,0,0.366921
test,4944,0,0.186408
test,4945,0,0.439769
test,4946,0,0.098028
test,4947,0,0.180999
test,4948,0,0.111674
test,4949,0,0.088749
test,4950,0,0.153085
test,4951,0,0.198129
test,4952,0,0.239677
test,4953,0,0.375056
test,4954,0,0.265367
test,4955,0,0.104731
test,4956,0,0.271752
test,4957,0,0.801534
test,4958,0,0.374611
test,4959,0,0.301656
test,4960,0,0.122718
test,4961,0,0.377747
test,4962,0,0.259039
test,4963,0,0.224285
test,4964,0,0.103783
test,4965,0,0.766132
test,4966,0,0.799187
test,4967,0,0.238573
test,4968,0,0.183040
test,4969,0,0.337894
test,4970,0,0.220758
test,4971,0,0.332105
test,4972,0,0.266474
test,4973,0,0.230949
test,4974,0,0.715542
test,4975,0,0.067317
test,4976,0,0.419746
test,4977,0,0.247932
test,4978,0,0.094826
test,4979,0,0.045428
test,4980,0,0.212183
test,4981,0,0.331431
test,4982,0,0.277950
test,4983,0,0.267643
test,4984,0,0.386748
test,4985,0,0.404798
test,4986,0,0.081497
test,4987,0,0.245742
test,4988,0,0.256439
test,4989,0,0.101504
test,4990,0,0.047091
test,4991,0,0.237821
test,4992,0,0.195099
test,4993,0,0.058569
test,4994,0,0.218849
test,4995,0,0.478553
test,4996,0,0.372110
test,4997,0,0.100596
test,4998,0,0.524715
test,4999,0,0.140808
test,5000,0,0.275504
test,5001,0,0.406125
test,5002,0,0.381308
test,5003,0,0.093700
test,5004,0,0.132021
test,5005,0,0.201322
test,5006,0,0.241765
test,5007,0,0.505500
test,5008,0,0.346373
test,5009,0,0.827190
test,5010,0,0.281319
test,5011,0,0.258876
test,5012,0,0.369861
test,5013,0,0.748930
test,5014,0,0.505196
test,5015,0,0.370625
test,5016,0,0.324759
test,5017,0,0.244672
test,5018,0,0.082286
test,5019,0,0.058922
test,5020,0,0.154176
test,5021,0,0.026288
test,5022,0,0.059291
test,5023,0,0.168571
test,5024,0,0.242035
test,5025,0,0.232087
test,5026,0,0.215434
test,5027,0,0.438119
test,5028,0,0.436939
test,5029,0,0.047863
test,5030,0,0.382648
test,5031,0,0.033808
test,5032,0,0.020103
test,5033,0,0.083234
test,5034,0,0.166771
test,5035,0,0.021223
test,5036,0,0.104956
test,5037,0,0.313761
test,5038,0,0.788309
test,5039,0,0.469463
test,5040,0,0.075451
test,5041,0,0.076839
test,5042,0,0.175225
test,5043,0,0.066054
test,5044,0,0.115004
test,5045,0,0.065839
test,5046,0,0.072550
test,5047,0,0.183881
test,5048,0,0.473228
test,5049,0,0.410097
test,5050,0,0.724612
test,5051,0,0.133801
test,5052,0,0.307170
test,5053,0,0.242389
test,5054,0,0.037997
test,5055,0,0.320308
test,5056,0,0.168361
test,5057,0,0.276648
test,5058,0,0.257039
test,5059,0,0.102291
test,5060,0,0.806025
test,5061,0,0.201948
test,5062,0,0.015987
test,5063,0,0.128881
test,5064,0,0.469872
test,5065,0,0.056677
test,5066,0,0.248442
test,5067,0,0.042716
test,5068,0,0.340627
test,5069,0,0.122100
test,5070,0,0.041903
test,5071,0,0.169307
test,5072,0,0.137710
test,5073,0,0.311700
test,5074,0,0.235832
test,5075,0,0.506603
test,5076,0,0.245017
test,5077,0,0.466126
test,5078,0,0.343514
test,5079,0,0.115110
test,5080,0,0.089488
test,5081,0,0.089319
test,5082,0,0.131393
test,5083,0,0.068421
test,5084,0,0.047072
test,5085,0,0.572979
test,5086,0,0.430239
test,5087,0,0.077205
test,5088,0,0.365673
test,5089,0,0.203162
test,5090,0,0.038320
test,5091,0,0.019404
test,5092,0,0.268246
test,5093,0,0.143431
test,5094,0,0.633959
test,5095,0,0.139995
test,5096,0,0.257186
test,5097,0,0.039635
test,5098,0,0.005524
test,5099,0,0.227323
test,5100,0,0.172119
test,5101,0,0.280136
test,5102,0,0.214184
test,5103,0,0.226363
test,5104,0,0.169834
test,5105,0,0.362316
test,5106,0,0.514800
test,5107,0,0.356255
test,5108,0,0.161694
test,5109,0,0.113472
test,5110,0,0.168046
test,5111,0,0.031347
test,5112,0,0.008459
test,5113,0,0.017196
test,5114,0,0.012613
test,5115,0,0.039537
test,5116,0,0.245081
test,5117,0,0.011159
test,5118,0,0.022990
test,5119,0,0.014206
test,5120,0,0.023093
test,5121,0,0.163421
test,5122,0,0.085018
test,5123,0,0.290984
test,5124,0,0.013364
test,5125,0,0.512994
test,5126,0,0.099780
test,5127,0,0.046800
test,5128,0,0.184613
test,5129,0,0.144346
test,5130,0,0.061584
test,5131,0,0.227498
test,5132,0,0.016599
test,5133,0,0.331240
test,5134,0,0.331731
test,5135,0,0.409718
test,5136,0,0.123981
test,5137,0,0.173888
test,5138,0,0.312397
test,5139,0,0.626102
test,5140,0,0.042326
test,5141,0,0.448957
test,5142,0,0.063455
test,5143,0,0.065309
test,5144,0,0.108371
test,5145,0,0.028318
test,5146,0,0.124076
test,5147,0,0.089101
test,5148,0,0.185476
test,5149,0,0.288964
test,5150,0,0.050885
test,5151,0,0.200430
test,5152,0,0.166810
test,5153,0,0.069080
test,5154,0,0.594279
test,5155,0,0.321760
test,5156,0,0.167545
test,5157,0,0.415817
test,5158,0,0.295957
test,5159,0,0.091116
test,5160,0,0.112219
test,5161,0,0.318858
test,5162,0,0.024797
test,5163,0,0.046479
test,5164,0,0.195565
test,5165,0,0.075865
test,5166,0,0.498401
test,5167,0,0.177867
test,5168,0,0.330151
test,5169,0,0.075190
test,5170,0,0.734080
test,5171,0,0.040847
test,5172,0,0.545106
test,5173,0,0.521647
test,5174,0,0.179320
test,5175,0,0.178395
test,5176,0,0.108116
test,5177,0,0.159297
test,5178,0,0.053171
test,5179,0,0.078731
test,5180,0,0.156832
test,5181,0,0.011951
test,5182,0,0.133867
test,5183,0,0.163551
test,5184,0,0.008567
test,5185,0,0.061172
test,5186,0,0.098853
test,5187,0,0.367909
test,5188,0,0.347339
test,5189,0,0.322478
test,5190,0,0.316023
test,5191,0,0.135998
test,5192,0,0.187946
test,5193,0,0.258078
test,5194,0,0.501481
test,5195,0,0.285392
test,5196,0,0.065624
test,5197,0,0.275636
test,5198,0,0.481555
test,5199,0,0.210055
test,5200,0,0.118760
test,5201,0,0.142836
test,5202,0,0.391766
test,5203,0,0.179082
test,5204,0,0.137207
test,5205,0,0.209539
test,5206,0,0.080693
test,5207,0,0.183875
test,5208,0,0.137939
test,5209,0,0.029602
test,5210,0,0.499392
test,5211,0,0.557599
test,5212,0,0.432695
test,5213,0,0.701195
test,5214,0,0.559703
test,5215,0,0.641490
test,5216,0,0.410224
test,5217,0,0.097772
test,5218,0,0.663263
test,5219,0,0.050405
test,5220,0,0.206787
test,5221,0,0.577056
test,5222,0,0.432215
test,5223,0,0.015624
test,5224,0,0.140604
test,5225,0,0.032003
test,5226,0,0.237561
test,5227,0,0.134417
test,5228,0,0.329405
test,5229,0,0.092160
test,5230,0,0.193428
test,5231,0,0.276967
test,5232,0,0.121055
test,5233,0,0.172533
test,5234,0,0.087996
test,5235,0,0.052262
test,5236,0,0.026778
test,5237,0,0.043485
test,5238,0,0.454674
test,5239,0,0.046004
test,5240,0,0.294269
test,5241,0,0.562275
test,5242,0,0.406385
test,5243,0,0.271199
test,5244,0,0.566890
test,5245,0,0.222474
test,5246,0,0.109158
test,5247,0,0.230818
test,5248,0,0.294772
test,5249,0,0.159814
test,5250,0,0.226866
test,5251,0,0.265929
test,5252,0,0.276840
test,5253,0,0.404841
test,5254,0,0.395491
test,5255,0,0.438844
test,5256,0,0.023070
test,5257,0,0.245677
test,5258,0,0.507989
test,5259,0,0.223422
test,5260,0,0.034547
test,5261,0,0.072386
test,5262,0,0.297093
test,5263,0,0.115432
test,5264,0,0.048788
test,5265,0,0.047387
test,5266,0,0.102655
test,5267,0,0.213987
test,5268,0,0.084748
test,5269,0,0.136843
test,5270,0,0.210779
test,5271,0,0.135065
test,5272,0,0.372708
test,5273,0,0.441902
test,5274,0,0.352386
test,5275,0,0.629291
test,5276,0,0.418081
test,5277,0,0.130270
test,5278,0,0.022250
test,5279,0,0.198708
test,5280,0,0.064456
test,5281,0,0.459218
test,5282,0,0.345889
test,5283,0,0.369407
test,5284,0,0.027546
test,5285,0,0.127196
test,5286,0,0.328962
test,5287,0,0.241509
test,5288,0,0.803006
test,5289,0,0.043581
test,5290,0,0.120172
test,5291,0,0.139910
test,5292,0,0.385673
test,5293,0,0.060352
test,5294,0,0.051124
test,5295,0,0.343134
test,5296,0,0.210959
test,5297,0,0.018851
test,5298,0,0.257383
test,5299,0,0.042351
test,5300,0,0.065424
test,5301,0,0.206141
test,5302,0,0.315568
test,5303,0,0.642983
test,5304,0,0.516235
test,5305,0,0.170979
test,5306,0,0.306373
test,5307,0,0.300151
test,5308,0,0.401126
test,5309,0,0.079225
test,5310,0,0.299769
test,5311,0,0.231364
test,5312,0,0.378986
test,5313,0,0.091570
test,5314,0,0.424880
test,5315,0,0.074901
test,5316,0,0.025054
test,5317,0,0.161571
test,5318,0,0.129367
test,5319,0,0.313447
test,5320,0,0.090122
test,5321,0,0.168423
test,5322,0,0.195835
test,5323,0,0.070086
test,5324,0,0.116308
test,5325,0,0.237708
test,5326,0,0.324205
test,5327,0,0.055638
test,5328,0,0.019291
test,5329,0,0.218775
test,5330,0,0.594167
test,5331,0,0.931228
test,5332,0,0.066953
test,5333,0,0.082251
test,5334,0,0.175470
test,5335,0,0.023428
test,5336,0,0.096940
test,5337,0,0.058139
test,5338,0,0.288207
test,5339,0,0.011827
test,5340,0,0.039201
test,5341,0,0.047477
test,5342,0,0.342203
test,5343,0,0.266700
test,5344,0,0.163429
test,5345,0,0.100694
test,5346,0,0.215489
test,5347,0,0.214493
test,5348,0,0.553233
test,5349,0,0.236711
test,5350,0,0.202313
test,5351,0,0.324982
test,5352,0,0.605799
test,5353,0,0.415035
test,5354,0,0.356348
test,5355,0,0.224294
test,5356,0,0.205237
test,5357,0,0.280740
test,5358,0,0.160188
test,5359,0,0.129401
test,5360,0,0.117896
test,5361,0,0.266207
test,5362,0,0.268279
test,5363,0,0.440262
test,5364,0,0.469529
test,5365,0,0.143599
test,5366,0,0.076860
test,5367,0,0.524446
test,5368,0,0.460150
test,5369,0,0.058906
test,5370,0,0.160308
test,5371,0,0.253517
test,5372,0,0.154990
test,5373,0,0.238831
test,5374,0,0.143334
test,5375,0,0.654367
test,5376,0,0.239630
test,5377,0,0.108288
test,5378,0,0.271992
test,5379,0,0.261555
test,5380,0,0.120773
test,5381,0,0.306739
test,5382,0,0.182532
test,5383,0,0.076493
test,5384,0,0.326447
test,5385,0,0.473076
test,5386,0,0.269665
test,5387,0,0.156564
test,5388,0,0.744868
test,5389,0,0.477895
test,5390,0,0.215989
test,5391,0,0.183393
test,5392,0,0.058301
test,5393,0,0.279982
test,5394,0,0.146861
test,5395,0,0.165115
test,5396,0,0.219850
test,5397,0,0.332655
test,5398,0,0.148062
test,5399,0,0.540619
test,5400,0,0.721176
test,5401,0,0.303644
test,5402,0,0.121340
test,5403,0,0.250623
test,5404,0,0.100943
test,5405,0,0.233192
test,5406,0,0.260307
test,5407,0,0.110961
test,5408,0,0.224205
test,5409,0,0.179297
test,5410,0,0.300957
test,5411,0,0.302312
test,5412,0,0.157862
test,5413,0,0.257740
test,5414,0,0.324006
test,5415,0,0.334945
test,5416,0,0.075234
test,5417,0,0.047612
test,5418,0,0.428699
test,5419,0,0.189287
test,5420,0,0.380149
test,5421,0,0.386830
test,5422,0,0.412998
test,5423,0,0.531255
test,5424,0,0.556377
test,5425,0,0.048989
test,5426,0,0.520928
test,5427,0,0.260798
test,5428,0,0.264138
test,5429,0,0.295065
test,5430,0,0.189820
test,5431,0,0.203743
test,5432,0,0.344701
test,5433,0,0.457745
test,5434,0,0.324564
test,5435,0,0.183493
test,5436,0,0.174267
test,5437,0,0.148632
test,5438,0,0.487939
test,5439,0,0.283486
test,5440,0,0.040535
test,5441,0,0.042066
test,5442,0,0.286343
test,5443,0,0.314405
test,5444,0,0.129402
test,5445,0,0.207027
test,5446,0,0.451607
test,5447,0,0.181629
test,5448,0,0.177973
test,5449,0,0.430276
test,5450,0,0.388530
test,5451,0,0.059912
test,5452,0,0.170395
test,5453,0,0.072003
test,5454,0,0.274590
test,5455,0,0.723797
test,5456,0,0.430416
test,5457,0,0.423861
test,5458,0,0.059582
test,5459,0,0.254087
test,5460,0,0.078993
test,5461,0,0.154129
test,5462,0,0.105455
test,5463,0,0.036626
test,5464,0,0.065372
test,5465,0,0.110463
test,5466,0,0.062321
test,5467,0,0.027576
test,5468,0,0.154705
test,5469,0,0.022069
test,5470,0,0.091633
test,5471,0,0.037080
test,5472,0,0.114419
test,5473,0,0.173969
test,5474,0,0.243695
test,5475,0,0.150133
test,5476,0,0.078636
test,5477,0,0.492146
test,5478,0,0.029360
test,5479,0,0.145317
test,5480,0,0.037850
test,5481,0,0.159826
test,5482,0,0.166336
test,5483,0,0.265068
test,5484,0,0.075585
test,5485,0,0.021356
test,5486,0,0.534390
test,5487,0,0.112573
test,5488,0,0.042541
test,5489,0,0.098781
test,5490,0,0.646464
test,5491,0,0.429072
test,5492,0,0.086084
test,5493,0,0.015151
test,5494,0,0.075024
test,5495,0,0.145314
test,5496,0,0.315525
test,5497,0,0.255144
test,5498,0,0.347188
test,5499,0,0.024449
test,5500,0,0.381749
test,5501,0,0.625382
test,5502,0,0.172613
test,5503,0,0.125662
test,5504,0,0.137945
test,5505,0,0.471537
test,5506,0,0.163461
test,5507,0,0.144710
test,5508,0,0.273875
test,5509,0,0.499898
test,5510,0,0.149754
test,5511,0,0.116755
test,5512,0,0.220190
test,5513,0,0.205847
test,5514,0,0.252453
test,5515,0,0.154677
test,5516,0,0.363805
test,5517,0,0.312478
test,5518,0,0.455091
test,5519,0,0.121174
test,5520,0,0.061653
test,5521,0,0.578158
test,5522,0,0.036018
test,5523,0,0.364945
test,5524,0,0.049785
test,5525,0,0.192414
test,5526,0,0.482989
test,5527,0,0.066350
test,5528,0,0.412449
test,5529,0,0.061731
test,5530,0,0.087109
test,5531,0,0.070715
test,5532,0,0.138316
test,5533,0,0.029957
test,5534,0,0.077046
test,5535,0,0.163733
test,5536,0,0.030452
test,5537,0,0.020798
test,5538,0,0.171943
test,5539,0,0.092162
test,5540,0,0.344773
test,5541,0,0.160845
test,5542,0,0.042713
test,5543,0,0.162537
test,5544,0,0.235369
test,5545,0,0.509054
test,5546,0,0.182264
test,5547,0,0.068431
test,5548,0,0.134548
test,5549,0,0.066205
test,5550,0,0.058296
test,5551,0,0.195877
test,5552,0,0.054392
test,5553,0,0.227159
test,5554,0,0.338167
test,5555,0,0.043720
test,5556,0,0.150129
test,5557,0,0.002292
test,5558,0,0.112036
test,5559,0,0.177943
test,5560,0,0.028769
test,5561,0,0.082413
test,5562,0,0.024672
test,5563,0,0.109846
test,5564,0,0.016865
test,5565,0,0.015377
test,5566,0,0.235507
test,5567,0,0.309270
test,5568,0,0.211808
test,5569,0,0.098788
test,5570,0,0.043640
test,5571,0,0.079024
test,5572,0,0.122363
test,5573,0,0.112667
test,5574,0,0.087820
test,5575,0,0.104625
test,5576,0,0.182957
test,5577,0,0.194813
test,5578,0,0.147821
test,5579,0,0.224483
test,5580,0,0.342647
test,5581,0,0.137328
test,5582,0,0.102746
test,5583,0,0.139269
test,5584,0,0.212564
test,5585,0,0.282563
test,5586,0,0.089546
test,5587,0,0.087776
test,5588,0,0.375789
test,5589,0,0.451473
test,5590,0,0.393647
test,5591,0,0.135562
test,5592,0,0.049642
test,5593,0,0.257387
test,5594,0,0.079226
test,5595,0,0.055704
test,5596,0,0.276682
test,5597,0,0.353149
test,5598,0,0.042705
test,5599,0,0.098948
test,5600,0,0.121211
test,5601,0,0.105300
test,5602,0,0.435452
test,5603,0,0.595655
test,5604,0,0.228956
test,5605,0,0.265970
test,5606,0,0.866132
test,5607,0,0.297106
test,5608,0,0.328069
test,5609,0,0.089381
test,5610,0,0.268124
test,5611,0,0.058351
test,5612,0,0.815283
test,5613,0,0.636670
test,5614,0,0.849542
test,5615,0,0.769693
test,5616,0,0.771922
test,5617,0,0.702519
test,5618,0,0.487518
test,5619,0,0.398366
test,5620,0,0.150599
test,5621,0,0.062780
test,5622,0,0.249243
test,5623,0,0.266259
test,5624,0,0.197718
test,5625,0,0.038721
test,5626,0,0.266651
test,5627,0,0.174345
test,5628,0,0.222214
test,5629,0,0.146000
test,5630,0,0.142467
test,5631,0,0.015030
test,5632,0,0.069425
test,5633,0,0.102318
test,5634,0,0.120380
test,5635,0,0.223043
test,5636,0,0.061095
test,5637,0,0.431686
test,5638,0,0.280781
test,5639,0,0.458090
test,5640,0,0.639404
test,5641,0,0.180927
test,5642,0,0.549231
test,5643,0,0.041379
test,5644,0,0.204488
test,5645,0,0.146556
test,5646,0,0.322052
test,5647,0,0.158283
test,5648,0,0.069323
test,5649,0,0.019931
test,5650,0,0.186828
test,5651,0,0.116807
test,5652,0,0.340979
test,5653,0,0.125310
test,5654,0,0.046428
test,5655,0,0.097298
test,5656,0,0.092722
test,5657,0,0.341026
test,5658,0,0.178622
test,5659,0,0.610027
test,5660,0,0.219756
test,5661,0,0.302056
test,5662,0,0.144311
test,5663,0,0.024805
test,5664,0,0.061663
test,5665,0,0.110604
test,5666,0,0.121171
test,5667,0,0.081224
test,5668,0,0.301485
test,5669,0,0.022185
test,5670,0,0.145128
test,5671,0,0.209649
test,5672,0,0.158416
test,5673,0,0.572129
test,5674,0,0.144450
test,5675,0,0.175214
test,5676,0,0.254834
test,5677,0,0.087322
test,5678,0,0.223063
test,5679,0,0.071100
test,5680,0,0.490222
test,5681,0,0.176475
test,5682,0,0.413052
test,5683,0,0.052281
test,5684,0,0.025993
test,5685,0,0.465537
test,5686,0,0.029823
test,5687,0,0.417860
test,5688,0,0.231843
test,5689,0,0.102574
test,5690,0,0.203415
test,5691,0,0.056008
test,5692,0,0.142311
test,5693,0,0.088591
test,5694,0,0.075679
test,5695,0,0.141486
test,5696,0,0.411005
test,5697,0,0.141207
test,5698,0,0.042790
test,5699,0,0.060519
test,5700,0,0.088729
test,5701,0,0.073918
test,5702,0,0.037306
test,5703,0,0.202375
test,5704,0,0.189445
test,5705,0,0.121968
test,5706,0,0.042750
test,5707,0,0.005157
test,5708,0,0.217593
test,5709,0,0.655392
test,5710,0,0.057641
test,5711,0,0.078667
test,5712,0,0.294980
test,5713,0,0.444827
test,5714,0,0.252111
test,5715,0,0.148473
test,5716,0,0.477625
test,5717,0,0.189371
test,5718,0,0.049773
test,5719,0,0.467837
test,5720,0,0.089929
test,5721,0,0.291804
test,5722,0,0.089181
test,5723,0,0.198334
test,5724,0,0.627660
test,5725,0,0.136344
test,5726,0,0.119450
test,5727,0,0.204275
test,5728,0,0.257038
test,5729,0,0.324778
test,5730,0,0.048259
test,5731,0,0.194908
test,5732,0,0.467772
test,5733,0,0.225273
test,5734,0,0.200558
test,5735,0,0.171668
test,5736,0,0.225273
test,5737,0,0.456256
test,5738,0,0.138763
test,5739,0,0.225273
test,5740,0,0.047286
test,5741,0,0.104583
test,5742,0,0.200328
test,5743,0,0.088929
test,5744,0,0.075066
test,5745,0,0.173029
test,5746,0,0.104253
test,5747,0,0.592605
test,5748,0,0.078135
test,5749,0,0.066540
test,5750,0,0.059272
test,5751,0,0.122673
test,5752,0,0.029115
test,5753,0,0.239262
test,5754,0,0.090882
test,5755,0,0.379874
test,5756,0,0.242185
test,5757,0,0.094537
test,5758,0,0.047525
test,5759,0,0.027074
test,5760,0,0.228952
test,5761,0,0.135993
test,5762,0,0.691925
test,5763,0,0.509439
test,5764,0,0.120413
test,5765,0,0.260867
test,5766,0,0.143998
test,5767,0,0.041825
test,5768,0,0.201397
test,5769,0,0.360887
test,5770,0,0.334608
test,5771,0,0.312288
test,5772,0,0.281390
test,5773,0,0.076689
test,5774,0,0.706491
test,5775,0,0.028191
test,5776,0,0.146047
test,5777,0,0.115809
test,5778,0,0.029393
test,5779,0,0.436255
test,5780,0,0.189003
test,5781,0,0.200827
test,5782,0,0.056368
test,5783,0,0.334009
test,5784,0,0.067404
test,5785,0,0.071316
test,5786,0,0.082500
test,5787,0,0.078346
test,5788,0,0.054343
test,5789,0,0.253263
test,5790,0,0.237628
test,5791,0,0.136081
test,5792,0,0.468035
test,5793,0,0.070911
test,5794,0,0.241485
test,5795,0,0.106229
test,5796,0,0.411281
test,5797,0,0.113405
test,5798,0,0.568717
test,5799,0,0.394499
test,5800,0,0.299206
test,5801,0,0.319357
test,5802,0,0.236035
test,5803,0,0.240855
test,5804,0,0.022440
test,5805,0,0.044999
test,5806,0,0.173779
test,5807,0,0.236315
test,5808,0,0.335939
test,5809,0,0.264841
test,5810,0,0.086314
test,5811,0,0.039881
test,5812,0,0.237954
test,5813,0,0.346619
test,5814,0,0.038072
test,5815,0,0.042369
test,5816,0,0.201060
test,5817,0,0.031912
test,5818,0,0.326965
test,5819,0,0.695774
test,5820,0,0.836065
test,5821,0,0.173617
test,5822,0,0.374391
test,5823,0,0.167897
test,5824,0,0.270294
test,5825,0,0.131322
test,5826,0,0.113592
test,5827,0,0.458111
test,5828,0,0.303373
test,5829,0,0.254041
test,5830,0,0.022265
test,5831,0,0.362570
test,5832,0,0.517214
test,5833,0,0.413125
test,5834,0,0.234028
test,5835,0,0.363188
test,5836,0,0.647030
test,5837,0,0.202790
test,5838,0,0.315962
test,5839,0,0.065779
test,5840,0,0.108779
test,5841,0,0.171339
test,5842,0,0.377031
test,5843,0,0.167303
test,5844,0,0.106041
test,5845,0,0.430282
test,5846,0,0.073470
test,5847,0,0.175592
test,5848,0,0.087416
test,5849,0,0.015029
test,5850,0,0.108844
test,5851,0,0.056288
test,5852,0,0.185516
test,5853,0,0.690899
test,5854,0,0.535076
test,5855,0,0.365455
test,5856,0,0.181290
test,5857,0,0.495060
test,5858,0,0.089066
test,5859,0,0.309853
test,5860,0,0.234824
test,5861,0,0.423073
test,5862,0,0.511818
test,5863,0,0.126528
test,5864,0,0.248820
test,5865,0,0.065934
test,5866,0,0.219685
test,5867,0,0.350244
test,5868,0,0.103618
test,5869,0,0.531690
test,5870,0,0.103871
test,5871,0,0.155544
test,5872,0,0.238475
test,5873,0,0.085274
test,5874,0,0.083255
test,5875,0,0.395281
test,5876,0,0.013644
test,5877,0,0.133072
test,5878,0,0.250813
test,5879,0,0.222023
test,5880,0,0.082002
test,5881,0,0.025225
test,5882,0,0.134865
test,5883,0,0.188139
test,5884,0,0.246070
test,5885,0,0.052571
test,5886,0,0.238475
test,5887,0,0.261463
test,5888,0,0.050975
test,5889,0,0.681335
test,5890,0,0.548094
test,5891,0,0.085643
test,5892,0,0.281512
test,5893,0,0.299748
test,5894,0,0.028877
test,5895,0,0.115746
test,5896,0,0.120592
test,5897,0,0.137971
test,5898,0,0.152692
test,5899,0,0.127460
test,5900,0,0.171941
test,5901,0,0.060239
test,5902,0,0.187867
test,5903,0,0.375367
test,5904,0,0.108083
test,5905,0,0.240158
test,5906,0,0.307521
test,5907,0,0.073562
test,5908,0,0.534782
test,5909,0,0.073429
test,5910,0,0.056688
test,5911,0,0.083186
test,5912,0,0.041693
test,5913,0,0.014166
test,5914,0,0.214074
test,5915,0,0.098528
test,5916,0,0.141703
test,5917,0,0.428631
test,5918,0,0.126077
test,5919,0,0.202901
test,5920,0,0.039182
test,5921,0,0.089284
test,5922,0,0.147998
test,5923,0,0.102517
test,5924,0,0.051684
test,5925,0,0.098190
test,5926,0,0.269469
test,5927,0,0.043687
test,5928,0,0.333649
test,5929,0,0.205171
test,5930,0,0.257848
test,5931,0,0.018271
test,5932,0,0.686800
test,5933,0,0.370862
test,5934,0,0.194039
test,5935,0,0.078737
test,5936,0,0.674810
test,5937,0,0.491327
test,5938,0,0.010662
test,5939,0,0.029286
test,5940,0,0.043875
test,5941,0,0.038072
test,5942,0,0.285411
test,5943,0,0.040670
test,5944,0,0.379834
test,5945,0,0.133948
test,5946,0,0.109226
test,5947,0,0.040138
test,5948,0,0.318050
test,5949,0,0.224797
test,5950,0,0.142696
test,5951,0,0.022254
test,5952,0,0.125233
test,5953,0,0.162811
test,5954,0,0.659091
test,5955,0,0.290896
test,5956,0,0.561292
test,5957,0,0.234064
test,5958,0,0.349419
test,5959,0,0.225584
test,5960,0,0.205981
test,5961,0,0.785956
test,5962,0,0.320022
test,5963,0,0.332839
test,5964,0,0.124135
test,5965,0,0.231049
test,5966,0,0.354817
test,5967,0,0.384153
test,5968,0,0.209145
test,5969,0,0.223458
test,5970,0,0.176886
test,5971,0,0.497339
test,5972,0,0.272714
test,5973,0,0.096873
test,5974,0,0.638478
test,5975,0,0.450773
test,5976,0,0.150058
test,5977,0,0.082514
test,5978,0,0.041358
test,5979,0,0.586233
test,5980,0,0.423987
test,5981,0,0.091325
test,5982,0,0.135967
test,5983,0,0.015368
test,5984,0,0.189978
test,5985,0,0.377832
test,5986,0,0.136500
test,5987,0,0.159309
test,5988,0,0.457905
test,5989,0,0.178079
test,5990,0,0.049541
test,5991,0,0.380467
test,5992,0,0.245736
test,5993,0,0.226167
test,5994,0,0.307106
test,5995,0,0.583497
test,5996,0,0.217394
test,5997,0,0.262145
test,5998,0,0.093365
test,5999,0,0.361862
test,6000,0,0.340721
test,6001,0,0.221382
test,6002,0,0.576235
test,6003,0,0.540238
test,6004,0,0.231490
test,6005,0,0.306367
test,6006,0,0.085861
test,6007,0,0.064430
test,6008,0,0.075951
test,6009,0,0.077932
test,6010,0,0.200854
test,6011,0,0.627847
test,6012,0,0.165043
test,6013,0,0.448707
test,6014,0,0.633090
test,6015,0,0.187773
test,6016,0,0.542405
test,6017,0,0.511118
test,6018,0,0.403733
test,6019,0,0.410678
test,6020,0,0.300131
test,6021,0,0.160144
test,6022,0,0.103970
test,6023,0,0.139101
test,6024,0,0.550519
test,6025,0,0.031255
test,6026,0,0.113747
test,6027,0,0.176683
test,6028,0,0.012598
test,6029,0,0.463900
test,6030,0,0.192753
test,6031,0,0.443067
test,6032,0,0.138497
test,6033,0,0.412758
test,6034,0,0.333610
test,6035,0,0.320105
test,6036,0,0.093003
test,6037,0,0.451851
test,6038,0,0.287394
test,6039,0,0.195547
test,6040,0,0.192510
test,6041,0,0.496141
test,6042,0,0.153734
test,6043,0,0.191385
test,6044,0,0.185791
test,6045,0,0.340871
test,6046,0,0.314703
test,6047,0,0.030604
test,6048,0,0.544227
test,6049,0,0.667179
test,6050,0,0.396382
test,6051,0,0.194096
test,6052,0,0.746045
test,6053,0,0.435718
test,6054,0,0.152390
test,6055,0,0.377956
test,6056,0,0.561617
test,6057,0,0.279564
test,6058,0,0.144924
test,6059,0,0.328866
test,6060,0,0.300987
test,6061,0,0.092360
test,6062,0,0.313084
test,6063,0,0.431545
test,6064,0,0.080772
test,6065,0,0.319433
test,6066,0,0.067193
test,6067,0,0.464053
test,6068,0,0.183416
test,6069,0,0.053930
test,6070,0,0.160323
test,6071,0,0.415993
test,6072,0,0.577899
test,6073,0,0.065379
test,6074,0,0.064773
test,6075,0,0.195887
test,6076,0,0.101015
test,6077,0,0.022045
test,6078,0,0.477718
test,6079,0,0.388346
test,6080,0,0.274078
test,6081,0,0.183801
test,6082,0,0.579219
test,6083,0,0.122754
test,6084,0,0.220080
test,6085,0,0.080885
test,6086,0,0.043439
test,6087,0,0.497387
test,6088,0,0.266186
test,6089,0,0.300899
test,6090,0,0.050027
test,6091,0,0.346804
test,6092,0,0.267212
test,6093,0,0.407604
test,6094,0,0.653793
test,6095,0,0.223575
test,6096,0,0.103326
test,6097,0,0.185623
test,6098,0,0.086749
test,6099,0,0.055386
test,6100,0,0.106484
test,6101,0,0.207727
test,6102,0,0.236993
test,6103,0,0.349199
test,6104,0,0.231595
test,6105,0,0.118023
test,6106,0,0.015393
test,6107,0,0.102982
test,6108,0,0.142172
test,6109,0,0.125750
test,6110,0,0.269998
test,6111,0,0.078476
test,6112,0,0.222131
test,6113,0,0.401294
test,6114,0,0.333608
test,6115,0,0.046962
test,6116,0,0.142519
test,6117,0,0.144558
test,6118,0,0.033913
test,6119,0,0.318134
test,6120,0,0.056467
test,6121,0,0.473603
test,6122,0,0.501085
test,6123,0,0.410426
test,6124,0,0.318928
test,6125,0,0.185866
test,6126,0,0.114350
test,6127,0,0.129186
test,6128,0,0.345881
test,6129,0,0.299711
test,6130,0,0.078194
test,6131,0,0.302434
test,6132,0,0.363849
test,6133,0,0.595720
test,6134,0,0.524575
test,6135,0,0.356165
test,6136,0,0.300764
test,6137,0,0.043967
test,6138,0,0.275816
test,6139,0,0.324650
test,6140,0,0.876377
test,6141,0,0.038867
test,6142,0,0.155448
test,6143,0,0.274843
test,6144,0,0.417542
test,6145,0,0.038308
test,6146,0,0.472845
test,6147,0,0.218770
test,6148,0,0.042728
test,6149,0,0.288197
test,6150,0,0.256597
test,6151,0,0.247685
test,6152,0,0.005606
test,6153,0,0.154319
test,6154,0,0.057705
test,6155,0,0.080357
test,6156,0,0.352793
test,6157,0,0.021692
test,6158,0,0.013978
test,6159,0,0.017980
test,6160,0,0.023142
test,6161,0,0.444795
test,6162,0,0.194763
test,6163,0,0.038801
test,6164,0,0.019010
test,6165,0,0.227031
test,6166,0,0.443578
test,6167,0,0.197874
test,6168,0,0.304576
test,6169,0,0.323832
test,6170,0,0.200170
test,6171,0,0.065306
test,6172,0,0.311532
test,6173,0,0.470618
test,6174,0,0.081734
test,6175,0,0.050131
test,6176,0,0.082004
test,6177,0,0.353060
test,6178,0,0.192914
test,6179,0,0.270659
test,6180,0,0.136366
test,6181,0,0.173957
test,6182,0,0.245956
test,6183,0,0.371082
test,6184,0,0.464234
test,6185,0,0.446327
test,6186,0,0.013969
test,6187,0,0.094635
test,6188,0,0.021893
test,6189,0,0.162347
test,6190,0,0.288241
test,6191,0,0.127444
test,6192,0,0.279240
test,6193,0,0.064593
test,6194,0,0.735754
test,6195,0,0.013326
test,6196,0,0.141885
test,6197,0,0.156910
test,6198,0,0.150428
test,6199,0,0.239142
test,6200,0,0.289487
test,6201,0,0.206342
test,6202,0,0.505945
test,6203,0,0.220218
test,6204,0,0.187594
test,6205,0,0.417246
test,6206,0,0.109484
test,6207,0,0.123045
test,6208,0,0.193360
test,6209,0,0.150807
test,6210,0,0.081962
test,6211,0,0.056385
test,6212,0,0.084025
test,6213,0,0.026143
test,6214,0,0.038862
test,6215,0,0.261257
test,6216,0,0.009630
test,6217,0,0.586821
test,6218,0,0.381717
test,6219,0,0.470137
test,6220,0,0.220986
test,6221,0,0.225606
test,6222,0,0.439548
test,6223,0,0.536859
test,6224,0,0.540322
test,6225,0,0.666848
test,6226,0,0.250707
test,6227,0,0.250051
test,6228,0,0.203293
test,6229,0,0.323927
test,6230,0,0.279786
test,6231,0,0.176705
test,6232,0,0.393808
test,6233,0,0.491384
test,6234,0,0.300017
test,6235,0,0.212570
test,6236,0,0.108378
test,6237,0,0.231593
test,6238,0,0.035354
test,6239,0,0.060170
test,6240,0,0.173619
test,6241,0,0.037950
test,6242,0,0.013226
test,6243,0,0.136101
test,6244,0,0.304610
test,6245,0,0.964454
test,6246,0,0.041900
test,6247,0,0.077423
test,6248,0,0.018600
test,6249,0,0.414077
test,6250,0,0.167960
test,6251,0,0.032549
test,6252,0,0.083668
test,6253,0,0.083690
test,6254,0,0.347704
test,6255,0,0.322924
test,6256,0,0.095225
test,6257,0,0.128324
test,6258,0,0.166197
test,6259,0,0.205475
test,6260,0,0.248561
test,6261,0,0.287436
test,6262,0,0.113124
test,6263,0,0.459559
test,6264,0,0.081974
test,6265,0,0.440202
test,6266,0,0.181003
test,6267,0,0.235772
test,6268,0,0.806907
test,6269,0,0.147280
test,6270,0,0.043573
test,6271,0,0.166098
test,6272,0,0.029757
test,6273,0,0.293262
test,6274,0,0.576869
test,6275,0,0.755480
test,6276,0,0.199195
test,6277,0,0.183445
test,6278,0,0.560950
test,6279,0,0.217634
test,6280,0,0.063026
test,6281,0,0.267451
test,6282,0,0.245757
test,6283,0,0.391487
test,6284,0,0.405792
test,6285,0,0.090476
test,6286,0,0.116521
test,6287,0,0.184225
test,6288,0,0.238731
test,6289,0,0.173596
test,6290,0,0.249711
test,6291,0,0.497409
test,6292,0,0.329472
test,6293,0,0.228293
test,6294,0,0.561822
test,6295,0,0.167364
test,6296,0,0.146710
test,6297,0,0.022527
test,6298,0,0.383124
test,6299,0,0.670225
test,6300,0,0.147076
test,6301,0,0.624254
test,6302,0,0.626242
test,6303,0,0.135210
test,6304,0,0.286616
test,6305,0,0.574203
test,6306,0,0.328242
test,6307,0,0.126891
test,6308,0,0.013692
test,6309,0,0.398029
test,6310,0,0.205643
test,6311,0,0.067550
test,6312,0,0.479236
test,6313,0,0.266509
test,6314,0,0.346278
test,6315,0,0.030385
test,6316,0,0.215500
test,6317,0,0.249310
test,6318,0,0.015201
test,6319,0,0.639384
test,6320,0,0.111674
test,6321,0,0.021116
test,6322,0,0.259436
test,6323,0,0.044864
test,6324,0,0.078293
test,6325,0,0.097194
test,6326,0,0.148787
test,6327,0,0.288535
test,6328,0,0.416480
test,6329,0,0.387519
test,6330,0,0.115696
test,6331,0,0.303120
test,6332,0,0.381849
test,6333,0,0.210521
test,6334,0,0.282398
test,6335,0,0.354352
test,6336,0,0.200166
test,6337,0,0.231151
test,6338,0,0.273768
test,6339,0,0.099105
test,6340,0,0.010517
test,6341,0,0.063908
test,6342,0,0.272349
test,6343,0,0.253890
test,6344,0,0.153726
test,6345,0,0.123159
test,6346,0,0.105937
test,6347,0,0.049396
test,6348,0,0.320750
test,6349,0,0.276053
test,6350,0,0.439210
test,6351,0,0.317973
test,6352,0,0.100482
test,6353,0,0.493570
test,6354,0,0.612434
test,6355,0,0.304621
test,6356,0,0.193591
test,6357,0,0.484802
test,6358,0,0.183282
test,6359,0,0.464390
test,6360,0,0.137710
test,6361,0,0.494416
test,6362,0,0.493883
test,6363,0,0.203808
test,6364,0,0.547423
test,6365,0,0.169585
test,6366,0,0.670229
test,6367,0,0.311893
test,6368,0,0.500064
test,6369,0,0.379299
test,6370,0,0.319691
test,6371,0,0.575201
test,6372,0,0.271645
test,6373,0,0.280173
test,6374,0,0.453188
test,6375,0,0.123805
test,6376,0,0.165096
test,6377,0,0.439703
test,6378,0,0.591812
test,6379,0,0.350471
test,6380,0,0.185739
test,6381,0,0.070947
test,6382,0,0.048228
test,6383,0,0.027247
test,6384,0,0.159893
test,6385,0,0.452033
test,6386,0,0.379178
test,6387,0,0.251163
test,6388,0,0.305307
test,6389,0,0.203760
test,6390,0,0.006670
test,6391,0,0.531892
test,6392,0,0.332503
test,6393,0,0.427662
test,6394,0,0.019896
test,6395,0,0.064575
test,6396,0,0.082401
test,6397,0,0.359787
test,6398,0,0.030362
test,6399,0,0.598643
test,6400,0,0.150856
test,6401,0,0.153584
test,6402,0,0.423987
test,6403,0,0.231708
test,6404,0,0.032363
test,6405,0,0.347865
test,6406,0,0.028681
test,6407,0,0.058324
test,6408,0,0.179201
test,6409,0,0.213658
test,6410,0,0.265315
test,6411,0,0.390546
test,6412,0,0.133847
test,6413,0,0.306839
test,6414,0,0.670650
test,6415,0,0.676100
test,6416,0,0.301261
test,6417,0,0.201694
test,6418,0,0.204916
test,6419,0,0.164216
test,6420,0,0.250442
test,6421,0,0.251405
test,6422,0,0.115377
test,6423,0,0.233879
test,6424,0,0.401431
test,6425,0,0.398617
test,6426,0,0.232644
test,6427,0,0.159115
test,6428,0,0.388506
test,6429,0,0.124742
test,6430,0,0.304255
test,6431,0,0.507192
test,6432,0,0.227665
test,6433,0,0.418235
test,6434,0,0.076679
test,6435,0,0.668929
test,6436,0,0.357226
test,6437,0,0.254957
test,6438,0,0.360392
test,6439,0,0.186517
test,6440,0,0.135503
test,6441,0,0.129339
test,6442,0,0.034603
test,6443,0,0.141575
test,6444,0,0.718741
test,6445,0,0.442976
test,6446,0,0.318171
test,6447,0,0.045038
test,6448,0,0.701128
test,6449,0,0.149949
test,6450,0,0.178035
test,6451,0,0.165002
test,6452,0,0.284256
test,6453,0,0.636449
test,6454,0,0.553124
test,6455,0,0.102823
test,6456,0,0.553996
test,6457,0,0.337287
test,6458,0,0.225739
test,6459,0,0.081698
test,6460,0,0.238841
test,6461,0,0.054244
test,6462,0,0.410248
test,6463,0,0.195378
test,6464,0,0.588651
test,6465,0,0.394495
test,6466,0,0.704545
test,6467,0,0.377951
test,6468,0,0.049434
test,6469,0,0.176715
test,6470,0,0.095067
test,6471,0,0.276825
test,6472,0,0.075159
test,6473,0,0.391598
test,6474,0,0.204450
test,6475,0,0.587938
test,6476,0,0.322373
test,6477,0,0.100374
test,6478,0,0.064620
test,6479,0,0.284898
test,6480,0,0.099079
test,6481,0,0.206094
test,6482,0,0.348458
test,6483,0,0.197359
test,6484,0,0.173223
test,6485,0,0.389187
test,6486,0,0.361330
test,6487,0,0.346043
test,6488,0,0.049657
test,6489,0,0.638980
test,6490,0,0.345310
test,6491,0,0.372291
test,6492,0,0.249699
test,6493,0,0.263313
test,6494,0,0.163268
test,6495,0,0.252362
test,6496,0,0.064843
test,6497,0,0.153312
test,6498,0,0.018274
test,6499,0,0.102397
test,6500,0,0.033699
test,6501,0,0.119837
test,6502,0,0.042651
test,6503,0,0.204748
test,6504,0,0.114859
test,6505,0,0.090221
test,6506,0,0.045786
test,6507,0,0.130259
test,6508,0,0.292785
test,6509,0,0.792385
test,6510,0,0.169529
test,6511,0,0.027552
test,6512,0,0.061043
test,6513,0,0.272693
test,6514,0,0.264494
test,6515,0,0.045936
test,6516,0,0.061244
test,6517,0,0.452569
test,6518,0,0.160247
test,6519,0,0.037147
test,6520,0,0.119132
test,6521,0,0.450889
test,6522,0,0.063697
test,6523,0,0.043165
test,6524,0,0.448067
test,6525,0,0.248555
test,6526,0,0.047272
test,6527,0,0.115619
test,6528,0,0.325347
test,6529,0,0.258711
test,6530,0,0.176199
test,6531,0,0.056158
test,6532,0,0.270288
test,6533,0,0.397291
test,6534,0,0.268667
test,6535,0,0.068477
test,6536,0,0.026791
test,6537,0,0.319051
test,6538,0,0.701602
test,6539,0,0.186656
test,6540,0,0.275599
test,6541,0,0.068812
test,6542,0,0.151409
test,6543,0,0.069180
test,6544,0,0.330166
test,6545,0,0.262850
test,6546,0,0.843160
test,6547,0,0.233038
test,6548,0,0.476318
test,6549,0,0.058043
test,6550,0,0.073346
test,6551,0,0.112130
test,6552,0,0.165606
test,6553,0,0.089453
test,6554,0,0.089624
test,6555,0,0.448487
test,6556,0,0.011014
test,6557,0,0.158529
test,6558,0,0.310923
test,6559,0,0.152786
test,6560,0,0.133625
test,6561,0,0.091408
test,6562,0,0.201597
test,6563,0,0.222335
test,6564,0,0.069165
test,6565,0,0.481320
test,6566,0,0.364119
test,6567,0,0.294345
test,6568,0,0.021251
test,6569,0,0.621194
test,6570,0,0.084192
test,6571,0,0.419117
test,6572,0,0.350441
test,6573,0,0.720124
test,6574,0,0.064062
test,6575,0,0.045595
test,6576,0,0.316004
test,6577,0,0.791207
test,6578,0,0.579038
test,6579,0,0.051780
test,6580,0,0.267039
test,6581,0,0.068120
test,6582,0,0.415328
test,6583,0,0.064790
test,6584,0,0.304336
test,6585,0,0.268944
test,6586,0,0.319806
test,6587,0,0.048516
test,6588,0,0.011090
test,6589,0,0.163868
test,6590,0,0.419260
test,6591,0,0.251286
test,6592,0,0.448848
test,6593,0,0.657571
test,6594,0,0.263357
test,6595,0,0.212927
test,6596,0,0.158164
test,6597,0,0.231864
test,6598,0,0.127909
test,6599,0,0.149150
test,6600,0,0.208324
test,6601,0,0.714731
test,6602,0,0.158365
test,6603,0,0.216982
test,6604,0,0.106023
test,6605,0,0.148245
test,6606,0,0.201906
test,6607,0,0.029635
test,6608,0,0.332538
test,6609,0,0.175025
test,6610,0,0.147578
test,6611,0,0.449208
test,6612,0,0.422508
test,6613,0,0.303136
test,6614,0,0.028713
test,6615,0,0.279042
test,6616,0,0.068098
test,6617,0,0.180628
test,6618,0,0.117969
test,6619,0,0.186827
test,6620,0,0.383745
test,6621,0,0.123661
test,6622,0,0.211889
test,6623,0,0.078897
test,6624,0,0.039803
test,6625,0,0.145986
test,6626,0,0.174050
test,6627,0,0.507216
test,6628,0,0.077291
test,6629,0,0.260510
test,6630,0,0.305143
test,6631,0,0.132499
test,6632,0,0.675990
test,6633,0,0.218173
test,6634,0,0.009890
test,6635,0,0.406725
test,6636,0,0.613207
test,6637,0,0.080289
test,6638,0,0.060550
test,6639,0,0.041433
test,6640,0,0.241127
test,6641,0,0.406452
test,6642,0,0.047478
test,6643,0,0.210786
test,6644,0,0.164414
test,6645,0,0.256904
test,6646,0,0.266285
test,6647,0,0.107750
test,6648,0,0.250184
test,6649,0,0.343256
test,6650,0,0.042481
test,6651,0,0.075204
test,6652,0,0.138161
test,6653,0,0.298519
test,6654,0,0.080286
test,6655,0,0.156292
test,6656,0,0.349507
test,6657,0,0.428152
test,6658,0,0.151205
test,6659,0,0.138998
test,6660,0,0.293492
test,6661,0,0.450737
test,6662,0,0.398286
test,6663,0,0.817769
test,6664,0,0.161942
test,6665,0,0.293273
test,6666,0,0.184130
test,6667,0,0.469277
test,6668,0,0.324679
test,6669,0,0.172658
test,6670,0,0.451595
test,6671,0,0.627952
test,6672,0,0.131658
test,6673,0,0.308550
test,6674,0,0.112212
test,6675,0,0.457172
test,6676,0,0.200279
test,6677,0,0.148628
test,6678,0,0.863650
test,6679,0,0.070714
test,6680,0,0.355292
test,6681,0,0.065536
test,6682,0,0.217025
test,6683,0,0.516850
test,6684,0,0.120626
test,6685,0,0.174408
test,6686,0,0.122288
test,6687,0,0.082802
test,6688,0,0.041132
test,6689,0,0.738874
test,6690,0,0.377524
test,6691,0,0.132010
test,6692,0,0.309624
test,6693,0,0.323362
test,6694,0,0.410439
test,6695,0,0.179865
test,6696,0,0.048928
test,6697,0,0.054345
test,6698,0,0.205943
test,6699,0,0.155401
test,6700,0,0.405360
test,6701,0,0.018114
test,6702,0,0.169925
test,6703,0,0.086368
test,6704,0,0.056925
test,6705,0,0.645643
test,6706,0,0.075991
test,6707,0,0.073455
test,6708,0,0.334018
test,6709,0,0.036735
test,6710,0,0.044296
test,6711,0,0.320707
test,6712,0,0.160239
test,6713,0,0.051175
test,6714,0,0.035785
test,6715,0,0.142652
test,6716,0,0.016616
test,6717,0,0.257947
test,6718,0,0.176896
test,6719,0,0.090122
test,6720,0,0.151600
test,6721,0,0.038142
test,6722,0,0.063075
test,6723,0,0.068804
test,6724,0,0.055676
test,6725,0,0.193740
test,6726,0,0.462505
test,6727,0,0.501211
test,6728,0,0.046044
test,6729,0,0.393515
test,6730,0,0.021509
test,6731,0,0.236516
test,6732,0,0.367181
test,6733,0,0.547065
test,6734,0,0.092305
test,6735,0,0.069480
test,6736,0,0.056945
test,6737,0,0.203904
test,6738,0,0.431584
test,6739,0,0.177950
test,6740,0,0.043856
test,6741,0,0.331846
test,6742,0,0.173632
test,6743,0,0.136441
test,6744,0,0.196148
test,6745,0,0.289876
test,6746,0,0.303150
test,6747,0,0.481247
test,6748,0,0.079146
test,6749,0,0.164314
test,6750,0,0.021194
test,6751,0,0.295282
test,6752,0,0.274738
test,6753,0,0.209168
test,6754,0,0.074417
test,6755,0,0.111120
test,6756,0,0.371320
test,6757,0,0.419640
test,6758,0,0.251060
test,6759,0,0.251060
test,6760,0,0.266429
test,6761,0,0.097232
test,6762,0,0.048960
test,6763,0,0.467511
test,6764,0,0.383168
test,6765,0,0.073462
test,6766,0,0.105495
test,6767,0,0.329873
test,6768,0,0.306521
test,6769,0,0.367148
test,6770,0,0.199612
test,6771,0,0.237854
test,6772,0,0.575701
test,6773,0,0.044374
test,6774,0,0.069104
test,6775,0,0.330535
test,6776,0,0.380724
test,6777,0,0.137795
test,6778,0,0.319901
test,6779,0,0.121810
test,6780,0,0.216019
test,6781,0,0.301659
test,6782,0,0.225745
test,6783,0,0.036631
test,6784,0,0.073944
test,6785,0,0.592933
test,6786,0,0.075229
test,6787,0,0.263754
test,6788,0,0.119675
test,6789,0,0.292822
test,6790,0,0.104063
test,6791,0,0.353872
test,6792,0,0.019685
test,6793,0,0.084295
test,6794,0,0.293820
test,6795,0,0.078585
test,6796,0,0.303229
test,6797,0,0.325948
test,6798,0,0.080043
test,6799,0,0.192043
test,6800,0,0.299962
test,6801,0,0.522023
test,6802,0,0.297471
test,6803,0,0.053868
test,6804,0,0.014847
test,6805,0,0.326190
test,6806,0,0.291979
test,6807,0,0.740610
test,6808,0,0.197550
test,6809,0,0.085575
test,6810,0,0.289198
test,6811,0,0.119070
test,6812,0,0.126612
test,6813,0,0.057120
test,6814,0,0.312938
test,6815,0,0.121055
test,6816,0,0.402592
test,6817,0,0.341171
test,6818,0,0.323564
test,6819,0,0.072806
test,6820,0,0.042600
test,6821,0,0.137295
test,6822,0,0.172510
test,6823,0,0.091749
test,6824,0,0.823095
test,6825,0,0.263907
test,6826,0,0.159355
test,6827,0,0.090293
test,6828,0,0.597357
test,6829,0,0.579044
test,6830,0,0.131822
test,6831,0,0.118164
test,6832,0,0.094826
test,6833,0,0.538132
test,6834,0,0.076032
test,6835,0,0.158439
test,6836,0,0.448035
test,6837,0,0.391487
test,6838,0,0.157300
test,6839,0,0.032059
test,6840,0,0.118126
test,6841,0,0.163210
test,6842,0,0.224053
test,6843,0,0.474215
test,6844,0,0.871639
test,6845,0,0.218342
test,6846,0,0.091190
test,6847,0,0.375295
test,6848,0,0.380701
test,6849,0,0.494901
test,6850,0,0.022855
test,6851,0,0.080940
test,6852,0,0.530704
test,6853,0,0.689130
test,6854,0,0.039924
test,6855,0,0.321783
test,6856,0,0.112571
test,6857,0,0.138051
test,6858,0,0.092425
test,6859,0,0.102466
test,6860,0,0.348510
test,6861,0,0.295632
test,6862,0,0.487609
test,6863,0,0.257223
test,6864,0,0.261827
test,6865,0,0.179481
test,6866,0,0.072077
test,6867,0,0.206185
test,6868,0,0.113515
test,6869,0,0.098556
test,6870,0,0.349204
test,6871,0,0.396415
test,6872,0,0.267887
test,6873,0,0.605758
test,6874,0,0.412748
test,6875,0,0.334839
test,6876,0,0.070772
test,6877,0,0.228925
test,6878,0,0.490928
test,6879,0,0.400396
test,6880,0,0.102032
test,6881,0,0.444167
test,6882,0,0.335309
test,6883,0,0.036585
test,6884,0,0.048733
test,6885,0,0.051565
test,6886,0,0.539032
test,6887,0,0.151967
test,6888,0,0.742125
test,6889,0,0.652028
test,6890,0,0.543371
test,6891,0,0.081640
test,6892,0,0.541921
test,6893,0,0.094185
test,6894,0,0.326104
test,6895,0,0.112595
test,6896,0,0.253076
test,6897,0,0.265972
test,6898,0,0.302340
test,6899,0,0.141694
test,6900,0,0.303544
test,6901,0,0.195041
test,6902,0,0.106450
test,6903,0,0.162630
test,6904,0,0.272093
test,6905,0,0.437848
test,6906,0,0.468905
test,6907,0,0.456614
test,6908,0,0.543785
test,6909,0,0.440102
test,6910,0,0.345723
test,6911,0,0.574240
test,6912,0,0.481753
test,6913,0,0.480664
test,6914,0,0.191622
test,6915,0,0.077188
test,6916,0,0.244147
test,6917,0,0.287250
test,6918,0,0.023840
test,6919,0,0.346967
test,6920,0,0.051088
test,6921,0,0.321713
test,6922,0,0.275644
test,6923,0,0.144828
test,6924,0,0.211707
test,6925,0,0.097657
test,6926,0,0.299935
test,6927,0,0.111087
test,6928,0,0.152479
test,6929,0,0.612689
test,6930,0,0.473451
test,6931,0,0.129795
test,6932,0,0.455425
test,6933,0,0.148362
test,6934,0,0.753637
test,6935,0,0.380959
test,6936,0,0.523911
test,6937,0,0.043141
test,6938,0,0.050212
test,6939,0,0.180331
test,6940,0,0.757386
test,6941,0,0.447398
test,6942,0,0.240425
test,6943,0,0.429952
test,6944,0,0.402531
test,6945,0,0.096891
test,6946,0,0.195052
test,6947,0,0.220217
test,6948,0,0.290950
test,6949,0,0.066292
test,6950,0,0.285640
test,6951,0,0.229876
test,6952,0,0.625892
test,6953,0,0.455190
test,6954,0,0.282787
test,6955,0,0.587361
test,6956,0,0.451227
test,6957,0,0.236267
test,6958,0,0.063043
test,6959,0,0.030707
test,6960,0,0.314204
test,6961,0,0.158786
test,6962,0,0.153704
test,6963,0,0.115750
test,6964,0,0.034724
test,6965,0,0.042645
test,6966,0,0.221030
test,6967,0,0.154051
test,6968,0,0.066799
test,6969,0,0.347098
test,6970,0,0.042196
test,6971,0,0.156268
test,6972,0,0.135019
test,6973,0,0.098826
test,6974,0,0.096912
test,6975,0,0.411300
test,6976,0,0.306147
test,6977,0,0.179276
test,6978,0,0.358145
test,6979,0,0.262478
test,6980,0,0.181615
test,6981,0,0.154720
test,6982,0,0.415905
test,6983,0,0.289365
test,6984,0,0.454080
test,6985,0,0.274483
test,6986,0,0.108774
test,6987,0,0.505702
test,6988,0,0.030580
test,6989,0,0.175521
test,6990,0,0.138912
test,6991,0,0.234476
test,6992,0,0.157603
test,6993,0,0.124616
test,6994,0,0.081397
test,6995,0,0.311002
test,6996,0,0.432210
test,6997,0,0.044453
test,6998,0,0.290799
test,6999,0,0.179931
test,7000,0,0.316897
test,7001,0,0.085896
test,7002,0,0.015831
test,7003,0,0.271646
test,7004,0,0.036440
test,7005,0,0.045477
test,7006,0,0.010933
test,7007,0,0.393756
test,7008,0,0.396259
test,7009,0,0.392137
test,7010,0,0.345784
test,7011,0,0.199867
test,7012,0,0.084302
test,7013,0,0.273345
test,7014,0,0.188006
test,7015,0,0.601498
test,7016,0,0.684296
test,7017,0,0.537658
test,7018,0,0.295636
test,7019,0,0.339004
test,7020,0,0.215631
test,7021,0,0.163991
test,7022,0,0.146575
test,7023,0,0.468137
test,7024,0,0.507574
test,7025,0,0.173427
test,7026,0,0.252867
test,7027,0,0.235855
test,7028,0,0.320180
test,7029,0,0.071735
test,7030,0,0.249392
test,7031,0,0.045128
test,7032,0,0.348558
test,7033,0,0.707570
test,7034,0,0.079917
test,7035,0,0.359691
test,7036,0,0.112177
test,7037,0,0.411259
test,7038,0,0.135676
test,7039,0,0.032329
test,7040,0,0.215334
test,7041,0,0.309978
test,7042,0,0.189736
test,7043,0,0.162657
test,7044,0,0.134531
test,7045,0,0.512463
test,7046,0,0.224411
test,7047,0,0.160407
test,7048,0,0.305981
test,7049,0,0.470787
test,7050,0,0.076465
test,7051,0,0.200836
test,7052,0,0.048481
test,7053,0,0.029088
test,7054,0,0.184905
test,7055,0,0.229166
test,7056,0,0.044770
test,7057,0,0.554772
test,7058,0,0.821751
test,7059,0,0.268195
test,7060,0,0.248078
test,7061,0,0.384675
test,7062,0,0.386675
test,7063,0,0.807968
test,7064,0,0.320931
test,7065,0,0.026913
test,7066,0,0.317617
test,7067,0,0.431211
test,7068,0,0.279314
test,7069,0,0.063478
test,7070,0,0.155788
test,7071,0,0.038820
test,7072,0,0.338143
test,7073,0,0.075753
test,7074,0,0.102559
test,7075,0,0.030949
test,7076,0,0.008324
test,7077,0,0.046122
test,7078,0,0.048308
test,7079,0,0.013477
test,7080,0,0.209630
test,7081,0,0.081502
test,7082,0,0.116815
test,7083,0,0.372731
test,7084,0,0.198616
test,7085,0,0.025266
test,7086,0,0.254187
test,7087,0,0.025705
test,7088,0,0.194846
test,7089,0,0.073762
test,7090,0,0.043182
test,7091,0,0.552454
test,7092,0,0.383345
test,7093,0,0.052334
test,7094,0,0.577536
test,7095,0,0.561260
test,7096,0,0.161109
test,7097,0,0.108548
test,7098,0,0.054503
test,7099,0,0.129608
test,7100,0,0.626349
test,7101,0,0.033542
test,7102,0,0.014704
test,7103,0,0.042660
test,7104,0,0.262055
test,7105,0,0.043099
test,7106,0,0.372637
test,7107,0,0.036288
test,7108,0,0.360115
test,7109,0,0.925760
test,7110,0,0.734814
test,7111,0,0.143133
test,7112,0,0.033136
test,7113,0,0.506728
test,7114,0,0.194681
test,7115,0,0.310034
test,7116,0,0.323534
test,7117,0,0.172213
test,7118,0,0.619955
test,7119,0,0.508058
test,7120,0,0.343678
test,7121,0,0.646005
test,7122,0,0.071153
test,7123,0,0.535404
test,7124,0,0.338308
test,7125,0,0.447636
test,7126,0,0.458763
test,7127,0,0.225324
test,7128,0,0.320492
test,7129,0,0.309163
test,7130,0,0.619439
test,7131,0,0.134776
test,7132,0,0.398231
test,7133,0,0.083007
test,7134,0,0.359326
test,7135,0,0.154063
test,7136,0,0.090472
test,7137,0,0.216601
test,7138,0,0.262458
test,7139,0,0.099884
test,7140,0,0.076168
test,7141,0,0.230062
test,7142,0,0.116843
test,7143,0,0.622233
test,7144,0,0.533420
test,7145,0,0.548846
test,7146,0,0.177161
test,7147,0,0.434738
test,7148,0,0.191328
test,7149,0,0.156187
test,7150,0,0.692135
test,7151,0,0.578142
test,7152,0,0.311139
test,7153,0,0.031422
test,7154,0,0.164291
test,7155,0,0.203160
test,7156,0,0.455726
test,7157,0,0.669867
test,7158,0,0.509734
test,7159,0,0.235762
test,7160,0,0.098133
test,7161,0,0.149917
test,7162,0,0.088097
test,7163,0,0.106052
test,7164,0,0.404186
test,7165,0,0.018719
test,7166,0,0.271096
test,7167,0,0.311872
test,7168,0,0.260050
test,7169,0,0.246164
test,7170,0,0.323917
test,7171,0,0.336605
test,7172,0,0.486663
test,7173,0,0.026450
test,7174,0,0.047568
test,7175,0,0.204918
test,7176,0,0.142903
test,7177,0,0.160286
test,7178,0,0.111111
test,7179,0,0.188415
test,7180,0,0.229656
test,7181,0,0.469221
test,7182,0,0.144915
test,7183,0,0.198148
test,7184,0,0.519881
test,7185,0,0.085530
test,7186,0,0.080142
test,7187,0,0.271207
test,7188,0,0.384129
test,7189,0,0.336307
test,7190,0,0.408979
test,7191,0,0.388848
test,7192,0,0.221156
test,7193,0,0.047507
test,7194,0,0.103427
test,7195,0,0.339191
test,7196,0,0.235663
test,7197,0,0.183957
test,7198,0,0.177234
test,7199,0,0.383443
test,7200,0,0.577863
test,7201,0,0.599799
test,7202,0,0.163951
test,7203,0,0.418382
test,7204,0,0.103875
test,7205,0,0.695408
test,7206,0,0.535833
test,7207,0,0.293295
test,7208,0,0.227361
test,7209,0,0.446398
test,7210,0,0.124321
test,7211,0,0.320403
test,7212,0,0.136862
test,7213,0,0.086468
test,7214,0,0.072998
test,7215,0,0.716037
test,7216,0,0.607722
test,7217,0,0.158970
test,7218,0,0.175145
test,7219,0,0.066290
test,7220,0,0.042532
test,7221,0,0.012406
test,7222,0,0.038154
test,7223,0,0.036917
test,7224,0,0.524813
test,7225,0,0.108870
test,7226,0,0.371058
test,7227,0,0.445437
test,7228,0,0.169100
test,7229,0,0.397870
test,7230,0,0.166694
test,7231,0,0.168187
test,7232,0,0.145875
test,7233,0,0.089598
test,7234,0,0.133307
test,7235,0,0.177867
test,7236,0,0.905029
test,7237,0,0.613187
test,7238,0,0.341153
test,7239,0,0.117765
test,7240,0,0.288305
test,7241,0,0.053030
test,7242,0,0.242760
test,7243,0,0.430787
test,7244,0,0.054567
test,7245,0,0.178300
test,7246,0,0.120502
test,7247,0,0.066800
test,7248,0,0.192528
test,7249,0,0.403764
test,7250,0,0.301843
test,7251,0,0.135535
test,7252,0,0.140523
test,7253,0,0.224167
test,7254,0,0.013369
test,7255,0,0.201463
test,7256,0,0.018860
test,7257,0,0.060984
test,7258,0,0.010855
test,7259,0,0.105093
test,7260,0,0.101998
test,7261,0,0.070268
test,7262,0,0.005849
test,7263,0,0.173631
test,7264,0,0.215480
test,7265,0,0.183207
test,7266,0,0.067554
test,7267,0,0.191464
test,7268,0,0.226763
test,7269,0,0.130085
test,7270,0,0.020476
test,7271,0,0.628416
test,7272,0,0.497425
test,7273,0,0.373861
test,7274,0,0.554304
test,7275,0,0.188049
test,7276,0,0.232363
test,7277,0,0.469683
test,7278,0,0.083196
test,7279,0,0.199933
test,7280,0,0.154506
test,7281,0,0.368642
test,7282,0,0.483814
test,7283,0,0.144793
test,7284,0,0.066504
test,7285,0,0.125014
test,7286,0,0.421160
test,7287,0,0.629038
test,7288,0,0.284956
test,7289,0,0.495532
test,7290,0,0.326510
test,7291,0,0.264907
test,7292,0,0.065737
test,7293,0,0.158083
test,7294,0,0.488967
test,7295,0,0.179555
test,7296,0,0.089163
test,7297,0,0.021472
test,7298,0,0.274347
test,7299,0,0.235022
test,7300,0,0.190266
test,7301,0,0.094938
test,7302,0,0.067300
test,7303,0,0.211907
test,7304,0,0.182541
test,7305,0,0.080331
test,7306,0,0.085944
test,7307,0,0.195474
test,7308,0,0.083581
test,7309,0,0.166062
test,7310,0,0.144347
test,7311,0,0.093980
test,7312,0,0.076085
test,7313,0,0.049684
test,7314,0,0.285143
test,7315,0,0.506148
test,7316,0,0.224934
test,7317,0,0.082346
test,7318,0,0.063909
test,7319,0,0.383479
test,7320,0,0.241795
test,7321,0,0.162255
test,7322,0,0.177296
test,7323,0,0.057761
test,7324,0,0.624501
test,7325,0,0.229374
test,7326,0,0.467327
test,7327,0,0.185395
test,7328,0,0.110258
test,7329,0,0.191464
test,7330,0,0.289928
test,7331,0,0.313184
test,7332,0,0.241797
test,7333,0,0.178910
test,7334,0,0.026940
test,7335,0,0.036593
test,7336,0,0.309070
test,7337,0,0.032469
test,7338,0,0.206510
test,7339,0,0.452897
test,7340,0,0.021293
test,7341,0,0.536878
test,7342,0,0.769630
test,7343,0,0.069558
test,7344,0,0.138987
test,7345,0,0.070186
test,7346,0,0.437619
test,7347,0,0.202513
test,7348,0,0.117425
test,7349,0,0.338075
test,7350,0,0.287885
test,7351,0,0.070309
test,7352,0,0.173511
test,7353,0,0.203942
test,7354,0,0.242048
test,7355,0,0.295590
test,7356,0,0.738433
test,7357,0,0.301729
test,7358,0,0.053865
test,7359,0,0.121816
test,7360,0,0.457535
test,7361,0,0.062582
test,7362,0,0.317523
test,7363,0,0.519993
test,7364,0,0.258485
test,7365,0,0.067371
test,7366,0,0.452877
test,7367,0,0.027152
test,7368,0,0.175757
test,7369,0,0.430692
test,7370,0,0.186808
test,7371,0,0.051045
test,7372,0,0.378602
test,7373,0,0.288054
test,7374,0,0.028005
test,7375,0,0.061113
test,7376,0,0.276853
test,7377,0,0.033668
test,7378,0,0.632974
test,7379,0,0.158002
test,7380,0,0.420774
test,7381,0,0.058056
test,7382,0,0.195253
test,7383,0,0.586180
test,7384,0,0.453879
test,7385,0,0.351589
test,7386,0,0.168952
test,7387,0,0.102805
test,7388,0,0.409737
test,7389,0,0.021526
test,7390,0,0.088740
test,7391,0,0.117074
test,7392,0,0.083409
test,7393,0,0.060932
test,7394,0,0.559460
test,7395,0,0.056698
test,7396,0,0.138802
test,7397,0,0.701491
test,7398,0,0.109513
test,7399,0,0.108998
test,7400,0,0.116536
test,7401,0,0.167446
test,7402,0,0.286753
test,7403,0,0.431826
test,7404,0,0.071140
test,7405,0,0.553657
test,7406,0,0.340104
test,7407,0,0.127473
test,7408,0,0.135368
test,7409,0,0.306232
test,7410,0,0.611115
test,7411,0,0.557001
test,7412,0,0.122675
test,7413,0,0.130322
test,7414,0,0.100684
test,7415,0,0.108487
test,7416,0,0.091510
test,7417,0,0.146859
test,7418,0,0.109665
test,7419,0,0.054646
test,7420,0,0.038419
test,7421,0,0.027727
test,7422,0,0.189430
test,7423,0,0.295179
test,7424,0,0.144461
test,7425,0,0.392647
test,7426,0,0.202607
test,7427,0,0.232601
test,7428,0,0.145908
test,7429,0,0.061366
test,7430,0,0.145027
test,7431,0,0.093953
test,7432,0,0.207196
test,7433,0,0.114945
test,7434,0,0.317601
test,7435,0,0.442198
test,7436,0,0.099424
test,7437,0,0.597821
test,7438,0,0.234622
test,7439,0,0.482135
test,7440,0,0.380015
test,7441,0,0.139160
test,7442,0,0.081071
test,7443,0,0.261586
test,7444,0,0.022679
test,7445,0,0.171946
test,7446,0,0.284672
test,7447,0,0.107951
test,7448,0,0.092115
test,7449,0,0.227612
test,7450,0,0.257452
test,7451,0,0.183137
test,7452,0,0.251626
test,7453,0,0.136069
test,7454,0,0.126885
test,7455,0,0.181387
test,7456,0,0.033028
test,7457,0,0.255284
test,7458,0,0.300110
test,7459,0,0.413268
test,7460,0,0.039299
test,7461,0,0.065984
test,7462,0,0.142190
test,7463,0,0.022769
test,7464,0,0.493294
test,7465,0,0.014783
test,7466,0,0.192432
test,7467,0,0.163442
test,7468,0,0.052894
test,7469,0,0.060667
test,7470,0,0.162472
test,7471,0,0.505867
test,7472,0,0.272852
test,7473,0,0.128576
test,7474,0,0.189479
test,7475,0,0.166997
test,7476,0,0.070554
test,7477,0,0.224836
test,7478,0,0.094851
test,7479,0,0.110031
test,7480,0,0.329768
test,7481,0,0.481379
test,7482,0,0.239002
test,7483,0,0.034415
test,7484,0,0.052688
test,7485,0,0.229618
test,7486,0,0.018941
test,7487,0,0.084666
test,7488,0,0.213538
test,7489,0,0.113623
test,7490,0,0.059455
test,7491,0,0.025042
test,7492,0,0.279154
test,7493,0,0.033021
test,7494,0,0.132242
test,7495,0,0.216309
test,7496,0,0.341891
test,7497,0,0.154934
test,7498,0,0.486862
test,7499,0,0.420721
test,7500,0,0.086107
test,7501,0,0.396563
test,7502,0,0.091313
test,7503,0,0.349890
test,7504,0,0.166348
test,7505,0,0.129895
test,7506,0,0.119012
test,7507,0,0.158111
test,7508,0,0.272214
test,7509,0,0.444789
test,7510,0,0.127403
test,7511,0,0.414361
test,7512,0,0.275219
test,7513,0,0.250118
test,7514,0,0.046381
test,7515,0,0.055011
test,7516,0,0.184959
test,7517,0,0.013462
test,7518,0,0.141897
test,7519,0,0.038888
test,7520,0,0.069834
test,7521,0,0.024562
test,7522,0,0.025291
test,7523,0,0.821118
test,7524,0,0.140695
test,7525,0,0.906582
test,7526,0,0.083556
test,7527,0,0.284683
test,7528,0,0.081311
test,7529,0,0.211359
test,7530,0,0.058808
test,7531,0,0.600189
test,7532,0,0.565922
test,7533,0,0.229966
test,7534,0,0.051298
test,7535,0,0.092861
test,7536,0,0.038681
test,7537,0,0.228426
test,7538,0,0.167897
test,7539,0,0.383384
test,7540,0,0.092279
test,7541,0,0.399864
test,7542,0,0.432752
test,7543,0,0.180644
test,7544,0,0.321678
test,7545,0,0.051660
test,7546,0,0.108467
test,7547,0,0.131725
test,7548,0,0.117524
test,7549,0,0.122493
test,7550,0,0.387660
test,7551,0,0.025898
test,7552,0,0.108355
test,7553,0,0.509547
test,7554,0,0.183162
test,7555,0,0.547661
test,7556,0,0.132074
test,7557,0,0.181416
test,7558,0,0.206555
test,7559,0,0.159551
test,7560,0,0.190797
test,7561,0,0.310402
test,7562,0,0.163899
test,7563,0,0.017587
test,7564,0,0.491184
test,7565,0,0.243177
test,7566,0,0.561853
test,7567,0,0.028110
test,7568,0,0.266065
test,7569,0,0.263921
test,7570,0,0.119209
test,7571,0,0.326121
test,7572,0,0.190977
test,7573,0,0.019971
test,7574,0,0.252120
test,7575,0,0.139270
test,7576,0,0.291143
test,7577,0,0.170992
test,7578,0,0.232158
test,7579,0,0.767761
test,7580,0,0.163339
test,7581,0,0.254979
test,7582,0,0.239824
test,7583,0,0.422254
test,7584,0,0.108033
test,7585,0,0.027904
test,7586,0,0.018269
test,7587,0,0.105296
test,7588,0,0.334162
test,7589,0,0.249882
test,7590,0,0.242114
test,7591,0,0.178816
test,7592,0,0.123037
test,7593,0,0.328812
test,7594,0,0.533277
test,7595,0,0.152752
test,7596,0,0.117302
test,7597,0,0.447740
test,7598,0,0.539452
test,7599,0,0.231723
test,7600,0,0.085291
test,7601,0,0.015816
test,7602,0,0.510476
test,7603,0,0.338427
test,7604,0,0.286951
test,7605,0,0.106616
test,7606,0,0.076544
test,7607,0,0.228001
test,7608,0,0.421160
test,7609,0,0.325734
test,7610,0,0.306662
test,7611,0,0.261471
test,7612,0,0.539260
test,7613,0,0.788633
test,7614,0,0.250428
test,7615,0,0.090348
test,7616,0,0.161715
test,7617,0,0.157062
test,7618,0,0.676639
test,7619,0,0.492619
test,7620,0,0.243370
test,7621,0,0.013932
test,7622,0,0.070286
test,7623,0,0.090473
test,7624,0,0.106914
test,7625,0,0.100706
test,7626,0,0.058933
test,7627,0,0.372006
test,7628,0,0.007624
test,7629,0,0.067585
test,7630,0,0.417246
test,7631,0,0.291599
test,7632,0,0.164073
test,7633,0,0.090617
test,7634,0,0.117912
test,7635,0,0.119022
test,7636,0,0.184096
test,7637,0,0.201151
test,7638,0,0.373751
test,7639,0,0.051742
test,7640,0,0.504339
test,7641,0,0.227678
test,7642,0,0.365506
test,7643,0,0.158588
test,7644,0,0.434979
test,7645,0,0.053624
test,7646,0,0.462002
test,7647,0,0.142634
test,7648,0,0.544283
test,7649,0,0.259828
test,7650,0,0.034312
test,7651,0,0.392445
test,7652,0,0.245352
test,7653,0,0.717872
test,7654,0,0.144964
test,7655,0,0.307952
test,7656,0,0.360453
test,7657,0,0.164680
test,7658,0,0.336105
test,7659,0,0.071893
test,7660,0,0.034792
test,7661,0,0.249763
test,7662,0,0.522145
test,7663,0,0.073360
test,7664,0,0.131268
test,7665,0,0.139515
test,7666,0,0.127357
test,7667,0,0.156454
test,7668,0,0.020954
test,7669,0,0.414574
test,7670,0,0.697460
test,7671,0,0.627991
test,7672,0,0.454651
test,7673,0,0.334908
test,7674,0,0.590868
test,7675,0,0.482219
test,7676,0,0.269165
test,7677,0,0.177765
test,7678,0,0.112154
test,7679,0,0.715339
test,7680,0,0.151620
test,7681,0,0.121961
test,7682,0,0.050939
test,7683,0,0.465366
test,7684,0,0.050053
test,7685,0,0.546995
test,7686,0,0.498557
test,7687,0,0.269902
test,7688,0,0.711050
test,7689,0,0.190638
test,7690,0,0.457510
test,7691,0,0.222514
test,7692,0,0.067062
test,7693,0,0.191388
test,7694,0,0.316074
test,7695,0,0.101512
test,7696,0,0.228020
test,7697,0,0.494935
test,7698,0,0.342745
test,7699,0,0.422209
test,7700,0,0.222506
test,7701,0,0.543346
test,7702,0,0.090724
test,7703,0,0.075180
test,7704,0,0.040026
test,7705,0,0.018789
test,7706,0,0.058988
test,7707,0,0.076560
test,7708,0,0.160452
test,7709,0,0.158293
test,7710,0,0.182106
test,7711,0,0.185372
test,7712,0,0.561909
test,7713,0,0.047126
test,7714,0,0.325100
test,7715,0,0.114844
test,7716,0,0.469045
test,7717,0,0.107341
test,7718,0,0.242130
test,7719,0,0.256587
test,7720,0,0.088432
test,7721,0,0.417957
test,7722,0,0.341195
test,7723,0,0.325579
test,7724,0,0.576100
test,7725,0,0.203978
test,7726,0,0.152686
test,7727,0,0.031563
test,7728,0,0.209215
test,7729,0,0.371540
test,7730,0,0.155953
test,7731,0,0.084670
test,7732,0,0.161272
test,7733,0,0.203951
test,7734,0,0.154041
test,7735,0,0.318617
test,7736,0,0.039235
test,7737,0,0.302520
test,7738,0,0.071213
test,7739,0,0.125108
test,7740,0,0.074474
test,7741,0,0.805415
test,7742,0,0.080943
test,7743,0,0.120836
test,7744,0,0.132015
test,7745,0,0.027020
test,7746,0,0.070623
test,7747,0,0.186366
test,7748,0,0.194858
test,7749,0,0.210304
test,7750,0,0.441778
test,7751,0,0.510762
test,7752,0,0.633157
test,7753,0,0.232761
test,7754,0,0.532854
test,7755,0,0.342509
test,7756,0,0.040206
test,7757,0,0.355394
test,7758,0,0.016893
test,7759,0,0.095609
test,7760,0,0.011962
test,7761,0,0.195695
test,7762,0,0.090007
test,7763,0,0.075549
test,7764,0,0.069823
test,7765,0,0.203147
test,7766,0,0.448666
test,7767,0,0.043719
test,7768,0,0.108887
test,7769,0,0.092941
test,7770,0,0.141207
test,7771,0,0.082845
test,7772,0,0.027136
test,7773,0,0.124153
test,7774,0,0.020565
test,7775,0,0.199182
test,7776,0,0.289458
test,7777,0,0.045998
test,7778,0,0.038178
test,7779,0,0.117827
test,7780,0,0.155638
test,7781,0,0.062904
test,7782,0,0.245252
test,7783,0,0.293895
test,7784,0,0.069527
test,7785,0,0.108542
test,7786,0,0.019908
test,7787,0,0.468809
test,7788,0,0.088141
test,7789,0,0.812187
test,7790,0,0.198746
test,7791,0,0.870290
test,7792,0,0.128153
test,7793,0,0.040673
test,7794,0,0.322924
test,7795,0,0.325466
test,7796,0,0.155359
test,7797,0,0.276721
test,7798,0,0.141258
test,7799,0,0.455915
test,7800,0,0.195619
test,7801,0,0.035546
test,7802,0,0.636525
test,7803,0,0.126822
test,7804,0,0.685171
test,7805,0,0.280053
test,7806,0,0.366236
test,7807,0,0.124741
test,7808,0,0.117287
test,7809,0,0.095127
test,7810,0,0.076980
test,7811,0,0.478033
test,7812,0,0.124996
test,7813,0,0.124996
test,7814,0,0.031239
test,7815,0,0.156250
test,7816,0,0.147522
test,7817,0,0.357795
test,7818,0,0.006034
test,7819,0,0.689761
test,7820,0,0.225540
test,7821,0,0.557032
test,7822,0,0.073647
test,7823,0,0.174644
test,7824,0,0.165677
test,7825,0,0.440922
test,7826,0,0.116938
test,7827,0,0.161057
test,7828,0,0.143832
test,7829,0,0.437001
test,7830,0,0.437001
test,7831,0,0.274812
test,7832,0,0.089314
test,7833,0,0.080971
test,7834,0,0.144784
test,7835,0,0.119634
test,7836,0,0.076005
test,7837,0,0.048439
test,7838,0,0.786859
test,7839,0,0.111256
test,7840,0,0.044431
test,7841,0,0.044004
test,7842,0,0.173812
test,7843,0,0.036211
test,7844,0,0.114250
test,7845,0,0.115018
test,7846,0,0.013006
test,7847,0,0.092793
test,7848,0,0.022488
test,7849,0,0.019909
test,7850,0,0.069664
test,7851,0,0.024585
test,7852,0,0.121197
test,7853,0,0.241253
test,7854,0,0.438026
test,7855,0,0.628197
test,7856,0,0.620987
test,7857,0,0.678895
test,7858,0,0.040660
test,7859,0,0.365528
test,7860,0,0.044921
test,7861,0,0.493426
test,7862,0,0.358147
test,7863,0,0.242521
test,7864,0,0.320062
test,7865,0,0.260046
test,7866,0,0.066094
test,7867,0,0.053594
test,7868,0,0.154438
test,7869,0,0.027178
test,7870,0,0.057473
test,7871,0,0.038138
test,7872,0,0.077075
test,7873,0,0.006330
test,7874,0,0.040168
test,7875,0,0.019080
test,7876,0,0.132626
test,7877,0,0.062396
test,7878,0,0.407066
test,7879,0,0.121006
test,7880,0,0.012292
test,7881,0,0.015220
test,7882,0,0.155345
test,7883,0,0.569390
test,7884,0,0.334458
test,7885,0,0.464530
test,7886,0,0.605301
test,7887,0,0.095388
test,7888,0,0.096807
test,7889,0,0.260892
test,7890,0,0.133270
test,7891,0,0.479728
test,7892,0,0.680582
test,7893,0,0.722553
test,7894,0,0.600397
test,7895,0,0.428994
test,7896,0,0.378951
test,7897,0,0.554973
test,7898,0,0.064296
test,7899,0,0.745261
test,7900,0,0.223436
test,7901,0,0.100699
test,7902,0,0.254935
test,7903,0,0.318393
test,7904,0,0.077022
test,7905,0,0.440916
test,7906,0,0.704954
test,7907,0,0.481558
test,7908,0,0.316300
test,7909,0,0.401448
test,7910,0,0.109308
test,7911,0,0.010674
test,7912,0,0.189260
test,7913,0,0.017088
test,7914,0,0.546849
test,7915,0,0.050434
test,7916,0,0.316100
test,7917,0,0.036785
test,7918,0,0.152705
test,7919,0,0.023587
test,7920,0,0.048736
test,7921,0,0.135876
test,7922,0,0.033910
test,7923,0,0.006918
test,7924,0,0.050512
test,7925,0,0.197634
test,7926,0,0.083566
test,7927,0,0.075651
test,7928,0,0.012264
test,7929,0,0.017698
test,7930,0,0.277077
test,7931,0,0.038226
test,7932,0,0.156519
test,7933,0,0.182953
test,7934,0,0.697898
test,7935,0,0.279586
test,7936,0,0.061487
test,7937,0,0.175442
test,7938,0,0.449366
test,7939,0,0.082766
test,7940,0,0.121245
test,7941,0,0.011499
test,7942,0,0.588748
test,7943,0,0.064848
test,7944,0,0.120166
test,7945,0,0.210050
test,7946,0,0.170462
test,7947,0,0.783618
test,7948,0,0.176998
test,7949,0,0.334691
test,7950,0,0.417444
test,7951,0,0.070658
test,7952,0,0.175410
test,7953,0,0.094649
test,7954,0,0.407578
test,7955,0,0.267528
test,7956,0,0.096150
test,7957,0,0.156070
test,7958,0,0.574416
test,7959,0,0.417124
test,7960,0,0.328444
test,7961,0,0.448973
test,7962,0,0.212628
test,7963,0,0.195195
test,7964,0,0.100263
test,7965,0,0.067740
test,7966,0,0.209304
test,7967,0,0.120626
test,7968,0,0.136828
test,7969,0,0.061853
test,7970,0,0.183080
test,7971,0,0.124390
test,7972,0,0.124128
test,7973,0,0.400908
test,7974,0,0.038996
test,7975,0,0.311172
test,7976,0,0.464039
test,7977,0,0.317860
test,7978,0,0.023944
test,7979,0,0.232657
test,7980,0,0.366790
test,7981,0,0.464874
test,7982,0,0.324498
test,7983,0,0.068834
test,7984,0,0.105809
test,7985,0,0.736556
test,7986,0,0.358767
test,7987,0,0.472417
test,7988,0,0.237943
test,7989,0,0.129391
test,7990,0,0.035467
test,7991,0,0.095845
test,7992,0,0.025471
test,7993,0,0.598814
test,7994,0,0.375151
test,7995,0,0.078950
test,7996,0,0.063775
test,7997,0,0.252389
test,7998,0,0.056888
test,7999,0,0.249069
test,8000,0,0.148748
test,8001,0,0.420800
test,8002,0,0.513293
test,8003,0,0.431524
test,8004,0,0.332174
test,8005,0,0.287279
test,8006,0,0.268953
test,8007,0,0.390587
test,8008,0,0.091812
test,8009,0,0.220916
test,8010,0,0.638583
test,8011,0,0.599336
test,8012,0,0.342299
test,8013,0,0.062088
test,8014,0,0.454680
test,8015,0,0.030271
test,8016,0,0.388042
test,8017,0,0.254631
test,8018,0,0.323158
test,8019,0,0.143146
test,8020,0,0.804074
test,8021,0,0.128066
test,8022,0,0.087122
test,8023,0,0.151603
test,8024,0,0.272171
test,8025,0,0.214935
test,8026,0,0.223333
test,8027,0,0.131141
test,8028,0,0.206665
test,8029,0,0.206862
test,8030,0,0.299965
test,8031,0,0.753028
test,8032,0,0.534678
test,8033,0,0.075034
test,8034,0,0.516100
test,8035,0,0.143200
test,8036,0,0.406662
test,8037,0,0.183488
test,8038,0,0.305838
test,8039,0,0.660716
test,8040,0,0.241841
test,8041,0,0.411448
test,8042,0,0.480402
test,8043,0,0.395417
test,8044,0,0.144181
test,8045,0,0.047046
test,8046,0,0.247435
test,8047,0,0.136220
test,8048,0,0.345318
test,8049,0,0.116469
test,8050,0,0.262277
test,8051,0,0.218549
test,8052,0,0.545454
test,8053,0,0.233449
test,8054,0,0.678215
test,8055,0,0.035515
test,8056,0,0.352848
test,8057,0,0.269151
test,8058,0,0.340208
test,8059,0,0.038092
test,8060,0,0.018222
test,8061,0,0.116050
test,8062,0,0.055591
test,8063,0,0.242572
test,8064,0,0.159725
test,8065,0,0.266929
test,8066,0,0.310102
test,8067,0,0.212437
test,8068,0,0.223626
test,8069,0,0.543498
test,8070,0,0.186549
test,8071,0,0.054455
test,8072,0,0.516284
test,8073,0,0.365884
test,8074,0,0.201571
test,8075,0,0.292668
test,8076,0,0.457794
test,8077,0,0.529721
test,8078,0,0.281541
test,8079,0,0.274223
test,8080,0,0.218964
test,8081,0,0.255161
test,8082,0,0.570631
test,8083,0,0.395988
test,8084,0,0.647627
test,8085,0,0.495490
test,8086,0,0.453216
test,8087,0,0.105736
test,8088,0,0.020105
test,8089,0,0.222332
test,8090,0,0.242016
test,8091,0,0.192349
test,8092,0,0.306563
test,8093,0,0.035920
test,8094,0,0.316430
test,8095,0,0.099442
test,8096,0,0.601432
test,8097,0,0.301938
test,8098,0,0.295706
test,8099,0,0.136200
test,8100,0,0.104209
test,8101,0,0.080838
test,8102,0,0.026449
test,8103,0,0.047311
test,8104,0,0.036858
test,8105,0,0.234959
test,8106,0,0.288776
test,8107,0,0.160993
test,8108,0,0.121678
test,8109,0,0.347396
test,8110,0,0.466741
test,8111,0,0.049508
test,8112,0,0.049900
test,8113,0,0.447426
test,8114,0,0.226445
test,8115,0,0.367021
test,8116,0,0.413679
test,8117,0,0.120926
test,8118,0,0.118379
test,8119,0,0.615540
test,8120,0,0.314935
test,8121,0,0.022771
test,8122,0,0.161607
test,8123,0,0.083609
test,8124,0,0.067613
test,8125,0,0.609197
test,8126,0,0.170663
test,8127,0,0.232714
test,8128,0,0.051377
test,8129,0,0.645292
test,8130,0,0.216393
test,8131,0,0.264409
test,8132,0,0.460017
test,8133,0,0.354287
test,8134,0,0.271268
test,8135,0,0.536731
test,8136,0,0.385516
test,8137,0,0.012752
test,8138,0,0.239489
test,8139,0,0.666659
test,8140,0,0.417007
test,8141,0,0.128603
test,8142,0,0.263841
test,8143,0,0.074537
test,8144,0,0.109246
test,8145,0,0.192470
test,8146,0,0.022773
test,8147,0,0.128503
test,8148,0,0.140294
test,8149,0,0.223147
test,8150,0,0.469791
test,8151,0,0.136705
test,8152,0,0.313243
test,8153,0,0.736370
test,8154,0,0.233490
test,8155,0,0.052161
test,8156,0,0.223451
test,8157,0,0.334331
test,8158,0,0.342988
test,8159,0,0.043358
test,8160,0,0.173602
test,8161,0,0.181380
test,8162,0,0.113133
test,8163,0,0.242573
test,8164,0,0.038466
test,8165,0,0.077908
test,8166,0,0.558551
test,8167,0,0.346931
test,8168,0,0.543622
test,8169,0,0.016443
test,8170,0,0.200462
test,8171,0,0.096128
test,8172,0,0.481139
test,8173,0,0.065776
test,8174,0,0.084032
test,8175,0,0.235445
test,8176,0,0.209450
test,8177,0,0.126919
test,8178,0,0.048709
test,8179,0,0.049781
test,8180,0,0.189145
test,8181,0,0.816867
test,8182,0,0.128864
test,8183,0,0.706591
test,8184,0,0.385905
test,8185,0,0.028189
test,8186,0,0.510798
test,8187,0,0.134207
test,8188,0,0.200880
test,8189,0,0.159611
test,8190,0,0.135830
test,8191,0,0.086575
test,8192,0,0.647330
test,8193,0,0.137191
test,8194,0,0.071789
test,8195,0,0.351125
test,8196,0,0.080842
test,8197,0,0.031640
test,8198,0,0.086724
test,8199,0,0.276454
test,8200,0,0.061064
test,8201,0,0.292854
test,8202,0,0.124225
test,8203,0,0.058992
test,8204,0,0.324498
test,8205,0,0.419410
test,8206,0,0.784689
test,8207,0,0.058456
test,8208,0,0.179717
test,8209,0,0.032474
test,8210,0,0.455307
test,8211,0,0.098295
test,8212,0,0.244347
test,8213,0,0.348183
test,8214,0,0.225602
test,8215,0,0.177312
test,8216,0,0.069144
test,8217,0,0.059974
test,8218,0,0.114003
test,8219,0,0.100509
test,8220,0,0.137123
test,8221,0,0.350997
test,8222,0,0.369366
test,8223,0,0.170957
test,8224,0,0.168127
test,8225,0,0.532237
test,8226,0,0.335457
test,8227,0,0.084911
test,8228,0,0.371350
test,8229,0,0.149656
test,8230,0,0.021934
test,8231,0,0.487038
test,8232,0,0.423186
test,8233,0,0.406223
test,8234,0,0.401040
test,8235,0,0.029969
test,8236,0,0.224827
test,8237,0,0.225679
test,8238,0,0.129214
test,8239,0,0.044364
test,8240,0,0.044364
test,8241,0,0.067382
test,8242,0,0.138687
test,8243,0,0.064260
test,8244,0,0.488478
test,8245,0,0.125814
test,8246,0,0.168103
test,8247,0,0.248939
test,8248,0,0.427133
test,8249,0,0.298025
test,8250,0,0.109721
test,8251,0,0.233213
test,8252,0,0.166565
test,8253,0,0.287371
test,8254,0,0.305473
test,8255,0,0.477642
test,8256,0,0.236842
test,8257,0,0.194694
test,8258,0,0.585498
test,8259,0,0.415916
test,8260,0,0.091677
test,8261,0,0.651972
test,8262,0,0.472834
test,8263,0,0.416848
test,8264,0,0.214925
test,8265,0,0.412419
test,8266,0,0.166003
test,8267,0,0.043492
test,8268,0,0.244389
test,8269,0,0.561164
test,8270,0,0.336076
test,8271,0,0.348657
test,8272,0,0.218419
test,8273,0,0.223053
test,8274,0,0.040542
test,8275,0,0.115557
test,8276,0,0.103107
test,8277,0,0.344206
test,8278,0,0.662798
test,8279,0,0.197801
test,8280,0,0.047367
test,8281,0,0.072821
test,8282,0,0.271346
test,8283,0,0.226661
test,8284,0,0.425632
test,8285,0,0.067301
test,8286,0,0.146757
test,8287,0,0.274570
test,8288,0,0.237041
test,8289,0,0.335681
test,8290,0,0.396991
test,8291,0,0.426995
test,8292,0,0.484749
test,8293,0,0.288416
test,8294,0,0.109812
test,8295,0,0.188664
test,8296,0,0.261022
test,8297,0,0.327084
test,8298,0,0.174853
test,8299,0,0.088328
test,8300,0,0.627497
test,8301,0,0.231397
test,8302,0,0.168816
test,8303,0,0.099879
test,8304,0,0.020806
test,8305,0,0.107051
test,8306,0,0.038598
test,8307,0,0.077805
test,8308,0,0.534294
test,8309,0,0.177124
test,8310,0,0.520608
test,8311,0,0.401811
test,8312,0,0.255639
test,8313,0,0.244280
test,8314,0,0.016350
test,8315,0,0.005260
test,8316,0,0.034768
test,8317,0,0.127817
test,8318,0,0.078546
test,8319,0,0.821390
test,8320,0,0.154827
test,8321,0,0.496967
test,8322,0,0.030810
test,8323,0,0.116927
test,8324,0,0.024428
test,8325,0,0.325069
test,8326,0,0.240581
test,8327,0,0.198698
test,8328,0,0.021152
test,8329,0,0.014203
test,8330,0,0.478046
test,8331,0,0.222045
test,8332,0,0.478046
test,8333,0,0.321364
test,8334,0,0.066940
test,8335,0,0.194374
test,8336,0,0.342883
test,8337,0,0.576716
test,8338,0,0.474816
test,8339,0,0.250182
test,8340,0,0.596443
test,8341,0,0.374123
test,8342,0,0.352984
test,8343,0,0.208806
test,8344,0,0.197992
test,8345,0,0.568150
test,8346,0,0.058922
test,8347,0,0.549684
test,8348,0,0.078609
test,8349,0,0.135270
test,8350,0,0.178808
test,8351,0,0.629255
test,8352,0,0.459060
test,8353,0,0.305617
test,8354,0,0.110530
test,8355,0,0.189255
test,8356,0,0.188007
test,8357,0,0.369197
test,8358,0,0.461522
test,8359,0,0.157185
test,8360,0,0.139270
test,8361,0,0.163364
test,8362,0,0.363038
test,8363,0,0.025147
test,8364,0,0.718331
test,8365,0,0.389015
test,8366,0,0.310330
test,8367,0,0.231765
test,8368,0,0.371533
test,8369,0,0.032171
test,8370,0,0.086420
test,8371,0,0.127276
test,8372,0,0.041509
test,8373,0,0.051799
test,8374,0,0.168006
test,8375,0,0.284804
test,8376,0,0.033985
test,8377,0,0.127792
test,8378,0,0.124674
test,8379,0,0.180251
test,8380,0,0.042790
test,8381,0,0.154450
test,8382,0,0.108987
test,8383,0,0.306505
test,8384,0,0.044172
test,8385,0,0.211915
test,8386,0,0.045412
test,8387,0,0.361036
test,8388,0,0.373803
test,8389,0,0.018625
test,8390,0,0.034310
test,8391,0,0.271221
test,8392,0,0.215829
test,8393,0,0.047025
test,8394,0,0.248137
test,8395,0,0.114661
test,8396,0,0.081439
test,8397,0,0.113248
test,8398,0,0.124938
test,8399,0,0.189558
test,8400,0,0.367058
test,8401,0,0.114442
test,8402,0,0.141309
test,8403,0,0.793483
test,8404,0,0.115412
test,8405,0,0.584280
test,8406,0,0.087897
test,8407,0,0.154851
test,8408,0,0.214277
test,8409,0,0.165408
test,8410,0,0.354272
test,8411,0,0.490051
test,8412,0,0.187943
test,8413,0,0.237729
test,8414,0,0.239539
test,8415,0,0.128095
test,8416,0,0.129912
test,8417,0,0.087086
test,8418,0,0.379438
test,8419,0,0.146864
test,8420,0,0.045986
test,8421,0,0.586765
test,8422,0,0.187328
test,8423,0,0.218906
test,8424,0,0.423907
test,8425,0,0.381668
test,8426,0,0.046990
test,8427,0,0.538678
test,8428,0,0.041699
test,8429,0,0.046902
test,8430,0,0.089699
test,8431,0,0.049655
test,8432,0,0.622227
test,8433,0,0.405039
test,8434,0,0.527761
test,8435,0,0.395213
test,8436,0,0.176608
test,8437,0,0.595669
test,8438,0,0.112746
test,8439,0,0.476412
test,8440,0,0.481105
test,8441,0,0.804713
test,8442,0,0.254919
test,8443,0,0.052802
test,8444,0,0.252817
test,8445,0,0.207639
test,8446,0,0.290125
test,8447,0,0.349114
test,8448,0,0.104683
test,8449,0,0.184669
test,8450,0,0.176692
test,8451,0,0.285247
test,8452,0,0.074246
test,8453,0,0.095112
test,8454,0,0.057723
test,8455,0,0.103722
test,8456,0,0.088724
test,8457,0,0.025609
test,8458,0,0.030640
test,8459,0,0.076128
test,8460,0,0.012714
test,8461,0,0.329595
test,8462,0,0.159612
test,8463,0,0.050609
test,8464,0,0.146326
test,8465,0,0.176351
test,8466,0,0.488280
test,8467,0,0.214330
test,8468,0,0.208734
test,8469,0,0.277921
test,8470,0,0.363264
test,8471,0,0.581368
test,8472,0,0.234795
test,8473,0,0.596346
test,8474,0,0.524584
test,8475,0,0.385093
test,8476,0,0.390475
test,8477,0,0.453530
test,8478,0,0.064496
test,8479,0,0.266997
test,8480,0,0.271697
test,8481,0,0.078386
test,8482,0,0.167339
test,8483,0,0.245053
test,8484,0,0.289236
test,8485,0,0.158666
test,8486,0,0.093245
test,8487,0,0.048376
test,8488,0,0.061919
test,8489,0,0.095080
test,8490,0,0.234822
test,8491,0,0.030941
test,8492,0,0.226422
test,8493,0,0.520283
test,8494,0,0.201748
test,8495,0,0.041261
test,8496,0,0.421157
test,8497,0,0.053412
test,8498,0,0.152246
test,8499,0,0.416716
test,8500,0,0.031553
test,8501,0,0.037522
test,8502,0,0.052171
test,8503,0,0.029190
test,8504,0,0.265354
test,8505,0,0.029046
test,8506,0,0.243690
test,8507,0,0.345483
test,8508,0,0.043251
test,8509,0,0.136227
test,8510,0,0.343299
test,8511,0,0.472410
test,8512,0,0.459311
test,8513,0,0.637454
test,8514,0,0.746902
test,8515,0,0.321878
test,8516,0,0.267401
test,8517,0,0.240011
test,8518,0,0.105474
test,8519,0,0.034070
test,8520,0,0.359742
test,8521,0,0.313585
test,8522,0,0.085321
test,8523,0,0.068691
test,8524,0,0.151721
test,8525,0,0.151434
test,8526,0,0.087230
test,8527,0,0.153250
test,8528,0,0.057576
test,8529,0,0.189699
test,8530,0,0.069065
test,8531,0,0.190686
test,8532,0,0.486668
test,8533,0,0.361328
test,8534,0,0.032331
test,8535,0,0.087287
test,8536,0,0.121267
test,8537,0,0.123860
test,8538,0,0.140479
test,8539,0,0.133177
test,8540,0,0.144754
test,8541,0,0.400227
test,8542,0,0.008467
test,8543,0,0.047266
test,8544,0,0.202877
test,8545,0,0.028726
test,8546,0,0.022660
test,8547,0,0.064760
test,8548,0,0.310223
test,8549,0,0.160489
test,8550,0,0.826934
test,8551,0,0.299155
test,8552,0,0.258951
test,8553,0,0.336485
test,8554,0,0.587790
test,8555,0,0.469382
test,8556,0,0.500313
test,8557,0,0.103395
test,8558,0,0.088990
test,8559,0,0.139050
test,8560,0,0.082838
test,8561,0,0.538671
test,8562,0,0.283263
test,8563,0,0.060435
test,8564,0,0.206341
test,8565,0,0.160148
test,8566,0,0.630281
test,8567,0,0.261957
test,8568,0,0.119463
test,8569,0,0.375595
test,8570,0,0.379341
test,8571,0,0.215804
test,8572,0,0.519899
test,8573,0,0.078382
test,8574,0,0.032533
test,8575,0,0.131046
test,8576,0,0.519334
test,8577,0,0.213421
test,8578,0,0.163086
test,8579,0,0.125920
test,8580,0,0.155335
test,8581,0,0.145730
test,8582,0,0.340519
test,8583,0,0.115917
test,8584,0,0.120110
test,8585,0,0.330456
test,8586,0,0.219298
test,8587,0,0.085061
test,8588,0,0.084897
test,8589,0,0.102460
test,8590,0,0.465739
test,8591,0,0.043173
test,8592,0,0.051755
test,8593,0,0.187199
test,8594,0,0.398111
test,8595,0,0.086345
test,8596,0,0.740089
test,8597,0,0.173826
test,8598,0,0.119377
test,8599,0,0.125193
test,8600,0,0.821585
test,8601,0,0.269130
test,8602,0,0.598245
test,8603,0,0.446672
test,8604,0,0.247931
test,8605,0,0.109222
test,8606,0,0.197548
test,8607,0,0.083621
test,8608,0,0.168636
test,8609,0,0.498814
test,8610,0,0.149651
test,8611,0,0.063436
test,8612,0,0.308928
test,8613,0,0.341090
test,8614,0,0.302440
test,8615,0,0.539352
test,8616,0,0.436960
test,8617,0,0.462718
test,8618,0,0.333289
test,8619,0,0.034491
test,8620,0,0.226662
test,8621,0,0.399531
test,8622,0,0.088184
test,8623,0,0.095814
test,8624,0,0.161106
test,8625,0,0.275079
test,8626,0,0.047681
test,8627,0,0.015723
test,8628,0,0.036273
test,8629,0,0.158775
test,8630,0,0.150305
test,8631,0,0.067879
test,8632,0,0.400623
test,8633,0,0.044120
test,8634,0,0.144823
test,8635,0,0.339415
test,8636,0,0.098512
test,8637,0,0.228903
test,8638,0,0.051043
test,8639,0,0.065075
test,8640,0,0.128921
test,8641,0,0.016338
test,8642,0,0.373126
test,8643,0,0.115733
test,8644,0,0.217185
test,8645,0,0.245155
test,8646,0,0.161862
test,8647,0,0.153425
test,8648,0,0.780766
test,8649,0,0.078471
test,8650,0,0.391450
test,8651,0,0.209659
test,8652,0,0.179515
test,8653,0,0.037929
test,8654,0,0.239363
test,8655,0,0.025905
test,8656,0,0.105152
test,8657,0,0.081983
test,8658,0,0.746598
test,8659,0,0.310570
test,8660,0,0.119924
test,8661,0,0.024611
test,8662,0,0.167332
test,8663,0,0.057315
test,8664,0,0.160131
test,8665,0,0.139906
test,8666,0,0.585910
test,8667,0,0.386759
test,8668,0,0.082635
test,8669,0,0.050363
test,8670,0,0.231268
test,8671,0,0.418708
test,8672,0,0.562364
test,8673,0,0.534735
test,8674,0,0.087700
test,8675,0,0.221733
test,8676,0,0.080951
test,8677,0,0.178173
test,8678,0,0.158224
test,8679,0,0.273976
test,8680,0,0.143048
test,8681,0,0.099693
test,8682,0,0.412120
test,8683,0,0.628333
test,8684,0,0.517111
test,8685,0,0.062036
test,8686,0,0.241084
test,8687,0,0.165769
test,8688,0,0.734890
test,8689,0,0.221089
test,8690,0,0.049380
test,8691,0,0.127343
test,8692,0,0.674139
test,8693,0,0.126109
test,8694,0,0.674376
test,8695,0,0.066265
test,8696,0,0.109484
test,8697,0,0.276630
test,8698,0,0.456163
test,8699,0,0.321801
test,8700,0,0.045653
test,8701,0,0.224703
test,8702,0,0.323470
test,8703,0,0.379498
test,8704,0,0.213507
test,8705,0,0.666580
test,8706,0,0.361563
test,8707,0,0.460330
test,8708,0,0.133604
test,8709,0,0.347539
test,8710,0,0.471101
test,8711,0,0.277776
test,8712,0,0.570103
test,8713,0,0.297236
test,8714,0,0.048486
test,8715,0,0.638290
test,8716,0,0.024765
test,8717,0,0.145494
test,8718,0,0.051881
test,8719,0,0.205837
test,8720,0,0.457680
test,8721,0,0.039463
test,8722,0,0.351013
test,8723,0,0.049810
test,8724,0,0.330434
test,8725,0,0.079909
test,8726,0,0.135252
test,8727,0,0.056672
test,8728,0,0.120669
test,8729,0,0.084436
test,8730,0,0.013267
test,8731,0,0.242128
test,8732,0,0.460200
test,8733,0,0.112842
test,8734,0,0.166734
test,8735,0,0.448536
test,8736,0,0.447201
test,8737,0,0.045850
test,8738,0,0.189031
test,8739,0,0.153891
test,8740,0,0.249213
test,8741,0,0.130456
test,8742,0,0.081684
test,8743,0,0.231193
test,8744,0,0.520202
test,8745,0,0.026088
test,8746,0,0.082877
test,8747,0,0.154335
test,8748,0,0.448694
test,8749,0,0.669131
test,8750,0,0.781772
test,8751,0,0.238443
test,8752,0,0.112771
test,8753,0,0.193466
test,8754,0,0.050793
test,8755,0,0.263535
test,8756,0,0.575871
test,8757,0,0.140025
test,8758,0,0.071660
test,8759,0,0.881972
test,8760,0,0.210469
test,8761,0,0.264852
test,8762,0,0.405249
test,8763,0,0.102006
test,8764,0,0.045608
test,8765,0,0.037746
test,8766,0,0.060024
test,8767,0,0.042717
test,8768,0,0.038851
test,8769,0,0.025617
test,8770,0,0.014251
test,8771,0,0.042439
test,8772,0,0.344641
test,8773,0,0.308306
test,8774,0,0.384643
test,8775,0,0.678567
test,8776,0,0.481104
test,8777,0,0.146378
test,8778,0,0.057783
test,8779,0,0.058903
test,8780,0,0.016471
test,8781,0,0.777862
test,8782,0,0.874880
test,8783,0,0.379925
test,8784,0,0.163799
test,8785,0,0.169655
test,8786,0,0.498729
test,8787,0,0.532318
test,8788,0,0.346856
test,8789,0,0.288224
test,8790,0,0.051324
test,8791,0,0.107898
test,8792,0,0.042861
test,8793,0,0.699889
test,8794,0,0.378854
test,8795,0,0.016882
test,8796,0,0.117445
test,8797,0,0.439067
test,8798,0,0.064586
test,8799,0,0.503390
test,8800,0,0.129000
test,8801,0,0.383729
test,8802,0,0.466209
test,8803,0,0.261587
test,8804,0,0.237386
test,8805,0,0.084586
test,8806,0,0.550186
test,8807,0,0.503262
test,8808,0,0.206102
test,8809,0,0.042334
test,8810,0,0.408832
test,8811,0,0.095657
test,8812,0,0.250283
test,8813,0,0.094873
test,8814,0,0.100807
test,8815,0,0.231465
test,8816,0,0.540412
test,8817,0,0.345243
test,8818,0,0.130408
test,8819,0,0.210723
test,8820,0,0.083286
test,8821,0,0.259645
test,8822,0,0.148990
test,8823,0,0.204424
test,8824,0,0.123569
test,8825,0,0.423378
test,8826,0,0.490043
test,8827,0,0.257749
test,8828,0,0.263941
test,8829,0,0.292832
test,8830,0,0.372388
test,8831,0,0.144640
test,8832,0,0.043207
test,8833,0,0.104818
test,8834,0,0.057753
test,8835,0,0.141694
test,8836,0,0.303544
test,8837,0,0.195041
test,8838,0,0.106450
test,8839,0,0.162630
test,8840,0,0.272093
test,8841,0,0.437848
test,8842,0,0.468905
test,8843,0,0.456614
test,8844,0,0.337143
test,8845,0,0.034316
test,8846,0,0.208839
test,8847,0,0.220147
test,8848,0,0.395152
test,8849,0,0.071287
test,8850,0,0.610686
test,8851,0,0.551004
test,8852,0,0.031311
test,8853,0,0.577863
test,8854,0,0.351953
test,8855,0,0.046132
test,8856,0,0.240251
test,8857,0,0.379753
test,8858,0,0.565519
test,8859,0,0.005633
test,8860,0,0.201687
test,8861,0,0.118135
test,8862,0,0.211492
test,8863,0,0.325257
test,8864,0,0.280922
test,8865,0,0.319450
test,8866,0,0.171708
test,8867,0,0.025636
test,8868,0,0.037765
test,8869,0,0.183645
test,8870,0,0.075287
test,8871,0,0.364696
test,8872,0,0.092436
test,8873,0,0.025758
test,8874,0,0.137003
test,8875,0,0.321295
test,8876,0,0.248881
test,8877,0,0.413400
test,8878,0,0.183831
test,8879,0,0.183645
test,8880,0,0.271893
test,8881,0,0.120192
test,8882,0,0.124539
test,8883,0,0.073480
test,8884,0,0.086304
test,8885,0,0.231989
test,8886,0,0.061413
test,8887,0,0.409049
test,8888,0,0.311965
test,8889,0,0.089208
test,8890,0,0.262890
test,8891,0,0.111281
test,8892,0,0.171899
test,8893,0,0.094462
test,8894,0,0.044603
test,8895,0,0.158013
test,8896,0,0.064630
test,8897,0,0.512208
test,8898,0,0.399073
test,8899,0,0.112585
test,8900,0,0.185161
test,8901,0,0.136814
test,8902,0,0.013979
test,8903,0,0.156054
test,8904,0,0.066509
test,8905,0,0.016210
test,8906,0,0.090871
test,8907,0,0.035527
test,8908,0,0.229103
test,8909,0,0.527897
test,8910,0,0.523930
test,8911,0,0.137010
test,8912,0,0.747410
test,8913,0,0.195155
test,8914,0,0.199003
test,8915,0,0.057883
test,8916,0,0.056970
test,8917,0,0.529693
test,8918,0,0.169137
test,8919,0,0.398140
test,8920,0,0.044840
test,8921,0,0.547628
test,8922,0,0.035275
test,8923,0,0.180185
test,8924,0,0.071592
test,8925,0,0.026467
test,8926,0,0.033728
test,8927,0,0.098482
test,8928,0,0.028929
test,8929,0,0.620072
test,8930,0,0.113322
test,8931,0,0.091962
test,8932,0,0.067307
test,8933,0,0.033284
test,8934,0,0.039232
test,8935,0,0.189090
test,8936,0,0.232932
test,8937,0,0.579876
test,8938,0,0.012839
test,8939,0,0.296588
test,8940,0,0.042076
test,8941,0,0.119983
test,8942,0,0.094952
test,8943,0,0.025001
test,8944,0,0.013920
test,8945,0,0.108209
test,8946,0,0.693457
test,8947,0,0.292885
test,8948,0,0.289026
test,8949,0,0.070388
test,8950,0,0.356930
test,8951,0,0.385962
test,8952,0,0.437859
test,8953,0,0.141782
test,8954,0,0.369352
test,8955,0,0.318080
test,8956,0,0.175675
test,8957,0,0.295568
test,8958,0,0.186785
test,8959,0,0.488283
test,8960,0,0.420273
test,8961,0,0.500980
test,8962,0,0.521940
test,8963,0,0.241650
test,8964,0,0.420962
test,8965,0,0.100472
test,8966,0,0.317843
test,8967,0,0.277360
test,8968,0,0.136883
test,8969,0,0.321869
test,8970,0,0.133217
test,8971,0,0.414965
test,8972,0,0.707054
test,8973,0,0.209693
test,8974,0,0.565819
test,8975,0,0.573615
test,8976,0,0.858056
test,8977,0,0.543706
test,8978,0,0.479284
test,8979,0,0.080665
test,8980,0,0.428126
test,8981,0,0.239586
test,8982,0,0.064595
test,8983,0,0.551785
test,8984,0,0.500979
test,8985,0,0.346709
test,8986,0,0.144419
test,8987,0,0.185940
test,8988,0,0.183144
test,8989,0,0.255334
test,8990,0,0.801685
test,8991,0,0.151409
test,8992,0,0.503292
test,8993,0,0.193615
test,8994,0,0.411843
test,8995,0,0.377431
test,8996,0,0.278751
test,8997,0,0.181963
test,8998,0,0.096078
test,8999,0,0.298502
test,9000,0,0.099650
test,9001,0,0.077592
test,9002,0,0.581333
test,9003,0,0.243727
test,9004,0,0.179310
test,9005,0,0.154139
test,9006,0,0.264541
test,9007,0,0.167094
test,9008,0,0.333027
test,9009,0,0.200523
test,9010,0,0.765053
test,9011,0,0.048305
test,9012,0,0.072512
test,9013,0,0.234944
test,9014,0,0.115222
test,9015,0,0.303055
test,9016,0,0.149276
test,9017,0,0.010123
test,9018,0,0.168475
test,9019,0,0.287386
test,9020,0,0.183987
test,9021,0,0.155391
test,9022,0,0.313320
test,9023,0,0.525479
test,9024,0,0.366759
test,9025,0,0.147665
test,9026,0,0.462929
test,9027,0,0.469193
test,9028,0,0.212297
test,9029,0,0.336668
test,9030,0,0.141251
test,9031,0,0.042518
test,9032,0,0.672943
test,9033,0,0.021459
test,9034,0,0.246711
test,9035,0,0.218049
test,9036,0,0.236139
test,9037,0,0.201891
test,9038,0,0.064578
test,9039,0,0.375847
test,9040,0,0.318963
test,9041,0,0.327718
test,9042,0,0.340590
test,9043,0,0.381799
test,9044,0,0.087470
test,9045,0,0.036489
test,9046,0,0.237767
test,9047,0,0.398551
test,9048,0,0.083675
test,9049,0,0.170774
test,9050,0,0.065664
test,9051,0,0.536347
test,9052,0,0.175452
test,9053,0,0.063557
test,9054,0,0.041189
test,9055,0,0.193687
test,9056,0,0.367356
test,9057,0,0.302925
test,9058,0,0.146574
test,9059,0,0.055015
test,9060,0,0.259578
test,9061,0,0.164817
test,9062,0,0.028710
test,9063,0,0.053757
test,9064,0,0.601848
test,9065,0,0.153396
test,9066,0,0.739532
test,9067,0,0.730435
test,9068,0,0.332375
test,9069,0,0.364902
test,9070,0,0.426520
test,9071,0,0.122086
test,9072,0,0.470245
test,9073,0,0.523423
test,9074,0,0.136606
test,9075,0,0.091222
test,9076,0,0.600354
test,9077,0,0.281185
test,9078,0,0.453959
test,9079,0,0.337095
test,9080,0,0.079178
test,9081,0,0.765690
test,9082,0,0.227903
test,9083,0,0.149242
test,9084,0,0.031412
test,9085,0,0.236682
test,9086,0,0.420178
test,9087,0,0.007569
test,9088,0,0.215944
test,9089,0,0.528173
test,9090,0,0.478357
test,9091,0,0.045062
test,9092,0,0.470550
test,9093,0,0.054225
test,9094,0,0.401160
test,9095,0,0.169194
test,9096,0,0.198410
test,9097,0,0.098414
test,9098,0,0.013926
test,9099,0,0.212412
test,9100,0,0.089397
test,9101,0,0.023979
test,9102,0,0.486580
test,9103,0,0.715153
test,9104,0,0.204598
test,9105,0,0.145873
test,9106,0,0.301728
test,9107,0,0.240464
test,9108,0,0.023547
test,9109,0,0.352863
test,9110,0,0.035778
test,9111,0,0.248633
test,9112,0,0.078551
test,9113,0,0.114232
test,9114,0,0.192284
test,9115,0,0.866723
test,9116,0,0.255079
test,9117,0,0.291478
test,9118,0,0.220260
test,9119,0,0.104996
test,9120,0,0.480402
test,9121,0,0.615365
test,9122,0,0.367047
test,9123,0,0.335906
test,9124,0,0.387566
test,9125,0,0.304047
test,9126,0,0.166041
test,9127,0,0.052804
test,9128,0,0.259660
test,9129,0,0.250722
test,9130,0,0.062370
test,9131,0,0.033839
test,9132,0,0.263531
test,9133,0,0.432123
test,9134,0,0.237501
test,9135,0,0.193625
test,9136,0,0.497108
test,9137,0,0.361393
test,9138,0,0.540901
test,9139,0,0.550621
test,9140,0,0.133717
test,9141,0,0.058771
test,9142,0,0.164915
test,9143,0,0.401885
test,9144,0,0.821795
test,9145,0,0.455774
test,9146,0,0.058512
test,9147,0,0.714221
test,9148,0,0.049430
test,9149,0,0.740208
test,9150,0,0.095095
test,9151,0,0.222490
test,9152,0,0.651376
test,9153,0,0.516520
test,9154,0,0.229064
test,9155,0,0.034975
test,9156,0,0.163037
test,9157,0,0.344721
test,9158,0,0.302721
test,9159,0,0.558756
test,9160,0,0.155564
test,9161,0,0.626346
test,9162,0,0.149581
test,9163,0,0.141350
test,9164,0,0.505769
test,9165,0,0.065361
test,9166,0,0.270477
test,9167,0,0.258327
test,9168,0,0.469288
test,9169,0,0.082620
test,9170,0,0.655290
test,9171,0,0.205500
test,9172,0,0.574747
test,9173,0,0.352318
test,9174,0,0.380907
test,9175,0,0.544411
test,9176,0,0.240605
test,9177,0,0.181787
test,9178,0,0.433649
test,9179,0,0.127844
test,9180,0,0.210224
test,9181,0,0.466633
test,9182,0,0.808258
test,9183,0,0.061214
test,9184,0,0.018340
test,9185,0,0.381827
test,9186,0,0.494466
test,9187,0,0.275157
test,9188,0,0.189410
test,9189,0,0.100525
test,9190,0,0.089452
test,9191,0,0.534562
test,9192,0,0.092595
test,9193,0,0.360373
test,9194,0,0.031878
test,9195,0,0.123521
test,9196,0,0.096927
test,9197,0,0.070448
test,9198,0,0.297225
test,9199,0,0.275322
test,9200,0,0.120275
test,9201,0,0.469544
test,9202,0,0.176195
test,9203,0,0.256126
test,9204,0,0.214218
test,9205,0,0.239434
test,9206,0,0.423627
test,9207,0,0.730062
test,9208,0,0.429091
test,9209,0,0.785026
test,9210,0,0.250686
test,9211,0,0.227865
test,9212,0,0.603719
test,9213,0,0.081856
test,9214,0,0.102206
test,9215,0,0.361057
test,9216,0,0.691024
test,9217,0,0.114940
test,9218,0,0.211904
test,9219,0,0.638363
test,9220,0,0.258506
test,9221,0,0.009048
test,9222,0,0.559305
test,9223,0,0.640002
test,9224,0,0.260306
test,9225,0,0.455760
test,9226,0,0.402996
test,9227,0,0.034287
test,9228,0,0.026067
test,9229,0,0.179273
test,9230,0,0.096292
test,9231,0,0.065687
test,9232,0,0.268735
test,9233,0,0.062146
test,9234,0,0.029952
test,9235,0,0.471313
test,9236,0,0.447583
test,9237,0,0.118919
test,9238,0,0.144011
test,9239,0,0.075602
test,9240,0,0.135667
test,9241,0,0.177929
test,9242,0,0.200407
test,9243,0,0.461241
test,9244,0,0.367752
test,9245,0,0.114133
test,9246,0,0.667079
test,9247,0,0.014770
test,9248,0,0.382706
test,9249,0,0.082134
test,9250,0,0.019421
test,9251,0,0.558291
test,9252,0,0.655241
test,9253,0,0.019352
test,9254,0,0.406129
test,9255,0,0.326202
test,9256,0,0.108196
test,9257,0,0.392806
test,9258,0,0.135796
test,9259,0,0.412663
test,9260,0,0.064968
test,9261,0,0.049481
test,9262,0,0.149932
test,9263,0,0.009352
test,9264,0,0.212043
test,9265,0,0.292183
test,9266,0,0.409467
test,9267,0,0.444392
test,9268,0,0.418284
test,9269,0,0.268257
test,9270,0,0.069124
test,9271,0,0.205619
test,9272,0,0.265863
test,9273,0,0.289626
test,9274,0,0.179359
test,9275,0,0.189304
test,9276,0,0.178022
test,9277,0,0.261341
test,9278,0,0.129831
test,9279,0,0.317874
test,9280,0,0.519072
test,9281,0,0.238266
test,9282,0,0.177789
test,9283,0,0.215320
test,9284,0,0.062204
test,9285,0,0.318657
test,9286,0,0.257960
test,9287,0,0.506845
test,9288,0,0.435249
test,9289,0,0.271420
test,9290,0,0.070391
test,9291,0,0.172693
test,9292,0,0.645599
test,9293,0,0.387213
test,9294,0,0.257242
test,9295,0,0.107554
test,9296,0,0.539271
test,9297,0,0.384808
test,9298,0,0.090298
test,9299,0,0.676138
test,9300,0,0.178230
test,9301,0,0.068643
test,9302,0,0.610873
test,9303,0,0.092812
test,9304,0,0.485497
test,9305,0,0.100656
test,9306,0,0.786123
test,9307,0,0.316791
test,9308,0,0.445533
test,9309,0,0.049096
test,9310,0,0.033665
test,9311,0,0.268618
test,9312,0,0.065198
test,9313,0,0.017971
test,9314,0,0.094815
test,9315,0,0.773372
test,9316,0,0.245244
test,9317,0,0.080888
test,9318,0,0.135023
test,9319,0,0.168636
test,9320,0,0.468012
test,9321,0,0.264352
test,9322,0,0.233237
test,9323,0,0.036506
test,9324,0,0.453529
test,9325,0,0.392264
test,9326,0,0.357616
test,9327,0,0.278118
test,9328,0,0.128677
test,9329,0,0.631669
test,9330,0,0.163156
test,9331,0,0.438525
test,9332,0,0.591377
test,9333,0,0.022771
test,9334,0,0.140784
test,9335,0,0.397693
test,9336,0,0.167646
test,9337,0,0.223383
test,9338,0,0.547928
test,9339,0,0.675659
test,9340,0,0.156820
test,9341,0,0.345513
test,9342,0,0.009591
test,9343,0,0.046839
test,9344,0,0.295976
test,9345,0,0.370507
test,9346,0,0.412941
test,9347,0,0.381542
test,9348,0,0.392686
test,9349,0,0.639177
test,9350,0,0.217504
test,9351,0,0.057315
test,9352,0,0.091673
test,9353,0,0.144170
test,9354,0,0.429373
test,9355,0,0.191485
test,9356,0,0.561036
test,9357,0,0.299050
test,9358,0,0.097483
test,9359,0,0.179110
test,9360,0,0.017855
test,9361,0,0.463356
test,9362,0,0.064492
test,9363,0,0.054817
test,9364,0,0.090681
test,9365,0,0.025597
test,9366,0,0.199717
test,9367,0,0.228087
test,9368,0,0.679886
test,9369,0,0.089906
test,9370,0,0.064775
test,9371,0,0.072129
test,9372,0,0.100830
test,9373,0,0.092597
test,9374,0,0.019388
test,9375,0,0.039933
test,9376,0,0.050582
test,9377,0,0.400067
test,9378,0,0.632398
test,9379,0,0.187851
test,9380,0,0.234006
test,9381,0,0.067596
test,9382,0,0.654529
test,9383,0,0.625922
test,9384,0,0.404216
test,9385,0,0.308775
test,9386,0,0.385075
test,9387,0,0.537079
test,9388,0,0.267544
test,9389,0,0.195212
test,9390,0,0.077464
test,9391,0,0.254019
test,9392,0,0.334830
test,9393,0,0.300968
test,9394,0,0.169656
test,9395,0,0.102563
test,9396,0,0.081863
test,9397,0,0.302989
test,9398,0,0.061111
test,9399,0,0.020269
test,9400,0,0.558354
test,9401,0,0.063058
test,9402,0,0.280700
test,9403,0,0.054077
test,9404,0,0.071227
test,9405,0,0.024211
test,9406,0,0.099995
test,9407,0,0.393144
test,9408,0,0.290399
test,9409,0,0.235904
test,9410,0,0.217421
test,9411,0,0.239443
test,9412,0,0.040777
test,9413,0,0.082927
test,9414,0,0.322773
test,9415,0,0.634928
test,9416,0,0.060456
test,9417,0,0.343890
test,9418,0,0.084376
test,9419,0,0.239715
test,9420,0,0.235131
test,9421,0,0.378436
test,9422,0,0.203128
test,9423,0,0.149844
test,9424,0,0.028282
test,9425,0,0.028054
test,9426,0,0.022423
test,9427,0,0.209340
test,9428,0,0.245552
test,9429,0,0.121630
test,9430,0,0.264419
test,9431,0,0.325545
test,9432,0,0.511344
test,9433,0,0.513685
test,9434,0,0.580703
test,9435,0,0.363547
test,9436,0,0.212487
test,9437,0,0.100884
test,9438,0,0.031662
test,9439,0,0.079951
test,9440,0,0.082367
test,9441,0,0.058017
test,9442,0,0.130479
test,9443,0,0.285536
test,9444,0,0.133004
test,9445,0,0.134473
test,9446,0,0.214024
test,9447,0,0.264134
test,9448,0,0.395402
test,9449,0,0.034477
test,9450,0,0.052042
test,9451,0,0.354748
test,9452,0,0.110769
test,9453,0,0.140293
test,9454,0,0.315064
test,9455,0,0.232428
test,9456,0,0.388240
test,9457,0,0.455399
test,9458,0,0.475169
test,9459,0,0.157288
test,9460,0,0.403285
test,9461,0,0.874932
test,9462,0,0.834855
test,9463,0,0.272426
test,9464,0,0.434944
test,9465,0,0.186210
test,9466,0,0.223944
test,9467,0,0.035817
test,9468,0,0.495214
test,9469,0,0.038488
test,9470,0,0.242936
test,9471,0,0.187244
test,9472,0,0.254545
test,9473,0,0.464119
test,9474,0,0.380339
test,9475,0,0.067574
test,9476,0,0.117087
test,9477,0,0.057392
test,9478,0,0.092594
test,9479,0,0.063360
test,9480,0,0.085883
test,9481,0,0.443855
test,9482,0,0.283587
test,9483,0,0.132449
test,9484,0,0.361103
test,9485,0,0.709812
test,9486,0,0.378603
test,9487,0,0.115057
test,9488,0,0.158276
test,9489,0,0.198806
test,9490,0,0.516243
test,9491,0,0.223759
test,9492,0,0.130342
test,9493,0,0.181473
test,9494,0,0.408827
test,9495,0,0.215414
test,9496,0,0.061525
test,9497,0,0.050192
test,9498,0,0.590893
test,9499,0,0.564147
test,9500,0,0.444885
test,9501,0,0.198384
test,9502,0,0.382790
test,9503,0,0.465537
test,9504,0,0.029823
test,9505,0,0.417860
test,9506,0,0.231843
test,9507,0,0.102574
test,9508,0,0.170336
test,9509,0,0.726871
test,9510,0,0.107694
test,9511,0,0.158189
test,9512,0,0.197429
test,9513,0,0.200839
test,9514,0,0.359270
test,9515,0,0.140077
test,9516,0,0.421352
test,9517,0,0.107958
test,9518,0,0.160533
test,9519,0,0.573566
test,9520,0,0.157152
test,9521,0,0.335820
test,9522,0,0.032044
test,9523,0,0.108674
test,9524,0,0.075967
test,9525,0,0.019946
test,9526,0,0.514058
test,9527,0,0.057644
test,9528,0,0.122976
test,9529,0,0.033113
test,9530,0,0.114136
test,9531,0,0.056284
test,9532,0,0.050349
test,9533,0,0.083134
test,9534,0,0.011587
test,9535,0,0.019848
test,9536,0,0.064145
test,9537,0,0.421846
test,9538,0,0.055298
test,9539,0,0.810491
test,9540,0,0.232571
test,9541,0,0.585371
test,9542,0,0.137718
test,9543,0,0.909168
test,9544,0,0.267396
test,9545,0,0.245054
test,9546,0,0.035359
test,9547,0,0.416156
test,9548,0,0.319721
test,9549,0,0.245432
test,9550,0,0.501216
test,9551,0,0.215083
test,9552,0,0.127404
test,9553,0,0.156742
test,9554,0,0.190194
test,9555,0,0.162085
test,9556,0,0.076390
test,9557,0,0.131619
test,9558,0,0.116643
test,9559,0,0.199652
test,9560,0,0.328899
test,9561,0,0.800762
test,9562,0,0.307879
test,9563,0,0.118003
test,9564,0,0.509769
test,9565,0,0.300926
test,9566,0,0.287455
test,9567,0,0.152909
test,9568,0,0.334959
test,9569,0,0.295691
test,9570,0,0.204124
test,9571,0,0.026096
test,9572,0,0.141643
test,9573,0,0.088636
test,9574,0,0.569374
test,9575,0,0.458498
test,9576,0,0.368859
test,9577,0,0.036475
test,9578,0,0.116235
test,9579,0,0.416398
test,9580,0,0.559423
test,9581,0,0.455154
test,9582,0,0.641151
test,9583,0,0.170823
test,9584,0,0.430495
test,9585,0,0.249250
test,9586,0,0.462409
test,9587,0,0.482875
test,9588,0,0.386277
test,9589,0,0.239488
test,9590,0,0.532518
test,9591,0,0.019935
test,9592,0,0.087765
test,9593,0,0.101705
test,9594,0,0.215092
test,9595,0,0.664880
test,9596,0,0.235264
test,9597,0,0.068827
test,9598,0,0.065497
test,9599,0,0.441118
test,9600,0,0.068470
test,9601,0,0.084673
test,9602,0,0.014830
test,9603,0,0.102502
test,9604,0,0.152330
test,9605,0,0.203945
test,9606,0,0.119933
test,9607,0,0.111517
test,9608,0,0.057553
test,9609,0,0.112095
test,9610,0,0.383481
test,9611,0,0.027981
test,9612,0,0.153546
test,9613,0,0.070293
test,9614,0,0.033023
test,9615,0,0.141983
test,9616,0,0.058737
test,9617,0,0.083803
test,9618,0,0.201733
test,9619,0,0.055855
test,9620,0,0.160212
test,9621,0,0.125113
test,9622,0,0.133126
test,9623,0,0.513063
test,9624,0,0.530256
test,9625,0,0.160198
test,9626,0,0.419633
test,9627,0,0.568559
test,9628,0,0.045098
test,9629,0,0.058543
test,9630,0,0.129889
test,9631,0,0.099372
test,9632,0,0.043460
test,9633,0,0.381124
test,9634,0,0.521432
test,9635,0,0.095567
test,9636,0,0.222055
test,9637,0,0.233566
test,9638,0,0.027510
test,9639,0,0.292482
test,9640,0,0.149627
test,9641,0,0.264029
test,9642,0,0.055143
test,9643,0,0.184347
test,9644,0,0.167726
test,9645,0,0.278236
test,9646,0,0.109733
test,9647,0,0.239509
test,9648,0,0.012413
test,9649,0,0.319755
test,9650,0,0.210964
test,9651,0,0.162416
test,9652,0,0.111903
test,9653,0,0.167787
test,9654,0,0.185928
test,9655,0,0.132056
test,9656,0,0.092040
test,9657,0,0.441520
test,9658,0,0.321821
test,9659,0,0.503894
test,9660,0,0.282459
test,9661,0,0.034261
test,9662,0,0.428400
test,9663,0,0.089341
test,9664,0,0.254886
test,9665,0,0.034429
test,9666,0,0.050207
test,9667,0,0.217535
test,9668,0,0.048656
test,9669,0,0.031660
test,9670,0,0.174058
test,9671,0,0.156273
test,9672,0,0.186483
test,9673,0,0.090129
test,9674,0,0.221582
test,9675,0,0.043867
test,9676,0,0.181499
test,9677,0,0.148210
test,9678,0,0.270052
test,9679,0,0.270195
test,9680,0,0.136047
test,9681,0,0.041970
test,9682,0,0.496592
test,9683,0,0.377764
test,9684,0,0.107097
test,9685,0,0.463181
test,9686,0,0.203030
test,9687,0,0.272548
test,9688,0,0.193501
test,9689,0,0.729051
test,9690,0,0.375797
test,9691,0,0.271151
test,9692,0,0.262517
test,9693,0,0.580376
test,9694,0,0.707958
test,9695,0,0.257113
test,9696,0,0.221970
test,9697,0,0.035722
test,9698,0,0.206646
test,9699,0,0.264935
test,9700,0,0.410071
test,9701,0,0.477610
test,9702,0,0.054415
test,9703,0,0.084720
test,9704,0,0.452946
test,9705,0,0.094734
test,9706,0,0.337066
test,9707,0,0.280864
test,9708,0,0.301977
test,9709,0,0.126185
test,9710,0,0.146292
test,9711,0,0.406950
test,9712,0,0.126762
test,9713,0,0.127584
test,9714,0,0.304132
test,9715,0,0.305829
test,9716,0,0.595956
test,9717,0,0.228687
test,9718,0,0.192445
test,9719,0,0.425630
test,9720,0,0.590886
test,9721,0,0.292901
test,9722,0,0.124208
test,9723,0,0.266822
test,9724,0,0.177060
test,9725,0,0.041109
test,9726,0,0.107833
test,9727,0,0.020591
test,9728,0,0.136468
test,9729,0,0.636911
test,9730,0,0.070637
test,9731,0,0.129332
test,9732,0,0.416494
test,9733,0,0.302766
test,9734,0,0.096886
test,9735,0,0.328241
test,9736,0,0.123532
test,9737,0,0.043013
test,9738,0,0.211511
test,9739,0,0.441169
test,9740,0,0.100836
test,9741,0,0.082544
test,9742,0,0.351824
test,9743,0,0.675309
test,9744,0,0.512048
test,9745,0,0.139280
test,9746,0,0.648059
test,9747,0,0.787003
test,9748,0,0.183321
test,9749,0,0.293656
test,9750,0,0.398513
test,9751,0,0.526766
test,9752,0,0.262119
test,9753,0,0.195894
test,9754,0,0.288656
test,9755,0,0.259751
test,9756,0,0.344525
test,9757,0,0.196505
test,9758,0,0.339174
test,9759,0,0.419705
test,9760,0,0.366942
test,9761,0,0.175352
test,9762,0,0.533613
test,9763,0,0.281245
test,9764,0,0.829989
test,9765,0,0.388949
test,9766,0,0.276710
test,9767,0,0.189074
test,9768,0,0.244519
test,9769,0,0.293043
test,9770,0,0.099249
test,9771,0,0.268436
test,9772,0,0.231088
test,9773,0,0.343197
test,9774,0,0.143470
test,9775,0,0.450046
test,9776,0,0.197341
test,9777,0,0.145763
test,9778,0,0.233924
test,9779,0,0.035140
test,9780,0,0.214700
test,9781,0,0.097029
test,9782,0,0.235077
test,9783,0,0.294227
test,9784,0,0.034499
test,9785,0,0.055500
test,9786,0,0.310184
test,9787,0,0.105622
test,9788,0,0.225102
test,9789,0,0.434623
test,9790,0,0.335930
test,9791,0,0.513946
test,9792,0,0.631084
test,9793,0,0.168857
test,9794,0,0.143830
test,9795,0,0.052413
test,9796,0,0.130751
test,9797,0,0.271484
test,9798,0,0.076846
test,9799,0,0.181884
test,9800,0,0.150318
test,9801,0,0.138540
test,9802,0,0.114789
test,9803,0,0.055584
test,9804,0,0.105933
test,9805,0,0.051791
test,9806,0,0.345807
test,9807,0,0.084751
test,9808,0,0.466916
test,9809,0,0.049570
test,9810,0,0.179479
test,9811,0,0.124989
test,9812,0,0.084683
test,9813,0,0.634981
test,9814,0,0.029725
test,9815,0,0.238149
test,9816,0,0.331901
test,9817,0,0.575597
test,9818,0,0.091070
test,9819,0,0.527628
test,9820,0,0.259025
test,9821,0,0.339991
test,9822,0,0.243925
test,9823,0,0.220360
test,9824,0,0.070375
test,9825,0,0.070064
test,9826,0,0.249002
test,9827,0,0.869988
test,9828,0,0.612937
test,9829,0,0.598541
test,9830,0,0.160662
test,9831,0,0.376098
test,9832,0,0.017485
test,9833,0,0.347867
test,9834,0,0.299240
test,9835,0,0.095297
test,9836,0,0.040131
test,9837,0,0.053465
test,9838,0,0.015190
test,9839,0,0.080770
test,9840,0,0.157192
test,9841,0,0.062050
test,9842,0,0.341185
test,9843,0,0.349503
test,9844,0,0.213331
test,9845,0,0.307672
test,9846,0,0.525359
test,9847,0,0.280890
test,9848,0,0.313718
test,9849,0,0.343867
test,9850,0,0.180292
test,9851,0,0.107651
test,9852,0,0.147377
test,9853,0,0.108257
test,9854,0,0.006812
test,9855,0,0.095963
test,9856,0,0.065589
test,9857,0,0.059261
test,9858,0,0.058288
test,9859,0,0.263000
test,9860,0,0.578483
test,9861,0,0.326289
test,9862,0,0.092550
test,9863,0,0.346109
test,9864,0,0.231123
test,9865,0,0.329659
test,9866,0,0.245340
test,9867,0,0.212617
test,9868,0,0.252144
test,9869,0,0.297647
test,9870,0,0.291846
test,9871,0,0.064186
test,9872,0,0.018398
test,9873,0,0.084423
test,9874,0,0.170482
test,9875,0,0.403108
test,9876,0,0.390136
test,9877,0,0.402114
test,9878,0,0.320257
test,9879,0,0.165346
test,9880,0,0.059315
test,9881,0,0.550906
test,9882,0,0.495021
test,9883,0,0.445062
test,9884,0,0.462525
test,9885,0,0.100873
test,9886,0,0.105725
test,9887,0,0.308629
test,9888,0,0.099932
test,9889,0,0.066199
test,9890,0,0.331683
test,9891,0,0.284529
test,9892,0,0.761103
test,9893,0,0.044142
test,9894,0,0.047497
test,9895,0,0.052251
test,9896,0,0.018742
test,9897,0,0.543417
test,9898,0,0.530846
test,9899,0,0.843238
test,9900,0,0.325412
test,9901,0,0.108009
test,9902,0,0.338391
test,9903,0,0.100122
test,9904,0,0.900500
test,9905,0,0.254157
test,9906,0,0.086248
test,9907,0,0.165148
test,9908,0,0.518689
test,9909,0,0.195712
test,9910,0,0.059985
test,9911,0,0.670316
test,9912,0,0.437476
test,9913,0,0.333356
test,9914,0,0.482111
test,9915,0,0.075431
test,9916,0,0.252613
test,9917,0,0.084597
test,9918,0,0.408141
test,9919,0,0.605255
test,9920,0,0.499591
test,9921,0,0.216366
test,9922,0,0.221115
test,9923,0,0.075234
test,9924,0,0.086959
test,9925,0,0.053388
test,9926,0,0.079000
test,9927,0,0.020479
test,9928,0,0.179316
test,9929,0,0.190071
test,9930,0,0.141005
test,9931,0,0.078999
test,9932,0,0.148536
test,9933,0,0.185186
test,9934,0,0.272192
test,9935,0,0.023996
test,9936,0,0.128860
test,9937,0,0.139772
test,9938,0,0.111808
test,9939,0,0.100250
test,9940,0,0.069673
test,9941,0,0.087257
test,9942,0,0.077501
test,9943,0,0.513253
test,9944,0,0.350785
test,9945,0,0.308599
test,9946,0,0.379201
test,9947,0,0.170227
test,9948,0,0.105213
test,9949,0,0.383565
test,9950,0,0.228315
test,9951,0,0.089886
test,9952,0,0.378966
test,9953,0,0.249047
test,9954,0,0.454182
test,9955,0,0.026781
test,9956,0,0.133315
test,9957,0,0.046058
test,9958,0,0.148754
test,9959,0,0.192717
test,9960,0,0.217659
test,9961,0,0.487247
test,9962,0,0.218150
test,9963,0,0.018214
test,9964,0,0.141064
test,9965,0,0.241823
test,9966,0,0.117509
test,9967,0,0.175455
test,9968,0,0.189801
test,9969,0,0.395027
test,9970,0,0.379227
test,9971,0,0.036304
test,9972,0,0.049433
test,9973,0,0.180572
test,9974,0,0.535192
test,9975,0,0.653965
test,9976,0,0.253209
test,9977,0,0.371273
test,9978,0,0.243575
test,9979,0,0.434394
test,9980,0,0.242870
test,9981,0,0.432695
test,9982,0,0.161171
test,9983,0,0.255997
test,9984,0,0.075503
test,9985,0,0.115179
test,9986,0,0.105272
test,9987,0,0.151527
test,9988,0,0.098904
test,9989,0,0.080402
test,9990,0,0.082233
test,9991,0,0.039473
test,9992,0,0.015048
test,9993,0,0.162317
test,9994,0,0.088105
test,9995,0,0.676561
test,9996,0,0.442286
test,9997,0,0.351563
test,9998,0,0.150236
test,9999,0,0.045112
test,10000,0,0.459144
test,10001,0,0.116140
test,10002,0,0.103136
test,10003,0,0.167667
test,10004,0,0.051744
test,10005,0,0.265182
test,10006,0,0.230211
test,10007,0,0.073562
test,10008,0,0.183263
test,10009,0,0.428118
test,10010,0,0.313771
test,10011,0,0.395862
test,10012,0,0.510676
test,10013,0,0.160305
test,10014,0,0.169827
test,10015,0,0.062487
test,10016,0,0.029127
test,10017,0,0.200661
test,10018,0,0.145478
test,10019,0,0.054669
test,10020,0,0.075159
test,10021,0,0.499637
test,10022,0,0.438803
test,10023,0,0.080874
test,10024,0,0.421050
test,10025,0,0.241822
test,10026,0,0.188865
test,10027,0,0.320938
test,10028,0,0.287456
test,10029,0,0.559140
test,10030,0,0.269372
test,10031,0,0.427348
test,10032,0,0.088913
test,10033,0,0.385267
test,10034,0,0.390305
test,10035,0,0.153306
test,10036,0,0.358011
test,10037,0,0.407943
test,10038,0,0.261928
test,10039,0,0.371597
test,10040,0,0.331468
test,10041,0,0.480332
test,10042,0,0.477792
test,10043,0,0.065997
test,10044,0,0.117167
test,10045,0,0.721449
test,10046,0,0.058376
test,10047,0,0.204249
test,10048,0,0.080625
test,10049,0,0.512545
test,10050,0,0.094326
test,10051,0,0.235813
test,10052,0,0.395445
test,10053,0,0.218317
test,10054,0,0.038522
test,10055,0,0.404592
test,10056,0,0.075281
test,10057,0,0.029349
test,10058,0,0.248499
test,10059,0,0.044575
test,10060,0,0.125646
test,10061,0,0.156735
test,10062,0,0.055884
test,10063,0,0.121034
test,10064,0,0.173617
test,10065,0,0.261100
test,10066,0,0.035336
test,10067,0,0.192777
test,10068,0,0.280243
test,10069,0,0.353671
test,10070,0,0.077633
test,10071,0,0.060119
test,10072,0,0.506642
test,10073,0,0.034271
test,10074,0,0.267374
test,10075,0,0.231095
test,10076,0,0.015148
test,10077,0,0.364476
test,10078,0,0.554881
test,10079,0,0.301736
test,10080,0,0.669727
test,10081,0,0.325784
test,10082,0,0.523996
test,10083,0,0.018677
test,10084,0,0.146431
test,10085,0,0.409754
test,10086,0,0.219661
test,10087,0,0.584963
test,10088,0,0.253910
test,10089,0,0.038638
test,10090,0,0.429362
test,10091,0,0.230188
test,10092,0,0.585211
test,10093,0,0.379533
test,10094,0,0.058998
test,10095,0,0.152162
test,10096,0,0.280324
test,10097,0,0.146042
test,10098,0,0.141949
test,10099,0,0.305162
test,10100,0,0.650044
test,10101,0,0.077475
test,10102,0,0.185880
test,10103,0,0.471103
test,10104,0,0.048570
test,10105,0,0.225305
test,10106,0,0.395841
test,10107,0,0.286358
test,10108,0,0.054103
test,10109,0,0.436427
test,10110,0,0.178667
test,10111,0,0.249817
test,10112,0,0.100346
test,10113,0,0.771994
test,10114,0,0.314688
test,10115,0,0.336208
test,10116,0,0.400493
test,10117,0,0.177272
test,10118,0,0.343196
test,10119,0,0.174789
test,10120,0,0.453166
test,10121,0,0.252112
test,10122,0,0.283912
test,10123,0,0.050963
test,10124,0,0.202839
test,10125,0,0.378392
test,10126,0,0.184560
test,10127,0,0.058389
test,10128,0,0.181409
test,10129,0,0.335368
test,10130,0,0.189264
test,10131,0,0.171066
test,10132,0,0.437246
test,10133,0,0.350538
test,10134,0,0.185114
test,10135,0,0.175217
test,10136,0,0.233829
test,10137,0,0.306092
test,10138,0,0.531619
test,10139,0,0.102554
test,10140,0,0.238084
test,10141,0,0.611029
test,10142,0,0.274687
test,10143,0,0.197317
test,10144,0,0.285870
test,10145,0,0.573707
test,10146,0,0.271723
test,10147,0,0.446976
test,10148,0,0.089031
test,10149,0,0.394543
test,10150,0,0.844597
test,10151,0,0.118898
test,10152,0,0.017483
test,10153,0,0.323399
test,10154,0,0.052487
test,10155,0,0.049249
test,10156,0,0.022739
test,10157,0,0.184788
test,10158,0,0.132209
test,10159,0,0.140007
test,10160,0,0.125123
test,10161,0,0.100758
test,10162,0,0.109457
test,10163,0,0.435298
test,10164,0,0.069632
test,10165,0,0.075522
test,10166,0,0.413886
test,10167,0,0.075684
test,10168,0,0.040228
test,10169,0,0.075053
test,10170,0,0.045503
test,10171,0,0.062117
test,10172,0,0.155766
test,10173,0,0.076878
test,10174,0,0.104867
test,10175,0,0.320959
test,10176,0,0.149037
test,10177,0,0.053227
test,10178,0,0.089754
test,10179,0,0.256607
test,10180,0,0.134786
test,10181,0,0.013787
test,10182,0,0.370630
test,10183,0,0.086693
test,10184,0,0.264247
test,10185,0,0.638621
test,10186,0,0.296624
test,10187,0,0.429439
test,10188,0,0.444720
test,10189,0,0.329469
test,10190,0,0.117051
test,10191,0,0.196907
test,10192,0,0.522953
test,10193,0,0.326418
test,10194,0,0.105271
test,10195,0,0.133791
test,10196,0,0.093356
test,10197,0,0.623612
test,10198,0,0.285727
test,10199,0,0.075836
test,10200,0,0.263387
test,10201,0,0.147588
test,10202,0,0.040211
test,10203,0,0.136158
test,10204,0,0.014673
test,10205,0,0.759118
test,10206,0,0.174868
test,10207,0,0.227697
test,10208,0,0.118750
test,10209,0,0.436009
test,10210,0,0.332566
test,10211,0,0.159619
test,10212,0,0.144902
test,10213,0,0.152569
test,10214,0,0.516755
test,10215,0,0.055608
test,10216,0,0.149392
test,10217,0,0.301094
test,10218,0,0.186904
test,10219,0,0.333808
test,10220,0,0.439597
test,10221,0,0.291454
test,10222,0,0.049714
test,10223,0,0.289224
test,10224,0,0.057662
test,10225,0,0.449434
test,10226,0,0.415825
test,10227,0,0.433687
test,10228,0,0.432980
test,10229,0,0.225218
test,10230,0,0.223516
test,10231,0,0.035751
test,10232,0,0.121418
test,10233,0,0.035021
test,10234,0,0.023574
test,10235,0,0.029598
test,10236,0,0.115100
test,10237,0,0.034027
test,10238,0,0.090862
test,10239,0,0.052864
test,10240,0,0.466436
test,10241,0,0.203850
test,10242,0,0.023848
test,10243,0,0.406245
test,10244,0,0.182725
test,10245,0,0.016859
test,10246,0,0.027401
test,10247,0,0.192606
test,10248,0,0.021147
test,10249,0,0.400168
test,10250,0,0.145466
test,10251,0,0.354728
test,10252,0,0.548012
test,10253,0,0.351725
test,10254,0,0.088798
test,10255,0,0.165926
test,10256,0,0.029660
test,10257,0,0.366016
test,10258,0,0.106470
test,10259,0,0.160581
test,10260,0,0.141755
test,10261,0,0.082307
test,10262,0,0.183717
test,10263,0,0.339380
test,10264,0,0.254566
test,10265,0,0.074491
test,10266,0,0.213518
test,10267,0,0.781843
test,10268,0,0.415182
test,10269,0,0.335989
test,10270,0,0.121012
test,10271,0,0.160735
test,10272,0,0.434986
test,10273,0,0.050207
test,10274,0,0.036210
test,10275,0,0.183258
test,10276,0,0.035360
test,10277,0,0.040224
test,10278,0,0.018860
test,10279,0,0.190062
test,10280,0,0.017856
test,10281,0,0.131209
test,10282,0,0.164434
test,10283,0,0.038012
test,10284,0,0.649957
test,10285,0,0.017811
test,10286,0,0.072688
test,10287,0,0.066564
test,10288,0,0.066685
test,10289,0,0.107503
test,10290,0,0.155851
test,10291,0,0.296032
test,10292,0,0.536916
test,10293,0,0.187895
test,10294,0,0.270772
test,10295,0,0.376678
test,10296,0,0.661116
test,10297,0,0.046020
test,10298,0,0.196089
test,10299,0,0.019373
test,10300,0,0.712547
test,10301,0,0.068136
test,10302,0,0.838034
test,10303,0,0.239023
test,10304,0,0.165739
test,10305,0,0.468595
test,10306,0,0.467692
test,10307,0,0.095131
test,10308,0,0.013088
test,10309,0,0.099526
test,10310,0,0.039180
test,10311,0,0.250649
test,10312,0,0.461465
test,10313,0,0.181441
test,10314,0,0.187201
test,10315,0,0.159035
test,10316,0,0.061371
test,10317,0,0.145122
test,10318,0,0.464883
test,10319,0,0.582443
test,10320,0,0.136084
test,10321,0,0.307150
test,10322,0,0.533899
test,10323,0,0.045829
test,10324,0,0.419835
test,10325,0,0.182145
test,10326,0,0.181534
test,10327,0,0.349912
test,10328,0,0.349575
test,10329,0,0.258568
test,10330,0,0.267695
test,10331,0,0.010925
test,10332,0,0.286031
test,10333,0,0.085548
test,10334,0,0.488664
test,10335,0,0.116939
test,10336,0,0.613131
test,10337,0,0.067724
test,10338,0,0.370315
test,10339,0,0.072685
test,10340,0,0.477597
test,10341,0,0.063982
test,10342,0,0.129188
test,10343,0,0.100545
test,10344,0,0.272085
test,10345,0,0.156146
test,10346,0,0.112041
test,10347,0,0.520100
test,10348,0,0.093956
test,10349,0,0.100525
test,10350,0,0.188549
test,10351,0,0.075365
test,10352,0,0.842150
test,10353,0,0.155875
test,10354,0,0.081647
test,10355,0,0.031476
test,10356,0,0.277031
test,10357,0,0.149451
test,10358,0,0.039813
test,10359,0,0.275358
test,10360,0,0.319118
test,10361,0,0.229576
test,10362,0,0.209078
test,10363,0,0.252869
test,10364,0,0.049491
test,10365,0,0.071623
test,10366,0,0.097940
test,10367,0,0.021864
test,10368,0,0.151889
test,10369,0,0.092524
test,10370,0,0.147306
test,10371,0,0.014959
test,10372,0,0.231871
test,10373,0,0.058116
test,10374,0,0.038122
test,10375,0,0.425280
test,10376,0,0.310840
test,10377,0,0.245822
test,10378,0,0.191655
test,10379,0,0.056892
test,10380,0,0.245638
test,10381,0,0.077657
test,10382,0,0.538457
test,10383,0,0.300726
test,10384,0,0.392878
test,10385,0,0.153054
test,10386,0,0.551369
test,10387,0,0.456664
test,10388,0,0.353204
test,10389,0,0.248441
test,10390,0,0.109676
test,10391,0,0.364163
test,10392,0,0.151706
test,10393,0,0.032073
test,10394,0,0.026761
test,10395,0,0.218630
test,10396,0,0.162667
test,10397,0,0.065708
test,10398,0,0.092656
test,10399,0,0.063476
test,10400,0,0.165115
test,10401,0,0.257059
test,10402,0,0.024636
test,10403,0,0.045195
test,10404,0,0.113604
test,10405,0,0.145317
test,10406,0,0.074445
test,10407,0,0.163918
test,10408,0,0.193062
test,10409,0,0.213146
test,10410,0,0.315490
test,10411,0,0.274393
test,10412,0,0.104058
test,10413,0,0.296732
test,10414,0,0.102166
test,10415,0,0.010091
test,10416,0,0.059960
test,10417,0,0.305513
test,10418,0,0.038944
test,10419,0,0.013102
test,10420,0,0.204629
test,10421,0,0.641374
test,10422,0,0.721583
test,10423,0,0.037200
test,10424,0,0.720862
test,10425,0,0.214007
test,10426,0,0.285190
test,10427,0,0.252689
test,10428,0,0.036750
test,10429,0,0.065447
test,10430,0,0.099544
test,10431,0,0.492118
test,10432,0,0.069192
test,10433,0,0.234745
test,10434,0,0.090312
test,10435,0,0.335819
test,10436,0,0.372573
test,10437,0,0.388788
test,10438,0,0.122202
test,10439,0,0.189857
test,10440,0,0.456088
test,10441,0,0.162243
test,10442,0,0.107415
test,10443,0,0.106444
test,10444,0,0.744709
test,10445,0,0.062141
test,10446,0,0.128572
test,10447,0,0.255950
test,10448,0,0.545254
test,10449,0,0.177171
test,10450,0,0.156186
test,10451,0,0.047020
test,10452,0,0.167777
test,10453,0,0.137426
test,10454,0,0.824484
test,10455,0,0.313299
test,10456,0,0.325152
test,10457,0,0.194618
test,10458,0,0.377777
test,10459,0,0.657957
test,10460,0,0.326302
test,10461,0,0.540926
test,10462,0,0.206614
test,10463,0,0.458205
test,10464,0,0.164529
test,10465,0,0.271145
test,10466,0,0.157153
test,10467,0,0.567848
test,10468,0,0.253843
test,10469,0,0.237718
test,10470,0,0.229537
test,10471,0,0.014475
test,10472,0,0.104337
test,10473,0,0.120870
test,10474,0,0.033443
test,10475,0,0.244504
test,10476,0,0.212508
test,10477,0,0.020223
test,10478,0,0.100512
test,10479,0,0.071136
test,10480,0,0.087926
test,10481,0,0.093318
test,10482,0,0.033353
test,10483,0,0.205633
test,10484,0,0.142559
test,10485,0,0.181505
test,10486,0,0.465400
test,10487,0,0.392149
test,10488,0,0.187319
test,10489,0,0.368668
test,10490,0,0.207585
test,10491,0,0.355781
test,10492,0,0.320988
test,10493,0,0.130256
test,10494,0,0.412972
test,10495,0,0.438217
test,10496,0,0.118321
test,10497,0,0.171579
test,10498,0,0.247691
test,10499,0,0.332939
test,10500,0,0.440630
test,10501,0,0.102982
test,10502,0,0.069309
test,10503,0,0.009378
test,10504,0,0.228067
test,10505,0,0.401689
test,10506,0,0.066040
test,10507,0,0.150608
test,10508,0,0.199077
test,10509,0,0.279179
test,10510,0,0.129403
test,10511,0,0.153403
test,10512,0,0.097534
test,10513,0,0.023507
test,10514,0,0.078371
test,10515,0,0.205793
test,10516,0,0.207092
test,10517,0,0.137120
test,10518,0,0.272069
test,10519,0,0.084694
test,10520,0,0.140205
test,10521,0,0.172741
test,10522,0,0.034155
test,10523,0,0.370793
test,10524,0,0.446631
test,10525,0,0.030961
test,10526,0,0.113662
test,10527,0,0.134902
test,10528,0,0.076906
test,10529,0,0.169159
test,10530,0,0.288255
test,10531,0,0.500879
test,10532,0,0.257336
test,10533,0,0.079253
test,10534,0,0.268117
test,10535,0,0.047022
test,10536,0,0.094001
test,10537,0,0.128164
test,10538,0,0.411937
test,10539,0,0.100519
test,10540,0,0.206202
test,10541,0,0.135484
test,10542,0,0.025747
test,10543,0,0.062429
test,10544,0,0.040775
test,10545,0,0.230985
test,10546,0,0.391532
test,10547,0,0.276207
test,10548,0,0.235864
test,10549,0,0.066458
test,10550,0,0.005484
test,10551,0,0.165866
test,10552,0,0.105928
test,10553,0,0.245737
test,10554,0,0.026097
test,10555,0,0.125079
test,10556,0,0.123233
test,10557,0,0.328407
test,10558,0,0.351949
test,10559,0,0.267195
test,10560,0,0.146920
test,10561,0,0.117869
test,10562,0,0.076314
test,10563,0,0.109600
test,10564,0,0.148624
test,10565,0,0.194907
test,10566,0,0.218361
test,10567,0,0.248416
test,10568,0,0.171960
test,10569,0,0.518905
test,10570,0,0.035233
test,10571,0,0.049819
test,10572,0,0.049727
test,10573,0,0.253036
test,10574,0,0.110983
test,10575,0,0.275565
test,10576,0,0.151456
test,10577,0,0.070413
test,10578,0,0.319154
test,10579,0,0.087197
test,10580,0,0.207655
test,10581,0,0.074749
test,10582,0,0.108622
test,10583,0,0.472586
test,10584,0,0.442197
test,10585,0,0.039666
test,10586,0,0.558460
test,10587,0,0.227881
test,10588,0,0.326977
test,10589,0,0.047001
test,10590,0,0.429302
test,10591,0,0.133185
test,10592,0,0.171388
test,10593,0,0.144126
test,10594,0,0.164244
test,10595,0,0.015461
test,10596,0,0.238148
test,10597,0,0.135258
test,10598,0,0.120211
test,10599,0,0.330759
test,10600,0,0.088901
test,10601,0,0.022888
test,10602,0,0.215347
test,10603,0,0.107458
test,10604,0,0.097457
test,10605,0,0.144135
test,10606,0,0.120727
test,10607,0,0.013599
test,10608,0,0.094739
test,10609,0,0.028921
test,10610,0,0.085539
test,10611,0,0.072469
test,10612,0,0.043611
test,10613,0,0.024622
test,10614,0,0.044233
test,10615,0,0.050779
test,10616,0,0.022246
test,10617,0,0.158275
test,10618,0,0.054406
test,10619,0,0.047514
test,10620,0,0.246853
test,10621,0,0.243958
test,10622,0,0.080340
test,10623,0,0.046128
test,10624,0,0.292493
test,10625,0,0.258389
test,10626,0,0.463882
test,10627,0,0.221948
test,10628,0,0.253007
test,10629,0,0.081928
test,10630,0,0.117451
test,10631,0,0.123893
test,10632,0,0.286147
test,10633,0,0.072596
test,10634,0,0.139287
test,10635,0,0.079845
test,10636,0,0.462809
test,10637,0,0.347959
test,10638,0,0.205363
test,10639,0,0.299683
test,10640,0,0.273973
test,10641,0,0.127884
test,10642,0,0.366771
test,10643,0,0.294614
test,10644,0,0.344961
test,10645,0,0.450570
test,10646,0,0.464943
test,10647,0,0.179954
test,10648,0,0.382006
test,10649,0,0.135655
test,10650,0,0.409872
test,10651,0,0.072564
test,10652,0,0.204114
test,10653,0,0.421653
test,10654,0,0.671008
test,10655,0,0.371414
test,10656,0,0.215194
test,10657,0,0.046132
test,10658,0,0.324387
test,10659,0,0.105697
test,10660,0,0.176996
test,10661,0,0.212157
test,10662,0,0.026309
test,10663,0,0.044095
test,10664,0,0.237198
test,10665,0,0.627943
test,10666,0,0.115543
test,10667,0,0.124867
test,10668,0,0.124483
test,10669,0,0.159272
test,10670,0,0.070899
test,10671,0,0.202298
test,10672,0,0.518812
test,10673,0,0.212972
test,10674,0,0.089423
test,10675,0,0.030676
test,10676,0,0.403261
test,10677,0,0.038702
test,10678,0,0.028437
test,10679,0,0.193543
test,10680,0,0.115045
test,10681,0,0.317185
test,10682,0,0.178569
test,10683,0,0.208832
test,10684,0,0.204840
test,10685,0,0.017232
test,10686,0,0.088160
test,10687,0,0.075748
test,10688,0,0.403917
test,10689,0,0.132300
test,10690,0,0.116595
test,10691,0,0.251437
test,10692,0,0.396329
test,10693,0,0.435317
test,10694,0,0.101237
test,10695,0,0.034494
test,10696,0,0.105100
test,10697,0,0.382307
test,10698,0,0.302265
test,10699,0,0.385172
test,10700,0,0.318341
test,10701,0,0.256244
test,10702,0,0.413981
test,10703,0,0.161794
test,10704,0,0.113846
test,10705,0,0.221214
test,10706,0,0.380968
test,10707,0,0.254549
test,10708,0,0.463516
test,10709,0,0.066523
test,10710,0,0.134228
test,10711,0,0.103185
test,10712,0,0.386447
test,10713,0,0.204543
test,10714,0,0.141345
test,10715,0,0.155518
test,10716,0,0.710440
test,10717,0,0.048711
test,10718,0,0.159567
test,10719,0,0.426882
test,10720,0,0.229272
test,10721,0,0.035949
test,10722,0,0.387233
test,10723,0,0.230903
test,10724,0,0.087663
test,10725,0,0.607376
test,10726,0,0.138685
test,10727,0,0.086579
test,10728,0,0.373746
test,10729,0,0.165777
test,10730,0,0.121485
test,10731,0,0.045171
test,10732,0,0.348690
test,10733,0,0.176228
test,10734,0,0.072909
test,10735,0,0.600024
test,10736,0,0.144590
test,10737,0,0.195683
test,10738,0,0.101471
test,10739,0,0.167927
test,10740,0,0.300760
test,10741,0,0.069502
test,10742,0,0.074021
test,10743,0,0.206316
test,10744,0,0.197471
test,10745,0,0.183451
test,10746,0,0.095981
test,10747,0,0.110985
test,10748,0,0.078356
test,10749,0,0.272858
test,10750,0,0.438308
test,10751,0,0.267501
test,10752,0,0.118472
test,10753,0,0.004756
test,10754,0,0.140138
test,10755,0,0.098057
test,10756,0,0.050443
test,10757,0,0.060263
test,10758,0,0.058959
test,10759,0,0.055171
test,10760,0,0.005587
test,10761,0,0.061880
test,10762,0,0.199614
test,10763,0,0.061276
test,10764,0,0.061053
test,10765,0,0.032273
test,10766,0,0.179820
test,10767,0,0.072615
test,10768,0,0.126804
test,10769,0,0.161442
test,10770,0,0.203049
test,10771,0,0.184841
test,10772,0,0.327241
test,10773,0,0.083123
test,10774,0,0.167319
test,10775,0,0.159915
test,10776,0,0.186860
test,10777,0,0.099347
test,10778,0,0.200754
test,10779,0,0.415435
test,10780,0,0.164574
test,10781,0,0.481342
test,10782,0,0.039423
test,10783,0,0.148702
test,10784,0,0.082097
test,10785,0,0.251398
test,10786,0,0.019882
test,10787,0,0.033899
test,10788,0,0.046814
test,10789,0,0.154803
test,10790,0,0.250529
test,10791,0,0.074376
test,10792,0,0.284396
test,10793,0,0.206250
test,10794,0,0.027328
test,10795,0,0.195347
test,10796,0,0.071520
test,10797,0,0.073577
test,10798,0,0.133923
test,10799,0,0.159575
test,10800,0,0.252525
test,10801,0,0.037516
test,10802,0,0.036836
test,10803,0,0.153017
test,10804,0,0.397388
test,10805,0,0.051334
test,10806,0,0.108828
test,10807,0,0.392679
test,10808,0,0.183454
test,10809,0,0.021671
test,10810,0,0.044134
test,10811,0,0.307912
test,10812,0,0.159415
test,10813,0,0.054816
test,10814,0,0.057692
test,10815,0,0.115710
test,10816,0,0.064004
test,10817,0,0.010813
test,10818,0,0.219205
test,10819,0,0.062824
test,10820,0,0.102330
test,10821,0,0.257502
test,10822,0,0.104728
test,10823,0,0.068271
test,10824,0,0.264161
test,10825,0,0.220037
test,10826,0,0.192655
test,10827,0,0.470746
test,10828,0,0.225348
test,10829,0,0.481039
test,10830,0,0.320552
test,10831,0,0.203607
test,10832,0,0.252286
test,10833,0,0.004815
test,10834,0,0.476663
test,10835,0,0.220268
test,10836,0,0.473859
test,10837,0,0.244102
test,10838,0,0.185755
test,10839,0,0.242733
test,10840,0,0.099948
test,10841,0,0.089237
test,10842,0,0.378504
test,10843,0,0.729214
test,10844,0,0.182728
test,10845,0,0.085134
test,10846,0,0.161166
test,10847,0,0.681117
test,10848,0,0.764754
test,10849,0,0.638978
test,10850,0,0.280251
test,10851,0,0.169930
test,10852,0,0.108324
test,10853,0,0.038073
test,10854,0,0.103164
test,10855,0,0.181021
test,10856,0,0.452894
test,10857,0,0.290360
test,10858,0,0.199586
test,10859,0,0.073312
test,10860,0,0.655550
test,10861,0,0.090060
test,10862,0,0.282404
test,10863,0,0.180015
test,10864,0,0.530050
test,10865,0,0.361714
test,10866,0,0.022748
test,10867,0,0.452100
test,10868,0,0.256550
test,10869,0,0.393720
test,10870,0,0.287422
test,10871,0,0.287284
test,10872,0,0.599214
test,10873,0,0.328355
test,10874,0,0.255477
test,10875,0,0.195358
test,10876,0,0.547371
test,10877,0,0.290139
test,10878,0,0.429730
test,10879,0,0.538576
test,10880,0,0.249804
test,10881,0,0.494014
test,10882,0,0.089035
test,10883,0,0.098021
test,10884,0,0.014489
test,10885,0,0.039030
test,10886,0,0.035454
test,10887,0,0.027388
test,10888,0,0.254013
test,10889,0,0.022151
test,10890,0,0.437534
test,10891,0,0.096345
test,10892,0,0.070654
test,10893,0,0.051756
test,10894,0,0.154743
test,10895,0,0.154539
test,10896,0,0.425898
test,10897,0,0.201510
test,10898,0,0.050620
test,10899,0,0.328652
test,10900,0,0.082439
test,10901,0,0.386314
test,10902,0,0.516978
test,10903,0,0.327289
test,10904,0,0.027234
test,10905,0,0.086628
test,10906,0,0.454668
test,10907,0,0.587445
test,10908,0,0.062702
test,10909,0,0.072847
test,10910,0,0.269352
test,10911,0,0.170404
test,10912,0,0.331045
test,10913,0,0.140062
test,10914,0,0.228164
test,10915,0,0.098996
test,10916,0,0.454743
test,10917,0,0.740677
test,10918,0,0.065094
test,10919,0,0.106364
test,10920,0,0.014665
test,10921,0,0.095632
test,10922,0,0.047211
test,10923,0,0.020294
test,10924,0,0.275609
test,10925,0,0.046427
test,10926,0,0.107835
test,10927,0,0.186483
test,10928,0,0.054388
test,10929,0,0.087243
test,10930,0,0.056758
test,10931,0,0.205436
test,10932,0,0.127460
test,10933,0,0.269420
test,10934,0,0.056343
test,10935,0,0.069941
test,10936,0,0.031667
test,10937,0,0.307948
test,10938,0,0.290280
test,10939,0,0.092122
test,10940,0,0.406179
test,10941,0,0.050621
test,10942,0,0.216006
test,10943,0,0.107385
test,10944,0,0.173583
test,10945,0,0.571093
test,10946,0,0.091049
test,10947,0,0.111978
test,10948,0,0.066828
test,10949,0,0.034558
test,10950,0,0.072994
test,10951,0,0.052641
test,10952,0,0.134393
test,10953,0,0.135165
test,10954,0,0.268756
test,10955,0,0.066436
test,10956,0,0.139790
test,10957,0,0.118957
test,10958,0,0.800773
test,10959,0,0.037232
test,10960,0,0.390124
test,10961,0,0.294842
test,10962,0,0.161428
test,10963,0,0.353245
test,10964,0,0.019754
test,10965,0,0.355128
test,10966,0,0.395789
test,10967,0,0.140232
test,10968,0,0.049843
test,10969,0,0.085003
test,10970,0,0.080906
test,10971,0,0.312333
test,10972,0,0.032615
test,10973,0,0.067647
test,10974,0,0.294432
test,10975,0,0.363869
test,10976,0,0.114907
test,10977,0,0.303110
test,10978,0,0.115074
test,10979,0,0.538609
test,10980,0,0.437890
test,10981,0,0.169493
test,10982,0,0.016925
test,10983,0,0.042344
test,10984,0,0.089308
test,10985,0,0.167070
test,10986,0,0.072058
test,10987,0,0.203984
test,10988,0,0.106826
test,10989,0,0.029777
test,10990,0,0.282928
test,10991,0,0.217572
test,10992,0,0.193755
test,10993,0,0.032391
test,10994,0,0.608286
test,10995,0,0.442798
test,10996,0,0.003284
test,10997,0,0.111125
test,10998,0,0.118554
test,10999,0,0.090151
test,11000,0,0.022295
test,11001,0,0.028492
test,11002,0,0.085494
test,11003,0,0.037438
test,11004,0,0.029810
test,11005,0,0.163196
test,11006,0,0.085793
test,11007,0,0.155447
test,11008,0,0.027303
test,11009,0,0.037086
test,11010,0,0.074501
test,11011,0,0.306610
test,11012,0,0.153877
test,11013,0,0.061944
test,11014,0,0.109497
test,11015,0,0.317075
test,11016,0,0.053749
test,11017,0,0.317773
test,11018,0,0.029109
test,11019,0,0.102495
test,11020,0,0.092610
test,11021,0,0.090228
test,11022,0,0.190520
test,11023,0,0.212987
test,11024,0,0.122201
test,11025,0,0.465473
test,11026,0,0.049464
test,11027,0,0.028175
test,11028,0,0.422608
test,11029,0,0.042547
test,11030,0,0.028693
test,11031,0,0.079781
test,11032,0,0.010555
test,11033,0,0.112786
test,11034,0,0.117925
test,11035,0,0.205763
test,11036,0,0.162439
test,11037,0,0.089952
test,11038,0,0.100688
test,11039,0,0.041856
test,11040,0,0.313324
test,11041,0,0.218821
test,11042,0,0.625449
test,11043,0,0.055947
test,11044,0,0.090072
test,11045,0,0.127851
test,11046,0,0.058097
test,11047,0,0.202571
test,11048,0,0.382620
test,11049,0,0.092367
test,11050,0,0.195957
test,11051,0,0.059845
test,11052,0,0.121266
test,11053,0,0.809444
test,11054,0,0.036719
test,11055,0,0.463337
test,11056,0,0.466138
test,11057,0,0.030786
test,11058,0,0.022330
test,11059,0,0.163113
test,11060,0,0.033857
test,11061,0,0.080603
test,11062,0,0.083032
test,11063,0,0.224586
test,11064,0,0.049036
test,11065,0,0.096493
test,11066,0,0.193526
test,11067,0,0.094415
test,11068,0,0.022589
test,11069,0,0.073602
test,11070,0,0.087336
test,11071,0,0.041339
test,11072,0,0.223348
test,11073,0,0.042443
test,11074,0,0.123785
test,11075,0,0.156951
test,11076,0,0.109620
test,11077,0,0.404068
test,11078,0,0.177365
test,11079,0,0.022135
test,11080,0,0.135531
test,11081,0,0.129498
test,11082,0,0.048841
test,11083,0,0.041339
test,11084,0,0.184002
test,11085,0,0.248150
test,11086,0,0.216798
test,11087,0,0.054522
test,11088,0,0.054611
test,11089,0,0.059979
test,11090,0,0.480223
test,11091,0,0.372230
test,11092,0,0.310994
test,11093,0,0.034011
test,11094,0,0.143627
test,11095,0,0.068551
test,11096,0,0.204023
test,11097,0,0.160463
test,11098,0,0.239020
test,11099,0,0.192283
test,11100,0,0.241081
test,11101,0,0.192001
test,11102,0,0.531129
test,11103,0,0.048124
test,11104,0,0.132204
test,11105,0,0.148972
test,11106,0,0.300124
test,11107,0,0.049696
test,11108,0,0.023945
test,11109,0,0.306536
test,11110,0,0.140025
test,11111,0,0.091746
test,11112,0,0.551018
test,11113,0,0.604765
test,11114,0,0.596507
test,11115,0,0.529249
test,11116,0,0.684697
test,11117,0,0.367769
test,11118,0,0.498207
test,11119,0,0.203631
test,11120,0,0.256049
test,11121,0,0.060613
test,11122,0,0.105017
test,11123,0,0.271725
test,11124,0,0.480734
test,11125,0,0.094264
test,11126,0,0.114112
test,11127,0,0.215809
test,11128,0,0.510606
test,11129,0,0.481332
test,11130,0,0.154456
test,11131,0,0.328445
test,11132,0,0.009652
test,11133,0,0.137175
test,11134,0,0.113991
test,11135,0,0.486816
test,11136,0,0.074494
test,11137,0,0.624283
test,11138,0,0.454634
test,11139,0,0.207845
test,11140,0,0.485935
test,11141,0,0.121718
test,11142,0,0.170364
test,11143,0,0.100514
test,11144,0,0.273114
test,11145,0,0.392421
test,11146,0,0.144646
test,11147,0,0.070815
test,11148,0,0.392576
test,11149,0,0.283951
test,11150,0,0.211026
test,11151,0,0.010934
test,11152,0,0.528168
test,11153,0,0.222310
test,11154,0,0.064704
test,11155,0,0.131676
test,11156,0,0.495439
test,11157,0,0.608403
test,11158,0,0.381176
test,11159,0,0.226316
test,11160,0,0.238217
test,11161,0,0.582754
test,11162,0,0.196305
test,11163,0,0.418796
test,11164,0,0.474861
test,11165,0,0.386873
test,11166,0,0.237660
test,11167,0,0.078644
test,11168,0,0.558004
test,11169,0,0.092838
test,11170,0,0.308367
test,11171,0,0.515449
test,11172,0,0.041100
test,11173,0,0.162698
test,11174,0,0.068490
test,11175,0,0.317465
test,11176,0,0.132215
test,11177,0,0.025916
test,11178,0,0.165731
test,11179,0,0.245650
test,11180,0,0.573822
test,11181,0,0.560881
test,11182,0,0.407681
test,11183,0,0.347269
test,11184,0,0.068635
test,11185,0,0.114827
test,11186,0,0.461296
test,11187,0,0.700057
test,11188,0,0.449899
test,11189,0,0.574359
test,11190,0,0.197435
test,11191,0,0.239303
test,11192,0,0.385602
test,11193,0,0.078689
test,11194,0,0.118320
test,11195,0,0.101065
test,11196,0,0.175596
test,11197,0,0.034328
test,11198,0,0.218651
test,11199,0,0.712805
test,11200,0,0.189402
test,11201,0,0.158183
test,11202,0,0.203924
test,11203,0,0.100032
test,11204,0,0.082411
test,11205,0,0.258761
test,11206,0,0.093247
test,11207,0,0.208697
test,11208,0,0.677997
test,11209,0,0.226873
test,11210,0,0.127018
test,11211,0,0.487232
test,11212,0,0.432316
test,11213,0,0.114137
test,11214,0,0.532695
test,11215,0,0.444877
test,11216,0,0.586235
test,11217,0,0.631635
test,11218,0,0.798283
test,11219,0,0.331967
test,11220,0,0.746710
test,11221,0,0.360645
test,11222,0,0.046928
test,11223,0,0.415072
test,11224,0,0.172141
test,11225,0,0.098718
test,11226,0,0.352472
test,11227,0,0.247124
test,11228,0,0.127884
test,11229,0,0.155652
test,11230,0,0.289966
test,11231,0,0.366325
test,11232,0,0.244681
test,11233,0,0.200066
test,11234,0,0.907896
test,11235,0,0.180022
test,11236,0,0.182220
test,11237,0,0.082153
test,11238,0,0.210647
test,11239,0,0.237949
test,11240,0,0.235011
test,11241,0,0.066394
test,11242,0,0.173699
test,11243,0,0.302172
test,11244,0,0.411370
test,11245,0,0.136005
test,11246,0,0.143430
test,11247,0,0.146289
test,11248,0,0.255182
test,11249,0,0.250945
test,11250,0,0.107382
test,11251,0,0.021165
test,11252,0,0.372349
test,11253,0,0.166942
test,11254,0,0.533743
test,11255,0,0.483310
test,11256,0,0.265781
test,11257,0,0.127507
test,11258,0,0.061374
test,11259,0,0.549130
test,11260,0,0.335393
test,11261,0,0.235624
test,11262,0,0.006120
test,11263,0,0.046292
test,11264,0,0.308923
test,11265,0,0.360837
test,11266,0,0.441842
test,11267,0,0.134799
test,11268,0,0.256714
test,11269,0,0.546168
test,11270,0,0.542300
test,11271,0,0.585807
test,11272,0,0.076873
test,11273,0,0.178776
test,11274,0,0.292393
test,11275,0,0.309107
test,11276,0,0.231733
test,11277,0,0.392298
test,11278,0,0.229105
test,11279,0,0.055049
test,11280,0,0.353150
test,11281,0,0.389298
test,11282,0,0.083026
test,11283,0,0.254726
test,11284,0,0.218557
test,11285,0,0.028896
test,11286,0,0.141784
test,11287,0,0.025325
test,11288,0,0.257074
test,11289,0,0.222689
test,11290,0,0.413520
test,11291,0,0.330515
test,11292,0,0.048900
test,11293,0,0.559040
test,11294,0,0.035440
test,11295,0,0.150511
test,11296,0,0.236045
test,11297,0,0.046930
test,11298,0,0.026436
test,11299,0,0.049505
test,11300,0,0.039960
test,11301,0,0.060905
test,11302,0,0.262519
test,11303,0,0.071012
test,11304,0,0.420630
test,11305,0,0.100144
test,11306,0,0.368491
test,11307,0,0.089064
test,11308,0,0.109354
test,11309,0,0.254877
test,11310,0,0.016575
test,11311,0,0.249498
test,11312,0,0.548490
test,11313,0,0.394729
test,11314,0,0.580038
test,11315,0,0.087357
test,11316,0,0.183021
test,11317,0,0.155858
test,11318,0,0.093974
test,11319,0,0.548317
test,11320,0,0.222048
test,11321,0,0.121011
test,11322,0,0.048682
test,11323,0,0.766166
test,11324,0,0.238059
test,11325,0,0.513669
test,11326,0,0.855579
test,11327,0,0.027268
test,11328,0,0.088543
test,11329,0,0.151252
test,11330,0,0.246018
test,11331,0,0.369442
test,11332,0,0.186582
test,11333,0,0.081341
test,11334,0,0.084220
test,11335,0,0.370594
test,11336,0,0.401335
test,11337,0,0.163473
test,11338,0,0.192881
test,11339,0,0.115337
test,11340,0,0.834033
test,11341,0,0.046634
test,11342,0,0.303156
test,11343,0,0.126880
test,11344,0,0.124866
test,11345,0,0.175319
test,11346,0,0.190767
test,11347,0,0.097107
test,11348,0,0.029018
test,11349,0,0.374537
test,11350,0,0.137296
test,11351,0,0.049067
test,11352,0,0.382677
test,11353,0,0.103386
test,11354,0,0.064177
test,11355,0,0.041737
test,11356,0,0.067090
test,11357,0,0.023853
test,11358,0,0.189752
test,11359,0,0.207799
test,11360,0,0.302561
test,11361,0,0.071737
test,11362,0,0.309256
test,11363,0,0.085003
test,11364,0,0.076083
test,11365,0,0.313828
test,11366,0,0.238440
test,11367,0,0.336399
test,11368,0,0.131186
test,11369,0,0.159535
test,11370,0,0.455799
test,11371,0,0.612369
test,11372,0,0.386812
test,11373,0,0.515106
test,11374,0,0.492373
test,11375,0,0.378547
test,11376,0,0.647836
test,11377,0,0.229970
test,11378,0,0.361618
test,11379,0,0.571530
test,11380,0,0.332557
test,11381,0,0.061036
test,11382,0,0.188478
test,11383,0,0.488016
test,11384,0,0.697263
test,11385,0,0.428300
test,11386,0,0.106704
test,11387,0,0.051476
test,11388,0,0.134222
test,11389,0,0.134222
test,11390,0,0.134222
test,11391,0,0.114620
test,11392,0,0.508812
test,11393,0,0.011006
test,11394,0,0.452230
test,11395,0,0.103040
test,11396,0,0.546942
test,11397,0,0.377443
test,11398,0,0.175462
test,11399,0,0.599975
test,11400,0,0.104871
test,11401,0,0.266545
test,11402,0,0.010179
test,11403,0,0.041010
test,11404,0,0.193968
test,11405,0,0.721034
test,11406,0,0.026909
test,11407,0,0.612981
test,11408,0,0.239963
test,11409,0,0.793850
test,11410,0,0.471731
test,11411,0,0.422914
test,11412,0,0.547620
test,11413,0,0.216458
test,11414,0,0.186590
test,11415,0,0.197580
test,11416,0,0.284037
test,11417,0,0.157592
test,11418,0,0.139766
test,11419,0,0.124875
test,11420,0,0.618948
test,11421,0,0.214576
test,11422,0,0.176422
test,11423,0,0.243688
test,11424,0,0.029001
test,11425,0,0.108824
test,11426,0,0.466821
test,11427,0,0.609734
test,11428,0,0.188991
test,11429,0,0.089441
test,11430,0,0.455616
test,11431,0,0.105859
test,11432,0,0.363591
test,11433,0,0.850388
test,11434,0,0.014700
test,11435,0,0.124166
test,11436,0,0.042264
test,11437,0,0.042544
test,11438,0,0.476962
test,11439,0,0.104971
test,11440,0,0.567075
test,11441,0,0.064066
test,11442,0,0.177464
test,11443,0,0.125459
test,11444,0,0.126044
test,11445,0,0.471861
test,11446,0,0.067380
test,11447,0,0.463832
test,11448,0,0.032473
test,11449,0,0.056759
test,11450,0,0.475651
test,11451,0,0.467993
test,11452,0,0.346724
test,11453,0,0.118228
test,11454,0,0.285183
test,11455,0,0.461458
test,11456,0,0.446993
test,11457,0,0.197270
test,11458,0,0.318194
test,11459,0,0.161455
test,11460,0,0.344695
test,11461,0,0.186665
test,11462,0,0.104585
test,11463,0,0.155656
test,11464,0,0.424392
test,11465,0,0.260092
test,11466,0,0.561547
test,11467,0,0.189392
test,11468,0,0.237910
test,11469,0,0.332485
test,11470,0,0.281975
test,11471,0,0.185322
test,11472,0,0.126577
test,11473,0,0.089110
test,11474,0,0.130296
test,11475,0,0.034949
test,11476,0,0.449596
test,11477,0,0.073203
test,11478,0,0.278963
test,11479,0,0.246791
test,11480,0,0.192898
test,11481,0,0.678735
test,11482,0,0.377776
test,11483,0,0.170279
test,11484,0,0.068488
test,11485,0,0.283717
test,11486,0,0.406697
test,11487,0,0.373107
test,11488,0,0.132289
test,11489,0,0.163856
test,11490,0,0.189746
test,11491,0,0.145174
test,11492,0,0.163416
test,11493,0,0.258807
test,11494,0,0.271065
test,11495,0,0.122778
test,11496,0,0.592797
test,11497,0,0.110880
test,11498,0,0.296853
test,11499,0,0.176682
test,11500,0,0.265960
test,11501,0,0.442376
test,11502,0,0.092273
test,11503,0,0.247663
test,11504,0,0.184558
test,11505,0,0.055179
test,11506,0,0.568396
test,11507,0,0.275318
test,11508,0,0.188060
test,11509,0,0.244440
test,11510,0,0.172158
test,11511,0,0.187164
test,11512,0,0.349931
test,11513,0,0.403692
test,11514,0,0.157436
test,11515,0,0.421189
test,11516,0,0.774732
test,11517,0,0.684794
test,11518,0,0.385263
test,11519,0,0.432667
test,11520,0,0.099781
test,11521,0,0.046520
test,11522,0,0.314273
test,11523,0,0.337939
test,11524,0,0.144936
test,11525,0,0.164412
test,11526,0,0.149894
test,11527,0,0.455608
test,11528,0,0.391518
test,11529,0,0.523214
test,11530,0,0.564027
test,11531,0,0.351823
test,11532,0,0.159769
test,11533,0,0.230796
test,11534,0,0.062110
test,11535,0,0.095854
test,11536,0,0.112104
test,11537,0,0.199581
test,11538,0,0.345209
test,11539,0,0.374796
test,11540,0,0.198792
test,11541,0,0.158158
test,11542,0,0.683836
test,11543,0,0.137476
test,11544,0,0.291714
test,11545,0,0.161257
test,11546,0,0.336228
test,11547,0,0.322192
test,11548,0,0.060617
test,11549,0,0.238441
test,11550,0,0.008445
test,11551,0,0.223676
test,11552,0,0.208494
test,11553,0,0.090015
test,11554,0,0.264714
test,11555,0,0.064903
test,11556,0,0.081990
test,11557,0,0.115272
test,11558,0,0.199196
test,11559,0,0.254224
test,11560,0,0.486795
test,11561,0,0.658921
test,11562,0,0.136937
test,11563,0,0.551998
test,11564,0,0.271560
test,11565,0,0.547921
test,11566,0,0.140143
test,11567,0,0.325528
test,11568,0,0.586919
test,11569,0,0.272596
test,11570,0,0.417328
test,11571,0,0.085056
test,11572,0,0.150319
test,11573,0,0.200642
test,11574,0,0.285982
test,11575,0,0.200755
test,11576,0,0.004950
test,11577,0,0.036980
test,11578,0,0.096991
test,11579,0,0.168007
test,11580,0,0.051315
test,11581,0,0.102079
test,11582,0,0.175018
test,11583,0,0.026193
test,11584,0,0.256070
test,11585,0,0.021699
test,11586,0,0.015516
test,11587,0,0.087609
test,11588,0,0.153003
test,11589,0,0.123299
test,11590,0,0.282301
test,11591,0,0.106630
test,11592,0,0.040009
test,11593,0,0.319591
test,11594,0,0.038687
test,11595,0,0.245873
test,11596,0,0.548348
test,11597,0,0.394378
test,11598,0,0.372342
test,11599,0,0.255821
test,11600,0,0.300756
test,11601,0,0.102324
test,11602,0,0.121089
test,11603,0,0.126411
test,11604,0,0.053040
test,11605,0,0.071840
test,11606,0,0.085835
test,11607,0,0.110828
test,11608,0,0.053907
test,11609,0,0.605496
test,11610,0,0.052772
test,11611,0,0.511857
test,11612,0,0.370179
test,11613,0,0.361860
test,11614,0,0.383984
test,11615,0,0.180766
test,11616,0,0.049216
test,11617,0,0.330213
test,11618,0,0.116806
test,11619,0,0.297701
test,11620,0,0.127807
test,11621,0,0.222694
test,11622,0,0.367155
test,11623,0,0.128645
test,11624,0,0.056939
test,11625,0,0.285514
test,11626,0,0.695998
test,11627,0,0.021574
test,11628,0,0.241269
test,11629,0,0.086773
test,11630,0,0.097527
test,11631,0,0.035927
test,11632,0,0.094529
test,11633,0,0.171514
test,11634,0,0.060643
test,11635,0,0.153846
test,11636,0,0.107546
test,11637,0,0.095389
test,11638,0,0.110983
test,11639,0,0.178840
test,11640,0,0.249874
test,11641,0,0.368112
test,11642,0,0.003434
test,11643,0,0.151988
test,11644,0,0.354157
test,11645,0,0.115893
test,11646,0,0.042282
test,11647,0,0.041299
test,11648,0,0.145343
test,11649,0,0.238604
test,11650,0,0.227542
test,11651,0,0.493686
test,11652,0,0.241209
test,11653,0,0.159638
test,11654,0,0.184383
test,11655,0,0.183424
test,11656,0,0.817983
test,11657,0,0.380997
test,11658,0,0.149128
test,11659,0,0.217577
test,11660,0,0.575028
test,11661,0,0.332469
test,11662,0,0.303722
test,11663,0,0.573053
test,11664,0,0.366986
test,11665,0,0.157311
test,11666,0,0.146110
test,11667,0,0.139114
test,11668,0,0.120339
test,11669,0,0.378311
test,11670,0,0.361310
test,11671,0,0.135218
test,11672,0,0.129730
test,11673,0,0.189707
test,11674,0,0.174982
test,11675,0,0.034096
test,11676,0,0.076712
test,11677,0,0.081370
test,11678,0,0.049676
test,11679,0,0.185415
test,11680,0,0.199559
test,11681,0,0.171459
test,11682,0,0.172224
test,11683,0,0.415012
test,11684,0,0.450583
test,11685,0,0.163094
test,11686,0,0.460088
test,11687,0,0.291761
test,11688,0,0.035701
test,11689,0,0.647596
test,11690,0,0.246874
test,11691,0,0.100167
test,11692,0,0.339709
test,11693,0,0.401935
test,11694,0,0.227071
test,11695,0,0.843664
test,11696,0,0.324844
test,11697,0,0.205882
test,11698,0,0.341382
test,11699,0,0.584799
test,11700,0,0.223031
test,11701,0,0.301011
test,11702,0,0.198240
test,11703,0,0.082707
test,11704,0,0.042775
test,11705,0,0.012838
test,11706,0,0.141755
test,11707,0,0.815680
test,11708,0,0.676335
test,11709,0,0.128319
test,11710,0,0.006744
test,11711,0,0.076205
test,11712,0,0.303885
test,11713,0,0.296193
test,11714,0,0.058928
test,11715,0,0.089762
test,11716,0,0.087317
test,11717,0,0.011252
test,11718,0,0.152672
test,11719,0,0.112872
test,11720,0,0.323306
test,11721,0,0.620147
test,11722,0,0.161724
test,11723,0,0.775942
test,11724,0,0.461328
test,11725,0,0.359500
test,11726,0,0.324316
test,11727,0,0.060482
test,11728,0,0.353986
test,11729,0,0.269218
test,11730,0,0.169697
test,11731,0,0.636489
test,11732,0,0.075709
test,11733,0,0.079150
test,11734,0,0.115855
test,11735,0,0.161271
test,11736,0,0.032735
test,11737,0,0.029905
test,11738,0,0.147815
test,11739,0,0.152786
test,11740,0,0.190814
test,11741,0,0.197529
test,11742,0,0.193745
test,11743,0,0.325707
test,11744,0,0.139254
test,11745,0,0.075536
test,11746,0,0.266844
test,11747,0,0.186446
test,11748,0,0.402132
test,11749,0,0.350644
test,11750,0,0.048394
test,11751,0,0.029806
test,11752,0,0.265709
test,11753,0,0.196787
test,11754,0,0.351381
test,11755,0,0.366317
test,11756,0,0.289546
test,11757,0,0.360526
test,11758,0,0.339292
test,11759,0,0.189593
test,11760,0,0.018493
test,11761,0,0.164053
test,11762,0,0.310005
test,11763,0,0.192787
test,11764,0,0.526911
test,11765,0,0.177385
test,11766,0,0.177385
test,11767,0,0.382587
test,11768,0,0.428537
test,11769,0,0.453203
test,11770,0,0.934615
test,11771,0,0.382082
test,11772,0,0.019649
test,11773,0,0.072158
test,11774,0,0.128756
test,11775,0,0.237178
test,11776,0,0.344341
test,11777,0,0.237001
test,11778,0,0.447493
test,11779,0,0.221951
test,11780,0,0.032265
test,11781,0,0.319311
test,11782,0,0.490060
test,11783,0,0.722345
test,11784,0,0.169039
test,11785,0,0.078604
test,11786,0,0.360296
test,11787,0,0.260656
test,11788,0,0.431315
test,11789,0,0.637909
test,11790,0,0.355973
test,11791,0,0.530787
test,11792,0,0.314001
test,11793,0,0.386898
test,11794,0,0.177355
test,11795,0,0.251151
test,11796,0,0.165391
test,11797,0,0.309141
test,11798,0,0.088155
test,11799,0,0.206149
test,11800,0,0.123771
test,11801,0,0.118353
test,11802,0,0.015457
test,11803,0,0.343474
test,11804,0,0.137610
test,11805,0,0.085127
test,11806,0,0.099618
test,11807,0,0.043084
test,11808,0,0.073229
test,11809,0,0.314105
test,11810,0,0.117943
test,11811,0,0.197834
test,11812,0,0.276887
test,11813,0,0.157719
test,11814,0,0.339514
test,11815,0,0.079717
test,11816,0,0.199171
test,11817,0,0.370240
test,11818,0,0.012495
test,11819,0,0.142612
test,11820,0,0.371350
test,11821,0,0.058672
test,11822,0,0.135384
test,11823,0,0.263470
test,11824,0,0.203791
test,11825,0,0.241815
test,11826,0,0.211394
test,11827,0,0.082784
test,11828,0,0.093811
test,11829,0,0.232248
test,11830,0,0.197619
test,11831,0,0.055869
test,11832,0,0.053294
test,11833,0,0.365932
test,11834,0,0.180164
test,11835,0,0.103257
test,11836,0,0.096178
test,11837,0,0.040797
test,11838,0,0.066354
test,11839,0,0.029590
test,11840,0,0.090150
test,11841,0,0.288908
test,11842,0,0.241002
test,11843,0,0.372351
test,11844,0,0.054508
test,11845,0,0.634843
test,11846,0,0.285002
test,11847,0,0.514950
test,11848,0,0.298871
test,11849,0,0.215991
test,11850,0,0.225566
test,11851,0,0.082847
test,11852,0,0.363680
test,11853,0,0.112327
test,11854,0,0.445844
test,11855,0,0.271630
test,11856,0,0.167897
test,11857,0,0.061051
test,11858,0,0.484508
test,11859,0,0.340532
test,11860,0,0.240385
test,11861,0,0.594763
test,11862,0,0.361098
test,11863,0,0.118640
test,11864,0,0.289938
test,11865,0,0.191666
test,11866,0,0.073608
test,11867,0,0.688396
test,11868,0,0.068529
test,11869,0,0.580178
test,11870,0,0.292139
test,11871,0,0.064928
test,11872,0,0.221848
test,11873,0,0.019083
test,11874,0,0.055620
test,11875,0,0.115969
test,11876,0,0.330406
test,11877,0,0.177397
test,11878,0,0.328727
test,11879,0,0.045846
test,11880,0,0.172091
test,11881,0,0.420035
test,11882,0,0.154156
test,11883,0,0.214247
test,11884,0,0.149623
test,11885,0,0.036495
test,11886,0,0.381191
test,11887,0,0.041015
test,11888,0,0.567961
test,11889,0,0.084653
test,11890,0,0.029743
test,11891,0,0.166841
test,11892,0,0.158846
test,11893,0,0.173310
test,11894,0,0.258802
test,11895,0,0.474579
test,11896,0,0.576717
test,11897,0,0.042845
test,11898,0,0.477731
test,11899,0,0.382138
test,11900,0,0.734953
test,11901,0,0.394378
test,11902,0,0.071200
test,11903,0,0.087524
test,11904,0,0.463806
test,11905,0,0.313783
test,11906,0,0.345662
test,11907,0,0.012874
test,11908,0,0.004695
test,11909,0,0.069480
test,11910,0,0.031408
test,11911,0,0.018933
test,11912,0,0.381736
test,11913,0,0.504726
test,11914,0,0.060033
test,11915,0,0.211324
test,11916,0,0.200844
test,11917,0,0.181981
test,11918,0,0.279460
test,11919,0,0.225166
test,11920,0,0.124824
test,11921,0,0.403040
test,11922,0,0.360353
test,11923,0,0.588401
test,11924,0,0.061289
test,11925,0,0.211289
test,11926,0,0.139107
test,11927,0,0.047866
test,11928,0,0.079360
test,11929,0,0.154311
test,11930,0,0.329695
test,11931,0,0.557498
test,11932,0,0.202604
test,11933,0,0.193523
test,11934,0,0.017500
test,11935,0,0.116468
test,11936,0,0.042503
test,11937,0,0.046522
test,11938,0,0.334053
test,11939,0,0.006324
test,11940,0,0.034895
test,11941,0,0.322988
test,11942,0,0.449726
test,11943,0,0.154758
test,11944,0,0.528214
test,11945,0,0.343873
test,11946,0,0.054587
test,11947,0,0.195559
test,11948,0,0.031906
test,11949,0,0.109808
test,11950,0,0.010066
test,11951,0,0.166060
test,11952,0,0.562531
test,11953,0,0.162289
test,11954,0,0.175428
test,11955,0,0.364289
test,11956,0,0.329704
test,11957,0,0.318160
test,11958,0,0.220804
test,11959,0,0.037158
test,11960,0,0.604611
test,11961,0,0.137205
test,11962,0,0.158737
test,11963,0,0.097745
test,11964,0,0.066129
test,11965,0,0.282404
test,11966,0,0.176490
test,11967,0,0.083163
test,11968,0,0.091541
test,11969,0,0.040521
test,11970,0,0.013162
test,11971,0,0.303983
test,11972,0,0.215550
test,11973,0,0.142566
test,11974,0,0.050997
test,11975,0,0.144597
test,11976,0,0.064603
test,11977,0,0.097563
test,11978,0,0.088120
test,11979,0,0.056893
test,11980,0,0.284275
test,11981,0,0.044515
test,11982,0,0.139358
test,11983,0,0.401402
test,11984,0,0.311870
test,11985,0,0.554110
test,11986,0,0.417397
test,11987,0,0.090460
test,11988,0,0.322702
test,11989,0,0.291950
test,11990,0,0.753686
test,11991,0,0.470014
test,11992,0,0.233578
test,11993,0,0.017019
test,11994,0,0.219403
test,11995,0,0.106291
test,11996,0,0.027452
test,11997,0,0.301086
test,11998,0,0.159601
test,11999,0,0.239188
test,12000,0,0.346031
test,12001,0,0.510277
test,12002,0,0.114627
test,12003,0,0.130522
test,12004,0,0.512778
test,12005,0,0.353938
test,12006,0,0.411824
test,12007,0,0.094994
test,12008,0,0.430896
test,12009,0,0.085446
test,12010,0,0.172603
test,12011,0,0.271153
test,12012,0,0.166359
test,12013,0,0.171950
test,12014,0,0.156710
test,12015,0,0.411805
test,12016,0,0.139835
test,12017,0,0.345418
test,12018,0,0.271361
test,12019,0,0.220250
test,12020,0,0.588851
test,12021,0,0.190741
test,12022,0,0.337633
test,12023,0,0.299369
test,12024,0,0.309246
test,12025,0,0.489199
test,12026,0,0.354765
test,12027,0,0.463084
test,12028,0,0.301828
test,12029,0,0.250011
test,12030,0,0.251793
test,12031,0,0.037504
test,12032,0,0.194665
test,12033,0,0.031469
test,12034,0,0.524382
test,12035,0,0.515672
test,12036,0,0.119389
test,12037,0,0.102365
test,12038,0,0.557893
test,12039,0,0.164454
test,12040,0,0.094903
test,12041,0,0.173496
test,12042,0,0.287204
test,12043,0,0.006153
test,12044,0,0.030085
test,12045,0,0.026526
test,12046,0,0.650198
test,12047,0,0.708698
test,12048,0,0.285961
test,12049,0,0.314234
test,12050,0,0.311258
test,12051,0,0.173498
test,12052,0,0.214041
test,12053,0,0.345075
test,12054,0,0.658711
test,12055,0,0.430935
test,12056,0,0.428230
test,12057,0,0.371633
test,12058,0,0.415506
test,12059,0,0.285015
test,12060,0,0.492348
test,12061,0,0.942544
test,12062,0,0.084725
test,12063,0,0.444701
test,12064,0,0.098176
test,12065,0,0.054730
test,12066,0,0.275023
test,12067,0,0.344827
test,12068,0,0.298711
test,12069,0,0.581083
test,12070,0,0.242927
test,12071,0,0.222276
test,12072,0,0.461117
test,12073,0,0.449046
test,12074,0,0.476391
test,12075,0,0.331541
test,12076,0,0.180399
test,12077,0,0.368251
test,12078,0,0.064890
test,12079,0,0.063272
test,12080,0,0.440004
test,12081,0,0.567882
test,12082,0,0.306574
test,12083,0,0.234501
test,12084,0,0.107968
test,12085,0,0.012677
test,12086,0,0.251890
test,12087,0,0.470066
test,12088,0,0.074745
test,12089,0,0.063846
test,12090,0,0.036308
test,12091,0,0.144181
test,12092,0,0.254982
test,12093,0,0.171724
test,12094,0,0.212141
test,12095,0,0.014380
test,12096,0,0.055474
test,12097,0,0.051996
test,12098,0,0.613808
test,12099,0,0.351197
test,12100,0,0.091143
test,12101,0,0.320249
test,12102,0,0.262532
test,12103,0,0.048056
test,12104,0,0.414258
test,12105,0,0.363021
test,12106,0,0.211104
test,12107,0,0.280251
test,12108,0,0.210676
test,12109,0,0.076564
test,12110,0,0.217205
test,12111,0,0.282864
test,12112,0,0.024090
test,12113,0,0.171692
test,12114,0,0.433048
test,12115,0,0.157895
test,12116,0,0.413496
test,12117,0,0.251490
test,12118,0,0.229292
test,12119,0,0.355943
test,12120,0,0.712080
test,12121,0,0.628699
test,12122,0,0.217823
test,12123,0,0.097842
test,12124,0,0.089975
test,12125,0,0.229948
test,12126,0,0.216013
test,12127,0,0.273148
test,12128,0,0.485209
test,12129,0,0.023378
test,12130,0,0.075609
test,12131,0,0.096267
test,12132,0,0.092564
test,12133,0,0.056861
test,12134,0,0.043584
test,12135,0,0.314869
test,12136,0,0.043777
test,12137,0,0.022953
test,12138,0,0.054276
test,12139,0,0.221001
test,12140,0,0.125135
test,12141,0,0.369879
test,12142,0,0.553327
test,12143,0,0.084876
test,12144,0,0.102679
test,12145,0,0.365816
test,12146,0,0.734556
test,12147,0,0.604257
test,12148,0,0.064589
test,12149,0,0.013464
test,12150,0,0.571639
test,12151,0,0.156020
test,12152,0,0.446404
test,12153,0,0.436518
test,12154,0,0.086262
test,12155,0,0.169109
test,12156,0,0.140765
test,12157,0,0.130995
test,12158,0,0.057288
test,12159,0,0.025092
test,12160,0,0.082045
test,12161,0,0.122738
test,12162,0,0.066829
test,12163,0,0.206244
test,12164,0,0.037459
test,12165,0,0.006264
test,12166,0,0.106491
test,12167,0,0.456374
test,12168,0,0.827097
test,12169,0,0.422615
test,12170,0,0.544907
test,12171,0,0.347895
test,12172,0,0.361838
test,12173,0,0.074938
test,12174,0,0.047598
test,12175,0,0.236066
test,12176,0,0.163971
test,12177,0,0.025402
test,12178,0,0.085110
test,12179,0,0.106199
test,12180,0,0.031218
test,12181,0,0.188785
test,12182,0,0.136320
test,12183,0,0.091343
test,12184,0,0.025105
test,12185,0,0.079656
test,12186,0,0.056351
test,12187,0,0.053127
test,12188,0,0.142377
test,12189,0,0.635725
test,12190,0,0.271904
test,12191,0,0.763077
test,12192,0,0.077860
test,12193,0,0.657102
test,12194,0,0.838086
test,12195,0,0.429647
test,12196,0,0.342793
test,12197,0,0.245150
test,12198,0,0.055901
test,12199,0,0.134505
test,12200,0,0.381112
test,12201,0,0.058876
test,12202,0,0.229447
test,12203,0,0.195562
test,12204,0,0.495479
test,12205,0,0.072311
test,12206,0,0.227459
test,12207,0,0.538548
test,12208,0,0.122785
test,12209,0,0.084632
test,12210,0,0.272975
test,12211,0,0.033614
test,12212,0,0.091349
test,12213,0,0.218293
test,12214,0,0.013281
test,12215,0,0.182598
test,12216,0,0.099492
test,12217,0,0.041661
test,12218,0,0.371964
test,12219,0,0.197213
test,12220,0,0.324117
test,12221,0,0.841462
test,12222,0,0.006820
test,12223,0,0.480090
test,12224,0,0.117891
test,12225,0,0.242068
test,12226,0,0.182939
test,12227,0,0.174055
test,12228,0,0.190459
test,12229,0,0.474296
test,12230,0,0.617427
test,12231,0,0.368715
test,12232,0,0.143648
test,12233,0,0.314713
test,12234,0,0.246979
test,12235,0,0.309946
test,12236,0,0.493207
test,12237,0,0.039030
test,12238,0,0.431532
test,12239,0,0.163367
test,12240,0,0.127440
test,12241,0,0.314388
test,12242,0,0.259488
test,12243,0,0.215968
test,12244,0,0.092017
test,12245,0,0.180955
test,12246,0,0.112306
test,12247,0,0.030258
test,12248,0,0.034033
test,12249,0,0.404310
test,12250,0,0.099710
test,12251,0,0.303113
test,12252,0,0.212682
test,12253,0,0.077760
test,12254,0,0.050004
test,12255,0,0.176284
test,12256,0,0.049726
test,12257,0,0.375155
test,12258,0,0.621837
test,12259,0,0.333153
test,12260,0,0.490305
test,12261,0,0.118254
test,12262,0,0.611931
test,12263,0,0.398332
test,12264,0,0.581873
test,12265,0,0.020101
test,12266,0,0.147647
test,12267,0,0.037926
test,12268,0,0.458503
test,12269,0,0.071722
test,12270,0,0.170126
test,12271,0,0.055362
test,12272,0,0.106452
test,12273,0,0.200426
test,12274,0,0.241772
test,12275,0,0.222673
test,12276,0,0.332085
test,12277,0,0.236512
test,12278,0,0.162812
test,12279,0,0.046915
test,12280,0,0.017502
test,12281,0,0.109226
test,12282,0,0.219279
test,12283,0,0.040200
test,12284,0,0.043298
test,12285,0,0.122604
test,12286,0,0.326450
test,12287,0,0.240511
test,12288,0,0.509275
test,12289,0,0.224344
test,12290,0,0.181502
test,12291,0,0.560615
test,12292,0,0.029571
test,12293,0,0.302926
test,12294,0,0.255807
test,12295,0,0.196167
test,12296,0,0.069370
test,12297,0,0.220254
test,12298,0,0.633678
test,12299,0,0.724487
test,12300,0,0.094023
test,12301,0,0.306280
test,12302,0,0.075451
test,12303,0,0.149339
test,12304,0,0.096092
test,12305,0,0.187000
test,12306,0,0.027528
test,12307,0,0.012651
test,12308,0,0.275455
test,12309,0,0.073192
test,12310,0,0.239602
test,12311,0,0.115334
test,12312,0,0.419651
test,12313,0,0.384719
test,12314,0,0.596725
test,12315,0,0.178454
test,12316,0,0.034527
test,12317,0,0.166499
test,12318,0,0.224705
test,12319,0,0.143827
test,12320,0,0.099211
test,12321,0,0.434712
test,12322,0,0.271545
test,12323,0,0.104360
test,12324,0,0.062121
test,12325,0,0.104836
test,12326,0,0.486813
test,12327,0,0.472634
test,12328,0,0.051373
test,12329,0,0.164322
test,12330,0,0.118945
test,12331,0,0.217923
test,12332,0,0.033799
test,12333,0,0.019897
test,12334,0,0.090927
test,12335,0,0.049148
test,12336,0,0.035157
test,12337,0,0.039415
test,12338,0,0.399656
test,12339,0,0.057938
test,12340,0,0.654791
test,12341,0,0.196808
test,12342,0,0.577818
test,12343,0,0.022033
test,12344,0,0.420835
test,12345,0,0.462447
test,12346,0,0.159125
test,12347,0,0.032076
test,12348,0,0.202068
test,12349,0,0.504426
test,12350,0,0.228881
test,12351,0,0.610523
test,12352,0,0.027179
test,12353,0,0.351823
test,12354,0,0.197130
test,12355,0,0.379448
test,12356,0,0.258492
test,12357,0,0.258492
test,12358,0,0.330251
test,12359,0,0.521154
test,12360,0,0.017220
test,12361,0,0.103050
test,12362,0,0.482541
test,12363,0,0.491304
test,12364,0,0.272532
test,12365,0,0.159767
test,12366,0,0.164882
test,12367,0,0.037525
test,12368,0,0.184812
test,12369,0,0.204660
test,12370,0,0.033147
test,12371,0,0.637397
test,12372,0,0.193275
test,12373,0,0.108725
test,12374,0,0.047121
test,12375,0,0.227738
test,12376,0,0.511772
test,12377,0,0.112801
test,12378,0,0.164692
test,12379,0,0.181940
test,12380,0,0.192255
test,12381,0,0.158615
test,12382,0,0.097386
test,12383,0,0.247775
test,12384,0,0.009660
test,12385,0,0.410842
test,12386,0,0.080465
test,12387,0,0.091077
test,12388,0,0.022401
test,12389,0,0.216065
test,12390,0,0.031233
test,12391,0,0.230286
test,12392,0,0.193305
test,12393,0,0.429313
test,12394,0,0.165576
test,12395,0,0.128732
test,12396,0,0.040676
test,12397,0,0.243143
test,12398,0,0.019529
test,12399,0,0.293065
test,12400,0,0.111623
test,12401,0,0.128077
test,12402,0,0.233954
test,12403,0,0.319236
test,12404,0,0.264040
test,12405,0,0.035813
test,12406,0,0.208624
test,12407,0,0.702969
test,12408,0,0.094874
test,12409,0,0.069975
test,12410,0,0.157552
test,12411,0,0.062325
test,12412,0,0.122656
test,12413,0,0.131662
test,12414,0,0.666936
test,12415,0,0.263179
test,12416,0,0.109645
test,12417,0,0.053878
test,12418,0,0.286878
test,12419,0,0.170872
test,12420,0,0.116051
test,12421,0,0.135438
test,12422,0,0.777981
test,12423,0,0.241317
test,12424,0,0.093547
test,12425,0,0.367937
test,12426,0,0.341055
test,12427,0,0.416918
test,12428,0,0.140423
test,12429,0,0.415111
test,12430,0,0.404216
test,12431,0,0.069003
test,12432,0,0.091672
test,12433,0,0.042747
test,12434,0,0.381374
test,12435,0,0.182747
test,12436,0,0.108293
test,12437,0,0.241861
test,12438,0,0.104699
test,12439,0,0.217088
test,12440,0,0.353680
test,12441,0,0.532390
test,12442,0,0.165363
test,12443,0,0.063672
test,12444,0,0.471454
test,12445,0,0.156037
test,12446,0,0.128288
test,12447,0,0.052499
test,12448,0,0.439681
test,12449,0,0.042150
test,12450,0,0.049129
test,12451,0,0.362452
test,12452,0,0.033631
test,12453,0,0.015936
test,12454,0,0.039649
test,12455,0,0.431535
test,12456,0,0.023536
test,12457,0,0.022213
test,12458,0,0.285378
test,12459,0,0.068101
test,12460,0,0.551778
test,12461,0,0.179188
test,12462,0,0.368227
test,12463,0,0.543516
test,12464,0,0.195593
test,12465,0,0.294123
test,12466,0,0.027111
test,12467,0,0.014291
test,12468,0,0.279091
test,12469,0,0.020119
test,12470,0,0.015103
test,12471,0,0.062487
test,12472,0,0.054866
test,12473,0,0.144457
test,12474,0,0.034073
test,12475,0,0.322620
test,12476,0,0.066059
test,12477,0,0.135578
test,12478,0,0.044143
test,12479,0,0.018686
test,12480,0,0.082793
test,12481,0,0.034497
test,12482,0,0.030453
test,12483,0,0.036887
test,12484,0,0.327698
test,12485,0,0.284362
test,12486,0,0.073228
test,12487,0,0.113328
test,12488,0,0.222047
test,12489,0,0.104159
test,12490,0,0.135449
test,12491,0,0.096779
test,12492,0,0.033618
test,12493,0,0.110675
test,12494,0,0.255132
test,12495,0,0.210864
test,12496,0,0.068576
test,12497,0,0.115562
test,12498,0,0.479553
test,12499,0,0.147968
test,12500,1,0.851412
test,12501,1,0.744845
test,12502,1,0.707196
test,12503,1,0.872780
test,12504,1,0.750812
test,12505,1,0.582891
test,12506,1,0.640046
test,12507,1,0.734974
test,12508,1,0.570974
test,12509,1,0.871223
test,12510,1,0.838420
test,12511,1,0.348082
test,12512,1,0.529684
test,12513,1,0.837493
test,12514,1,0.542581
test,12515,1,0.923606
test,12516,1,0.605680
test,12517,1,0.725426
test,12518,1,0.288983
test,12519,1,0.852565
test,12520,1,0.729856
test,12521,1,0.899726
test,12522,1,0.830845
test,12523,1,0.747684
test,12524,1,0.801365
test,12525,1,0.500711
test,12526,1,0.596227
test,12527,1,0.791304
test,12528,1,0.903454
test,12529,1,0.665737
test,12530,1,0.645656
test,12531,1,0.909164
test,12532,1,0.832355
test,12533,1,0.668479
test,12534,1,0.703330
test,12535,1,0.593131
test,12536,1,0.880540
test,12537,1,0.748111
test,12538,1,0.915283
test,12539,1,0.880445
test,12540,1,0.815827
test,12541,1,0.731575
test,12542,1,0.839800
test,12543,1,0.921109
test,12544,1,0.930215
test,12545,1,0.625245
test,12546,1,0.594163
test,12547,1,0.343839
test,12548,1,0.787013
test,12549,1,0.581979
test,12550,1,0.908973
test,12551,1,0.969875
test,12552,1,0.929995
test,12553,1,0.908467
test,12554,1,0.840391
test,12555,1,0.772449
test,12556,1,0.984318
test,12557,1,0.932271
test,12558,1,0.732260
test,12559,1,0.970400
test,12560,1,0.783874
test,12561,1,0.877768
test,12562,1,0.594237
test,12563,1,0.730276
test,12564,1,0.597923
test,12565,1,0.762128
test,12566,1,0.841031
test,12567,1,0.715299
test,12568,1,0.872166
test,12569,1,0.977727
test,12570,1,0.893072
test,12571,1,0.929534
test,12572,1,0.669716
test,12573,1,0.741916
test,12574,1,0.625176
test,12575,1,0.864695
test,12576,1,0.968218
test,12577,1,0.928651
test,12578,1,0.949888
test,12579,1,0.859248
test,12580,1,0.893549
test,12581,1,0.882790
test,12582,1,0.795743
test,12583,1,0.923598
test,12584,1,0.979151
test,12585,1,0.852729
test,12586,1,0.980740
test,12587,1,0.715173
test,12588,1,0.886328
test,12589,1,0.937589
test,12590,1,0.938451
test,12591,1,0.870341
test,12592,1,0.939767
test,12593,1,0.827846
test,12594,1,0.527885
test,12595,1,0.930215
test,12596,1,0.810368
test,12597,1,0.937648
test,12598,1,0.943921
test,12599,1,0.753738
test,12600,1,0.775761
test,12601,1,0.924550
test,12602,1,0.914735
test,12603,1,0.837960
test,12604,1,0.860040
test,12605,1,0.847540
test,12606,1,0.828780
test,12607,1,0.866728
test,12608,1,0.909425
test,12609,1,0.867892
test,12610,1,0.876688
test,12611,1,0.805656
test,12612,1,0.846507
test,12613,1,0.916549
test,12614,1,0.840962
test,12615,1,0.911070
test,12616,1,0.540509
test,12617,1,0.731603
test,12618,1,0.766568
test,12619,1,0.229294
test,12620,1,0.858038
test,12621,1,0.839355
test,12622,1,0.758058
test,12623,1,0.657499
test,12624,1,0.351162
test,12625,1,0.630303
test,12626,1,0.961102
test,12627,1,0.782175
test,12628,1,0.875363
test,12629,1,0.805682
test,12630,1,0.948647
test,12631,1,0.889191
test,12632,1,0.691965
test,12633,1,0.915667
test,12634,1,0.764336
test,12635,1,0.928488
test,12636,1,0.860594
test,12637,1,0.949976
test,12638,1,0.858235
test,12639,1,0.931796
test,12640,1,0.919954
test,12641,1,0.939609
test,12642,1,0.902373
test,12643,1,0.881967
test,12644,1,0.762323
test,12645,1,0.737312
test,12646,1,0.958408
test,12647,1,0.859545
test,12648,1,0.970223
test,12649,1,0.929320
test,12650,1,0.909889
test,12651,1,0.861899
test,12652,1,0.806000
test,12653,1,0.546651
test,12654,1,0.364831
test,12655,1,0.539342
test,12656,1,0.812319
test,12657,1,0.670632
test,12658,1,0.760365
test,12659,1,0.431657
test,12660,1,0.791262
test,12661,1,0.763762
test,12662,1,0.652504
test,12663,1,0.735616
test,12664,1,0.694794
test,12665,1,0.858190
test,12666,1,0.871568
test,12667,1,0.715233
test,12668,1,0.694894
test,12669,1,0.798011
test,12670,1,0.800940
test,12671,1,0.285331
test,12672,1,0.840450
test,12673,1,0.503101
test,12674,1,0.801544
test,12675,1,0.710110
test,12676,1,0.927471
test,12677,1,0.898599
test,12678,1,0.855396
test,12679,1,0.858033
test,12680,1,0.902234
test,12681,1,0.944290
test,12682,1,0.833192
test,12683,1,0.917608
test,12684,1,0.730548
test,12685,1,0.861448
test,12686,1,0.839076
test,12687,1,0.883428
test,12688,1,0.712415
test,12689,1,0.782710
test,12690,1,0.562047
test,12691,1,0.957627
test,12692,1,0.972109
test,12693,1,0.700080
test,12694,1,0.982685
test,12695,1,0.820784
test,12696,1,0.967556
test,12697,1,0.823662
test,12698,1,0.896227
test,12699,1,0.763648
test,12700,1,0.937381
test,12701,1,0.523605
test,12702,1,0.878413
test,12703,1,0.976491
test,12704,1,0.916902
test,12705,1,0.976276
test,12706,1,0.811963
test,12707,1,0.768243
test,12708,1,0.633244
test,12709,1,0.700957
test,12710,1,0.603337
test,12711,1,0.713556
test,12712,1,0.803306
test,12713,1,0.393956
test,12714,1,0.733320
test,12715,1,0.684803
test,12716,1,0.759672
test,12717,1,0.340006
test,12718,1,0.759189
test,12719,1,0.494733
test,12720,1,0.474936
test,12721,1,0.253105
test,12722,1,0.309636
test,12723,1,0.798236
test,12724,1,0.941830
test,12725,1,0.790541
test,12726,1,0.852087
test,12727,1,0.854040
test,12728,1,0.563641
test,12729,1,0.883935
test,12730,1,0.865385
test,12731,1,0.756165
test,12732,1,0.655979
test,12733,1,0.904738
test,12734,1,0.932591
test,12735,1,0.472518
test,12736,1,0.692025
test,12737,1,0.531138
test,12738,1,0.448649
test,12739,1,0.673862
test,12740,1,0.592832
test,12741,1,0.926285
test,12742,1,0.603090
test,12743,1,0.446570
test,12744,1,0.636043
test,12745,1,0.784600
test,12746,1,0.708512
test,12747,1,0.844067
test,12748,1,0.837571
test,12749,1,0.968637
test,12750,1,0.730716
test,12751,1,0.818809
test,12752,1,0.756927
test,12753,1,0.694121
test,12754,1,0.881361
test,12755,1,0.880118
test,12756,1,0.912626
test,12757,1,0.511986
test,12758,1,0.923522
test,12759,1,0.410233
test,12760,1,0.948524
test,12761,1,0.824264
test,12762,1,0.759389
test,12763,1,0.788222
test,12764,1,0.792390
test,12765,1,0.838372
test,12766,1,0.701200
test,12767,1,0.953322
test,12768,1,0.785743
test,12769,1,0.877231
test,12770,1,0.860530
test,12771,1,0.959575
test,12772,1,0.648638
test,12773,1,0.825748
test,12774,1,0.843747
test,12775,1,0.787466
test,12776,1,0.919241
test,12777,1,0.876897
test,12778,1,0.876897
test,12779,1,0.754265
test,12780,1,0.767059
test,12781,1,0.768831
test,12782,1,0.644702
test,12783,1,0.919842
test,12784,1,0.922305
test,12785,1,0.845399
test,12786,1,0.949694
test,12787,1,0.844701
test,12788,1,0.890101
test,12789,1,0.505453
test,12790,1,0.923215
test,12791,1,0.489283
test,12792,1,0.755364
test,12793,1,0.074653
test,12794,1,0.554605
test,12795,1,0.874159
test,12796,1,0.962945
test,12797,1,0.452767
test,12798,1,0.886459
test,12799,1,0.839497
test,12800,1,0.564066
test,12801,1,0.731645
test,12802,1,0.927025
test,12803,1,0.927970
test,12804,1,0.951729
test,12805,1,0.524348
test,12806,1,0.891071
test,12807,1,0.991035
test,12808,1,0.851561
test,12809,1,0.816574
test,12810,1,0.954349
test,12811,1,0.851846
test,12812,1,0.767663
test,12813,1,0.774677
test,12814,1,0.972029
test,12815,1,0.792292
test,12816,1,0.877467
test,12817,1,0.450714
test,12818,1,0.719625
test,12819,1,0.739328
test,12820,1,0.824822
test,12821,1,0.768215
test,12822,1,0.862307
test,12823,1,0.818058
test,12824,1,0.863317
test,12825,1,0.929607
test,12826,1,0.778019
test,12827,1,0.798392
test,12828,1,0.835515
test,12829,1,0.698049
test,12830,1,0.942786
test,12831,1,0.840875
test,12832,1,0.767460
test,12833,1,0.879224
test,12834,1,0.855615
test,12835,1,0.835621
test,12836,1,0.928459
test,12837,1,0.805026
test,12838,1,0.901842
test,12839,1,0.843153
test,12840,1,0.921869
test,12841,1,0.726383
test,12842,1,0.869582
test,12843,1,0.890770
test,12844,1,0.608859
test,12845,1,0.597769
test,12846,1,0.465022
test,12847,1,0.929457
test,12848,1,0.926944
test,12849,1,0.799959
test,12850,1,0.811541
test,12851,1,0.273785
test,12852,1,0.561679
test,12853,1,0.766322
test,12854,1,0.856871
test,12855,1,0.658809
test,12856,1,0.650069
test,12857,1,0.709473
test,12858,1,0.924810
test,12859,1,0.514805
test,12860,1,0.815758
test,12861,1,0.845958
test,12862,1,0.952703
test,12863,1,0.899630
test,12864,1,0.779201
test,12865,1,0.934741
test,12866,1,0.834299
test,12867,1,0.822648
test,12868,1,0.748138
test,12869,1,0.845480
test,12870,1,0.880278
test,12871,1,0.777973
test,12872,1,0.898748
test,12873,1,0.678356
test,12874,1,0.905973
test,12875,1,0.931942
test,12876,1,0.707371
test,12877,1,0.755718
test,12878,1,0.838285
test,12879,1,0.796435
test,12880,1,0.899970
test,12881,1,0.762772
test,12882,1,0.903019
test,12883,1,0.793073
test,12884,1,0.830211
test,12885,1,0.650373
test,12886,1,0.693130
test,12887,1,0.583951
test,12888,1,0.794400
test,12889,1,0.500582
test,12890,1,0.736590
test,12891,1,0.594665
test,12892,1,0.845724
test,12893,1,0.608007
test,12894,1,0.729617
test,12895,1,0.810106
test,12896,1,0.546826
test,12897,1,0.921910
test,12898,1,0.736268
test,12899,1,0.920877
test,12900,1,0.854081
test,12901,1,0.671586
test,12902,1,0.764310
test,12903,1,0.909466
test,12904,1,0.735219
test,12905,1,0.375473
test,12906,1,0.949707
test,12907,1,0.856747
test,12908,1,0.643484
test,12909,1,0.762614
test,12910,1,0.847477
test,12911,1,0.888663
test,12912,1,0.710190
test,12913,1,0.708162
test,12914,1,0.873945
test,12915,1,0.735679
test,12916,1,0.914925
test,12917,1,0.599801
test,12918,1,0.841683
test,12919,1,0.491727
test,12920,1,0.869901
test,12921,1,0.952493
test,12922,1,0.727226
test,12923,1,0.615187
test,12924,1,0.864943
test,12925,1,0.846820
test,12926,1,0.397505
test,12927,1,0.959417
test,12928,1,0.370504
test,12929,1,0.971544
test,12930,1,0.840435
test,12931,1,0.919113
test,12932,1,0.870136
test,12933,1,0.793663
test,12934,1,0.842724
test,12935,1,0.881692
test,12936,1,0.648994
test,12937,1,0.524510
test,12938,1,0.894621
test,12939,1,0.749449
test,12940,1,0.967249
test,12941,1,0.884651
test,12942,1,0.388632
test,12943,1,0.973899
test,12944,1,0.606369
test,12945,1,0.897900
test,12946,1,0.802916
test,12947,1,0.837746
test,12948,1,0.881366
test,12949,1,0.520146
test,12950,1,0.907140
test,12951,1,0.787035
test,12952,1,0.957204
test,12953,1,0.924425
test,12954,1,0.967937
test,12955,1,0.759866
test,12956,1,0.912864
test,12957,1,0.763846
test,12958,1,0.835463
test,12959,1,0.918820
test,12960,1,0.880464
test,12961,1,0.815101
test,12962,1,0.762044
test,12963,1,0.709631
test,12964,1,0.581719
test,12965,1,0.919727
test,12966,1,0.751053
test,12967,1,0.731626
test,12968,1,0.797711
test,12969,1,0.183754
test,12970,1,0.805339
test,12971,1,0.905558
test,12972,1,0.795258
test,12973,1,0.791883
test,12974,1,0.907946
test,12975,1,0.761226
test,12976,1,0.947453
test,12977,1,0.850381
test,12978,1,0.877403
test,12979,1,0.683813
test,12980,1,0.724294
test,12981,1,0.210079
test,12982,1,0.702624
test,12983,1,0.767293
test,12984,1,0.604967
test,12985,1,0.954666
test,12986,1,0.940536
test,12987,1,0.790388
test,12988,1,0.745379
test,12989,1,0.462210
test,12990,1,0.516552
test,12991,1,0.924755
test,12992,1,0.684528
test,12993,1,0.794121
test,12994,1,0.781341
test,12995,1,0.847286
test,12996,1,0.823088
test,12997,1,0.886946
test,12998,1,0.698884
test,12999,1,0.827345
test,13000,1,0.522604
test,13001,1,0.814243
test,13002,1,0.943552
test,13003,1,0.911103
test,13004,1,0.793982
test,13005,1,0.762881
test,13006,1,0.876451
test,13007,1,0.964149
test,13008,1,0.878326
test,13009,1,0.807795
test,13010,1,0.548758
test,13011,1,0.630495
test,13012,1,0.630967
test,13013,1,0.700566
test,13014,1,0.666996
test,13015,1,0.738902
test,13016,1,0.619657
test,13017,1,0.878351
test,13018,1,0.635420
test,13019,1,0.756091
test,13020,1,0.942591
test,13021,1,0.863997
test,13022,1,0.324263
test,13023,1,0.470895
test,13024,1,0.282032
test,13025,1,0.902729
test,13026,1,0.943780
test,13027,1,0.682945
test,13028,1,0.920555
test,13029,1,0.928828
test,13030,1,0.723757
test,13031,1,0.837149
test,13032,1,0.452178
test,13033,1,0.771063
test,13034,1,0.577358
test,13035,1,0.694241
test,13036,1,0.693187
test,13037,1,0.894901
test,13038,1,0.863227
test,13039,1,0.812767
test,13040,1,0.786130
test,13041,1,0.761282
test,13042,1,0.568427
test,13043,1,0.856575
test,13044,1,0.876009
test,13045,1,0.783657
test,13046,1,0.773152
test,13047,1,0.976797
test,13048,1,0.832951
test,13049,1,0.925882
test,13050,1,0.759840
test,13051,1,0.618960
test,13052,1,0.837477
test,13053,1,0.751492
test,13054,1,0.869227
test,13055,1,0.801030
test,13056,1,0.934479
test,13057,1,0.782301
test,13058,1,0.779724
test,13059,1,0.974503
test,13060,1,0.719640
test,13061,1,0.767399
test,13062,1,0.894422
test,13063,1,0.778883
test,13064,1,0.735522
test,13065,1,0.870185
test,13066,1,0.835330
test,13067,1,0.932321
test,13068,1,0.920383
test,13069,1,0.823922
test,13070,1,0.953282
test,13071,1,0.900927
test,13072,1,0.967960
test,13073,1,0.870277
test,13074,1,0.464888
test,13075,1,0.783121
test,13076,1,0.154410
test,13077,1,0.592217
test,13078,1,0.807633
test,13079,1,0.728357
test,13080,1,0.925781
test,13081,1,0.628772
test,13082,1,0.792308
test,13083,1,0.703249
test,13084,1,0.453783
test,13085,1,0.689501
test,13086,1,0.527004
test,13087,1,0.495490
test,13088,1,0.760808
test,13089,1,0.224601
test,13090,1,0.845705
test,13091,1,0.877802
test,13092,1,0.824616
test,13093,1,0.855586
test,13094,1,0.687776
test,13095,1,0.460230
test,13096,1,0.648068
test,13097,1,0.725159
test,13098,1,0.706485
test,13099,1,0.591772
test,13100,1,0.869853
test,13101,1,0.745272
test,13102,1,0.770406
test,13103,1,0.858334
test,13104,1,0.480065
test,13105,1,0.897797
test,13106,1,0.497767
test,13107,1,0.734120
test,13108,1,0.883735
test,13109,1,0.795160
test,13110,1,0.605181
test,13111,1,0.582169
test,13112,1,0.802780
test,13113,1,0.711277
test,13114,1,0.907833
test,13115,1,0.384708
test,13116,1,0.975051
test,13117,1,0.921173
test,13118,1,0.931472
test,13119,1,0.249749
test,13120,1,0.872943
test,13121,1,0.764157
test,13122,1,0.923203
test,13123,1,0.924822
test,13124,1,0.942804
test,13125,1,0.710664
test,13126,1,0.896383
test,13127,1,0.828169
test,13128,1,0.685237
test,13129,1,0.549608
test,13130,1,0.321444
test,13131,1,0.946995
test,13132,1,0.277686
test,13133,1,0.679775
test,13134,1,0.673869
test,13135,1,0.660284
test,13136,1,0.412014
test,13137,1,0.932914
test,13138,1,0.807822
test,13139,1,0.776007
test,13140,1,0.806829
test,13141,1,0.930578
test,13142,1,0.872774
test,13143,1,0.950777
test,13144,1,0.942759
test,13145,1,0.621528
test,13146,1,0.828674
test,13147,1,0.686256
test,13148,1,0.896845
test,13149,1,0.951637
test,13150,1,0.595672
test,13151,1,0.541729
test,13152,1,0.567493
test,13153,1,0.499248
test,13154,1,0.528350
test,13155,1,0.856447
test,13156,1,0.521362
test,13157,1,0.658038
test,13158,1,0.831242
test,13159,1,0.625236
test,13160,1,0.760132
test,13161,1,0.621667
test,13162,1,0.790943
test,13163,1,0.439293
test,13164,1,0.568369
test,13165,1,0.470407
test,13166,1,0.440802
test,13167,1,0.552363
test,13168,1,0.891621
test,13169,1,0.400450
test,13170,1,0.675289
test,13171,1,0.764426
test,13172,1,0.559937
test,13173,1,0.621246
test,13174,1,0.387251
test,13175,1,0.726542
test,13176,1,0.766463
test,13177,1,0.775541
test,13178,1,0.679115
test,13179,1,0.687370
test,13180,1,0.750597
test,13181,1,0.413151
test,13182,1,0.780422
test,13183,1,0.796778
test,13184,1,0.790439
test,13185,1,0.745980
test,13186,1,0.791142
test,13187,1,0.861572
test,13188,1,0.374953
test,13189,1,0.802514
test,13190,1,0.770926
test,13191,1,0.480359
test,13192,1,0.790433
test,13193,1,0.964191
test,13194,1,0.682480
test,13195,1,0.716372
test,13196,1,0.500215
test,13197,1,0.830115
test,13198,1,0.954312
test,13199,1,0.752674
test,13200,1,0.892805
test,13201,1,0.966072
test,13202,1,0.984818
test,13203,1,0.785794
test,13204,1,0.740742
test,13205,1,0.866180
test,13206,1,0.647531
test,13207,1,0.782366
test,13208,1,0.854703
test,13209,1,0.810267
test,13210,1,0.890222
test,13211,1,0.964637
test,13212,1,0.464967
test,13213,1,0.671088
test,13214,1,0.815385
test,13215,1,0.745864
test,13216,1,0.714661
test,13217,1,0.695231
test,13218,1,0.824214
test,13219,1,0.477250
test,13220,1,0.890990
test,13221,1,0.464947
test,13222,1,0.732643
test,13223,1,0.711294
test,13224,1,0.699982
test,13225,1,0.551398
test,13226,1,0.896013
test,13227,1,0.729979
test,13228,1,0.866870
test,13229,1,0.509167
test,13230,1,0.864050
test,13231,1,0.838171
test,13232,1,0.757679
test,13233,1,0.654293
test,13234,1,0.424278
test,13235,1,0.787475
test,13236,1,0.771146
test,13237,1,0.856355
test,13238,1,0.413923
test,13239,1,0.457636
test,13240,1,0.302298
test,13241,1,0.547583
test,13242,1,0.686877
test,13243,1,0.835858
test,13244,1,0.497078
test,13245,1,0.323909
test,13246,1,0.481022
test,13247,1,0.692459
test,13248,1,0.830435
test,13249,1,0.736895
test,13250,1,0.972807
test,13251,1,0.826720
test,13252,1,0.861381
test,13253,1,0.845384
test,13254,1,0.872586
test,13255,1,0.799968
test,13256,1,0.899790
test,13257,1,0.951483
test,13258,1,0.735450
test,13259,1,0.883327
test,13260,1,0.308753
test,13261,1,0.943442
test,13262,1,0.915231
test,13263,1,0.454422
test,13264,1,0.769848
test,13265,1,0.702267
test,13266,1,0.502767
test,13267,1,0.813024
test,13268,1,0.743391
test,13269,1,0.346636
test,13270,1,0.917260
test,13271,1,0.707744
test,13272,1,0.664988
test,13273,1,0.880263
test,13274,1,0.643341
test,13275,1,0.782268
test,13276,1,0.580496
test,13277,1,0.967393
test,13278,1,0.906000
test,13279,1,0.951671
test,13280,1,0.760562
test,13281,1,0.792738
test,13282,1,0.911619
test,13283,1,0.711482
test,13284,1,0.880974
test,13285,1,0.880057
test,13286,1,0.450654
test,13287,1,0.951445
test,13288,1,0.938828
test,13289,1,0.865702
test,13290,1,0.899198
test,13291,1,0.516278
test,13292,1,0.943781
test,13293,1,0.807425
test,13294,1,0.836187
test,13295,1,0.370802
test,13296,1,0.907991
test,13297,1,0.834725
test,13298,1,0.714296
test,13299,1,0.715371
test,13300,1,0.607162
test,13301,1,0.684402
test,13302,1,0.677547
test,13303,1,0.967964
test,13304,1,0.627553
test,13305,1,0.574369
test,13306,1,0.856352
test,13307,1,0.670240
test,13308,1,0.751808
test,13309,1,0.502684
test,13310,1,0.700424
test,13311,1,0.771670
test,13312,1,0.531509
test,13313,1,0.750589
test,13314,1,0.615935
test,13315,1,0.807052
test,13316,1,0.734511
test,13317,1,0.587070
test,13318,1,0.596162
test,13319,1,0.691728
test,13320,1,0.902476
test,13321,1,0.959893
test,13322,1,0.776305
test,13323,1,0.643512
test,13324,1,0.830646
test,13325,1,0.785576
test,13326,1,0.525544
test,13327,1,0.599526
test,13328,1,0.783516
test,13329,1,0.824709
test,13330,1,0.481757
test,13331,1,0.429147
test,13332,1,0.831210
test,13333,1,0.832474
test,13334,1,0.728667
test,13335,1,0.528033
test,13336,1,0.607043
test,13337,1,0.793294
test,13338,1,0.832837
test,13339,1,0.721917
test,13340,1,0.584707
test,13341,1,0.337628
test,13342,1,0.803906
test,13343,1,0.575399
test,13344,1,0.429560
test,13345,1,0.476345
test,13346,1,0.722595
test,13347,1,0.794141
test,13348,1,0.757971
test,13349,1,0.736159
test,13350,1,0.610430
test,13351,1,0.853998
test,13352,1,0.924337
test,13353,1,0.951985
test,13354,1,0.783575
test,13355,1,0.803699
test,13356,1,0.807656
test,13357,1,0.784271
test,13358,1,0.906091
test,13359,1,0.729075
test,13360,1,0.334702
test,13361,1,0.334702
test,13362,1,0.919647
test,13363,1,0.735038
test,13364,1,0.635778
test,13365,1,0.891200
test,13366,1,0.468684
test,13367,1,0.626329
test,13368,1,0.912915
test,13369,1,0.903570
test,13370,1,0.725954
test,13371,1,0.371882
test,13372,1,0.687431
test,13373,1,0.572732
test,13374,1,0.349847
test,13375,1,0.741509
test,13376,1,0.870134
test,13377,1,0.925671
test,13378,1,0.758981
test,13379,1,0.959578
test,13380,1,0.724401
test,13381,1,0.945092
test,13382,1,0.768000
test,13383,1,0.780731
test,13384,1,0.950923
test,13385,1,0.900748
test,13386,1,0.714081
test,13387,1,0.814553
test,13388,1,0.935529
test,13389,1,0.975948
test,13390,1,0.869841
test,13391,1,0.833546
test,13392,1,0.679445
test,13393,1,0.769290
test,13394,1,0.911996
test,13395,1,0.980545
test,13396,1,0.866194
test,13397,1,0.815354
test,13398,1,0.590469
test,13399,1,0.554387
test,13400,1,0.746046
test,13401,1,0.892189
test,13402,1,0.487797
test,13403,1,0.306737
test,13404,1,0.779060
test,13405,1,0.386657
test,13406,1,0.672821
test,13407,1,0.230268
test,13408,1,0.779060
test,13409,1,0.958692
test,13410,1,0.905704
test,13411,1,0.624923
test,13412,1,0.632245
test,13413,1,0.581012
test,13414,1,0.686863
test,13415,1,0.947664
test,13416,1,0.696173
test,13417,1,0.758847
test,13418,1,0.939555
test,13419,1,0.758847
test,13420,1,0.883550
test,13421,1,0.884070
test,13422,1,0.943317
test,13423,1,0.750724
test,13424,1,0.809444
test,13425,1,0.722660
test,13426,1,0.661369
test,13427,1,0.893080
test,13428,1,0.776031
test,13429,1,0.745915
test,13430,1,0.619349
test,13431,1,0.875746
test,13432,1,0.638457
test,13433,1,0.787089
test,13434,1,0.643904
test,13435,1,0.932902
test,13436,1,0.397168
test,13437,1,0.843362
test,13438,1,0.447239
test,13439,1,0.657209
test,13440,1,0.806665
test,13441,1,0.744897
test,13442,1,0.635078
test,13443,1,0.694377
test,13444,1,0.638238
test,13445,1,0.516588
test,13446,1,0.557359
test,13447,1,0.883978
test,13448,1,0.683893
test,13449,1,0.565514
test,13450,1,0.878472
test,13451,1,0.903920
test,13452,1,0.305146
test,13453,1,0.522528
test,13454,1,0.463571
test,13455,1,0.778126
test,13456,1,0.971335
test,13457,1,0.826899
test,13458,1,0.914249
test,13459,1,0.775801
test,13460,1,0.779654
test,13461,1,0.802683
test,13462,1,0.906048
test,13463,1,0.963799
test,13464,1,0.765344
test,13465,1,0.872594
test,13466,1,0.722275
test,13467,1,0.885672
test,13468,1,0.859319
test,13469,1,0.769098
test,13470,1,0.351709
test,13471,1,0.376030
test,13472,1,0.136706
test,13473,1,0.702281
test,13474,1,0.180965
test,13475,1,0.900329
test,13476,1,0.697985
test,13477,1,0.925134
test,13478,1,0.900774
test,13479,1,0.836001
test,13480,1,0.693216
test,13481,1,0.849016
test,13482,1,0.897351
test,13483,1,0.938217
test,13484,1,0.962050
test,13485,1,0.895742
test,13486,1,0.907912
test,13487,1,0.894885
test,13488,1,0.799067
test,13489,1,0.967410
test,13490,1,0.776032
test,13491,1,0.642691
test,13492,1,0.953714
test,13493,1,0.922192
test,13494,1,0.897736
test,13495,1,0.754397
test,13496,1,0.965105
test,13497,1,0.790315
test,13498,1,0.936933
test,13499,1,0.750476
test,13500,1,0.894167
test,13501,1,0.410539
test,13502,1,0.781325
test,13503,1,0.833011
test,13504,1,0.791566
test,13505,1,0.735267
test,13506,1,0.600482
test,13507,1,0.855151
test,13508,1,0.948470
test,13509,1,0.964327
test,13510,1,0.685031
test,13511,1,0.922864
test,13512,1,0.901918
test,13513,1,0.917239
test,13514,1,0.795270
test,13515,1,0.245975
test,13516,1,0.418212
test,13517,1,0.571776
test,13518,1,0.944710
test,13519,1,0.935128
test,13520,1,0.748420
test,13521,1,0.822402
test,13522,1,0.184212
test,13523,1,0.661229
test,13524,1,0.807132
test,13525,1,0.799388
test,13526,1,0.879017
test,13527,1,0.642124
test,13528,1,0.892325
test,13529,1,0.935606
test,13530,1,0.907853
test,13531,1,0.934001
test,13532,1,0.801777
test,13533,1,0.791946
test,13534,1,0.862130
test,13535,1,0.862560
test,13536,1,0.531994
test,13537,1,0.775735
test,13538,1,0.805786
test,13539,1,0.637477
test,13540,1,0.894734
test,13541,1,0.820000
test,13542,1,0.905146
test,13543,1,0.691360
test,13544,1,0.489994
test,13545,1,0.777423
test,13546,1,0.802066
test,13547,1,0.795657
test,13548,1,0.643330
test,13549,1,0.735102
test,13550,1,0.825062
test,13551,1,0.959228
test,13552,1,0.726873
test,13553,1,0.653066
test,13554,1,0.707704
test,13555,1,0.892351
test,13556,1,0.706774
test,13557,1,0.866124
test,13558,1,0.938702
test,13559,1,0.927421
test,13560,1,0.368603
test,13561,1,0.792586
test,13562,1,0.637527
test,13563,1,0.958559
test,13564,1,0.763251
test,13565,1,0.918238
test,13566,1,0.881288
test,13567,1,0.422485
test,13568,1,0.896798
test,13569,1,0.717367
test,13570,1,0.768574
test,13571,1,0.604928
test,13572,1,0.565006
test,13573,1,0.711307
test,13574,1,0.404032
test,13575,1,0.815104
test,13576,1,0.734140
test,13577,1,0.833808
test,13578,1,0.754492
test,13579,1,0.837003
test,13580,1,0.914724
test,13581,1,0.499781
test,13582,1,0.860375
test,13583,1,0.930141
test,13584,1,0.685700
test,13585,1,0.941757
test,13586,1,0.762738
test,13587,1,0.838660
test,13588,1,0.955050
test,13589,1,0.828431
test,13590,1,0.527068
test,13591,1,0.848526
test,13592,1,0.484325
test,13593,1,0.894365
test,13594,1,0.921269
test,13595,1,0.754408
test,13596,1,0.924635
test,13597,1,0.786597
test,13598,1,0.600219
test,13599,1,0.804834
test,13600,1,0.867566
test,13601,1,0.748252
test,13602,1,0.838698
test,13603,1,0.719946
test,13604,1,0.890977
test,13605,1,0.931892
test,13606,1,0.915722
test,13607,1,0.944774
test,13608,1,0.870232
test,13609,1,0.876878
test,13610,1,0.800082
test,13611,1,0.938689
test,13612,1,0.862263
test,13613,1,0.668001
test,13614,1,0.699234
test,13615,1,0.664492
test,13616,1,0.869109
test,13617,1,0.936967
test,13618,1,0.852275
test,13619,1,0.781878
test,13620,1,0.930528
test,13621,1,0.758022
test,13622,1,0.881091
test,13623,1,0.790200
test,13624,1,0.914024
test,13625,1,0.482117
test,13626,1,0.839204
test,13627,1,0.674061
test,13628,1,0.855757
test,13629,1,0.807779
test,13630,1,0.897325
test,13631,1,0.722017
test,13632,1,0.928822
test,13633,1,0.521392
test,13634,1,0.858075
test,13635,1,0.831551
test,13636,1,0.746531
test,13637,1,0.733693
test,13638,1,0.924991
test,13639,1,0.755240
test,13640,1,0.833346
test,13641,1,0.831052
test,13642,1,0.770247
test,13643,1,0.789083
test,13644,1,0.805077
test,13645,1,0.854900
test,13646,1,0.620215
test,13647,1,0.818301
test,13648,1,0.668154
test,13649,1,0.845508
test,13650,1,0.912594
test,13651,1,0.892593
test,13652,1,0.626006
test,13653,1,0.533029
test,13654,1,0.784349
test,13655,1,0.804185
test,13656,1,0.883443
test,13657,1,0.801281
test,13658,1,0.536884
test,13659,1,0.726465
test,13660,1,0.751806
test,13661,1,0.841071
test,13662,1,0.752844
test,13663,1,0.549445
test,13664,1,0.956508
test,13665,1,0.790424
test,13666,1,0.662299
test,13667,1,0.735875
test,13668,1,0.624656
test,13669,1,0.936337
test,13670,1,0.568834
test,13671,1,0.902292
test,13672,1,0.198582
test,13673,1,0.776584
test,13674,1,0.660291
test,13675,1,0.802228
test,13676,1,0.917842
test,13677,1,0.965465
test,13678,1,0.777895
test,13679,1,0.786545
test,13680,1,0.903016
test,13681,1,0.926420
test,13682,1,0.721882
test,13683,1,0.910848
test,13684,1,0.997522
test,13685,1,0.684355
test,13686,1,0.798302
test,13687,1,0.901743
test,13688,1,0.778946
test,13689,1,0.726942
test,13690,1,0.532486
test,13691,1,0.631409
test,13692,1,0.448513
test,13693,1,0.648918
test,13694,1,0.826231
test,13695,1,0.688681
test,13696,1,0.743985
test,13697,1,0.955235
test,13698,1,0.933129
test,13699,1,0.797891
test,13700,1,0.613591
test,13701,1,0.814485
test,13702,1,0.730210
test,13703,1,0.326080
test,13704,1,0.121597
test,13705,1,0.759017
test,13706,1,0.633596
test,13707,1,0.931778
test,13708,1,0.861626
test,13709,1,0.696082
test,13710,1,0.921269
test,13711,1,0.669793
test,13712,1,0.969842
test,13713,1,0.846784
test,13714,1,0.971551
test,13715,1,0.658299
test,13716,1,0.810887
test,13717,1,0.627119
test,13718,1,0.479109
test,13719,1,0.683834
test,13720,1,0.615746
test,13721,1,0.824280
test,13722,1,0.809804
test,13723,1,0.563727
test,13724,1,0.841367
test,13725,1,0.893476
test,13726,1,0.964601
test,13727,1,0.697994
test,13728,1,0.791237
test,13729,1,0.774509
test,13730,1,0.892573
test,13731,1,0.764644
test,13732,1,0.970714
test,13733,1,0.888758
test,13734,1,0.956175
test,13735,1,0.827347
test,13736,1,0.843769
test,13737,1,0.751493
test,13738,1,0.859247
test,13739,1,0.762939
test,13740,1,0.957612
test,13741,1,0.829555
test,13742,1,0.889414
test,13743,1,0.973423
test,13744,1,0.664381
test,13745,1,0.753554
test,13746,1,0.929861
test,13747,1,0.562260
test,13748,1,0.763956
test,13749,1,0.750890
test,13750,1,0.873582
test,13751,1,0.891621
test,13752,1,0.596248
test,13753,1,0.903781
test,13754,1,0.615923
test,13755,1,0.888972
test,13756,1,0.922366
test,13757,1,0.844786
test,13758,1,0.939578
test,13759,1,0.889648
test,13760,1,0.915855
test,13761,1,0.888426
test,13762,1,0.968524
test,13763,1,0.858408
test,13764,1,0.879586
test,13765,1,0.462589
test,13766,1,0.833290
test,13767,1,0.958498
test,13768,1,0.828245
test,13769,1,0.948917
test,13770,1,0.863513
test,13771,1,0.873599
test,13772,1,0.724495
test,13773,1,0.779720
test,13774,1,0.153511
test,13775,1,0.969865
test,13776,1,0.955663
test,13777,1,0.623170
test,13778,1,0.592901
test,13779,1,0.793996
test,13780,1,0.520817
test,13781,1,0.939765
test,13782,1,0.775138
test,13783,1,0.909800
test,13784,1,0.642544
test,13785,1,0.764465
test,13786,1,0.785783
test,13787,1,0.550583
test,13788,1,0.776823
test,13789,1,0.651683
test,13790,1,0.358115
test,13791,1,0.586158
test,13792,1,0.521678
test,13793,1,0.818392
test,13794,1,0.469681
test,13795,1,0.420847
test,13796,1,0.638966
test,13797,1,0.828596
test,13798,1,0.412929
test,13799,1,0.594010
test,13800,1,0.697534
test,13801,1,0.900878
test,13802,1,0.887891
test,13803,1,0.880845
test,13804,1,0.484749
test,13805,1,0.389044
test,13806,1,0.397308
test,13807,1,0.601111
test,13808,1,0.359409
test,13809,1,0.521321
test,13810,1,0.795532
test,13811,1,0.199655
test,13812,1,0.915739
test,13813,1,0.677864
test,13814,1,0.175567
test,13815,1,0.809864
test,13816,1,0.232994
test,13817,1,0.253049
test,13818,1,0.182946
test,13819,1,0.349248
test,13820,1,0.524200
test,13821,1,0.808433
test,13822,1,0.540265
test,13823,1,0.621646
test,13824,1,0.689362
test,13825,1,0.629321
test,13826,1,0.826381
test,13827,1,0.833343
test,13828,1,0.636860
test,13829,1,0.745201
test,13830,1,0.820363
test,13831,1,0.717574
test,13832,1,0.785412
test,13833,1,0.715965
test,13834,1,0.576051
test,13835,1,0.760243
test,13836,1,0.669382
test,13837,1,0.778974
test,13838,1,0.810164
test,13839,1,0.782124
test,13840,1,0.956845
test,13841,1,0.731048
test,13842,1,0.692125
test,13843,1,0.750261
test,13844,1,0.805315
test,13845,1,0.732933
test,13846,1,0.884810
test,13847,1,0.868384
test,13848,1,0.790085
test,13849,1,0.620587
test,13850,1,0.702526
test,13851,1,0.688994
test,13852,1,0.658606
test,13853,1,0.766136
test,13854,1,0.546319
test,13855,1,0.253915
test,13856,1,0.562578
test,13857,1,0.575217
test,13858,1,0.392194
test,13859,1,0.771106
test,13860,1,0.531146
test,13861,1,0.739360
test,13862,1,0.480890
test,13863,1,0.952664
test,13864,1,0.970975
test,13865,1,0.850919
test,13866,1,0.926500
test,13867,1,0.927099
test,13868,1,0.944107
test,13869,1,0.850326
test,13870,1,0.898590
test,13871,1,0.901358
test,13872,1,0.760536
test,13873,1,0.875980
test,13874,1,0.793789
test,13875,1,0.934914
test,13876,1,0.547518
test,13877,1,0.909877
test,13878,1,0.725990
test,13879,1,0.878754
test,13880,1,0.883507
test,13881,1,0.807606
test,13882,1,0.676256
test,13883,1,0.706736
test,13884,1,0.856897
test,13885,1,0.863222
test,13886,1,0.818082
test,13887,1,0.738244
test,13888,1,0.738778
test,13889,1,0.841993
test,13890,1,0.772223
test,13891,1,0.738646
test,13892,1,0.891416
test,13893,1,0.919441
test,13894,1,0.860255
test,13895,1,0.743120
test,13896,1,0.831308
test,13897,1,0.921088
test,13898,1,0.903968
test,13899,1,0.730417
test,13900,1,0.781687
test,13901,1,0.795715
test,13902,1,0.861897
test,13903,1,0.660301
test,13904,1,0.824632
test,13905,1,0.751204
test,13906,1,0.866510
test,13907,1,0.840156
test,13908,1,0.646689
test,13909,1,0.811631
test,13910,1,0.792334
test,13911,1,0.900304
test,13912,1,0.634998
test,13913,1,0.737921
test,13914,1,0.793858
test,13915,1,0.750232
test,13916,1,0.929875
test,13917,1,0.674858
test,13918,1,0.442845
test,13919,1,0.849678
test,13920,1,0.717112
test,13921,1,0.854713
test,13922,1,0.768930
test,13923,1,0.723190
test,13924,1,0.519044
test,13925,1,0.692153
test,13926,1,0.751467
test,13927,1,0.529372
test,13928,1,0.262256
test,13929,1,0.247087
test,13930,1,0.575552
test,13931,1,0.911653
test,13932,1,0.325522
test,13933,1,0.158421
test,13934,1,0.408475
test,13935,1,0.461281
test,13936,1,0.747389
test,13937,1,0.514943
test,13938,1,0.546281
test,13939,1,0.754671
test,13940,1,0.399558
test,13941,1,0.514794
test,13942,1,0.776030
test,13943,1,0.537681
test,13944,1,0.853902
test,13945,1,0.907550
test,13946,1,0.725102
test,13947,1,0.975296
test,13948,1,0.893586
test,13949,1,0.829049
test,13950,1,0.619296
test,13951,1,0.760508
test,13952,1,0.867054
test,13953,1,0.705077
test,13954,1,0.722826
test,13955,1,0.748580
test,13956,1,0.909653
test,13957,1,0.546305
test,13958,1,0.925517
test,13959,1,0.984959
test,13960,1,0.814496
test,13961,1,0.772587
test,13962,1,0.798085
test,13963,1,0.377113
test,13964,1,0.550008
test,13965,1,0.546961
test,13966,1,0.757620
test,13967,1,0.868336
test,13968,1,0.877033
test,13969,1,0.700926
test,13970,1,0.649469
test,13971,1,0.306142
test,13972,1,0.693113
test,13973,1,0.669633
test,13974,1,0.882104
test,13975,1,0.827808
test,13976,1,0.924807
test,13977,1,0.857967
test,13978,1,0.847252
test,13979,1,0.791846
test,13980,1,0.837708
test,13981,1,0.892530
test,13982,1,0.596246
test,13983,1,0.946507
test,13984,1,0.565870
test,13985,1,0.943523
test,13986,1,0.668382
test,13987,1,0.746526
test,13988,1,0.906394
test,13989,1,0.903721
test,13990,1,0.856085
test,13991,1,0.934264
test,13992,1,0.644719
test,13993,1,0.761684
test,13994,1,0.953538
test,13995,1,0.577066
test,13996,1,0.909847
test,13997,1,0.886040
test,13998,1,0.874396
test,13999,1,0.613115
test,14000,1,0.600506
test,14001,1,0.911878
test,14002,1,0.919374
test,14003,1,0.884195
test,14004,1,0.699887
test,14005,1,0.906778
test,14006,1,0.568723
test,14007,1,0.812513
test,14008,1,0.924947
test,14009,1,0.853050
test,14010,1,0.919374
test,14011,1,0.755019
test,14012,1,0.612376
test,14013,1,0.776676
test,14014,1,0.463608
test,14015,1,0.837795
test,14016,1,0.697114
test,14017,1,0.756165
test,14018,1,0.661800
test,14019,1,0.686662
test,14020,1,0.686662
test,14021,1,0.686662
test,14022,1,0.630142
test,14023,1,0.694585
test,14024,1,0.857304
test,14025,1,0.835622
test,14026,1,0.900695
test,14027,1,0.803375
test,14028,1,0.656708
test,14029,1,0.788663
test,14030,1,0.677467
test,14031,1,0.939238
test,14032,1,0.941707
test,14033,1,0.712434
test,14034,1,0.746500
test,14035,1,0.835128
test,14036,1,0.910805
test,14037,1,0.756710
test,14038,1,0.686601
test,14039,1,0.700480
test,14040,1,0.663564
test,14041,1,0.403246
test,14042,1,0.867690
test,14043,1,0.748812
test,14044,1,0.923788
test,14045,1,0.836367
test,14046,1,0.890535
test,14047,1,0.698874
test,14048,1,0.784763
test,14049,1,0.661655
test,14050,1,0.873397
test,14051,1,0.573593
test,14052,1,0.825567
test,14053,1,0.354773
test,14054,1,0.793045
test,14055,1,0.826491
test,14056,1,0.937387
test,14057,1,0.614534
test,14058,1,0.957235
test,14059,1,0.766709
test,14060,1,0.824742
test,14061,1,0.920747
test,14062,1,0.805049
test,14063,1,0.425712
test,14064,1,0.537983
test,14065,1,0.470210
test,14066,1,0.736582
test,14067,1,0.375634
test,14068,1,0.793880
test,14069,1,0.582192
test,14070,1,0.710831
test,14071,1,0.342356
test,14072,1,0.769259
test,14073,1,0.716914
test,14074,1,0.814756
test,14075,1,0.830250
test,14076,1,0.870540
test,14077,1,0.506805
test,14078,1,0.787683
test,14079,1,0.358111
test,14080,1,0.531465
test,14081,1,0.157269
test,14082,1,0.149966
test,14083,1,0.836451
test,14084,1,0.909234
test,14085,1,0.927301
test,14086,1,0.750859
test,14087,1,0.751591
test,14088,1,0.779271
test,14089,1,0.928075
test,14090,1,0.908014
test,14091,1,0.864872
test,14092,1,0.649811
test,14093,1,0.869276
test,14094,1,0.807197
test,14095,1,0.943624
test,14096,1,0.347420
test,14097,1,0.720795
test,14098,1,0.555668
test,14099,1,0.828858
test,14100,1,0.146328
test,14101,1,0.457035
test,14102,1,0.676314
test,14103,1,0.860479
test,14104,1,0.397318
test,14105,1,0.873708
test,14106,1,0.726006
test,14107,1,0.973619
test,14108,1,0.885554
test,14109,1,0.779376
test,14110,1,0.725012
test,14111,1,0.902330
test,14112,1,0.487284
test,14113,1,0.591193
test,14114,1,0.750381
test,14115,1,0.480744
test,14116,1,0.719523
test,14117,1,0.523837
test,14118,1,0.366005
test,14119,1,0.626003
test,14120,1,0.322205
test,14121,1,0.426468
test,14122,1,0.387820
test,14123,1,0.538379
test,14124,1,0.868115
test,14125,1,0.768742
test,14126,1,0.690353
test,14127,1,0.863435
test,14128,1,0.644326
test,14129,1,0.515573
test,14130,1,0.841052
test,14131,1,0.777985
test,14132,1,0.220764
test,14133,1,0.856156
test,14134,1,0.781075
test,14135,1,0.828299
test,14136,1,0.895281
test,14137,1,0.875859
test,14138,1,0.837215
test,14139,1,0.979057
test,14140,1,0.933230
test,14141,1,0.901909
test,14142,1,0.427861
test,14143,1,0.754931
test,14144,1,0.973456
test,14145,1,0.582257
test,14146,1,0.947796
test,14147,1,0.957718
test,14148,1,0.883326
test,14149,1,0.863014
test,14150,1,0.857344
test,14151,1,0.534507
test,14152,1,0.867736
test,14153,1,0.832154
test,14154,1,0.767025
test,14155,1,0.775798
test,14156,1,0.856064
test,14157,1,0.374882
test,14158,1,0.738313
test,14159,1,0.738018
test,14160,1,0.792033
test,14161,1,0.683866
test,14162,1,0.760020
test,14163,1,0.699649
test,14164,1,0.564150
test,14165,1,0.920147
test,14166,1,0.305087
test,14167,1,0.762065
test,14168,1,0.778185
test,14169,1,0.786233
test,14170,1,0.736594
test,14171,1,0.555890
test,14172,1,0.760117
test,14173,1,0.819248
test,14174,1,0.572254
test,14175,1,0.564170
test,14176,1,0.593055
test,14177,1,0.558066
test,14178,1,0.595160
test,14179,1,0.775301
test,14180,1,0.523049
test,14181,1,0.784829
test,14182,1,0.719454
test,14183,1,0.753255
test,14184,1,0.856180
test,14185,1,0.944209
test,14186,1,0.917594
test,14187,1,0.887568
test,14188,1,0.897504
test,14189,1,0.787329
test,14190,1,0.872115
test,14191,1,0.894520
test,14192,1,0.828588
test,14193,1,0.711803
test,14194,1,0.708658
test,14195,1,0.731403
test,14196,1,0.831571
test,14197,1,0.821355
test,14198,1,0.837185
test,14199,1,0.756591
test,14200,1,0.881772
test,14201,1,0.820112
test,14202,1,0.837186
test,14203,1,0.910218
test,14204,1,0.943006
test,14205,1,0.884890
test,14206,1,0.437011
test,14207,1,0.776574
test,14208,1,0.942949
test,14209,1,0.928261
test,14210,1,0.857573
test,14211,1,0.896135
test,14212,1,0.699331
test,14213,1,0.655420
test,14214,1,0.449152
test,14215,1,0.921461
test,14216,1,0.783310
test,14217,1,0.868001
test,14218,1,0.563526
test,14219,1,0.828269
test,14220,1,0.654449
test,14221,1,0.787576
test,14222,1,0.933713
test,14223,1,0.648913
test,14224,1,0.866760
test,14225,1,0.724005
test,14226,1,0.699775
test,14227,1,0.758312
test,14228,1,0.932707
test,14229,1,0.914758
test,14230,1,0.952216
test,14231,1,0.901456
test,14232,1,0.914979
test,14233,1,0.973075
test,14234,1,0.791841
test,14235,1,0.826952
test,14236,1,0.894582
test,14237,1,0.897267
test,14238,1,0.639079
test,14239,1,0.666794
test,14240,1,0.589060
test,14241,1,0.478089
test,14242,1,0.921312
test,14243,1,0.821980
test,14244,1,0.594131
test,14245,1,0.839471
test,14246,1,0.539358
test,14247,1,0.310131
test,14248,1,0.355083
test,14249,1,0.664340
test,14250,1,0.494811
test,14251,1,0.818715
test,14252,1,0.615067
test,14253,1,0.518826
test,14254,1,0.743399
test,14255,1,0.577135
test,14256,1,0.218125
test,14257,1,0.548852
test,14258,1,0.696288
test,14259,1,0.522339
test,14260,1,0.944907
test,14261,1,0.795131
test,14262,1,0.851424
test,14263,1,0.709038
test,14264,1,0.878175
test,14265,1,0.745913
test,14266,1,0.779274
test,14267,1,0.944351
test,14268,1,0.887538
test,14269,1,0.882544
test,14270,1,0.840142
test,14271,1,0.847673
test,14272,1,0.426964
test,14273,1,0.628392
test,14274,1,0.676776
test,14275,1,0.866545
test,14276,1,0.767585
test,14277,1,0.770860
test,14278,1,0.749732
test,14279,1,0.972318
test,14280,1,0.697788
test,14281,1,0.870238
test,14282,1,0.910397
test,14283,1,0.867585
test,14284,1,0.860088
test,14285,1,0.725824
test,14286,1,0.848548
test,14287,1,0.748921
test,14288,1,0.795802
test,14289,1,0.886176
test,14290,1,0.905658
test,14291,1,0.874153
test,14292,1,0.973288
test,14293,1,0.959932
test,14294,1,0.931175
test,14295,1,0.473049
test,14296,1,0.650293
test,14297,1,0.680158
test,14298,1,0.683016
test,14299,1,0.551224
test,14300,1,0.330747
test,14301,1,0.789351
test,14302,1,0.308385
test,14303,1,0.745524
test,14304,1,0.867342
test,14305,1,0.183685
test,14306,1,0.664621
test,14307,1,0.390447
test,14308,1,0.862086
test,14309,1,0.937203
test,14310,1,0.301159
test,14311,1,0.450963
test,14312,1,0.864941
test,14313,1,0.720014
test,14314,1,0.738685
test,14315,1,0.803598
test,14316,1,0.713376
test,14317,1,0.373854
test,14318,1,0.771108
test,14319,1,0.833450
test,14320,1,0.906761
test,14321,1,0.692264
test,14322,1,0.609783
test,14323,1,0.637605
test,14324,1,0.696022
test,14325,1,0.907266
test,14326,1,0.292316
test,14327,1,0.681779
test,14328,1,0.787154
test,14329,1,0.933872
test,14330,1,0.287048
test,14331,1,0.606525
test,14332,1,0.494925
test,14333,1,0.794628
test,14334,1,0.456420
test,14335,1,0.544247
test,14336,1,0.625396
test,14337,1,0.566440
test,14338,1,0.619695
test,14339,1,0.809769
test,14340,1,0.885115
test,14341,1,0.903224
test,14342,1,0.798255
test,14343,1,0.641761
test,14344,1,0.898729
test,14345,1,0.940375
test,14346,1,0.591594
test,14347,1,0.992811
test,14348,1,0.897716
test,14349,1,0.756864
test,14350,1,0.836136
test,14351,1,0.903320
test,14352,1,0.885374
test,14353,1,0.645322
test,14354,1,0.832887
test,14355,1,0.626053
test,14356,1,0.963592
test,14357,1,0.914200
test,14358,1,0.938159
test,14359,1,0.818858
test,14360,1,0.808115
test,14361,1,0.864549
test,14362,1,0.870717
test,14363,1,0.930216
test,14364,1,0.949358
test,14365,1,0.972519
test,14366,1,0.950025
test,14367,1,0.981292
test,14368,1,0.883005
test,14369,1,0.980017
test,14370,1,0.815358
test,14371,1,0.923094
test,14372,1,0.825032
test,14373,1,0.904843
test,14374,1,0.863971
test,14375,1,0.716013
test,14376,1,0.851515
test,14377,1,0.687766
test,14378,1,0.974724
test,14379,1,0.965342
test,14380,1,0.957079
test,14381,1,0.949674
test,14382,1,0.909207
test,14383,1,0.884197
test,14384,1,0.733257
test,14385,1,0.930106
test,14386,1,0.906089
test,14387,1,0.961538
test,14388,1,0.965469
test,14389,1,0.899996
test,14390,1,0.932936
test,14391,1,0.936553
test,14392,1,0.898152
test,14393,1,0.874515
test,14394,1,0.890157
test,14395,1,0.904964
test,14396,1,0.689829
test,14397,1,0.884738
test,14398,1,0.640587
test,14399,1,0.601174
test,14400,1,0.930969
test,14401,1,0.804451
test,14402,1,0.883607
test,14403,1,0.674412
test,14404,1,0.754517
test,14405,1,0.835824
test,14406,1,0.853921
test,14407,1,0.862743
test,14408,1,0.962635
test,14409,1,0.803385
test,14410,1,0.927177
test,14411,1,0.643074
test,14412,1,0.642357
test,14413,1,0.883718
test,14414,1,0.952333
test,14415,1,0.846413
test,14416,1,0.659634
test,14417,1,0.741862
test,14418,1,0.754885
test,14419,1,0.611255
test,14420,1,0.376757
test,14421,1,0.871231
test,14422,1,0.882382
test,14423,1,0.966146
test,14424,1,0.684708
test,14425,1,0.729922
test,14426,1,0.461252
test,14427,1,0.870219
test,14428,1,0.980602
test,14429,1,0.774153
test,14430,1,0.810125
test,14431,1,0.792234
test,14432,1,0.839773
test,14433,1,0.518930
test,14434,1,0.709921
test,14435,1,0.502249
test,14436,1,0.764030
test,14437,1,0.947196
test,14438,1,0.624696
test,14439,1,0.873194
test,14440,1,0.838039
test,14441,1,0.776603
test,14442,1,0.740743
test,14443,1,0.912754
test,14444,1,0.793266
test,14445,1,0.757398
test,14446,1,0.791703
test,14447,1,0.752271
test,14448,1,0.948286
test,14449,1,0.803061
test,14450,1,0.803061
test,14451,1,0.869197
test,14452,1,0.920615
test,14453,1,0.679475
test,14454,1,0.562094
test,14455,1,0.766173
test,14456,1,0.721306
test,14457,1,0.889220
test,14458,1,0.947079
test,14459,1,0.854824
test,14460,1,0.979731
test,14461,1,0.893328
test,14462,1,0.578664
test,14463,1,0.558503
test,14464,1,0.773071
test,14465,1,0.616305
test,14466,1,0.520152
test,14467,1,0.691593
test,14468,1,0.587390
test,14469,1,0.503895
test,14470,1,0.610262
test,14471,1,0.677860
test,14472,1,0.620243
test,14473,1,0.912105
test,14474,1,0.672133
test,14475,1,0.801635
test,14476,1,0.844911
test,14477,1,0.717660
test,14478,1,0.429772
test,14479,1,0.971877
test,14480,1,0.654370
test,14481,1,0.890431
test,14482,1,0.651498
test,14483,1,0.429865
test,14484,1,0.305972
test,14485,1,0.808233
test,14486,1,0.707613
test,14487,1,0.618235
test,14488,1,0.835476
test,14489,1,0.838472
test,14490,1,0.908946
test,14491,1,0.795693
test,14492,1,0.686281
test,14493,1,0.627300
test,14494,1,0.732592
test,14495,1,0.415752
test,14496,1,0.488526
test,14497,1,0.916481
test,14498,1,0.726468
test,14499,1,0.575842
test,14500,1,0.257344
test,14501,1,0.905741
test,14502,1,0.729105
test,14503,1,0.775422
test,14504,1,0.867845
test,14505,1,0.578785
test,14506,1,0.974732
test,14507,1,0.627877
test,14508,1,0.584961
test,14509,1,0.962053
test,14510,1,0.616096
test,14511,1,0.718459
test,14512,1,0.938613
test,14513,1,0.622249
test,14514,1,0.522326
test,14515,1,0.498236
test,14516,1,0.841141
test,14517,1,0.861172
test,14518,1,0.916976
test,14519,1,0.867630
test,14520,1,0.732053
test,14521,1,0.818429
test,14522,1,0.732490
test,14523,1,0.888091
test,14524,1,0.362960
test,14525,1,0.970563
test,14526,1,0.602404
test,14527,1,0.366816
test,14528,1,0.681013
test,14529,1,0.779118
test,14530,1,0.968222
test,14531,1,0.803756
test,14532,1,0.461014
test,14533,1,0.782470
test,14534,1,0.823446
test,14535,1,0.899001
test,14536,1,0.903435
test,14537,1,0.676827
test,14538,1,0.683496
test,14539,1,0.831601
test,14540,1,0.661398
test,14541,1,0.734957
test,14542,1,0.774547
test,14543,1,0.894819
test,14544,1,0.904390
test,14545,1,0.632772
test,14546,1,0.867206
test,14547,1,0.772323
test,14548,1,0.833069
test,14549,1,0.670550
test,14550,1,0.951745
test,14551,1,0.848887
test,14552,1,0.756928
test,14553,1,0.785761
test,14554,1,0.729964
test,14555,1,0.938701
test,14556,1,0.705407
test,14557,1,0.419543
test,14558,1,0.749007
test,14559,1,0.662731
test,14560,1,0.576978
test,14561,1,0.875174
test,14562,1,0.689946
test,14563,1,0.211658
test,14564,1,0.510061
test,14565,1,0.190701
test,14566,1,0.925647
test,14567,1,0.659239
test,14568,1,0.828230
test,14569,1,0.969376
test,14570,1,0.896804
test,14571,1,0.721933
test,14572,1,0.888630
test,14573,1,0.865488
test,14574,1,0.950581
test,14575,1,0.848365
test,14576,1,0.853459
test,14577,1,0.711310
test,14578,1,0.758169
test,14579,1,0.616299
test,14580,1,0.665358
test,14581,1,0.775392
test,14582,1,0.736805
test,14583,1,0.549772
test,14584,1,0.925370
test,14585,1,0.869544
test,14586,1,0.871833
test,14587,1,0.758670
test,14588,1,0.552557
test,14589,1,0.666195
test,14590,1,0.667043
test,14591,1,0.355379
test,14592,1,0.810710
test,14593,1,0.223770
test,14594,1,0.847430
test,14595,1,0.924505
test,14596,1,0.871384
test,14597,1,0.938608
test,14598,1,0.928920
test,14599,1,0.977991
test,14600,1,0.977991
test,14601,1,0.895816
test,14602,1,0.967977
test,14603,1,0.816802
test,14604,1,0.927790
test,14605,1,0.665984
test,14606,1,0.945554
test,14607,1,0.720671
test,14608,1,0.921839
test,14609,1,0.883327
test,14610,1,0.961428
test,14611,1,0.805121
test,14612,1,0.738386
test,14613,1,0.614552
test,14614,1,0.923815
test,14615,1,0.347299
test,14616,1,0.349019
test,14617,1,0.803807
test,14618,1,0.879090
test,14619,1,0.964127
test,14620,1,0.835906
test,14621,1,0.902618
test,14622,1,0.624438
test,14623,1,0.832247
test,14624,1,0.483865
test,14625,1,0.799200
test,14626,1,0.554109
test,14627,1,0.713586
test,14628,1,0.806732
test,14629,1,0.850959
test,14630,1,0.910889
test,14631,1,0.707254
test,14632,1,0.892969
test,14633,1,0.776122
test,14634,1,0.863229
test,14635,1,0.805144
test,14636,1,0.698598
test,14637,1,0.900861
test,14638,1,0.788139
test,14639,1,0.454108
test,14640,1,0.769094
test,14641,1,0.665849
test,14642,1,0.871358
test,14643,1,0.706845
test,14644,1,0.898184
test,14645,1,0.859990
test,14646,1,0.764351
test,14647,1,0.922282
test,14648,1,0.800659
test,14649,1,0.796883
test,14650,1,0.831362
test,14651,1,0.559555
test,14652,1,0.824011
test,14653,1,0.571433
test,14654,1,0.929979
test,14655,1,0.717422
test,14656,1,0.781028
test,14657,1,0.820202
test,14658,1,0.403509
test,14659,1,0.467121
test,14660,1,0.818175
test,14661,1,0.977068
test,14662,1,0.963105
test,14663,1,0.458716
test,14664,1,0.871631
test,14665,1,0.788171
test,14666,1,0.850842
test,14667,1,0.866988
test,14668,1,0.550447
test,14669,1,0.536994
test,14670,1,0.786477
test,14671,1,0.918568
test,14672,1,0.428781
test,14673,1,0.901215
test,14674,1,0.863710
test,14675,1,0.585543
test,14676,1,0.608589
test,14677,1,0.777534
test,14678,1,0.922804
test,14679,1,0.505963
test,14680,1,0.951356
test,14681,1,0.942270
test,14682,1,0.448977
test,14683,1,0.685640
test,14684,1,0.928859
test,14685,1,0.826414
test,14686,1,0.922949
test,14687,1,0.684256
test,14688,1,0.929388
test,14689,1,0.865951
test,14690,1,0.852088
test,14691,1,0.891458
test,14692,1,0.884359
test,14693,1,0.795067
test,14694,1,0.744750
test,14695,1,0.638132
test,14696,1,0.913812
test,14697,1,0.807577
test,14698,1,0.718292
test,14699,1,0.892628
test,14700,1,0.837872
test,14701,1,0.951502
test,14702,1,0.952549
test,14703,1,0.809722
test,14704,1,0.781766
test,14705,1,0.825486
test,14706,1,0.968255
test,14707,1,0.779247
test,14708,1,0.916150
test,14709,1,0.953508
test,14710,1,0.891404
test,14711,1,0.810595
test,14712,1,0.955101
test,14713,1,0.836324
test,14714,1,0.969427
test,14715,1,0.801769
test,14716,1,0.886488
test,14717,1,0.931984
test,14718,1,0.791318
test,14719,1,0.592062
test,14720,1,0.911664
test,14721,1,0.966633
test,14722,1,0.935676
test,14723,1,0.731619
test,14724,1,0.903048
test,14725,1,0.903562
test,14726,1,0.886883
test,14727,1,0.855569
test,14728,1,0.910997
test,14729,1,0.713537
test,14730,1,0.979650
test,14731,1,0.646551
test,14732,1,0.852264
test,14733,1,0.545195
test,14734,1,0.822911
test,14735,1,0.686149
test,14736,1,0.694997
test,14737,1,0.497065
test,14738,1,0.791882
test,14739,1,0.468745
test,14740,1,0.717988
test,14741,1,0.753198
test,14742,1,0.382983
test,14743,1,0.859406
test,14744,1,0.391484
test,14745,1,0.859404
test,14746,1,0.726126
test,14747,1,0.692781
test,14748,1,0.618281
test,14749,1,0.594032
test,14750,1,0.727291
test,14751,1,0.850948
test,14752,1,0.916876
test,14753,1,0.422534
test,14754,1,0.773478
test,14755,1,0.832008
test,14756,1,0.712902
test,14757,1,0.938847
test,14758,1,0.774643
test,14759,1,0.781906
test,14760,1,0.795874
test,14761,1,0.747663
test,14762,1,0.686705
test,14763,1,0.710356
test,14764,1,0.680401
test,14765,1,0.933580
test,14766,1,0.928611
test,14767,1,0.865783
test,14768,1,0.636316
test,14769,1,0.542132
test,14770,1,0.546628
test,14771,1,0.481723
test,14772,1,0.815411
test,14773,1,0.967473
test,14774,1,0.884258
test,14775,1,0.935974
test,14776,1,0.947246
test,14777,1,0.919467
test,14778,1,0.933217
test,14779,1,0.813685
test,14780,1,0.851970
test,14781,1,0.875555
test,14782,1,0.842518
test,14783,1,0.939813
test,14784,1,0.870508
test,14785,1,0.832641
test,14786,1,0.742830
test,14787,1,0.633920
test,14788,1,0.654383
test,14789,1,0.908982
test,14790,1,0.793256
test,14791,1,0.892126
test,14792,1,0.896789
test,14793,1,0.859089
test,14794,1,0.968117
test,14795,1,0.628475
test,14796,1,0.563360
test,14797,1,0.807863
test,14798,1,0.400844
test,14799,1,0.828253
test,14800,1,0.531417
test,14801,1,0.727757
test,14802,1,0.767688
test,14803,1,0.784813
test,14804,1,0.682893
test,14805,1,0.654479
test,14806,1,0.789142
test,14807,1,0.599008
test,14808,1,0.635660
test,14809,1,0.832014
test,14810,1,0.963042
test,14811,1,0.410906
test,14812,1,0.870864
test,14813,1,0.485883
test,14814,1,0.897668
test,14815,1,0.899426
test,14816,1,0.728657
test,14817,1,0.849922
test,14818,1,0.701962
test,14819,1,0.700835
test,14820,1,0.667534
test,14821,1,0.477222
test,14822,1,0.838563
test,14823,1,0.888291
test,14824,1,0.540000
test,14825,1,0.758113
test,14826,1,0.388869
test,14827,1,0.830036
test,14828,1,0.794235
test,14829,1,0.896740
test,14830,1,0.361890
test,14831,1,0.873425
test,14832,1,0.962992
test,14833,1,0.669432
test,14834,1,0.694581
test,14835,1,0.966120
test,14836,1,0.933224
test,14837,1,0.963900
test,14838,1,0.855471
test,14839,1,0.805106
test,14840,1,0.778174
test,14841,1,0.970720
test,14842,1,0.916993
test,14843,1,0.877729
test,14844,1,0.953807
test,14845,1,0.785524
test,14846,1,0.903218
test,14847,1,0.962593
test,14848,1,0.923061
test,14849,1,0.900649
test,14850,1,0.850559
test,14851,1,0.914922
test,14852,1,0.311290
test,14853,1,0.908259
test,14854,1,0.702967
test,14855,1,0.691046
test,14856,1,0.801646
test,14857,1,0.859032
test,14858,1,0.754134
test,14859,1,0.688830
test,14860,1,0.650958
test,14861,1,0.793235
test,14862,1,0.519135
test,14863,1,0.473237
test,14864,1,0.726263
test,14865,1,0.831388
test,14866,1,0.426025
test,14867,1,0.653937
test,14868,1,0.865014
test,14869,1,0.752487
test,14870,1,0.551351
test,14871,1,0.789696
test,14872,1,0.465183
test,14873,1,0.891414
test,14874,1,0.950249
test,14875,1,0.699053
test,14876,1,0.464727
test,14877,1,0.887431
test,14878,1,0.640021
test,14879,1,0.478550
test,14880,1,0.791325
test,14881,1,0.746515
test,14882,1,0.619725
test,14883,1,0.773511
test,14884,1,0.811245
test,14885,1,0.875659
test,14886,1,0.734941
test,14887,1,0.743292
test,14888,1,0.869835
test,14889,1,0.971730
test,14890,1,0.875214
test,14891,1,0.408009
test,14892,1,0.871459
test,14893,1,0.955044
test,14894,1,0.875362
test,14895,1,0.974310
test,14896,1,0.751442
test,14897,1,0.939093
test,14898,1,0.918936
test,14899,1,0.973091
test,14900,1,0.739798
test,14901,1,0.936046
test,14902,1,0.527658
test,14903,1,0.746949
test,14904,1,0.856014
test,14905,1,0.346849
test,14906,1,0.610318
test,14907,1,0.839638
test,14908,1,0.871359
test,14909,1,0.839339
test,14910,1,0.759277
test,14911,1,0.920513
test,14912,1,0.750468
test,14913,1,0.464363
test,14914,1,0.777427
test,14915,1,0.737533
test,14916,1,0.753104
test,14917,1,0.886942
test,14918,1,0.521437
test,14919,1,0.507823
test,14920,1,0.890389
test,14921,1,0.731145
test,14922,1,0.472982
test,14923,1,0.983332
test,14924,1,0.842879
test,14925,1,0.949441
test,14926,1,0.597340
test,14927,1,0.772444
test,14928,1,0.915607
test,14929,1,0.854554
test,14930,1,0.862514
test,14931,1,0.575827
test,14932,1,0.733417
test,14933,1,0.660572
test,14934,1,0.906128
test,14935,1,0.593472
test,14936,1,0.758822
test,14937,1,0.876679
test,14938,1,0.765280
test,14939,1,0.744308
test,14940,1,0.847916
test,14941,1,0.728598
test,14942,1,0.674725
test,14943,1,0.632056
test,14944,1,0.558584
test,14945,1,0.391629
test,14946,1,0.938222
test,14947,1,0.781884
test,14948,1,0.907346
test,14949,1,0.787946
test,14950,1,0.802164
test,14951,1,0.554615
test,14952,1,0.825894
test,14953,1,0.846405
test,14954,1,0.557830
test,14955,1,0.514884
test,14956,1,0.802976
test,14957,1,0.893545
test,14958,1,0.855288
test,14959,1,0.619924
test,14960,1,0.676885
test,14961,1,0.812066
test,14962,1,0.690817
test,14963,1,0.630636
test,14964,1,0.859944
test,14965,1,0.764873
test,14966,1,0.795942
test,14967,1,0.953875
test,14968,1,0.833660
test,14969,1,0.702599
test,14970,1,0.981880
test,14971,1,0.815654
test,14972,1,0.595204
test,14973,1,0.683836
test,14974,1,0.428870
test,14975,1,0.389138
test,14976,1,0.634832
test,14977,1,0.760302
test,14978,1,0.821603
test,14979,1,0.890501
test,14980,1,0.933570
test,14981,1,0.832609
test,14982,1,0.835471
test,14983,1,0.955917
test,14984,1,0.656661
test,14985,1,0.907928
test,14986,1,0.980624
test,14987,1,0.635336
test,14988,1,0.950758
test,14989,1,0.823181
test,14990,1,0.829801
test,14991,1,0.693181
test,14992,1,0.693317
test,14993,1,0.904683
test,14994,1,0.850696
test,14995,1,0.321547
test,14996,1,0.882601
test,14997,1,0.832121
test,14998,1,0.692944
test,14999,1,0.776677
test,15000,1,0.671142
test,15001,1,0.492840
test,15002,1,0.583695
test,15003,1,0.727677
test,15004,1,0.365104
test,15005,1,0.896167
test,15006,1,0.848596
test,15007,1,0.556594
test,15008,1,0.826393
test,15009,1,0.841372
test,15010,1,0.816367
test,15011,1,0.629115
test,15012,1,0.470468
test,15013,1,0.674038
test,15014,1,0.897048
test,15015,1,0.841528
test,15016,1,0.884653
test,15017,1,0.591623
test,15018,1,0.123246
test,15019,1,0.655923
test,15020,1,0.445490
test,15021,1,0.962534
test,15022,1,0.931105
test,15023,1,0.842948
test,15024,1,0.664863
test,15025,1,0.624516
test,15026,1,0.592679
test,15027,1,0.923625
test,15028,1,0.930779
test,15029,1,0.727377
test,15030,1,0.764238
test,15031,1,0.749968
test,15032,1,0.776497
test,15033,1,0.863848
test,15034,1,0.779914
test,15035,1,0.908563
test,15036,1,0.901582
test,15037,1,0.871188
test,15038,1,0.811854
test,15039,1,0.791312
test,15040,1,0.770377
test,15041,1,0.979099
test,15042,1,0.869369
test,15043,1,0.819622
test,15044,1,0.577347
test,15045,1,0.714462
test,15046,1,0.924016
test,15047,1,0.855132
test,15048,1,0.854793
test,15049,1,0.913343
test,15050,1,0.960425
test,15051,1,0.927023
test,15052,1,0.942299
test,15053,1,0.835389
test,15054,1,0.810792
test,15055,1,0.664883
test,15056,1,0.602408
test,15057,1,0.895830
test,15058,1,0.967627
test,15059,1,0.853894
test,15060,1,0.940505
test,15061,1,0.780750
test,15062,1,0.953818
test,15063,1,0.862912
test,15064,1,0.849785
test,15065,1,0.875418
test,15066,1,0.967069
test,15067,1,0.892083
test,15068,1,0.790409
test,15069,1,0.927280
test,15070,1,0.883323
test,15071,1,0.769759
test,15072,1,0.377763
test,15073,1,0.298108
test,15074,1,0.075069
test,15075,1,0.780289
test,15076,1,0.771322
test,15077,1,0.810731
test,15078,1,0.650096
test,15079,1,0.801356
test,15080,1,0.456748
test,15081,1,0.759538
test,15082,1,0.950448
test,15083,1,0.844314
test,15084,1,0.823251
test,15085,1,0.948886
test,15086,1,0.801346
test,15087,1,0.921412
test,15088,1,0.631699
test,15089,1,0.738637
test,15090,1,0.788988
test,15091,1,0.890286
test,15092,1,0.892411
test,15093,1,0.139368
test,15094,1,0.896816
test,15095,1,0.819750
test,15096,1,0.832866
test,15097,1,0.621610
test,15098,1,0.690294
test,15099,1,0.755907
test,15100,1,0.628559
test,15101,1,0.667492
test,15102,1,0.931454
test,15103,1,0.872200
test,15104,1,0.947634
test,15105,1,0.834331
test,15106,1,0.716820
test,15107,1,0.902253
test,15108,1,0.731423
test,15109,1,0.422129
test,15110,1,0.764273
test,15111,1,0.707825
test,15112,1,0.302524
test,15113,1,0.902839
test,15114,1,0.711178
test,15115,1,0.894535
test,15116,1,0.680122
test,15117,1,0.905981
test,15118,1,0.925202
test,15119,1,0.916711
test,15120,1,0.962384
test,15121,1,0.906720
test,15122,1,0.857472
test,15123,1,0.906738
test,15124,1,0.820892
test,15125,1,0.425636
test,15126,1,0.570864
test,15127,1,0.612958
test,15128,1,0.339465
test,15129,1,0.545026
test,15130,1,0.651702
test,15131,1,0.425403
test,15132,1,0.632506
test,15133,1,0.475155
test,15134,1,0.696088
test,15135,1,0.848412
test,15136,1,0.688373
test,15137,1,0.690606
test,15138,1,0.481110
test,15139,1,0.880100
test,15140,1,0.792493
test,15141,1,0.693226
test,15142,1,0.917999
test,15143,1,0.404529
test,15144,1,0.628644
test,15145,1,0.784243
test,15146,1,0.378697
test,15147,1,0.788122
test,15148,1,0.666874
test,15149,1,0.939895
test,15150,1,0.683821
test,15151,1,0.804189
test,15152,1,0.651585
test,15153,1,0.706544
test,15154,1,0.550754
test,15155,1,0.790018
test,15156,1,0.821562
test,15157,1,0.655930
test,15158,1,0.672309
test,15159,1,0.693802
test,15160,1,0.880643
test,15161,1,0.871672
test,15162,1,0.575369
test,15163,1,0.918698
test,15164,1,0.717920
test,15165,1,0.957864
test,15166,1,0.908874
test,15167,1,0.796941
test,15168,1,0.921943
test,15169,1,0.934681
test,15170,1,0.782293
test,15171,1,0.931101
test,15172,1,0.905106
test,15173,1,0.820506
test,15174,1,0.635403
test,15175,1,0.861384
test,15176,1,0.661998
test,15177,1,0.914762
test,15178,1,0.905148
test,15179,1,0.599741
test,15180,1,0.670717
test,15181,1,0.915582
test,15182,1,0.884772
test,15183,1,0.900392
test,15184,1,0.699888
test,15185,1,0.626649
test,15186,1,0.783684
test,15187,1,0.641608
test,15188,1,0.689427
test,15189,1,0.539225
test,15190,1,0.688003
test,15191,1,0.799279
test,15192,1,0.568017
test,15193,1,0.927073
test,15194,1,0.431492
test,15195,1,0.514879
test,15196,1,0.553160
test,15197,1,0.740987
test,15198,1,0.928073
test,15199,1,0.940608
test,15200,1,0.947276
test,15201,1,0.816422
test,15202,1,0.850286
test,15203,1,0.824479
test,15204,1,0.727904
test,15205,1,0.816845
test,15206,1,0.737704
test,15207,1,0.809451
test,15208,1,0.057321
test,15209,1,0.693348
test,15210,1,0.794819
test,15211,1,0.881474
test,15212,1,0.880385
test,15213,1,0.780229
test,15214,1,0.850793
test,15215,1,0.822558
test,15216,1,0.888680
test,15217,1,0.850926
test,15218,1,0.896409
test,15219,1,0.614496
test,15220,1,0.778635
test,15221,1,0.860334
test,15222,1,0.716290
test,15223,1,0.211033
test,15224,1,0.846964
test,15225,1,0.935726
test,15226,1,0.769236
test,15227,1,0.890573
test,15228,1,0.520105
test,15229,1,0.704152
test,15230,1,0.949587
test,15231,1,0.636515
test,15232,1,0.730706
test,15233,1,0.788998
test,15234,1,0.719126
test,15235,1,0.840053
test,15236,1,0.759300
test,15237,1,0.921009
test,15238,1,0.308401
test,15239,1,0.795103
test,15240,1,0.850303
test,15241,1,0.565161
test,15242,1,0.730324
test,15243,1,0.913633
test,15244,1,0.818042
test,15245,1,0.760226
test,15246,1,0.906193
test,15247,1,0.789602
test,15248,1,0.763906
test,15249,1,0.543007
test,15250,1,0.483929
test,15251,1,0.941142
test,15252,1,0.881111
test,15253,1,0.935697
test,15254,1,0.655857
test,15255,1,0.897746
test,15256,1,0.746027
test,15257,1,0.790766
test,15258,1,0.424056
test,15259,1,0.680824
test,15260,1,0.777957
test,15261,1,0.855212
test,15262,1,0.841132
test,15263,1,0.770001
test,15264,1,0.798678
test,15265,1,0.804790
test,15266,1,0.753510
test,15267,1,0.798166
test,15268,1,0.855910
test,15269,1,0.937329
test,15270,1,0.609282
test,15271,1,0.806813
test,15272,1,0.939426
test,15273,1,0.362538
test,15274,1,0.760374
test,15275,1,0.747072
test,15276,1,0.557665
test,15277,1,0.733901
test,15278,1,0.887148
test,15279,1,0.801070
test,15280,1,0.804261
test,15281,1,0.926569
test,15282,1,0.811702
test,15283,1,0.860995
test,15284,1,0.818972
test,15285,1,0.201073
test,15286,1,0.743722
test,15287,1,0.811491
test,15288,1,0.848845
test,15289,1,0.538009
test,15290,1,0.865544
test,15291,1,0.765526
test,15292,1,0.820103
test,15293,1,0.790804
test,15294,1,0.770688
test,15295,1,0.779364
test,15296,1,0.747338
test,15297,1,0.882516
test,15298,1,0.643456
test,15299,1,0.892096
test,15300,1,0.642505
test,15301,1,0.908987
test,15302,1,0.897370
test,15303,1,0.838290
test,15304,1,0.896179
test,15305,1,0.818086
test,15306,1,0.962416
test,15307,1,0.799786
test,15308,1,0.864079
test,15309,1,0.942605
test,15310,1,0.780298
test,15311,1,0.722340
test,15312,1,0.782265
test,15313,1,0.865863
test,15314,1,0.848618
test,15315,1,0.581389
test,15316,1,0.940841
test,15317,1,0.964648
test,15318,1,0.871699
test,15319,1,0.822666
test,15320,1,0.879992
test,15321,1,0.544230
test,15322,1,0.777128
test,15323,1,0.854553
test,15324,1,0.473487
test,15325,1,0.897625
test,15326,1,0.721872
test,15327,1,0.640812
test,15328,1,0.681486
test,15329,1,0.703714
test,15330,1,0.702413
test,15331,1,0.508629
test,15332,1,0.653479
test,15333,1,0.521978
test,15334,1,0.828338
test,15335,1,0.770627
test,15336,1,0.957697
test,15337,1,0.842254
test,15338,1,0.835779
test,15339,1,0.920749
test,15340,1,0.868192
test,15341,1,0.716586
test,15342,1,0.860106
test,15343,1,0.662551
test,15344,1,0.577490
test,15345,1,0.876183
test,15346,1,0.808141
test,15347,1,0.780261
test,15348,1,0.748929
test,15349,1,0.918275
test,15350,1,0.388774
test,15351,1,0.912143
test,15352,1,0.686904
test,15353,1,0.820193
test,15354,1,0.811459
test,15355,1,0.890345
test,15356,1,0.911480
test,15357,1,0.576214
test,15358,1,0.757033
test,15359,1,0.754314
test,15360,1,0.907251
test,15361,1,0.534885
test,15362,1,0.861486
test,15363,1,0.806837
test,15364,1,0.606496
test,15365,1,0.949323
test,15366,1,0.770483
test,15367,1,0.803637
test,15368,1,0.423473
test,15369,1,0.940807
test,15370,1,0.955116
test,15371,1,0.856129
test,15372,1,0.601030
test,15373,1,0.593038
test,15374,1,0.879105
test,15375,1,0.824859
test,15376,1,0.949063
test,15377,1,0.737763
test,15378,1,0.482675
test,15379,1,0.401912
test,15380,1,0.595727
test,15381,1,0.440912
test,15382,1,0.501175
test,15383,1,0.621122
test,15384,1,0.687949
test,15385,1,0.180855
test,15386,1,0.821899
test,15387,1,0.574977
test,15388,1,0.512378
test,15389,1,0.486290
test,15390,1,0.691847
test,15391,1,0.601816
test,15392,1,0.919380
test,15393,1,0.508205
test,15394,1,0.468818
test,15395,1,0.442504
test,15396,1,0.486944
test,15397,1,0.713607
test,15398,1,0.682667
test,15399,1,0.468384
test,15400,1,0.893021
test,15401,1,0.904985
test,15402,1,0.737414
test,15403,1,0.806421
test,15404,1,0.652877
test,15405,1,0.715181
test,15406,1,0.659941
test,15407,1,0.812218
test,15408,1,0.843357
test,15409,1,0.867525
test,15410,1,0.856343
test,15411,1,0.380994
test,15412,1,0.742171
test,15413,1,0.675233
test,15414,1,0.833348
test,15415,1,0.915989
test,15416,1,0.434887
test,15417,1,0.836102
test,15418,1,0.922698
test,15419,1,0.630301
test,15420,1,0.764666
test,15421,1,0.770874
test,15422,1,0.804862
test,15423,1,0.672592
test,15424,1,0.829541
test,15425,1,0.511861
test,15426,1,0.901321
test,15427,1,0.771292
test,15428,1,0.579369
test,15429,1,0.673852
test,15430,1,0.287921
test,15431,1,0.258209
test,15432,1,0.888612
test,15433,1,0.868403
test,15434,1,0.859257
test,15435,1,0.685385
test,15436,1,0.553836
test,15437,1,0.673306
test,15438,1,0.962231
test,15439,1,0.840002
test,15440,1,0.292458
test,15441,1,0.782719
test,15442,1,0.705052
test,15443,1,0.899614
test,15444,1,0.940318
test,15445,1,0.795858
test,15446,1,0.935944
test,15447,1,0.821085
test,15448,1,0.477630
test,15449,1,0.775492
test,15450,1,0.756774
test,15451,1,0.970776
test,15452,1,0.954706
test,15453,1,0.841235
test,15454,1,0.599546
test,15455,1,0.738298
test,15456,1,0.823180
test,15457,1,0.890996
test,15458,1,0.706502
test,15459,1,0.687331
test,15460,1,0.865291
test,15461,1,0.663355
test,15462,1,0.773139
test,15463,1,0.757694
test,15464,1,0.728081
test,15465,1,0.486124
test,15466,1,0.806108
test,15467,1,0.933010
test,15468,1,0.824554
test,15469,1,0.597895
test,15470,1,0.931726
test,15471,1,0.587074
test,15472,1,0.751228
test,15473,1,0.831066
test,15474,1,0.707004
test,15475,1,0.842004
test,15476,1,0.850892
test,15477,1,0.514993
test,15478,1,0.591117
test,15479,1,0.501181
test,15480,1,0.805879
test,15481,1,0.691500
test,15482,1,0.890188
test,15483,1,0.770563
test,15484,1,0.832415
test,15485,1,0.826407
test,15486,1,0.941430
test,15487,1,0.332397
test,15488,1,0.903785
test,15489,1,0.586965
test,15490,1,0.863066
test,15491,1,0.746487
test,15492,1,0.571544
test,15493,1,0.564886
test,15494,1,0.760089
test,15495,1,0.610224
test,15496,1,0.852545
test,15497,1,0.983297
test,15498,1,0.891196
test,15499,1,0.331758
test,15500,1,0.714945
test,15501,1,0.734192
test,15502,1,0.808095
test,15503,1,0.614993
test,15504,1,0.974451
test,15505,1,0.330255
test,15506,1,0.781225
test,15507,1,0.740242
test,15508,1,0.743673
test,15509,1,0.782384
test,15510,1,0.856729
test,15511,1,0.781453
test,15512,1,0.822123
test,15513,1,0.594579
test,15514,1,0.767741
test,15515,1,0.706712
test,15516,1,0.297107
test,15517,1,0.360787
test,15518,1,0.606317
test,15519,1,0.830244
test,15520,1,0.920555
test,15521,1,0.921631
test,15522,1,0.804873
test,15523,1,0.760522
test,15524,1,0.510896
test,15525,1,0.888747
test,15526,1,0.727556
test,15527,1,0.897290
test,15528,1,0.550618
test,15529,1,0.855658
test,15530,1,0.551606
test,15531,1,0.959229
test,15532,1,0.911605
test,15533,1,0.967034
test,15534,1,0.804284
test,15535,1,0.865876
test,15536,1,0.928391
test,15537,1,0.715812
test,15538,1,0.859130
test,15539,1,0.896364
test,15540,1,0.862982
test,15541,1,0.776160
test,15542,1,0.926709
test,15543,1,0.961983
test,15544,1,0.862982
test,15545,1,0.913164
test,15546,1,0.960590
test,15547,1,0.410752
test,15548,1,0.785095
test,15549,1,0.771344
test,15550,1,0.460710
test,15551,1,0.476865
test,15552,1,0.960590
test,15553,1,0.410752
test,15554,1,0.867717
test,15555,1,0.803315
test,15556,1,0.721983
test,15557,1,0.744184
test,15558,1,0.703199
test,15559,1,0.604598
test,15560,1,0.885858
test,15561,1,0.784516
test,15562,1,0.897470
test,15563,1,0.885619
test,15564,1,0.788967
test,15565,1,0.871986
test,15566,1,0.867768
test,15567,1,0.951039
test,15568,1,0.295705
test,15569,1,0.942139
test,15570,1,0.695482
test,15571,1,0.895239
test,15572,1,0.619954
test,15573,1,0.856509
test,15574,1,0.662938
test,15575,1,0.631035
test,15576,1,0.751713
test,15577,1,0.755958
test,15578,1,0.958974
test,15579,1,0.808965
test,15580,1,0.629278
test,15581,1,0.736051
test,15582,1,0.786474
test,15583,1,0.952740
test,15584,1,0.649073
test,15585,1,0.935267
test,15586,1,0.699155
test,15587,1,0.879778
test,15588,1,0.805201
test,15589,1,0.825517
test,15590,1,0.861852
test,15591,1,0.897730
test,15592,1,0.877995
test,15593,1,0.833906
test,15594,1,0.747322
test,15595,1,0.728100
test,15596,1,0.758701
test,15597,1,0.786870
test,15598,1,0.553378
test,15599,1,0.722328
test,15600,1,0.619278
test,15601,1,0.798373
test,15602,1,0.834862
test,15603,1,0.932054
test,15604,1,0.616245
test,15605,1,0.576157
test,15606,1,0.724721
test,15607,1,0.437419
test,15608,1,0.421995
test,15609,1,0.774779
test,15610,1,0.774779
test,15611,1,0.421995
test,15612,1,0.708940
test,15613,1,0.850423
test,15614,1,0.881788
test,15615,1,0.525247
test,15616,1,0.792805
test,15617,1,0.744163
test,15618,1,0.821878
test,15619,1,0.591664
test,15620,1,0.894906
test,15621,1,0.787056
test,15622,1,0.643310
test,15623,1,0.865855
test,15624,1,0.569972
test,15625,1,0.838489
test,15626,1,0.794708
test,15627,1,0.849122
test,15628,1,0.680179
test,15629,1,0.842911
test,15630,1,0.810014
test,15631,1,0.738748
test,15632,1,0.585996
test,15633,1,0.832001
test,15634,1,0.812147
test,15635,1,0.789231
test,15636,1,0.757225
test,15637,1,0.933985
test,15638,1,0.763530
test,15639,1,0.885382
test,15640,1,0.955332
test,15641,1,0.928226
test,15642,1,0.660771
test,15643,1,0.839999
test,15644,1,0.771689
test,15645,1,0.821908
test,15646,1,0.870851
test,15647,1,0.774239
test,15648,1,0.796788
test,15649,1,0.702861
test,15650,1,0.740118
test,15651,1,0.669507
test,15652,1,0.881080
test,15653,1,0.855627
test,15654,1,0.680248
test,15655,1,0.835295
test,15656,1,0.810534
test,15657,1,0.879907
test,15658,1,0.903867
test,15659,1,0.873799
test,15660,1,0.797426
test,15661,1,0.774042
test,15662,1,0.888950
test,15663,1,0.618654
test,15664,1,0.915013
test,15665,1,0.805538
test,15666,1,0.864229
test,15667,1,0.648019
test,15668,1,0.447698
test,15669,1,0.548648
test,15670,1,0.765062
test,15671,1,0.770445
test,15672,1,0.702924
test,15673,1,0.729901
test,15674,1,0.473412
test,15675,1,0.656990
test,15676,1,0.723058
test,15677,1,0.731351
test,15678,1,0.782368
test,15679,1,0.863627
test,15680,1,0.751267
test,15681,1,0.747493
test,15682,1,0.810427
test,15683,1,0.798774
test,15684,1,0.904211
test,15685,1,0.901230
test,15686,1,0.763245
test,15687,1,0.722883
test,15688,1,0.828219
test,15689,1,0.962517
test,15690,1,0.893600
test,15691,1,0.915452
test,15692,1,0.945186
test,15693,1,0.948265
test,15694,1,0.920820
test,15695,1,0.840125
test,15696,1,0.225524
test,15697,1,0.951845
test,15698,1,0.756806
test,15699,1,0.840544
test,15700,1,0.844667
test,15701,1,0.713391
test,15702,1,0.947763
test,15703,1,0.309787
test,15704,1,0.916462
test,15705,1,0.394184
test,15706,1,0.724249
test,15707,1,0.613482
test,15708,1,0.820530
test,15709,1,0.770521
test,15710,1,0.268032
test,15711,1,0.706505
test,15712,1,0.748037
test,15713,1,0.690710
test,15714,1,0.812893
test,15715,1,0.946882
test,15716,1,0.416717
test,15717,1,0.652644
test,15718,1,0.727840
test,15719,1,0.561133
test,15720,1,0.637358
test,15721,1,0.919403
test,15722,1,0.845515
test,15723,1,0.859043
test,15724,1,0.877358
test,15725,1,0.644484
test,15726,1,0.556633
test,15727,1,0.800871
test,15728,1,0.902952
test,15729,1,0.924761
test,15730,1,0.773330
test,15731,1,0.886858
test,15732,1,0.915461
test,15733,1,0.859876
test,15734,1,0.811025
test,15735,1,0.443779
test,15736,1,0.785663
test,15737,1,0.869149
test,15738,1,0.986179
test,15739,1,0.754003
test,15740,1,0.553285
test,15741,1,0.695517
test,15742,1,0.470544
test,15743,1,0.827278
test,15744,1,0.786659
test,15745,1,0.596675
test,15746,1,0.667925
test,15747,1,0.881276
test,15748,1,0.962845
test,15749,1,0.960742
test,15750,1,0.602200
test,15751,1,0.962971
test,15752,1,0.388780
test,15753,1,0.757357
test,15754,1,0.767403
test,15755,1,0.898243
test,15756,1,0.842073
test,15757,1,0.901393
test,15758,1,0.850323
test,15759,1,0.565575
test,15760,1,0.624501
test,15761,1,0.640966
test,15762,1,0.859985
test,15763,1,0.729915
test,15764,1,0.910891
test,15765,1,0.746931
test,15766,1,0.896615
test,15767,1,0.978316
test,15768,1,0.512166
test,15769,1,0.704819
test,15770,1,0.916560
test,15771,1,0.219793
test,15772,1,0.752177
test,15773,1,0.787351
test,15774,1,0.889861
test,15775,1,0.835841
test,15776,1,0.798740
test,15777,1,0.766910
test,15778,1,0.839472
test,15779,1,0.889818
test,15780,1,0.775308
test,15781,1,0.949456
test,15782,1,0.914384
test,15783,1,0.724030
test,15784,1,0.812598
test,15785,1,0.911955
test,15786,1,0.655723
test,15787,1,0.863528
test,15788,1,0.766636
test,15789,1,0.832574
test,15790,1,0.307145
test,15791,1,0.801279
test,15792,1,0.709163
test,15793,1,0.875813
test,15794,1,0.817691
test,15795,1,0.474511
test,15796,1,0.844052
test,15797,1,0.671970
test,15798,1,0.560029
test,15799,1,0.916461
test,15800,1,0.931655
test,15801,1,0.982981
test,15802,1,0.540646
test,15803,1,0.855170
test,15804,1,0.427973
test,15805,1,0.881322
test,15806,1,0.780310
test,15807,1,0.954307
test,15808,1,0.946173
test,15809,1,0.983693
test,15810,1,0.520656
test,15811,1,0.652129
test,15812,1,0.866010
test,15813,1,0.935350
test,15814,1,0.517650
test,15815,1,0.811675
test,15816,1,0.881198
test,15817,1,0.941249
test,15818,1,0.917089
test,15819,1,0.953709
test,15820,1,0.895138
test,15821,1,0.875780
test,15822,1,0.665681
test,15823,1,0.722442
test,15824,1,0.694018
test,15825,1,0.843885
test,15826,1,0.596724
test,15827,1,0.966956
test,15828,1,0.803683
test,15829,1,0.850412
test,15830,1,0.809943
test,15831,1,0.889876
test,15832,1,0.932926
test,15833,1,0.813726
test,15834,1,0.556482
test,15835,1,0.961255
test,15836,1,0.649236
test,15837,1,0.897092
test,15838,1,0.844126
test,15839,1,0.885457
test,15840,1,0.924443
test,15841,1,0.840129
test,15842,1,0.841638
test,15843,1,0.890902
test,15844,1,0.460394
test,15845,1,0.766201
test,15846,1,0.595935
test,15847,1,0.469299
test,15848,1,0.850575
test,15849,1,0.843303
test,15850,1,0.809292
test,15851,1,0.919620
test,15852,1,0.776951
test,15853,1,0.892503
test,15854,1,0.684362
test,15855,1,0.488250
test,15856,1,0.908541
test,15857,1,0.935775
test,15858,1,0.387056
test,15859,1,0.781535
test,15860,1,0.846715
test,15861,1,0.678013
test,15862,1,0.636256
test,15863,1,0.904259
test,15864,1,0.818877
test,15865,1,0.384305
test,15866,1,0.913247
test,15867,1,0.823622
test,15868,1,0.556110
test,15869,1,0.502451
test,15870,1,0.796548
test,15871,1,0.576671
test,15872,1,0.775810
test,15873,1,0.911553
test,15874,1,0.958581
test,15875,1,0.883384
test,15876,1,0.800855
test,15877,1,0.885375
test,15878,1,0.926200
test,15879,1,0.877847
test,15880,1,0.783658
test,15881,1,0.740360
test,15882,1,0.920256
test,15883,1,0.907678
test,15884,1,0.815400
test,15885,1,0.973676
test,15886,1,0.901348
test,15887,1,0.854760
test,15888,1,0.893594
test,15889,1,0.973629
test,15890,1,0.880818
test,15891,1,0.902328
test,15892,1,0.940674
test,15893,1,0.900307
test,15894,1,0.751980
test,15895,1,0.927608
test,15896,1,0.949505
test,15897,1,0.969362
test,15898,1,0.978998
test,15899,1,0.982253
test,15900,1,0.951832
test,15901,1,0.881354
test,15902,1,0.683550
test,15903,1,0.911323
test,15904,1,0.897568
test,15905,1,0.438271
test,15906,1,0.937980
test,15907,1,0.287345
test,15908,1,0.545157
test,15909,1,0.339528
test,15910,1,0.590554
test,15911,1,0.751629
test,15912,1,0.418513
test,15913,1,0.766700
test,15914,1,0.621667
test,15915,1,0.761349
test,15916,1,0.691396
test,15917,1,0.743681
test,15918,1,0.838052
test,15919,1,0.734252
test,15920,1,0.809405
test,15921,1,0.773692
test,15922,1,0.923676
test,15923,1,0.807076
test,15924,1,0.689937
test,15925,1,0.660584
test,15926,1,0.815479
test,15927,1,0.826864
test,15928,1,0.455221
test,15929,1,0.890049
test,15930,1,0.734697
test,15931,1,0.851640
test,15932,1,0.748705
test,15933,1,0.325446
test,15934,1,0.970203
test,15935,1,0.400228
test,15936,1,0.818051
test,15937,1,0.678398
test,15938,1,0.925022
test,15939,1,0.901897
test,15940,1,0.853071
test,15941,1,0.872420
test,15942,1,0.429565
test,15943,1,0.718800
test,15944,1,0.847325
test,15945,1,0.642541
test,15946,1,0.801770
test,15947,1,0.739317
test,15948,1,0.611887
test,15949,1,0.760144
test,15950,1,0.862165
test,15951,1,0.705224
test,15952,1,0.517917
test,15953,1,0.585726
test,15954,1,0.849275
test,15955,1,0.769572
test,15956,1,0.534436
test,15957,1,0.793329
test,15958,1,0.728013
test,15959,1,0.737026
test,15960,1,0.762153
test,15961,1,0.870816
test,15962,1,0.777517
test,15963,1,0.724674
test,15964,1,0.457337
test,15965,1,0.858631
test,15966,1,0.763815
test,15967,1,0.869608
test,15968,1,0.902681
test,15969,1,0.525409
test,15970,1,0.794788
test,15971,1,0.481277
test,15972,1,0.832697
test,15973,1,0.548091
test,15974,1,0.881129
test,15975,1,0.483951
test,15976,1,0.809572
test,15977,1,0.554748
test,15978,1,0.882121
test,15979,1,0.667580
test,15980,1,0.830555
test,15981,1,0.903739
test,15982,1,0.673384
test,15983,1,0.714852
test,15984,1,0.722668
test,15985,1,0.883284
test,15986,1,0.770822
test,15987,1,0.552063
test,15988,1,0.681250
test,15989,1,0.920478
test,15990,1,0.711075
test,15991,1,0.369803
test,15992,1,0.639613
test,15993,1,0.656811
test,15994,1,0.794419
test,15995,1,0.641852
test,15996,1,0.690086
test,15997,1,0.865505
test,15998,1,0.950849
test,15999,1,0.853469
test,16000,1,0.793188
test,16001,1,0.497013
test,16002,1,0.781214
test,16003,1,0.867556
test,16004,1,0.870850
test,16005,1,0.963346
test,16006,1,0.912839
test,16007,1,0.662243
test,16008,1,0.673602
test,16009,1,0.723670
test,16010,1,0.688243
test,16011,1,0.695330
test,16012,1,0.848720
test,16013,1,0.452718
test,16014,1,0.690302
test,16015,1,0.739206
test,16016,1,0.852163
test,16017,1,0.445586
test,16018,1,0.808422
test,16019,1,0.874153
test,16020,1,0.856387
test,16021,1,0.903669
test,16022,1,0.656462
test,16023,1,0.182290
test,16024,1,0.621418
test,16025,1,0.861819
test,16026,1,0.899631
test,16027,1,0.799837
test,16028,1,0.757820
test,16029,1,0.806472
test,16030,1,0.935213
test,16031,1,0.791673
test,16032,1,0.845193
test,16033,1,0.882375
test,16034,1,0.936059
test,16035,1,0.635921
test,16036,1,0.687170
test,16037,1,0.575115
test,16038,1,0.954442
test,16039,1,0.491357
test,16040,1,0.568002
test,16041,1,0.508681
test,16042,1,0.730594
test,16043,1,0.447630
test,16044,1,0.523854
test,16045,1,0.632748
test,16046,1,0.374347
test,16047,1,0.557196
test,16048,1,0.094473
test,16049,1,0.713285
test,16050,1,0.850687
test,16051,1,0.884019
test,16052,1,0.727231
test,16053,1,0.673031
test,16054,1,0.484866
test,16055,1,0.924606
test,16056,1,0.917774
test,16057,1,0.845526
test,16058,1,0.721794
test,16059,1,0.557923
test,16060,1,0.957645
test,16061,1,0.646076
test,16062,1,0.972713
test,16063,1,0.620744
test,16064,1,0.839873
test,16065,1,0.968753
test,16066,1,0.728934
test,16067,1,0.575759
test,16068,1,0.870570
test,16069,1,0.848143
test,16070,1,0.782510
test,16071,1,0.931158
test,16072,1,0.759124
test,16073,1,0.918862
test,16074,1,0.812460
test,16075,1,0.845020
test,16076,1,0.808770
test,16077,1,0.593512
test,16078,1,0.841287
test,16079,1,0.945790
test,16080,1,0.945782
test,16081,1,0.875807
test,16082,1,0.613667
test,16083,1,0.812460
test,16084,1,0.876202
test,16085,1,0.899412
test,16086,1,0.921119
test,16087,1,0.803198
test,16088,1,0.772192
test,16089,1,0.537948
test,16090,1,0.744505
test,16091,1,0.438933
test,16092,1,0.969156
test,16093,1,0.877974
test,16094,1,0.741426
test,16095,1,0.908887
test,16096,1,0.656725
test,16097,1,0.392373
test,16098,1,0.774020
test,16099,1,0.861777
test,16100,1,0.182171
test,16101,1,0.898242
test,16102,1,0.855260
test,16103,1,0.848498
test,16104,1,0.760366
test,16105,1,0.482255
test,16106,1,0.764125
test,16107,1,0.611188
test,16108,1,0.817816
test,16109,1,0.785284
test,16110,1,0.776820
test,16111,1,0.844686
test,16112,1,0.919519
test,16113,1,0.784642
test,16114,1,0.859661
test,16115,1,0.935687
test,16116,1,0.937472
test,16117,1,0.904480
test,16118,1,0.764820
test,16119,1,0.901883
test,16120,1,0.682192
test,16121,1,0.899055
test,16122,1,0.787325
test,16123,1,0.823090
test,16124,1,0.854485
test,16125,1,0.706603
test,16126,1,0.562562
test,16127,1,0.609404
test,16128,1,0.569597
test,16129,1,0.864884
test,16130,1,0.873491
test,16131,1,0.944545
test,16132,1,0.971797
test,16133,1,0.922196
test,16134,1,0.923028
test,16135,1,0.901121
test,16136,1,0.778416
test,16137,1,0.950238
test,16138,1,0.849652
test,16139,1,0.902703
test,16140,1,0.882218
test,16141,1,0.671738
test,16142,1,0.903131
test,16143,1,0.955404
test,16144,1,0.889483
test,16145,1,0.712858
test,16146,1,0.585396
test,16147,1,0.360725
test,16148,1,0.722765
test,16149,1,0.938876
test,16150,1,0.389716
test,16151,1,0.538825
test,16152,1,0.447143
test,16153,1,0.325726
test,16154,1,0.653583
test,16155,1,0.927841
test,16156,1,0.918928
test,16157,1,0.925471
test,16158,1,0.482667
test,16159,1,0.737792
test,16160,1,0.960421
test,16161,1,0.947402
test,16162,1,0.873864
test,16163,1,0.856038
test,16164,1,0.598834
test,16165,1,0.721409
test,16166,1,0.884648
test,16167,1,0.639899
test,16168,1,0.548187
test,16169,1,0.773850
test,16170,1,0.781132
test,16171,1,0.574132
test,16172,1,0.834860
test,16173,1,0.255817
test,16174,1,0.400177
test,16175,1,0.498369
test,16176,1,0.960268
test,16177,1,0.907161
test,16178,1,0.853407
test,16179,1,0.866373
test,16180,1,0.895156
test,16181,1,0.838150
test,16182,1,0.883576
test,16183,1,0.940278
test,16184,1,0.847000
test,16185,1,0.633454
test,16186,1,0.608710
test,16187,1,0.833168
test,16188,1,0.822757
test,16189,1,0.693101
test,16190,1,0.727057
test,16191,1,0.351014
test,16192,1,0.681537
test,16193,1,0.953512
test,16194,1,0.978690
test,16195,1,0.557605
test,16196,1,0.440699
test,16197,1,0.792689
test,16198,1,0.964626
test,16199,1,0.909169
test,16200,1,0.935734
test,16201,1,0.845191
test,16202,1,0.842736
test,16203,1,0.791270
test,16204,1,0.872471
test,16205,1,0.870844
test,16206,1,0.962245
test,16207,1,0.891697
test,16208,1,0.906952
test,16209,1,0.923004
test,16210,1,0.972729
test,16211,1,0.622813
test,16212,1,0.984783
test,16213,1,0.677747
test,16214,1,0.900220
test,16215,1,0.960763
test,16216,1,0.698342
test,16217,1,0.978522
test,16218,1,0.879003
test,16219,1,0.867419
test,16220,1,0.981617
test,16221,1,0.827842
test,16222,1,0.865284
test,16223,1,0.702525
test,16224,1,0.662603
test,16225,1,0.812644
test,16226,1,0.894207
test,16227,1,0.902649
test,16228,1,0.378068
test,16229,1,0.650606
test,16230,1,0.613948
test,16231,1,0.711445
test,16232,1,0.861254
test,16233,1,0.645641
test,16234,1,0.792599
test,16235,1,0.602647
test,16236,1,0.390590
test,16237,1,0.548969
test,16238,1,0.620386
test,16239,1,0.552517
test,16240,1,0.781414
test,16241,1,0.346601
test,16242,1,0.950106
test,16243,1,0.743445
test,16244,1,0.822172
test,16245,1,0.627641
test,16246,1,0.785261
test,16247,1,0.625785
test,16248,1,0.722291
test,16249,1,0.577412
test,16250,1,0.344978
test,16251,1,0.685153
test,16252,1,0.804975
test,16253,1,0.747448
test,16254,1,0.681649
test,16255,1,0.752903
test,16256,1,0.781119
test,16257,1,0.492413
test,16258,1,0.859291
test,16259,1,0.777957
test,16260,1,0.496055
test,16261,1,0.738679
test,16262,1,0.625357
test,16263,1,0.821971
test,16264,1,0.742356
test,16265,1,0.812989
test,16266,1,0.574417
test,16267,1,0.792890
test,16268,1,0.736737
test,16269,1,0.791248
test,16270,1,0.590663
test,16271,1,0.563467
test,16272,1,0.730373
test,16273,1,0.707473
test,16274,1,0.752258
test,16275,1,0.820123
test,16276,1,0.857344
test,16277,1,0.821841
test,16278,1,0.790541
test,16279,1,0.711211
test,16280,1,0.617718
test,16281,1,0.521416
test,16282,1,0.693909
test,16283,1,0.796456
test,16284,1,0.810179
test,16285,1,0.783700
test,16286,1,0.479998
test,16287,1,0.427140
test,16288,1,0.508675
test,16289,1,0.807163
test,16290,1,0.598146
test,16291,1,0.512001
test,16292,1,0.596127
test,16293,1,0.733875
test,16294,1,0.944403
test,16295,1,0.697417
test,16296,1,0.854075
test,16297,1,0.536589
test,16298,1,0.843038
test,16299,1,0.577847
test,16300,1,0.952257
test,16301,1,0.799682
test,16302,1,0.716798
test,16303,1,0.696947
test,16304,1,0.825803
test,16305,1,0.673792
test,16306,1,0.377604
test,16307,1,0.706094
test,16308,1,0.922520
test,16309,1,0.944879
test,16310,1,0.879958
test,16311,1,0.948669
test,16312,1,0.884928
test,16313,1,0.632023
test,16314,1,0.858646
test,16315,1,0.890715
test,16316,1,0.924212
test,16317,1,0.873126
test,16318,1,0.665914
test,16319,1,0.687524
test,16320,1,0.927319
test,16321,1,0.754518
test,16322,1,0.548306
test,16323,1,0.973773
test,16324,1,0.620703
test,16325,1,0.296000
test,16326,1,0.589844
test,16327,1,0.809075
test,16328,1,0.865991
test,16329,1,0.901110
test,16330,1,0.575190
test,16331,1,0.952901
test,16332,1,0.703029
test,16333,1,0.717349
test,16334,1,0.751449
test,16335,1,0.882312
test,16336,1,0.974063
test,16337,1,0.816727
test,16338,1,0.975154
test,16339,1,0.884175
test,16340,1,0.655819
test,16341,1,0.735878
test,16342,1,0.516358
test,16343,1,0.662556
test,16344,1,0.504177
test,16345,1,0.817412
test,16346,1,0.911057
test,16347,1,0.700580
test,16348,1,0.914436
test,16349,1,0.867551
test,16350,1,0.978008
test,16351,1,0.967294
test,16352,1,0.930454
test,16353,1,0.748313
test,16354,1,0.820567
test,16355,1,0.910033
test,16356,1,0.859033
test,16357,1,0.656487
test,16358,1,0.884233
test,16359,1,0.885619
test,16360,1,0.664130
test,16361,1,0.804760
test,16362,1,0.761891
test,16363,1,0.755887
test,16364,1,0.624389
test,16365,1,0.593636
test,16366,1,0.497521
test,16367,1,0.963719
test,16368,1,0.732833
test,16369,1,0.587272
test,16370,1,0.678218
test,16371,1,0.774208
test,16372,1,0.855687
test,16373,1,0.648697
test,16374,1,0.763826
test,16375,1,0.407075
test,16376,1,0.647177
test,16377,1,0.727423
test,16378,1,0.728962
test,16379,1,0.207153
test,16380,1,0.734328
test,16381,1,0.560158
test,16382,1,0.646637
test,16383,1,0.323420
test,16384,1,0.684530
test,16385,1,0.710633
test,16386,1,0.466044
test,16387,1,0.385903
test,16388,1,0.790131
test,16389,1,0.826639
test,16390,1,0.937545
test,16391,1,0.714835
test,16392,1,0.441438
test,16393,1,0.624894
test,16394,1,0.236612
test,16395,1,0.397534
test,16396,1,0.941990
test,16397,1,0.480047
test,16398,1,0.619646
test,16399,1,0.749794
test,16400,1,0.904598
test,16401,1,0.695648
test,16402,1,0.755389
test,16403,1,0.980621
test,16404,1,0.663050
test,16405,1,0.694675
test,16406,1,0.905787
test,16407,1,0.910705
test,16408,1,0.904880
test,16409,1,0.958833
test,16410,1,0.952287
test,16411,1,0.627004
test,16412,1,0.401282
test,16413,1,0.940726
test,16414,1,0.899541
test,16415,1,0.782459
test,16416,1,0.906341
test,16417,1,0.956828
test,16418,1,0.860211
test,16419,1,0.929879
test,16420,1,0.888668
test,16421,1,0.918632
test,16422,1,0.559007
test,16423,1,0.965936
test,16424,1,0.822571
test,16425,1,0.675696
test,16426,1,0.810441
test,16427,1,0.800266
test,16428,1,0.662053
test,16429,1,0.806471
test,16430,1,0.667400
test,16431,1,0.748267
test,16432,1,0.733760
test,16433,1,0.570881
test,16434,1,0.324352
test,16435,1,0.576624
test,16436,1,0.923055
test,16437,1,0.784307
test,16438,1,0.737367
test,16439,1,0.879311
test,16440,1,0.741589
test,16441,1,0.954550
test,16442,1,0.492955
test,16443,1,0.890207
test,16444,1,0.962115
test,16445,1,0.920355
test,16446,1,0.490058
test,16447,1,0.832415
test,16448,1,0.787447
test,16449,1,0.564319
test,16450,1,0.867520
test,16451,1,0.833631
test,16452,1,0.960231
test,16453,1,0.800451
test,16454,1,0.729884
test,16455,1,0.709121
test,16456,1,0.975498
test,16457,1,0.827960
test,16458,1,0.986838
test,16459,1,0.854793
test,16460,1,0.651433
test,16461,1,0.849316
test,16462,1,0.888703
test,16463,1,0.832426
test,16464,1,0.875951
test,16465,1,0.795795
test,16466,1,0.642663
test,16467,1,0.906384
test,16468,1,0.841119
test,16469,1,0.900412
test,16470,1,0.873537
test,16471,1,0.922319
test,16472,1,0.742044
test,16473,1,0.869908
test,16474,1,0.751657
test,16475,1,0.755651
test,16476,1,0.955553
test,16477,1,0.801405
test,16478,1,0.667723
test,16479,1,0.704911
test,16480,1,0.840487
test,16481,1,0.864534
test,16482,1,0.748309
test,16483,1,0.828301
test,16484,1,0.398074
test,16485,1,0.635884
test,16486,1,0.832622
test,16487,1,0.480855
test,16488,1,0.631104
test,16489,1,0.563743
test,16490,1,0.875478
test,16491,1,0.802668
test,16492,1,0.912904
test,16493,1,0.937175
test,16494,1,0.834637
test,16495,1,0.950020
test,16496,1,0.219120
test,16497,1,0.585905
test,16498,1,0.567527
test,16499,1,0.621811
test,16500,1,0.720368
test,16501,1,0.944928
test,16502,1,0.605811
test,16503,1,0.636636
test,16504,1,0.731080
test,16505,1,0.972284
test,16506,1,0.889574
test,16507,1,0.936419
test,16508,1,0.925760
test,16509,1,0.928999
test,16510,1,0.685773
test,16511,1,0.439407
test,16512,1,0.608062
test,16513,1,0.980887
test,16514,1,0.850429
test,16515,1,0.862408
test,16516,1,0.980553
test,16517,1,0.474922
test,16518,1,0.764689
test,16519,1,0.892861
test,16520,1,0.801162
test,16521,1,0.933453
test,16522,1,0.558366
test,16523,1,0.935513
test,16524,1,0.654685
test,16525,1,0.644667
test,16526,1,0.857833
test,16527,1,0.219308
test,16528,1,0.762210
test,16529,1,0.818343
test,16530,1,0.809146
test,16531,1,0.671289
test,16532,1,0.576002
test,16533,1,0.772059
test,16534,1,0.921376
test,16535,1,0.856542
test,16536,1,0.939713
test,16537,1,0.758895
test,16538,1,0.942352
test,16539,1,0.872954
test,16540,1,0.496247
test,16541,1,0.325862
test,16542,1,0.910711
test,16543,1,0.457054
test,16544,1,0.549721
test,16545,1,0.848939
test,16546,1,0.931553
test,16547,1,0.970298
test,16548,1,0.923389
test,16549,1,0.835528
test,16550,1,0.632258
test,16551,1,0.885243
test,16552,1,0.927936
test,16553,1,0.721629
test,16554,1,0.836028
test,16555,1,0.913140
test,16556,1,0.539364
test,16557,1,0.547973
test,16558,1,0.742007
test,16559,1,0.568699
test,16560,1,0.735091
test,16561,1,0.946410
test,16562,1,0.886936
test,16563,1,0.917965
test,16564,1,0.859717
test,16565,1,0.455811
test,16566,1,0.909411
test,16567,1,0.900408
test,16568,1,0.836489
test,16569,1,0.874564
test,16570,1,0.837467
test,16571,1,0.876784
test,16572,1,0.549092
test,16573,1,0.963554
test,16574,1,0.879955
test,16575,1,0.805894
test,16576,1,0.918899
test,16577,1,0.643379
test,16578,1,0.845764
test,16579,1,0.762475
test,16580,1,0.261557
test,16581,1,0.433870
test,16582,1,0.530986
test,16583,1,0.783567
test,16584,1,0.534058
test,16585,1,0.588277
test,16586,1,0.830309
test,16587,1,0.514758
test,16588,1,0.717725
test,16589,1,0.615817
test,16590,1,0.865487
test,16591,1,0.800868
test,16592,1,0.592874
test,16593,1,0.818031
test,16594,1,0.674740
test,16595,1,0.620467
test,16596,1,0.718953
test,16597,1,0.445528
test,16598,1,0.765860
test,16599,1,0.307109
test,16600,1,0.895495
test,16601,1,0.877076
test,16602,1,0.831572
test,16603,1,0.622896
test,16604,1,0.787668
test,16605,1,0.579679
test,16606,1,0.641406
test,16607,1,0.576281
test,16608,1,0.759041
test,16609,1,0.951493
test,16610,1,0.871792
test,16611,1,0.852359
test,16612,1,0.684167
test,16613,1,0.646886
test,16614,1,0.586469
test,16615,1,0.895799
test,16616,1,0.892828
test,16617,1,0.797475
test,16618,1,0.728615
test,16619,1,0.780718
test,16620,1,0.901991
test,16621,1,0.536083
test,16622,1,0.615394
test,16623,1,0.412581
test,16624,1,0.821744
test,16625,1,0.653341
test,16626,1,0.468811
test,16627,1,0.426365
test,16628,1,0.119528
test,16629,1,0.807928
test,16630,1,0.798238
test,16631,1,0.759500
test,16632,1,0.734069
test,16633,1,0.473812
test,16634,1,0.618680
test,16635,1,0.575461
test,16636,1,0.749060
test,16637,1,0.783832
test,16638,1,0.805920
test,16639,1,0.746568
test,16640,1,0.732280
test,16641,1,0.852538
test,16642,1,0.687621
test,16643,1,0.884167
test,16644,1,0.727114
test,16645,1,0.963686
test,16646,1,0.624412
test,16647,1,0.813018
test,16648,1,0.628359
test,16649,1,0.750502
test,16650,1,0.755956
test,16651,1,0.657584
test,16652,1,0.807471
test,16653,1,0.579288
test,16654,1,0.640825
test,16655,1,0.926697
test,16656,1,0.624331
test,16657,1,0.952952
test,16658,1,0.628995
test,16659,1,0.824667
test,16660,1,0.878920
test,16661,1,0.827400
test,16662,1,0.725184
test,16663,1,0.706426
test,16664,1,0.657961
test,16665,1,0.825935
test,16666,1,0.960561
test,16667,1,0.710684
test,16668,1,0.852706
test,16669,1,0.599966
test,16670,1,0.586844
test,16671,1,0.754129
test,16672,1,0.424427
test,16673,1,0.244619
test,16674,1,0.765251
test,16675,1,0.734976
test,16676,1,0.934562
test,16677,1,0.913058
test,16678,1,0.766266
test,16679,1,0.498255
test,16680,1,0.801840
test,16681,1,0.918669
test,16682,1,0.949402
test,16683,1,0.860559
test,16684,1,0.839105
test,16685,1,0.372810
test,16686,1,0.773450
test,16687,1,0.860640
test,16688,1,0.920983
test,16689,1,0.788053
test,16690,1,0.824066
test,16691,1,0.858499
test,16692,1,0.882637
test,16693,1,0.780319
test,16694,1,0.937840
test,16695,1,0.295306
test,16696,1,0.874145
test,16697,1,0.853919
test,16698,1,0.828695
test,16699,1,0.652330
test,16700,1,0.862849
test,16701,1,0.535924
test,16702,1,0.955118
test,16703,1,0.844752
test,16704,1,0.948485
test,16705,1,0.839471
test,16706,1,0.886617
test,16707,1,0.873885
test,16708,1,0.871945
test,16709,1,0.531247
test,16710,1,0.737410
test,16711,1,0.709530
test,16712,1,0.818640
test,16713,1,0.958433
test,16714,1,0.919193
test,16715,1,0.674977
test,16716,1,0.626054
test,16717,1,0.856767
test,16718,1,0.873983
test,16719,1,0.807939
test,16720,1,0.566552
test,16721,1,0.550150
test,16722,1,0.867727
test,16723,1,0.863824
test,16724,1,0.923007
test,16725,1,0.906248
test,16726,1,0.489671
test,16727,1,0.495264
test,16728,1,0.865310
test,16729,1,0.802456
test,16730,1,0.607056
test,16731,1,0.888561
test,16732,1,0.381503
test,16733,1,0.585128
test,16734,1,0.148996
test,16735,1,0.471374
test,16736,1,0.670038
test,16737,1,0.888389
test,16738,1,0.188821
test,16739,1,0.661061
test,16740,1,0.639957
test,16741,1,0.520431
test,16742,1,0.662048
test,16743,1,0.737949
test,16744,1,0.307188
test,16745,1,0.687700
test,16746,1,0.871974
test,16747,1,0.741791
test,16748,1,0.480361
test,16749,1,0.688027
test,16750,1,0.884461
test,16751,1,0.875260
test,16752,1,0.576944
test,16753,1,0.933294
test,16754,1,0.381669
test,16755,1,0.538020
test,16756,1,0.803940
test,16757,1,0.799488
test,16758,1,0.722155
test,16759,1,0.587373
test,16760,1,0.721163
test,16761,1,0.375629
test,16762,1,0.635207
test,16763,1,0.638231
test,16764,1,0.399443
test,16765,1,0.848254
test,16766,1,0.886308
test,16767,1,0.842630
test,16768,1,0.935878
test,16769,1,0.884352
test,16770,1,0.945822
test,16771,1,0.815280
test,16772,1,0.686500
test,16773,1,0.842628
test,16774,1,0.462280
test,16775,1,0.751580
test,16776,1,0.920652
test,16777,1,0.827522
test,16778,1,0.585251
test,16779,1,0.656403
test,16780,1,0.928919
test,16781,1,0.749630
test,16782,1,0.772273
test,16783,1,0.522048
test,16784,1,0.903025
test,16785,1,0.325519
test,16786,1,0.860906
test,16787,1,0.400590
test,16788,1,0.714876
test,16789,1,0.931945
test,16790,1,0.808195
test,16791,1,0.736989
test,16792,1,0.401443
test,16793,1,0.210183
test,16794,1,0.806635
test,16795,1,0.840893
test,16796,1,0.828878
test,16797,1,0.811932
test,16798,1,0.661158
test,16799,1,0.977043
test,16800,1,0.498195
test,16801,1,0.527446
test,16802,1,0.869573
test,16803,1,0.771888
test,16804,1,0.665862
test,16805,1,0.767342
test,16806,1,0.875369
test,16807,1,0.729410
test,16808,1,0.840897
test,16809,1,0.848680
test,16810,1,0.615913
test,16811,1,0.789748
test,16812,1,0.673153
test,16813,1,0.646439
test,16814,1,0.686095
test,16815,1,0.490852
test,16816,1,0.931845
test,16817,1,0.584813
test,16818,1,0.733254
test,16819,1,0.835256
test,16820,1,0.852252
test,16821,1,0.610339
test,16822,1,0.672897
test,16823,1,0.433419
test,16824,1,0.655069
test,16825,1,0.550106
test,16826,1,0.592613
test,16827,1,0.723603
test,16828,1,0.680547
test,16829,1,0.260131
test,16830,1,0.946314
test,16831,1,0.813666
test,16832,1,0.760803
test,16833,1,0.576278
test,16834,1,0.537397
test,16835,1,0.878488
test,16836,1,0.887253
test,16837,1,0.802220
test,16838,1,0.678718
test,16839,1,0.768177
test,16840,1,0.668024
test,16841,1,0.815535
test,16842,1,0.678966
test,16843,1,0.877742
test,16844,1,0.786004
test,16845,1,0.670273
test,16846,1,0.450794
test,16847,1,0.406670
test,16848,1,0.697750
test,16849,1,0.937664
test,16850,1,0.682613
test,16851,1,0.945259
test,16852,1,0.859155
test,16853,1,0.861768
test,16854,1,0.724433
test,16855,1,0.783170
test,16856,1,0.954594
test,16857,1,0.715176
test,16858,1,0.759694
test,16859,1,0.860431
test,16860,1,0.811870
test,16861,1,0.568445
test,16862,1,0.795480
test,16863,1,0.842130
test,16864,1,0.585849
test,16865,1,0.910722
test,16866,1,0.513142
test,16867,1,0.882482
test,16868,1,0.520231
test,16869,1,0.548735
test,16870,1,0.870519
test,16871,1,0.681476
test,16872,1,0.753998
test,16873,1,0.503532
test,16874,1,0.907605
test,16875,1,0.966333
test,16876,1,0.542142
test,16877,1,0.603086
test,16878,1,0.984520
test,16879,1,0.776749
test,16880,1,0.811850
test,16881,1,0.923717
test,16882,1,0.858574
test,16883,1,0.726996
test,16884,1,0.611799
test,16885,1,0.531546
test,16886,1,0.591012
test,16887,1,0.691577
test,16888,1,0.802979
test,16889,1,0.836037
test,16890,1,0.813398
test,16891,1,0.662704
test,16892,1,0.908436
test,16893,1,0.942517
test,16894,1,0.924804
test,16895,1,0.927730
test,16896,1,0.894249
test,16897,1,0.862080
test,16898,1,0.904765
test,16899,1,0.858772
test,16900,1,0.897375
test,16901,1,0.612148
test,16902,1,0.749022
test,16903,1,0.984630
test,16904,1,0.696028
test,16905,1,0.829084
test,16906,1,0.943003
test,16907,1,0.583416
test,16908,1,0.797231
test,16909,1,0.920078
test,16910,1,0.915620
test,16911,1,0.920078
test,16912,1,0.920078
test,16913,1,0.920078
test,16914,1,0.920078
test,16915,1,0.543434
test,16916,1,0.811835
test,16917,1,0.443092
test,16918,1,0.687298
test,16919,1,0.715506
test,16920,1,0.712949
test,16921,1,0.911372
test,16922,1,0.732462
test,16923,1,0.792550
test,16924,1,0.905381
test,16925,1,0.739718
test,16926,1,0.472614
test,16927,1,0.723158
test,16928,1,0.933225
test,16929,1,0.899028
test,16930,1,0.748780
test,16931,1,0.938708
test,16932,1,0.872867
test,16933,1,0.855353
test,16934,1,0.913213
test,16935,1,0.927431
test,16936,1,0.797634
test,16937,1,0.935948
test,16938,1,0.732835
test,16939,1,0.920590
test,16940,1,0.710176
test,16941,1,0.786632
test,16942,1,0.919845
test,16943,1,0.561027
test,16944,1,0.960710
test,16945,1,0.869571
test,16946,1,0.589880
test,16947,1,0.910005
test,16948,1,0.909092
test,16949,1,0.394892
test,16950,1,0.802711
test,16951,1,0.964444
test,16952,1,0.885585
test,16953,1,0.927465
test,16954,1,0.611781
test,16955,1,0.883358
test,16956,1,0.698573
test,16957,1,0.954818
test,16958,1,0.674684
test,16959,1,0.801964
test,16960,1,0.735538
test,16961,1,0.744804
test,16962,1,0.900336
test,16963,1,0.765454
test,16964,1,0.758009
test,16965,1,0.745645
test,16966,1,0.693279
test,16967,1,0.710867
test,16968,1,0.736937
test,16969,1,0.696336
test,16970,1,0.845672
test,16971,1,0.906132
test,16972,1,0.795046
test,16973,1,0.914461
test,16974,1,0.867628
test,16975,1,0.665726
test,16976,1,0.827397
test,16977,1,0.939647
test,16978,1,0.611656
test,16979,1,0.703989
test,16980,1,0.748990
test,16981,1,0.699145
test,16982,1,0.501015
test,16983,1,0.794242
test,16984,1,0.598156
test,16985,1,0.397025
test,16986,1,0.599320
test,16987,1,0.556605
test,16988,1,0.701373
test,16989,1,0.615436
test,16990,1,0.620287
test,16991,1,0.351475
test,16992,1,0.621153
test,16993,1,0.592043
test,16994,1,0.707692
test,16995,1,0.851796
test,16996,1,0.557940
test,16997,1,0.852960
test,16998,1,0.470932
test,16999,1,0.378280
test,17000,1,0.450433
test,17001,1,0.750677
test,17002,1,0.347747
test,17003,1,0.911834
test,17004,1,0.253269
test,17005,1,0.635599
test,17006,1,0.870032
test,17007,1,0.320018
test,17008,1,0.890941
test,17009,1,0.816275
test,17010,1,0.446345
test,17011,1,0.541715
test,17012,1,0.877397
test,17013,1,0.923964
test,17014,1,0.536882
test,17015,1,0.853094
test,17016,1,0.685590
test,17017,1,0.453297
test,17018,1,0.929631
test,17019,1,0.985458
test,17020,1,0.529317
test,17021,1,0.861242
test,17022,1,0.666433
test,17023,1,0.623388
test,17024,1,0.752984
test,17025,1,0.605502
test,17026,1,0.769391
test,17027,1,0.641609
test,17028,1,0.374894
test,17029,1,0.921656
test,17030,1,0.884535
test,17031,1,0.781341
test,17032,1,0.834307
test,17033,1,0.773824
test,17034,1,0.951119
test,17035,1,0.411500
test,17036,1,0.901700
test,17037,1,0.906484
test,17038,1,0.949137
test,17039,1,0.640811
test,17040,1,0.833933
test,17041,1,0.963609
test,17042,1,0.718492
test,17043,1,0.486721
test,17044,1,0.906512
test,17045,1,0.853911
test,17046,1,0.919062
test,17047,1,0.854899
test,17048,1,0.802096
test,17049,1,0.829519
test,17050,1,0.904962
test,17051,1,0.965871
test,17052,1,0.927066
test,17053,1,0.294043
test,17054,1,0.545433
test,17055,1,0.905096
test,17056,1,0.569968
test,17057,1,0.668037
test,17058,1,0.623044
test,17059,1,0.742503
test,17060,1,0.801749
test,17061,1,0.735595
test,17062,1,0.833210
test,17063,1,0.447340
test,17064,1,0.851969
test,17065,1,0.665210
test,17066,1,0.598901
test,17067,1,0.904852
test,17068,1,0.724308
test,17069,1,0.798894
test,17070,1,0.924471
test,17071,1,0.901590
test,17072,1,0.976573
test,17073,1,0.911383
test,17074,1,0.799444
test,17075,1,0.850795
test,17076,1,0.934090
test,17077,1,0.868059
test,17078,1,0.953528
test,17079,1,0.629483
test,17080,1,0.628760
test,17081,1,0.560397
test,17082,1,0.962169
test,17083,1,0.841923
test,17084,1,0.985724
test,17085,1,0.504342
test,17086,1,0.873053
test,17087,1,0.786876
test,17088,1,0.880504
test,17089,1,0.910547
test,17090,1,0.590882
test,17091,1,0.831842
test,17092,1,0.889889
test,17093,1,0.469981
test,17094,1,0.767631
test,17095,1,0.901901
test,17096,1,0.846961
test,17097,1,0.873985
test,17098,1,0.685071
test,17099,1,0.665405
test,17100,1,0.674340
test,17101,1,0.518188
test,17102,1,0.768300
test,17103,1,0.697672
test,17104,1,0.492224
test,17105,1,0.722463
test,17106,1,0.681401
test,17107,1,0.694306
test,17108,1,0.411504
test,17109,1,0.565273
test,17110,1,0.856018
test,17111,1,0.529824
test,17112,1,0.669141
test,17113,1,0.785317
test,17114,1,0.715535
test,17115,1,0.660227
test,17116,1,0.624031
test,17117,1,0.853351
test,17118,1,0.879475
test,17119,1,0.926819
test,17120,1,0.817975
test,17121,1,0.759729
test,17122,1,0.929741
test,17123,1,0.919806
test,17124,1,0.854151
test,17125,1,0.581486
test,17126,1,0.971976
test,17127,1,0.899144
test,17128,1,0.474444
test,17129,1,0.710602
test,17130,1,0.644889
test,17131,1,0.867719
test,17132,1,0.907060
test,17133,1,0.955590
test,17134,1,0.852096
test,17135,1,0.360749
test,17136,1,0.493574
test,17137,1,0.493607
test,17138,1,0.764148
test,17139,1,0.937692
test,17140,1,0.878310
test,17141,1,0.739683
test,17142,1,0.899874
test,17143,1,0.433056
test,17144,1,0.945747
test,17145,1,0.957135
test,17146,1,0.704918
test,17147,1,0.918295
test,17148,1,0.920330
test,17149,1,0.652718
test,17150,1,0.898390
test,17151,1,0.489848
test,17152,1,0.945747
test,17153,1,0.943463
test,17154,1,0.439294
test,17155,1,0.905804
test,17156,1,0.947964
test,17157,1,0.600813
test,17158,1,0.860838
test,17159,1,0.612737
test,17160,1,0.863701
test,17161,1,0.727381
test,17162,1,0.932675
test,17163,1,0.860914
test,17164,1,0.949131
test,17165,1,0.727228
test,17166,1,0.900894
test,17167,1,0.968098
test,17168,1,0.669787
test,17169,1,0.687935
test,17170,1,0.138638
test,17171,1,0.911895
test,17172,1,0.896168
test,17173,1,0.699335
test,17174,1,0.686400
test,17175,1,0.336653
test,17176,1,0.637083
test,17177,1,0.628062
test,17178,1,0.351571
test,17179,1,0.749182
test,17180,1,0.806167
test,17181,1,0.816125
test,17182,1,0.406910
test,17183,1,0.924840
test,17184,1,0.301934
test,17185,1,0.500804
test,17186,1,0.865275
test,17187,1,0.837660
test,17188,1,0.911900
test,17189,1,0.737634
test,17190,1,0.446102
test,17191,1,0.923465
test,17192,1,0.923465
test,17193,1,0.923465
test,17194,1,0.754388
test,17195,1,0.601230
test,17196,1,0.782518
test,17197,1,0.906441
test,17198,1,0.805442
test,17199,1,0.582740
test,17200,1,0.823530
test,17201,1,0.946958
test,17202,1,0.865050
test,17203,1,0.821889
test,17204,1,0.819785
test,17205,1,0.945726
test,17206,1,0.799181
test,17207,1,0.784236
test,17208,1,0.212095
test,17209,1,0.832356
test,17210,1,0.923465
test,17211,1,0.865427
test,17212,1,0.775815
test,17213,1,0.873614
test,17214,1,0.850919
test,17215,1,0.623905
test,17216,1,0.923545
test,17217,1,0.680368
test,17218,1,0.889718
test,17219,1,0.838073
test,17220,1,0.533505
test,17221,1,0.662549
test,17222,1,0.749473
test,17223,1,0.578076
test,17224,1,0.821118
test,17225,1,0.682163
test,17226,1,0.459756
test,17227,1,0.816701
test,17228,1,0.913964
test,17229,1,0.893054
test,17230,1,0.405970
test,17231,1,0.680269
test,17232,1,0.885713
test,17233,1,0.912991
test,17234,1,0.895907
test,17235,1,0.908644
test,17236,1,0.669988
test,17237,1,0.880070
test,17238,1,0.726192
test,17239,1,0.835189
test,17240,1,0.538211
test,17241,1,0.628674
test,17242,1,0.847198
test,17243,1,0.351270
test,17244,1,0.898727
test,17245,1,0.670647
test,17246,1,0.846795
test,17247,1,0.803326
test,17248,1,0.902470
test,17249,1,0.824124
test,17250,1,0.863433
test,17251,1,0.404994
test,17252,1,0.845063
test,17253,1,0.882406
test,17254,1,0.945332
test,17255,1,0.423988
test,17256,1,0.831207
test,17257,1,0.911808
test,17258,1,0.696745
test,17259,1,0.865908
test,17260,1,0.743996
test,17261,1,0.956050
test,17262,1,0.600065
test,17263,1,0.513813
test,17264,1,0.650918
test,17265,1,0.833998
test,17266,1,0.697781
test,17267,1,0.775330
test,17268,1,0.770985
test,17269,1,0.684542
test,17270,1,0.344214
test,17271,1,0.358847
test,17272,1,0.483901
test,17273,1,0.523818
test,17274,1,0.704114
test,17275,1,0.587335
test,17276,1,0.832711
test,17277,1,0.685356
test,17278,1,0.714099
test,17279,1,0.629542
test,17280,1,0.628998
test,17281,1,0.853117
test,17282,1,0.766291
test,17283,1,0.799294
test,17284,1,0.671124
test,17285,1,0.824778
test,17286,1,0.422140
test,17287,1,0.821850
test,17288,1,0.720928
test,17289,1,0.589541
test,17290,1,0.877931
test,17291,1,0.923996
test,17292,1,0.959053
test,17293,1,0.808794
test,17294,1,0.835291
test,17295,1,0.586988
test,17296,1,0.958383
test,17297,1,0.843511
test,17298,1,0.938137
test,17299,1,0.334611
test,17300,1,0.853462
test,17301,1,0.666427
test,17302,1,0.811766
test,17303,1,0.876228
test,17304,1,0.627464
test,17305,1,0.583569
test,17306,1,0.714734
test,17307,1,0.826553
test,17308,1,0.931904
test,17309,1,0.721137
test,17310,1,0.859406
test,17311,1,0.673010
test,17312,1,0.902942
test,17313,1,0.687500
test,17314,1,0.699399
test,17315,1,0.855033
test,17316,1,0.628476
test,17317,1,0.688530
test,17318,1,0.887360
test,17319,1,0.629281
test,17320,1,0.949207
test,17321,1,0.836848
test,17322,1,0.951647
test,17323,1,0.821739
test,17324,1,0.793008
test,17325,1,0.608369
test,17326,1,0.946707
test,17327,1,0.359090
test,17328,1,0.765951
test,17329,1,0.742741
test,17330,1,0.719430
test,17331,1,0.751553
test,17332,1,0.733974
test,17333,1,0.937737
test,17334,1,0.788994
test,17335,1,0.621483
test,17336,1,0.522737
test,17337,1,0.348908
test,17338,1,0.741698
test,17339,1,0.850006
test,17340,1,0.962743
test,17341,1,0.873664
test,17342,1,0.876702
test,17343,1,0.846189
test,17344,1,0.796704
test,17345,1,0.530007
test,17346,1,0.937081
test,17347,1,0.690781
test,17348,1,0.545900
test,17349,1,0.694637
test,17350,1,0.577088
test,17351,1,0.958111
test,17352,1,0.855243
test,17353,1,0.703618
test,17354,1,0.772912
test,17355,1,0.596530
test,17356,1,0.525687
test,17357,1,0.563871
test,17358,1,0.402261
test,17359,1,0.515345
test,17360,1,0.598103
test,17361,1,0.784232
test,17362,1,0.749154
test,17363,1,0.711221
test,17364,1,0.785295
test,17365,1,0.091317
test,17366,1,0.650430
test,17367,1,0.857871
test,17368,1,0.634813
test,17369,1,0.853767
test,17370,1,0.803981
test,17371,1,0.848752
test,17372,1,0.825230
test,17373,1,0.800013
test,17374,1,0.552866
test,17375,1,0.780019
test,17376,1,0.726796
test,17377,1,0.597069
test,17378,1,0.631147
test,17379,1,0.709733
test,17380,1,0.843378
test,17381,1,0.915205
test,17382,1,0.894204
test,17383,1,0.679508
test,17384,1,0.897772
test,17385,1,0.604510
test,17386,1,0.860275
test,17387,1,0.968080
test,17388,1,0.823972
test,17389,1,0.927638
test,17390,1,0.792716
test,17391,1,0.755308
test,17392,1,0.748310
test,17393,1,0.730716
test,17394,1,0.752606
test,17395,1,0.881707
test,17396,1,0.289441
test,17397,1,0.802701
test,17398,1,0.639605
test,17399,1,0.151218
test,17400,1,0.907607
test,17401,1,0.602084
test,17402,1,0.509843
test,17403,1,0.702080
test,17404,1,0.655751
test,17405,1,0.903678
test,17406,1,0.973435
test,17407,1,0.966286
test,17408,1,0.849968
test,17409,1,0.760503
test,17410,1,0.596671
test,17411,1,0.897390
test,17412,1,0.816110
test,17413,1,0.943401
test,17414,1,0.803759
test,17415,1,0.727090
test,17416,1,0.929260
test,17417,1,0.974053
test,17418,1,0.785599
test,17419,1,0.983741
test,17420,1,0.866455
test,17421,1,0.933268
test,17422,1,0.876601
test,17423,1,0.895032
test,17424,1,0.916115
test,17425,1,0.968289
test,17426,1,0.969915
test,17427,1,0.901380
test,17428,1,0.871364
test,17429,1,0.906848
test,17430,1,0.785518
test,17431,1,0.775326
test,17432,1,0.694462
test,17433,1,0.808258
test,17434,1,0.981844
test,17435,1,0.906433
test,17436,1,0.822939
test,17437,1,0.508260
test,17438,1,0.586987
test,17439,1,0.667048
test,17440,1,0.781500
test,17441,1,0.884971
test,17442,1,0.842834
test,17443,1,0.552895
test,17444,1,0.913525
test,17445,1,0.841897
test,17446,1,0.544127
test,17447,1,0.806884
test,17448,1,0.909432
test,17449,1,0.783086
test,17450,1,0.850614
test,17451,1,0.328008
test,17452,1,0.499967
test,17453,1,0.954374
test,17454,1,0.861375
test,17455,1,0.594426
test,17456,1,0.749082
test,17457,1,0.438968
test,17458,1,0.928608
test,17459,1,0.780685
test,17460,1,0.930865
test,17461,1,0.854657
test,17462,1,0.870374
test,17463,1,0.951865
test,17464,1,0.891722
test,17465,1,0.873684
test,17466,1,0.957993
test,17467,1,0.810075
test,17468,1,0.517520
test,17469,1,0.924666
test,17470,1,0.951594
test,17471,1,0.713425
test,17472,1,0.758526
test,17473,1,0.680304
test,17474,1,0.591746
test,17475,1,0.784033
test,17476,1,0.901407
test,17477,1,0.726383
test,17478,1,0.402602
test,17479,1,0.911304
test,17480,1,0.717249
test,17481,1,0.776198
test,17482,1,0.241877
test,17483,1,0.737614
test,17484,1,0.798482
test,17485,1,0.642409
test,17486,1,0.749446
test,17487,1,0.604577
test,17488,1,0.839377
test,17489,1,0.812179
test,17490,1,0.760707
test,17491,1,0.711217
test,17492,1,0.833281
test,17493,1,0.803050
test,17494,1,0.833442
test,17495,1,0.760591
test,17496,1,0.939720
test,17497,1,0.926722
test,17498,1,0.739161
test,17499,1,0.950959
test,17500,1,0.494474
test,17501,1,0.793222
test,17502,1,0.872847
test,17503,1,0.914909
test,17504,1,0.958480
test,17505,1,0.896010
test,17506,1,0.929133
test,17507,1,0.937548
test,17508,1,0.969255
test,17509,1,0.916775
test,17510,1,0.917890
test,17511,1,0.764243
test,17512,1,0.858060
test,17513,1,0.988007
test,17514,1,0.743436
test,17515,1,0.962435
test,17516,1,0.890911
test,17517,1,0.847922
test,17518,1,0.927234
test,17519,1,0.925125
test,17520,1,0.977146
test,17521,1,0.658797
test,17522,1,0.645921
test,17523,1,0.873865
test,17524,1,0.921003
test,17525,1,0.870120
test,17526,1,0.609860
test,17527,1,0.815366
test,17528,1,0.583588
test,17529,1,0.750865
test,17530,1,0.809198
test,17531,1,0.863116
test,17532,1,0.859950
test,17533,1,0.807331
test,17534,1,0.843562
test,17535,1,0.594592
test,17536,1,0.727788
test,17537,1,0.643407
test,17538,1,0.745858
test,17539,1,0.654520
test,17540,1,0.496854
test,17541,1,0.757407
test,17542,1,0.222264
test,17543,1,0.811863
test,17544,1,0.784046
test,17545,1,0.798516
test,17546,1,0.546775
test,17547,1,0.560484
test,17548,1,0.767178
test,17549,1,0.415489
test,17550,1,0.889358
test,17551,1,0.339172
test,17552,1,0.644664
test,17553,1,0.851925
test,17554,1,0.380926
test,17555,1,0.459928
test,17556,1,0.711986
test,17557,1,0.858029
test,17558,1,0.901961
test,17559,1,0.882107
test,17560,1,0.932010
test,17561,1,0.924926
test,17562,1,0.785523
test,17563,1,0.871812
test,17564,1,0.628294
test,17565,1,0.963656
test,17566,1,0.912525
test,17567,1,0.986164
test,17568,1,0.647743
test,17569,1,0.756253
test,17570,1,0.951186
test,17571,1,0.865605
test,17572,1,0.779396
test,17573,1,0.924101
test,17574,1,0.926481
test,17575,1,0.901620
test,17576,1,0.913496
test,17577,1,0.900296
test,17578,1,0.621206
test,17579,1,0.951705
test,17580,1,0.937966
test,17581,1,0.605175
test,17582,1,0.307557
test,17583,1,0.575444
test,17584,1,0.963425
test,17585,1,0.812380
test,17586,1,0.894885
test,17587,1,0.682457
test,17588,1,0.831124
test,17589,1,0.838249
test,17590,1,0.768094
test,17591,1,0.925725
test,17592,1,0.680684
test,17593,1,0.799253
test,17594,1,0.705023
test,17595,1,0.311341
test,17596,1,0.806758
test,17597,1,0.686363
test,17598,1,0.584524
test,17599,1,0.830028
test,17600,1,0.756806
test,17601,1,0.750371
test,17602,1,0.538582
test,17603,1,0.908189
test,17604,1,0.782193
test,17605,1,0.712174
test,17606,1,0.835812
test,17607,1,0.887285
test,17608,1,0.427844
test,17609,1,0.835478
test,17610,1,0.608410
test,17611,1,0.927853
test,17612,1,0.855193
test,17613,1,0.914273
test,17614,1,0.745999
test,17615,1,0.915639
test,17616,1,0.831229
test,17617,1,0.633375
test,17618,1,0.540930
test,17619,1,0.595211
test,17620,1,0.529506
test,17621,1,0.618170
test,17622,1,0.801881
test,17623,1,0.937397
test,17624,1,0.555177
test,17625,1,0.576093
test,17626,1,0.816838
test,17627,1,0.793800
test,17628,1,0.871391
test,17629,1,0.609076
test,17630,1,0.851703
test,17631,1,0.862475
test,17632,1,0.742130
test,17633,1,0.936094
test,17634,1,0.688490
test,17635,1,0.643685
test,17636,1,0.613577
test,17637,1,0.767333
test,17638,1,0.695784
test,17639,1,0.898393
test,17640,1,0.855943
test,17641,1,0.688549
test,17642,1,0.654637
test,17643,1,0.683773
test,17644,1,0.755369
test,17645,1,0.752238
test,17646,1,0.757046
test,17647,1,0.482837
test,17648,1,0.407057
test,17649,1,0.758616
test,17650,1,0.857695
test,17651,1,0.685616
test,17652,1,0.682243
test,17653,1,0.904267
test,17654,1,0.636622
test,17655,1,0.496652
test,17656,1,0.413903
test,17657,1,0.707114
test,17658,1,0.819164
test,17659,1,0.552017
test,17660,1,0.662781
test,17661,1,0.550158
test,17662,1,0.444543
test,17663,1,0.674985
test,17664,1,0.907026
test,17665,1,0.675897
test,17666,1,0.564475
test,17667,1,0.782028
test,17668,1,0.842772
test,17669,1,0.811452
test,17670,1,0.770672
test,17671,1,0.883631
test,17672,1,0.565114
test,17673,1,0.591127
test,17674,1,0.823545
test,17675,1,0.826821
test,17676,1,0.607916
test,17677,1,0.548496
test,17678,1,0.835769
test,17679,1,0.628586
test,17680,1,0.467871
test,17681,1,0.577023
test,17682,1,0.898907
test,17683,1,0.471498
test,17684,1,0.787393
test,17685,1,0.864662
test,17686,1,0.835071
test,17687,1,0.802737
test,17688,1,0.709278
test,17689,1,0.697393
test,17690,1,0.721651
test,17691,1,0.884761
test,17692,1,0.963321
test,17693,1,0.867649
test,17694,1,0.455217
test,17695,1,0.798001
test,17696,1,0.938414
test,17697,1,0.734518
test,17698,1,0.938665
test,17699,1,0.924253
test,17700,1,0.753982
test,17701,1,0.864076
test,17702,1,0.642661
test,17703,1,0.819987
test,17704,1,0.688210
test,17705,1,0.765229
test,17706,1,0.815929
test,17707,1,0.700391
test,17708,1,0.704021
test,17709,1,0.932715
test,17710,1,0.593289
test,17711,1,0.647169
test,17712,1,0.722500
test,17713,1,0.946750
test,17714,1,0.752416
test,17715,1,0.639821
test,17716,1,0.864339
test,17717,1,0.567567
test,17718,1,0.833359
test,17719,1,0.662706
test,17720,1,0.605968
test,17721,1,0.852433
test,17722,1,0.762244
test,17723,1,0.653773
test,17724,1,0.745977
test,17725,1,0.835430
test,17726,1,0.958938
test,17727,1,0.888207
test,17728,1,0.801637
test,17729,1,0.955080
test,17730,1,0.792410
test,17731,1,0.804503
test,17732,1,0.685897
test,17733,1,0.620138
test,17734,1,0.397029
test,17735,1,0.955538
test,17736,1,0.720187
test,17737,1,0.621891
test,17738,1,0.844428
test,17739,1,0.588734
test,17740,1,0.503694
test,17741,1,0.670642
test,17742,1,0.592271
test,17743,1,0.702565
test,17744,1,0.969712
test,17745,1,0.832614
test,17746,1,0.898668
test,17747,1,0.853753
test,17748,1,0.693229
test,17749,1,0.851925
test,17750,1,0.314878
test,17751,1,0.762255
test,17752,1,0.653071
test,17753,1,0.889964
test,17754,1,0.683676
test,17755,1,0.754289
test,17756,1,0.754641
test,17757,1,0.904642
test,17758,1,0.741695
test,17759,1,0.932771
test,17760,1,0.870849
test,17761,1,0.647389
test,17762,1,0.958816
test,17763,1,0.929577
test,17764,1,0.973214
test,17765,1,0.952253
test,17766,1,0.885968
test,17767,1,0.499868
test,17768,1,0.789752
test,17769,1,0.785865
test,17770,1,0.869551
test,17771,1,0.614370
test,17772,1,0.896310
test,17773,1,0.776854
test,17774,1,0.905190
test,17775,1,0.642233
test,17776,1,0.914034
test,17777,1,0.912025
test,17778,1,0.490450
test,17779,1,0.757577
test,17780,1,0.715056
test,17781,1,0.835138
test,17782,1,0.901710
test,17783,1,0.536535
test,17784,1,0.763898
test,17785,1,0.852856
test,17786,1,0.899111
test,17787,1,0.592058
test,17788,1,0.844717
test,17789,1,0.844442
test,17790,1,0.810434
test,17791,1,0.522267
test,17792,1,0.808735
test,17793,1,0.731202
test,17794,1,0.776980
test,17795,1,0.669727
test,17796,1,0.538434
test,17797,1,0.956472
test,17798,1,0.579311
test,17799,1,0.927573
test,17800,1,0.698438
test,17801,1,0.795732
test,17802,1,0.739468
test,17803,1,0.774239
test,17804,1,0.953745
test,17805,1,0.934050
test,17806,1,0.786080
test,17807,1,0.855441
test,17808,1,0.762109
test,17809,1,0.884233
test,17810,1,0.717812
test,17811,1,0.803665
test,17812,1,0.534767
test,17813,1,0.872450
test,17814,1,0.866200
test,17815,1,0.800289
test,17816,1,0.972438
test,17817,1,0.838905
test,17818,1,0.566158
test,17819,1,0.888762
test,17820,1,0.910072
test,17821,1,0.859451
test,17822,1,0.843753
test,17823,1,0.982630
test,17824,1,0.902857
test,17825,1,0.907863
test,17826,1,0.936512
test,17827,1,0.750885
test,17828,1,0.890598
test,17829,1,0.961082
test,17830,1,0.763109
test,17831,1,0.872977
test,17832,1,0.850897
test,17833,1,0.837448
test,17834,1,0.913195
test,17835,1,0.922102
test,17836,1,0.895070
test,17837,1,0.966271
test,17838,1,0.821053
test,17839,1,0.935016
test,17840,1,0.818965
test,17841,1,0.990054
test,17842,1,0.906703
test,17843,1,0.740608
test,17844,1,0.848851
test,17845,1,0.873757
test,17846,1,0.741607
test,17847,1,0.284501
test,17848,1,0.764801
test,17849,1,0.513783
test,17850,1,0.572521
test,17851,1,0.738288
test,17852,1,0.792143
test,17853,1,0.553397
test,17854,1,0.567087
test,17855,1,0.854471
test,17856,1,0.682420
test,17857,1,0.845420
test,17858,1,0.453992
test,17859,1,0.795488
test,17860,1,0.501536
test,17861,1,0.868693
test,17862,1,0.658192
test,17863,1,0.846177
test,17864,1,0.278270
test,17865,1,0.920981
test,17866,1,0.844055
test,17867,1,0.824338
test,17868,1,0.109245
test,17869,1,0.873833
test,17870,1,0.888517
test,17871,1,0.687015
test,17872,1,0.668426
test,17873,1,0.985632
test,17874,1,0.864106
test,17875,1,0.746856
test,17876,1,0.863882
test,17877,1,0.699199
test,17878,1,0.787149
test,17879,1,0.928231
test,17880,1,0.684649
test,17881,1,0.935887
test,17882,1,0.925516
test,17883,1,0.904114
test,17884,1,0.746722
test,17885,1,0.679862
test,17886,1,0.941207
test,17887,1,0.931951
test,17888,1,0.898241
test,17889,1,0.970066
test,17890,1,0.624190
test,17891,1,0.703991
test,17892,1,0.643630
test,17893,1,0.774547
test,17894,1,0.881538
test,17895,1,0.548117
test,17896,1,0.907358
test,17897,1,0.721757
test,17898,1,0.968937
test,17899,1,0.549240
test,17900,1,0.853058
test,17901,1,0.883672
test,17902,1,0.821175
test,17903,1,0.814440
test,17904,1,0.872288
test,17905,1,0.822613
test,17906,1,0.903932
test,17907,1,0.917579
test,17908,1,0.957174
test,17909,1,0.768876
test,17910,1,0.907257
test,17911,1,0.850626
test,17912,1,0.954953
test,17913,1,0.850934
test,17914,1,0.607118
test,17915,1,0.881299
test,17916,1,0.350520
test,17917,1,0.794442
test,17918,1,0.924524
test,17919,1,0.897960
test,17920,1,0.729529
test,17921,1,0.934358
test,17922,1,0.911184
test,17923,1,0.789008
test,17924,1,0.865992
test,17925,1,0.841576
test,17926,1,0.544892
test,17927,1,0.912718
test,17928,1,0.554493
test,17929,1,0.768320
test,17930,1,0.215974
test,17931,1,0.707923
test,17932,1,0.754382
test,17933,1,0.799953
test,17934,1,0.951489
test,17935,1,0.702402
test,17936,1,0.667487
test,17937,1,0.878668
test,17938,1,0.915348
test,17939,1,0.711524
test,17940,1,0.664092
test,17941,1,0.870267
test,17942,1,0.088102
test,17943,1,0.843345
test,17944,1,0.687473
test,17945,1,0.385716
test,17946,1,0.676314
test,17947,1,0.764470
test,17948,1,0.763296
test,17949,1,0.809799
test,17950,1,0.923139
test,17951,1,0.953037
test,17952,1,0.875768
test,17953,1,0.808843
test,17954,1,0.812933
test,17955,1,0.697356
test,17956,1,0.878817
test,17957,1,0.804435
test,17958,1,0.827744
test,17959,1,0.858580
test,17960,1,0.675758
test,17961,1,0.858330
test,17962,1,0.915264
test,17963,1,0.835330
test,17964,1,0.846701
test,17965,1,0.815542
test,17966,1,0.831931
test,17967,1,0.843600
test,17968,1,0.802802
test,17969,1,0.683226
test,17970,1,0.720433
test,17971,1,0.686776
test,17972,1,0.797981
test,17973,1,0.851973
test,17974,1,0.467094
test,17975,1,0.885373
test,17976,1,0.852557
test,17977,1,0.322376
test,17978,1,0.422871
test,17979,1,0.711870
test,17980,1,0.692638
test,17981,1,0.792784
test,17982,1,0.762678
test,17983,1,0.860072
test,17984,1,0.947057
test,17985,1,0.579643
test,17986,1,0.796252
test,17987,1,0.736495
test,17988,1,0.784333
test,17989,1,0.565692
test,17990,1,0.927165
test,17991,1,0.483293
test,17992,1,0.089055
test,17993,1,0.505368
test,17994,1,0.830785
test,17995,1,0.601998
test,17996,1,0.944584
test,17997,1,0.877491
test,17998,1,0.862551
test,17999,1,0.580502
test,18000,1,0.974556
test,18001,1,0.965789
test,18002,1,0.541811
test,18003,1,0.693921
test,18004,1,0.749579
test,18005,1,0.771747
test,18006,1,0.681066
test,18007,1,0.935049
test,18008,1,0.465932
test,18009,1,0.967681
test,18010,1,0.883296
test,18011,1,0.685371
test,18012,1,0.667693
test,18013,1,0.563006
test,18014,1,0.746468
test,18015,1,0.785363
test,18016,1,0.842687
test,18017,1,0.745625
test,18018,1,0.897968
test,18019,1,0.813128
test,18020,1,0.930670
test,18021,1,0.709959
test,18022,1,0.913689
test,18023,1,0.697373
test,18024,1,0.955212
test,18025,1,0.836354
test,18026,1,0.813226
test,18027,1,0.533942
test,18028,1,0.768899
test,18029,1,0.811672
test,18030,1,0.605437
test,18031,1,0.661221
test,18032,1,0.804329
test,18033,1,0.920740
test,18034,1,0.615405
test,18035,1,0.957906
test,18036,1,0.950569
test,18037,1,0.672475
test,18038,1,0.631926
test,18039,1,0.911208
test,18040,1,0.687907
test,18041,1,0.843605
test,18042,1,0.914528
test,18043,1,0.787418
test,18044,1,0.915015
test,18045,1,0.918726
test,18046,1,0.488902
test,18047,1,0.626628
test,18048,1,0.641763
test,18049,1,0.907696
test,18050,1,0.854410
test,18051,1,0.904356
test,18052,1,0.829351
test,18053,1,0.587686
test,18054,1,0.678389
test,18055,1,0.823098
test,18056,1,0.862120
test,18057,1,0.967610
test,18058,1,0.916979
test,18059,1,0.670866
test,18060,1,0.857778
test,18061,1,0.758731
test,18062,1,0.917654
test,18063,1,0.720994
test,18064,1,0.897740
test,18065,1,0.926037
test,18066,1,0.882219
test,18067,1,0.392433
test,18068,1,0.892912
test,18069,1,0.731096
test,18070,1,0.615293
test,18071,1,0.478108
test,18072,1,0.685562
test,18073,1,0.632313
test,18074,1,0.724723
test,18075,1,0.914101
test,18076,1,0.811274
test,18077,1,0.698501
test,18078,1,0.941592
test,18079,1,0.899225
test,18080,1,0.906869
test,18081,1,0.788161
test,18082,1,0.888774
test,18083,1,0.850965
test,18084,1,0.595739
test,18085,1,0.759600
test,18086,1,0.866296
test,18087,1,0.573370
test,18088,1,0.751403
test,18089,1,0.697085
test,18090,1,0.930932
test,18091,1,0.855920
test,18092,1,0.684648
test,18093,1,0.856695
test,18094,1,0.570962
test,18095,1,0.858338
test,18096,1,0.263143
test,18097,1,0.857352
test,18098,1,0.757063
test,18099,1,0.828858
test,18100,1,0.721867
test,18101,1,0.618745
test,18102,1,0.797092
test,18103,1,0.769209
test,18104,1,0.619755
test,18105,1,0.611073
test,18106,1,0.833398
test,18107,1,0.704929
test,18108,1,0.647106
test,18109,1,0.818053
test,18110,1,0.286709
test,18111,1,0.463917
test,18112,1,0.485958
test,18113,1,0.740803
test,18114,1,0.488915
test,18115,1,0.800525
test,18116,1,0.771482
test,18117,1,0.678425
test,18118,1,0.748980
test,18119,1,0.770382
test,18120,1,0.796152
test,18121,1,0.886420
test,18122,1,0.608434
test,18123,1,0.556362
test,18124,1,0.597975
test,18125,1,0.540199
test,18126,1,0.522117
test,18127,1,0.350824
test,18128,1,0.364877
test,18129,1,0.478413
test,18130,1,0.551362
test,18131,1,0.720540
test,18132,1,0.509523
test,18133,1,0.870211
test,18134,1,0.732064
test,18135,1,0.331899
test,18136,1,0.838481
test,18137,1,0.675438
test,18138,1,0.649392
test,18139,1,0.709617
test,18140,1,0.715717
test,18141,1,0.764776
test,18142,1,0.689337
test,18143,1,0.851178
test,18144,1,0.872905
test,18145,1,0.921332
test,18146,1,0.272633
test,18147,1,0.131678
test,18148,1,0.629374
test,18149,1,0.413623
test,18150,1,0.850578
test,18151,1,0.848656
test,18152,1,0.482945
test,18153,1,0.262508
test,18154,1,0.574405
test,18155,1,0.866106
test,18156,1,0.393332
test,18157,1,0.890025
test,18158,1,0.459958
test,18159,1,0.606936
test,18160,1,0.867723
test,18161,1,0.784195
test,18162,1,0.772382
test,18163,1,0.742635
test,18164,1,0.902270
test,18165,1,0.859095
test,18166,1,0.722846
test,18167,1,0.751118
test,18168,1,0.691727
test,18169,1,0.926938
test,18170,1,0.830174
test,18171,1,0.850572
test,18172,1,0.777836
test,18173,1,0.946183
test,18174,1,0.707590
test,18175,1,0.714598
test,18176,1,0.756279
test,18177,1,0.914106
test,18178,1,0.940117
test,18179,1,0.953892
test,18180,1,0.746906
test,18181,1,0.983094
test,18182,1,0.842821
test,18183,1,0.688796
test,18184,1,0.837372
test,18185,1,0.917019
test,18186,1,0.793709
test,18187,1,0.834807
test,18188,1,0.828220
test,18189,1,0.860529
test,18190,1,0.807819
test,18191,1,0.479665
test,18192,1,0.545897
test,18193,1,0.516835
test,18194,1,0.640482
test,18195,1,0.497696
test,18196,1,0.745214
test,18197,1,0.520764
test,18198,1,0.706435
test,18199,1,0.696811
test,18200,1,0.493829
test,18201,1,0.686519
test,18202,1,0.558650
test,18203,1,0.522612
test,18204,1,0.518755
test,18205,1,0.782534
test,18206,1,0.821930
test,18207,1,0.835086
test,18208,1,0.947731
test,18209,1,0.304429
test,18210,1,0.794086
test,18211,1,0.490054
test,18212,1,0.426465
test,18213,1,0.807875
test,18214,1,0.931605
test,18215,1,0.309511
test,18216,1,0.650356
test,18217,1,0.553919
test,18218,1,0.671547
test,18219,1,0.363713
test,18220,1,0.554247
test,18221,1,0.945541
test,18222,1,0.947011
test,18223,1,0.950360
test,18224,1,0.834510
test,18225,1,0.870300
test,18226,1,0.735198
test,18227,1,0.858982
test,18228,1,0.724756
test,18229,1,0.924213
test,18230,1,0.824910
test,18231,1,0.598020
test,18232,1,0.886655
test,18233,1,0.364540
test,18234,1,0.621399
test,18235,1,0.764230
test,18236,1,0.486399
test,18237,1,0.519080
test,18238,1,0.723948
test,18239,1,0.763330
test,18240,1,0.690056
test,18241,1,0.732640
test,18242,1,0.670199
test,18243,1,0.682576
test,18244,1,0.311607
test,18245,1,0.727312
test,18246,1,0.245451
test,18247,1,0.777264
test,18248,1,0.760330
test,18249,1,0.746275
test,18250,1,0.522790
test,18251,1,0.527597
test,18252,1,0.831629
test,18253,1,0.739131
test,18254,1,0.886165
test,18255,1,0.875349
test,18256,1,0.465669
test,18257,1,0.764298
test,18258,1,0.348771
test,18259,1,0.867605
test,18260,1,0.832063
test,18261,1,0.936565
test,18262,1,0.933161
test,18263,1,0.799378
test,18264,1,0.960796
test,18265,1,0.961197
test,18266,1,0.929077
test,18267,1,0.951711
test,18268,1,0.927001
test,18269,1,0.846011
test,18270,1,0.895981
test,18271,1,0.541155
test,18272,1,0.908287
test,18273,1,0.851496
test,18274,1,0.455135
test,18275,1,0.667807
test,18276,1,0.770326
test,18277,1,0.869650
test,18278,1,0.875186
test,18279,1,0.720634
test,18280,1,0.646249
test,18281,1,0.593737
test,18282,1,0.645810
test,18283,1,0.163050
test,18284,1,0.637035
test,18285,1,0.748511
test,18286,1,0.698139
test,18287,1,0.450686
test,18288,1,0.684728
test,18289,1,0.642143
test,18290,1,0.446099
test,18291,1,0.485911
test,18292,1,0.852166
test,18293,1,0.850283
test,18294,1,0.209572
test,18295,1,0.315764
test,18296,1,0.787617
test,18297,1,0.918181
test,18298,1,0.868765
test,18299,1,0.616469
test,18300,1,0.900453
test,18301,1,0.787506
test,18302,1,0.900057
test,18303,1,0.911146
test,18304,1,0.309325
test,18305,1,0.848485
test,18306,1,0.852344
test,18307,1,0.917419
test,18308,1,0.391409
test,18309,1,0.946984
test,18310,1,0.929708
test,18311,1,0.729049
test,18312,1,0.621361
test,18313,1,0.807035
test,18314,1,0.852774
test,18315,1,0.925282
test,18316,1,0.902615
test,18317,1,0.777747
test,18318,1,0.662394
test,18319,1,0.671732
test,18320,1,0.928646
test,18321,1,0.905586
test,18322,1,0.842996
test,18323,1,0.689275
test,18324,1,0.547558
test,18325,1,0.872147
test,18326,1,0.850193
test,18327,1,0.956484
test,18328,1,0.779356
test,18329,1,0.862627
test,18330,1,0.616609
test,18331,1,0.759326
test,18332,1,0.744348
test,18333,1,0.903388
test,18334,1,0.965192
test,18335,1,0.717654
test,18336,1,0.982661
test,18337,1,0.801071
test,18338,1,0.757844
test,18339,1,0.895670
test,18340,1,0.932197
test,18341,1,0.925730
test,18342,1,0.941747
test,18343,1,0.829146
test,18344,1,0.892599
test,18345,1,0.796105
test,18346,1,0.512535
test,18347,1,0.617706
test,18348,1,0.807300
test,18349,1,0.687853
test,18350,1,0.904393
test,18351,1,0.760225
test,18352,1,0.748256
test,18353,1,0.824240
test,18354,1,0.765347
test,18355,1,0.811325
test,18356,1,0.878710
test,18357,1,0.595115
test,18358,1,0.801970
test,18359,1,0.555488
test,18360,1,0.709468
test,18361,1,0.643465
test,18362,1,0.612211
test,18363,1,0.690492
test,18364,1,0.646746
test,18365,1,0.747168
test,18366,1,0.685726
test,18367,1,0.341018
test,18368,1,0.670600
test,18369,1,0.509829
test,18370,1,0.808127
test,18371,1,0.298640
test,18372,1,0.727989
test,18373,1,0.919249
test,18374,1,0.950813
test,18375,1,0.716329
test,18376,1,0.789950
test,18377,1,0.580980
test,18378,1,0.853441
test,18379,1,0.857720
test,18380,1,0.772255
test,18381,1,0.616330
test,18382,1,0.693784
test,18383,1,0.815504
test,18384,1,0.443237
test,18385,1,0.560964
test,18386,1,0.642903
test,18387,1,0.342328
test,18388,1,0.602375
test,18389,1,0.705483
test,18390,1,0.501918
test,18391,1,0.784112
test,18392,1,0.755105
test,18393,1,0.946886
test,18394,1,0.923435
test,18395,1,0.927791
test,18396,1,0.906548
test,18397,1,0.910915
test,18398,1,0.876249
test,18399,1,0.609310
test,18400,1,0.852970
test,18401,1,0.908772
test,18402,1,0.953938
test,18403,1,0.735306
test,18404,1,0.698689
test,18405,1,0.469203
test,18406,1,0.796494
test,18407,1,0.509352
test,18408,1,0.740076
test,18409,1,0.906921
test,18410,1,0.885448
test,18411,1,0.937442
test,18412,1,0.839133
test,18413,1,0.887505
test,18414,1,0.835038
test,18415,1,0.972186
test,18416,1,0.566223
test,18417,1,0.906216
test,18418,1,0.696759
test,18419,1,0.918126
test,18420,1,0.936653
test,18421,1,0.834306
test,18422,1,0.822033
test,18423,1,0.882460
test,18424,1,0.643995
test,18425,1,0.797916
test,18426,1,0.599303
test,18427,1,0.847451
test,18428,1,0.917357
test,18429,1,0.955735
test,18430,1,0.809413
test,18431,1,0.771251
test,18432,1,0.443066
test,18433,1,0.573556
test,18434,1,0.663095
test,18435,1,0.555163
test,18436,1,0.594175
test,18437,1,0.778294
test,18438,1,0.675818
test,18439,1,0.721180
test,18440,1,0.874763
test,18441,1,0.627815
test,18442,1,0.782758
test,18443,1,0.928189
test,18444,1,0.461197
test,18445,1,0.729599
test,18446,1,0.841093
test,18447,1,0.843824
test,18448,1,0.770650
test,18449,1,0.927255
test,18450,1,0.489513
test,18451,1,0.767698
test,18452,1,0.847049
test,18453,1,0.581230
test,18454,1,0.921249
test,18455,1,0.780049
test,18456,1,0.710963
test,18457,1,0.512971
test,18458,1,0.945392
test,18459,1,0.638856
test,18460,1,0.460614
test,18461,1,0.858136
test,18462,1,0.812974
test,18463,1,0.640842
test,18464,1,0.447767
test,18465,1,0.911044
test,18466,1,0.936757
test,18467,1,0.831093
test,18468,1,0.754341
test,18469,1,0.895398
test,18470,1,0.710791
test,18471,1,0.559017
test,18472,1,0.697593
test,18473,1,0.811420
test,18474,1,0.516036
test,18475,1,0.902645
test,18476,1,0.966912
test,18477,1,0.737565
test,18478,1,0.752526
test,18479,1,0.877718
test,18480,1,0.828070
test,18481,1,0.919975
test,18482,1,0.773459
test,18483,1,0.833749
test,18484,1,0.830139
test,18485,1,0.840439
test,18486,1,0.722103
test,18487,1,0.922960
test,18488,1,0.657997
test,18489,1,0.767205
test,18490,1,0.981841
test,18491,1,0.870462
test,18492,1,0.910707
test,18493,1,0.677333
test,18494,1,0.815995
test,18495,1,0.921297
test,18496,1,0.660528
test,18497,1,0.808981
test,18498,1,0.889963
test,18499,1,0.789541
test,18500,1,0.838563
test,18501,1,0.832966
test,18502,1,0.836478
test,18503,1,0.985726
test,18504,1,0.880207
test,18505,1,0.949951
test,18506,1,0.968955
test,18507,1,0.925914
test,18508,1,0.817777
test,18509,1,0.773195
test,18510,1,0.759664
test,18511,1,0.783816
test,18512,1,0.970995
test,18513,1,0.902751
test,18514,1,0.816857
test,18515,1,0.950520
test,18516,1,0.790136
test,18517,1,0.734096
test,18518,1,0.925755
test,18519,1,0.694609
test,18520,1,0.935553
test,18521,1,0.796138
test,18522,1,0.824713
test,18523,1,0.920666
test,18524,1,0.939760
test,18525,1,0.693967
test,18526,1,0.227508
test,18527,1,0.968833
test,18528,1,0.823217
test,18529,1,0.816381
test,18530,1,0.746063
test,18531,1,0.234850
test,18532,1,0.427745
test,18533,1,0.748340
test,18534,1,0.620415
test,18535,1,0.605730
test,18536,1,0.542907
test,18537,1,0.430499
test,18538,1,0.614616
test,18539,1,0.769284
test,18540,1,0.897924
test,18541,1,0.620180
test,18542,1,0.963647
test,18543,1,0.502933
test,18544,1,0.868263
test,18545,1,0.328853
test,18546,1,0.876398
test,18547,1,0.648540
test,18548,1,0.643964
test,18549,1,0.711817
test,18550,1,0.796047
test,18551,1,0.770840
test,18552,1,0.478308
test,18553,1,0.922225
test,18554,1,0.935840
test,18555,1,0.727629
test,18556,1,0.799953
test,18557,1,0.634848
test,18558,1,0.797873
test,18559,1,0.621697
test,18560,1,0.676643
test,18561,1,0.747584
test,18562,1,0.895268
test,18563,1,0.354406
test,18564,1,0.928293
test,18565,1,0.952948
test,18566,1,0.949208
test,18567,1,0.923753
test,18568,1,0.725962
test,18569,1,0.931198
test,18570,1,0.763299
test,18571,1,0.868853
test,18572,1,0.870650
test,18573,1,0.829616
test,18574,1,0.970307
test,18575,1,0.896120
test,18576,1,0.980900
test,18577,1,0.956300
test,18578,1,0.941897
test,18579,1,0.333915
test,18580,1,0.839984
test,18581,1,0.845662
test,18582,1,0.742249
test,18583,1,0.740472
test,18584,1,0.794656
test,18585,1,0.787416
test,18586,1,0.865006
test,18587,1,0.783066
test,18588,1,0.815872
test,18589,1,0.926825
test,18590,1,0.838515
test,18591,1,0.972695
test,18592,1,0.871952
test,18593,1,0.874461
test,18594,1,0.816106
test,18595,1,0.857208
test,18596,1,0.886526
test,18597,1,0.935107
test,18598,1,0.759911
test,18599,1,0.710439
test,18600,1,0.716181
test,18601,1,0.699210
test,18602,1,0.590767
test,18603,1,0.634876
test,18604,1,0.974649
test,18605,1,0.873327
test,18606,1,0.825799
test,18607,1,0.782148
test,18608,1,0.906686
test,18609,1,0.326184
test,18610,1,0.664555
test,18611,1,0.710349
test,18612,1,0.710818
test,18613,1,0.261889
test,18614,1,0.793165
test,18615,1,0.828736
test,18616,1,0.613892
test,18617,1,0.565914
test,18618,1,0.791840
test,18619,1,0.760455
test,18620,1,0.696115
test,18621,1,0.955095
test,18622,1,0.767751
test,18623,1,0.644768
test,18624,1,0.964084
test,18625,1,0.794486
test,18626,1,0.832563
test,18627,1,0.515149
test,18628,1,0.542922
test,18629,1,0.413750
test,18630,1,0.621208
test,18631,1,0.791746
test,18632,1,0.738595
test,18633,1,0.649390
test,18634,1,0.554464
test,18635,1,0.724057
test,18636,1,0.895907
test,18637,1,0.823350
test,18638,1,0.848760
test,18639,1,0.897675
test,18640,1,0.956645
test,18641,1,0.416234
test,18642,1,0.875300
test,18643,1,0.647024
test,18644,1,0.840828
test,18645,1,0.413024
test,18646,1,0.512226
test,18647,1,0.317463
test,18648,1,0.879363
test,18649,1,0.825888
test,18650,1,0.874557
test,18651,1,0.870849
test,18652,1,0.649958
test,18653,1,0.828234
test,18654,1,0.750407
test,18655,1,0.924819
test,18656,1,0.541189
test,18657,1,0.733828
test,18658,1,0.536646
test,18659,1,0.243663
test,18660,1,0.402018
test,18661,1,0.856625
test,18662,1,0.682127
test,18663,1,0.495419
test,18664,1,0.959886
test,18665,1,0.934983
test,18666,1,0.780191
test,18667,1,0.772119
test,18668,1,0.422212
test,18669,1,0.657680
test,18670,1,0.686902
test,18671,1,0.848930
test,18672,1,0.774666
test,18673,1,0.771519
test,18674,1,0.974227
test,18675,1,0.928720
test,18676,1,0.539154
test,18677,1,0.514530
test,18678,1,0.744201
test,18679,1,0.560377
test,18680,1,0.491657
test,18681,1,0.473023
test,18682,1,0.663389
test,18683,1,0.753297
test,18684,1,0.318756
test,18685,1,0.481199
test,18686,1,0.643963
test,18687,1,0.693052
test,18688,1,0.594096
test,18689,1,0.576133
test,18690,1,0.768745
test,18691,1,0.754596
test,18692,1,0.865468
test,18693,1,0.866286
test,18694,1,0.950263
test,18695,1,0.884026
test,18696,1,0.819848
test,18697,1,0.611271
test,18698,1,0.653254
test,18699,1,0.690748
test,18700,1,0.564009
test,18701,1,0.835369
test,18702,1,0.538753
test,18703,1,0.864921
test,18704,1,0.848787
test,18705,1,0.840560
test,18706,1,0.793670
test,18707,1,0.664813
test,18708,1,0.612905
test,18709,1,0.705997
test,18710,1,0.963157
test,18711,1,0.831166
test,18712,1,0.674095
test,18713,1,0.095209
test,18714,1,0.583083
test,18715,1,0.256451
test,18716,1,0.736644
test,18717,1,0.711286
test,18718,1,0.834695
test,18719,1,0.818505
test,18720,1,0.764827
test,18721,1,0.966871
test,18722,1,0.476468
test,18723,1,0.595408
test,18724,1,0.723715
test,18725,1,0.891190
test,18726,1,0.632419
test,18727,1,0.885551
test,18728,1,0.822607
test,18729,1,0.905083
test,18730,1,0.738250
test,18731,1,0.717559
test,18732,1,0.476759
test,18733,1,0.877188
test,18734,1,0.736601
test,18735,1,0.839886
test,18736,1,0.938665
test,18737,1,0.907710
test,18738,1,0.888226
test,18739,1,0.979411
test,18740,1,0.889699
test,18741,1,0.817863
test,18742,1,0.924968
test,18743,1,0.676999
test,18744,1,0.882707
test,18745,1,0.949292
test,18746,1,0.872481
test,18747,1,0.908448
test,18748,1,0.571553
test,18749,1,0.945653
test,18750,1,0.718528
test,18751,1,0.854789
test,18752,1,0.711514
test,18753,1,0.972565
test,18754,1,0.928403
test,18755,1,0.668519
test,18756,1,0.742800
test,18757,1,0.729261
test,18758,1,0.800908
test,18759,1,0.848497
test,18760,1,0.843901
test,18761,1,0.847979
test,18762,1,0.418836
test,18763,1,0.667592
test,18764,1,0.956715
test,18765,1,0.403130
test,18766,1,0.672078
test,18767,1,0.815093
test,18768,1,0.564067
test,18769,1,0.678181
test,18770,1,0.941818
test,18771,1,0.914824
test,18772,1,0.579606
test,18773,1,0.899476
test,18774,1,0.438627
test,18775,1,0.777415
test,18776,1,0.943343
test,18777,1,0.862032
test,18778,1,0.854200
test,18779,1,0.858729
test,18780,1,0.559000
test,18781,1,0.488072
test,18782,1,0.517430
test,18783,1,0.841755
test,18784,1,0.464312
test,18785,1,0.811696
test,18786,1,0.852557
test,18787,1,0.876199
test,18788,1,0.772810
test,18789,1,0.984613
test,18790,1,0.776417
test,18791,1,0.534432
test,18792,1,0.834262
test,18793,1,0.852102
test,18794,1,0.948009
test,18795,1,0.866070
test,18796,1,0.967491
test,18797,1,0.813459
test,18798,1,0.739122
test,18799,1,0.907344
test,18800,1,0.522483
test,18801,1,0.920962
test,18802,1,0.818093
test,18803,1,0.663651
test,18804,1,0.925309
test,18805,1,0.740758
test,18806,1,0.269974
test,18807,1,0.682218
test,18808,1,0.758253
test,18809,1,0.551021
test,18810,1,0.834036
test,18811,1,0.620603
test,18812,1,0.962219
test,18813,1,0.806676
test,18814,1,0.638394
test,18815,1,0.892532
test,18816,1,0.654048
test,18817,1,0.766560
test,18818,1,0.671837
test,18819,1,0.821511
test,18820,1,0.957056
test,18821,1,0.897894
test,18822,1,0.811340
test,18823,1,0.635610
test,18824,1,0.886615
test,18825,1,0.880266
test,18826,1,0.658566
test,18827,1,0.965278
test,18828,1,0.736729
test,18829,1,0.759926
test,18830,1,0.779296
test,18831,1,0.787081
test,18832,1,0.819629
test,18833,1,0.728589
test,18834,1,0.508517
test,18835,1,0.619873
test,18836,1,0.931083
test,18837,1,0.907089
test,18838,1,0.605722
test,18839,1,0.700336
test,18840,1,0.850099
test,18841,1,0.914902
test,18842,1,0.716452
test,18843,1,0.936347
test,18844,1,0.440006
test,18845,1,0.890754
test,18846,1,0.463842
test,18847,1,0.939247
test,18848,1,0.744002
test,18849,1,0.578406
test,18850,1,0.623505
test,18851,1,0.563496
test,18852,1,0.441131
test,18853,1,0.804967
test,18854,1,0.833865
test,18855,1,0.730998
test,18856,1,0.852980
test,18857,1,0.744923
test,18858,1,0.861434
test,18859,1,0.867427
test,18860,1,0.901684
test,18861,1,0.830266
test,18862,1,0.843425
test,18863,1,0.825657
test,18864,1,0.792429
test,18865,1,0.842073
test,18866,1,0.933799
test,18867,1,0.865040
test,18868,1,0.865931
test,18869,1,0.776274
test,18870,1,0.733025
test,18871,1,0.871084
test,18872,1,0.619849
test,18873,1,0.940878
test,18874,1,0.605631
test,18875,1,0.754897
test,18876,1,0.606836
test,18877,1,0.718068
test,18878,1,0.893013
test,18879,1,0.799219
test,18880,1,0.607795
test,18881,1,0.714528
test,18882,1,0.460410
test,18883,1,0.823747
test,18884,1,0.692806
test,18885,1,0.464063
test,18886,1,0.751784
test,18887,1,0.722624
test,18888,1,0.658319
test,18889,1,0.959247
test,18890,1,0.879594
test,18891,1,0.878751
test,18892,1,0.538401
test,18893,1,0.671634
test,18894,1,0.910067
test,18895,1,0.783418
test,18896,1,0.104243
test,18897,1,0.897916
test,18898,1,0.635953
test,18899,1,0.376885
test,18900,1,0.933655
test,18901,1,0.408136
test,18902,1,0.646923
test,18903,1,0.782764
test,18904,1,0.890285
test,18905,1,0.615025
test,18906,1,0.811363
test,18907,1,0.923969
test,18908,1,0.883011
test,18909,1,0.662993
test,18910,1,0.890208
test,18911,1,0.933515
test,18912,1,0.744381
test,18913,1,0.805537
test,18914,1,0.429778
test,18915,1,0.539743
test,18916,1,0.560831
test,18917,1,0.185709
test,18918,1,0.730701
test,18919,1,0.593621
test,18920,1,0.955064
test,18921,1,0.939150
test,18922,1,0.854406
test,18923,1,0.853764
test,18924,1,0.525015
test,18925,1,0.715769
test,18926,1,0.803684
test,18927,1,0.872138
test,18928,1,0.312074
test,18929,1,0.944084
test,18930,1,0.944084
test,18931,1,0.685208
test,18932,1,0.518266
test,18933,1,0.846638
test,18934,1,0.678730
test,18935,1,0.822446
test,18936,1,0.588899
test,18937,1,0.741765
test,18938,1,0.975028
test,18939,1,0.747174
test,18940,1,0.876475
test,18941,1,0.891592
test,18942,1,0.413635
test,18943,1,0.713431
test,18944,1,0.839322
test,18945,1,0.760616
test,18946,1,0.795386
test,18947,1,0.662268
test,18948,1,0.717609
test,18949,1,0.785983
test,18950,1,0.879504
test,18951,1,0.815802
test,18952,1,0.773607
test,18953,1,0.946350
test,18954,1,0.652859
test,18955,1,0.950737
test,18956,1,0.909825
test,18957,1,0.651017
test,18958,1,0.636428
test,18959,1,0.899964
test,18960,1,0.722523
test,18961,1,0.891094
test,18962,1,0.914536
test,18963,1,0.957488
test,18964,1,0.966316
test,18965,1,0.948902
test,18966,1,0.750205
test,18967,1,0.843630
test,18968,1,0.860384
test,18969,1,0.622888
test,18970,1,0.961002
test,18971,1,0.941089
test,18972,1,0.886021
test,18973,1,0.793325
test,18974,1,0.852128
test,18975,1,0.697019
test,18976,1,0.650777
test,18977,1,0.930647
test,18978,1,0.797574
test,18979,1,0.881454
test,18980,1,0.728072
test,18981,1,0.907026
test,18982,1,0.955099
test,18983,1,0.716006
test,18984,1,0.627591
test,18985,1,0.553206
test,18986,1,0.800942
test,18987,1,0.926106
test,18988,1,0.870713
test,18989,1,0.898395
test,18990,1,0.730886
test,18991,1,0.842920
test,18992,1,0.253834
test,18993,1,0.912047
test,18994,1,0.956235
test,18995,1,0.935835
test,18996,1,0.791353
test,18997,1,0.816431
test,18998,1,0.828444
test,18999,1,0.791470
test,19000,1,0.846415
test,19001,1,0.621583
test,19002,1,0.961644
test,19003,1,0.550619
test,19004,1,0.673017
test,19005,1,0.817466
test,19006,1,0.694348
test,19007,1,0.820605
test,19008,1,0.846415
test,19009,1,0.848081
test,19010,1,0.567917
test,19011,1,0.825133
test,19012,1,0.837481
test,19013,1,0.470770
test,19014,1,0.634386
test,19015,1,0.767240
test,19016,1,0.805996
test,19017,1,0.808409
test,19018,1,0.776200
test,19019,1,0.672620
test,19020,1,0.558363
test,19021,1,0.864907
test,19022,1,0.671594
test,19023,1,0.877691
test,19024,1,0.848123
test,19025,1,0.833624
test,19026,1,0.933457
test,19027,1,0.828799
test,19028,1,0.426016
test,19029,1,0.839333
test,19030,1,0.707245
test,19031,1,0.975609
test,19032,1,0.567168
test,19033,1,0.848739
test,19034,1,0.416635
test,19035,1,0.420375
test,19036,1,0.878619
test,19037,1,0.782381
test,19038,1,0.756168
test,19039,1,0.481798
test,19040,1,0.627415
test,19041,1,0.928375
test,19042,1,0.748479
test,19043,1,0.772625
test,19044,1,0.582804
test,19045,1,0.559054
test,19046,1,0.746506
test,19047,1,0.826751
test,19048,1,0.617551
test,19049,1,0.683010
test,19050,1,0.598731
test,19051,1,0.820370
test,19052,1,0.787436
test,19053,1,0.901692
test,19054,1,0.887392
test,19055,1,0.684267
test,19056,1,0.936041
test,19057,1,0.477588
test,19058,1,0.826075
test,19059,1,0.474816
test,19060,1,0.724929
test,19061,1,0.523092
test,19062,1,0.747117
test,19063,1,0.788451
test,19064,1,0.749614
test,19065,1,0.641560
test,19066,1,0.729674
test,19067,1,0.920353
test,19068,1,0.979220
test,19069,1,0.910910
test,19070,1,0.778640
test,19071,1,0.648498
test,19072,1,0.906360
test,19073,1,0.945920
test,19074,1,0.806853
test,19075,1,0.915742
test,19076,1,0.718034
test,19077,1,0.686715
test,19078,1,0.713899
test,19079,1,0.823359
test,19080,1,0.645128
test,19081,1,0.825561
test,19082,1,0.832205
test,19083,1,0.757968
test,19084,1,0.451973
test,19085,1,0.871509
test,19086,1,0.710085
test,19087,1,0.686444
test,19088,1,0.619746
test,19089,1,0.784932
test,19090,1,0.763783
test,19091,1,0.915575
test,19092,1,0.809624
test,19093,1,0.755904
test,19094,1,0.947051
test,19095,1,0.719982
test,19096,1,0.761853
test,19097,1,0.878260
test,19098,1,0.734300
test,19099,1,0.902651
test,19100,1,0.768201
test,19101,1,0.507328
test,19102,1,0.929617
test,19103,1,0.805377
test,19104,1,0.624420
test,19105,1,0.870195
test,19106,1,0.945721
test,19107,1,0.867914
test,19108,1,0.945441
test,19109,1,0.918460
test,19110,1,0.907135
test,19111,1,0.419461
test,19112,1,0.833136
test,19113,1,0.573128
test,19114,1,0.690241
test,19115,1,0.886987
test,19116,1,0.691991
test,19117,1,0.462738
test,19118,1,0.574398
test,19119,1,0.851613
test,19120,1,0.814188
test,19121,1,0.812856
test,19122,1,0.602302
test,19123,1,0.662221
test,19124,1,0.571202
test,19125,1,0.823644
test,19126,1,0.796730
test,19127,1,0.767933
test,19128,1,0.815893
test,19129,1,0.726807
test,19130,1,0.652217
test,19131,1,0.913209
test,19132,1,0.759901
test,19133,1,0.350716
test,19134,1,0.914757
test,19135,1,0.469263
test,19136,1,0.863133
test,19137,1,0.769822
test,19138,1,0.877096
test,19139,1,0.380767
test,19140,1,0.543613
test,19141,1,0.880475
test,19142,1,0.620911
test,19143,1,0.748309
test,19144,1,0.722112
test,19145,1,0.606968
test,19146,1,0.761910
test,19147,1,0.864445
test,19148,1,0.782912
test,19149,1,0.966334
test,19150,1,0.430131
test,19151,1,0.898221
test,19152,1,0.781776
test,19153,1,0.565151
test,19154,1,0.849119
test,19155,1,0.860132
test,19156,1,0.782216
test,19157,1,0.737473
test,19158,1,0.673320
test,19159,1,0.778955
test,19160,1,0.893532
test,19161,1,0.854883
test,19162,1,0.687091
test,19163,1,0.724765
test,19164,1,0.780947
test,19165,1,0.786384
test,19166,1,0.867669
test,19167,1,0.485097
test,19168,1,0.659554
test,19169,1,0.653788
test,19170,1,0.857664
test,19171,1,0.822600
test,19172,1,0.661285
test,19173,1,0.776432
test,19174,1,0.899613
test,19175,1,0.892837
test,19176,1,0.758411
test,19177,1,0.674993
test,19178,1,0.942023
test,19179,1,0.445671
test,19180,1,0.604845
test,19181,1,0.938131
test,19182,1,0.522307
test,19183,1,0.765708
test,19184,1,0.691083
test,19185,1,0.975190
test,19186,1,0.323851
test,19187,1,0.758773
test,19188,1,0.920227
test,19189,1,0.216671
test,19190,1,0.838757
test,19191,1,0.644633
test,19192,1,0.765065
test,19193,1,0.824569
test,19194,1,0.757902
test,19195,1,0.733852
test,19196,1,0.596776
test,19197,1,0.894193
test,19198,1,0.945189
test,19199,1,0.727819
test,19200,1,0.762685
test,19201,1,0.964267
test,19202,1,0.897377
test,19203,1,0.937451
test,19204,1,0.934856
test,19205,1,0.640537
test,19206,1,0.868397
test,19207,1,0.619753
test,19208,1,0.676608
test,19209,1,0.448888
test,19210,1,0.861794
test,19211,1,0.519170
test,19212,1,0.801613
test,19213,1,0.878433
test,19214,1,0.825569
test,19215,1,0.661641
test,19216,1,0.922134
test,19217,1,0.613582
test,19218,1,0.562363
test,19219,1,0.488618
test,19220,1,0.566536
test,19221,1,0.669711
test,19222,1,0.446014
test,19223,1,0.820650
test,19224,1,0.437219
test,19225,1,0.563790
test,19226,1,0.677036
test,19227,1,0.508825
test,19228,1,0.499688
test,19229,1,0.756364
test,19230,1,0.311687
test,19231,1,0.849503
test,19232,1,0.958790
test,19233,1,0.790063
test,19234,1,0.459335
test,19235,1,0.584565
test,19236,1,0.803596
test,19237,1,0.551472
test,19238,1,0.663842
test,19239,1,0.810326
test,19240,1,0.582982
test,19241,1,0.864617
test,19242,1,0.310027
test,19243,1,0.703862
test,19244,1,0.457547
test,19245,1,0.854302
test,19246,1,0.971081
test,19247,1,0.917606
test,19248,1,0.912891
test,19249,1,0.869512
test,19250,1,0.931859
test,19251,1,0.928486
test,19252,1,0.786014
test,19253,1,0.786292
test,19254,1,0.835026
test,19255,1,0.933088
test,19256,1,0.839838
test,19257,1,0.852636
test,19258,1,0.876219
test,19259,1,0.930598
test,19260,1,0.628348
test,19261,1,0.789509
test,19262,1,0.561803
test,19263,1,0.985267
test,19264,1,0.874061
test,19265,1,0.853792
test,19266,1,0.905388
test,19267,1,0.679772
test,19268,1,0.865241
test,19269,1,0.745110
test,19270,1,0.528429
test,19271,1,0.869924
test,19272,1,0.889835
test,19273,1,0.765853
test,19274,1,0.863897
test,19275,1,0.866909
test,19276,1,0.907846
test,19277,1,0.918452
test,19278,1,0.909420
test,19279,1,0.638583
test,19280,1,0.689069
test,19281,1,0.708165
test,19282,1,0.781863
test,19283,1,0.680310
test,19284,1,0.881523
test,19285,1,0.531634
test,19286,1,0.787627
test,19287,1,0.951422
test,19288,1,0.853978
test,19289,1,0.658973
test,19290,1,0.892650
test,19291,1,0.795995
test,19292,1,0.787195
test,19293,1,0.434268
test,19294,1,0.763931
test,19295,1,0.607572
test,19296,1,0.745529
test,19297,1,0.682387
test,19298,1,0.491480
test,19299,1,0.683644
test,19300,1,0.369102
test,19301,1,0.917404
test,19302,1,0.149411
test,19303,1,0.928780
test,19304,1,0.822646
test,19305,1,0.887972
test,19306,1,0.945927
test,19307,1,0.882781
test,19308,1,0.945460
test,19309,1,0.904492
test,19310,1,0.234676
test,19311,1,0.837986
test,19312,1,0.865280
test,19313,1,0.567972
test,19314,1,0.878028
test,19315,1,0.610202
test,19316,1,0.882626
test,19317,1,0.949815
test,19318,1,0.799951
test,19319,1,0.873079
test,19320,1,0.797459
test,19321,1,0.773853
test,19322,1,0.785211
test,19323,1,0.775419
test,19324,1,0.669832
test,19325,1,0.698626
test,19326,1,0.740525
test,19327,1,0.941738
test,19328,1,0.447332
test,19329,1,0.915328
test,19330,1,0.756759
test,19331,1,0.337514
test,19332,1,0.960064
test,19333,1,0.713004
test,19334,1,0.415861
test,19335,1,0.631819
test,19336,1,0.785015
test,19337,1,0.979999
test,19338,1,0.709967
test,19339,1,0.269176
test,19340,1,0.752532
test,19341,1,0.816633
test,19342,1,0.686419
test,19343,1,0.690399
test,19344,1,0.770810
test,19345,1,0.934188
test,19346,1,0.730449
test,19347,1,0.716356
test,19348,1,0.884794
test,19349,1,0.750732
test,19350,1,0.842849
test,19351,1,0.587099
test,19352,1,0.787665
test,19353,1,0.937443
test,19354,1,0.897666
test,19355,1,0.741827
test,19356,1,0.598495
test,19357,1,0.885504
test,19358,1,0.384602
test,19359,1,0.832609
test,19360,1,0.858118
test,19361,1,0.960914
test,19362,1,0.792583
test,19363,1,0.650535
test,19364,1,0.609618
test,19365,1,0.225049
test,19366,1,0.902563
test,19367,1,0.640267
test,19368,1,0.721100
test,19369,1,0.294450
test,19370,1,0.597618
test,19371,1,0.492904
test,19372,1,0.901619
test,19373,1,0.706097
test,19374,1,0.591289
test,19375,1,0.844810
test,19376,1,0.817113
test,19377,1,0.843885
test,19378,1,0.916394
test,19379,1,0.885691
test,19380,1,0.902073
test,19381,1,0.781381
test,19382,1,0.399415
test,19383,1,0.451878
test,19384,1,0.500193
test,19385,1,0.755749
test,19386,1,0.902542
test,19387,1,0.822775
test,19388,1,0.917930
test,19389,1,0.691986
test,19390,1,0.908709
test,19391,1,0.755804
test,19392,1,0.841972
test,19393,1,0.869539
test,19394,1,0.901690
test,19395,1,0.958307
test,19396,1,0.975226
test,19397,1,0.818321
test,19398,1,0.739394
test,19399,1,0.765615
test,19400,1,0.785910
test,19401,1,0.835797
test,19402,1,0.875082
test,19403,1,0.970430
test,19404,1,0.682669
test,19405,1,0.879793
test,19406,1,0.976520
test,19407,1,0.700345
test,19408,1,0.855902
test,19409,1,0.450459
test,19410,1,0.722680
test,19411,1,0.829273
test,19412,1,0.648498
test,19413,1,0.577829
test,19414,1,0.886380
test,19415,1,0.847065
test,19416,1,0.945155
test,19417,1,0.831467
test,19418,1,0.896693
test,19419,1,0.983452
test,19420,1,0.958623
test,19421,1,0.946299
test,19422,1,0.845973
test,19423,1,0.886290
test,19424,1,0.914627
test,19425,1,0.832554
test,19426,1,0.959279
test,19427,1,0.964359
test,19428,1,0.796137
test,19429,1,0.972100
test,19430,1,0.876120
test,19431,1,0.973796
test,19432,1,0.930014
test,19433,1,0.877304
test,19434,1,0.556346
test,19435,1,0.901527
test,19436,1,0.846935
test,19437,1,0.833494
test,19438,1,0.903193
test,19439,1,0.636252
test,19440,1,0.981637
test,19441,1,0.918623
test,19442,1,0.800799
test,19443,1,0.919211
test,19444,1,0.831499
test,19445,1,0.828548
test,19446,1,0.748749
test,19447,1,0.638190
test,19448,1,0.485155
test,19449,1,0.861908
test,19450,1,0.640241
test,19451,1,0.719463
test,19452,1,0.900947
test,19453,1,0.252901
test,19454,1,0.732014
test,19455,1,0.535592
test,19456,1,0.584077
test,19457,1,0.774292
test,19458,1,0.464997
test,19459,1,0.654453
test,19460,1,0.861894
test,19461,1,0.853161
test,19462,1,0.909162
test,19463,1,0.604600
test,19464,1,0.672591
test,19465,1,0.454705
test,19466,1,0.734544
test,19467,1,0.740962
test,19468,1,0.673206
test,19469,1,0.822459
test,19470,1,0.734830
test,19471,1,0.645859
test,19472,1,0.670450
test,19473,1,0.664005
test,19474,1,0.287520
test,19475,1,0.938905
test,19476,1,0.698567
test,19477,1,0.704665
test,19478,1,0.607838
test,19479,1,0.917119
test,19480,1,0.868267
test,19481,1,0.791652
test,19482,1,0.821450
test,19483,1,0.569676
test,19484,1,0.867981
test,19485,1,0.215378
test,19486,1,0.758430
test,19487,1,0.163919
test,19488,1,0.315714
test,19489,1,0.634421
test,19490,1,0.674584
test,19491,1,0.690537
test,19492,1,0.890914
test,19493,1,0.958696
test,19494,1,0.844058
test,19495,1,0.896690
test,19496,1,0.948178
test,19497,1,0.887678
test,19498,1,0.931547
test,19499,1,0.829527
test,19500,1,0.877487
test,19501,1,0.871426
test,19502,1,0.981731
test,19503,1,0.762118
test,19504,1,0.662346
test,19505,1,0.868538
test,19506,1,0.524510
test,19507,1,0.708740
test,19508,1,0.808347
test,19509,1,0.850401
test,19510,1,0.330389
test,19511,1,0.169322
test,19512,1,0.507433
test,19513,1,0.306930
test,19514,1,0.392684
test,19515,1,0.533210
test,19516,1,0.761203
test,19517,1,0.781303
test,19518,1,0.522739
test,19519,1,0.643259
test,19520,1,0.394322
test,19521,1,0.173159
test,19522,1,0.719547
test,19523,1,0.804135
test,19524,1,0.307545
test,19525,1,0.912681
test,19526,1,0.866169
test,19527,1,0.496351
test,19528,1,0.917996
test,19529,1,0.863552
test,19530,1,0.681041
test,19531,1,0.862229
test,19532,1,0.883771
test,19533,1,0.740738
test,19534,1,0.937445
test,19535,1,0.950138
test,19536,1,0.657850
test,19537,1,0.712589
test,19538,1,0.889994
test,19539,1,0.794583
test,19540,1,0.377152
test,19541,1,0.644266
test,19542,1,0.782132
test,19543,1,0.829658
test,19544,1,0.806052
test,19545,1,0.847255
test,19546,1,0.691303
test,19547,1,0.891395
test,19548,1,0.788311
test,19549,1,0.689952
test,19550,1,0.956360
test,19551,1,0.847855
test,19552,1,0.750158
test,19553,1,0.801872
test,19554,1,0.702602
test,19555,1,0.978859
test,19556,1,0.866636
test,19557,1,0.684819
test,19558,1,0.584945
test,19559,1,0.803504
test,19560,1,0.820733
test,19561,1,0.881003
test,19562,1,0.789908
test,19563,1,0.806837
test,19564,1,0.977928
test,19565,1,0.938423
test,19566,1,0.582835
test,19567,1,0.853921
test,19568,1,0.784311
test,19569,1,0.758930
test,19570,1,0.710024
test,19571,1,0.885458
test,19572,1,0.549301
test,19573,1,0.819549
test,19574,1,0.606938
test,19575,1,0.414234
test,19576,1,0.770545
test,19577,1,0.888581
test,19578,1,0.715178
test,19579,1,0.830881
test,19580,1,0.560086
test,19581,1,0.545025
test,19582,1,0.479030
test,19583,1,0.861872
test,19584,1,0.550137
test,19585,1,0.727729
test,19586,1,0.727772
test,19587,1,0.411247
test,19588,1,0.529558
test,19589,1,0.584971
test,19590,1,0.711120
test,19591,1,0.170850
test,19592,1,0.745847
test,19593,1,0.596196
test,19594,1,0.332588
test,19595,1,0.655508
test,19596,1,0.831013
test,19597,1,0.653210
test,19598,1,0.785033
test,19599,1,0.342910
test,19600,1,0.346090
test,19601,1,0.546024
test,19602,1,0.432919
test,19603,1,0.277426
test,19604,1,0.750489
test,19605,1,0.640172
test,19606,1,0.472610
test,19607,1,0.472610
test,19608,1,0.533417
test,19609,1,0.776170
test,19610,1,0.419295
test,19611,1,0.725065
test,19612,1,0.826955
test,19613,1,0.678104
test,19614,1,0.820589
test,19615,1,0.904671
test,19616,1,0.629678
test,19617,1,0.689059
test,19618,1,0.747272
test,19619,1,0.831300
test,19620,1,0.619096
test,19621,1,0.735930
test,19622,1,0.792801
test,19623,1,0.472071
test,19624,1,0.957468
test,19625,1,0.672588
test,19626,1,0.867169
test,19627,1,0.819955
test,19628,1,0.700250
test,19629,1,0.836924
test,19630,1,0.850045
test,19631,1,0.904239
test,19632,1,0.909718
test,19633,1,0.821711
test,19634,1,0.831429
test,19635,1,0.816310
test,19636,1,0.648948
test,19637,1,0.880880
test,19638,1,0.560109
test,19639,1,0.683936
test,19640,1,0.682393
test,19641,1,0.944339
test,19642,1,0.777756
test,19643,1,0.955932
test,19644,1,0.553786
test,19645,1,0.927717
test,19646,1,0.690739
test,19647,1,0.860222
test,19648,1,0.397714
test,19649,1,0.917706
test,19650,1,0.220191
test,19651,1,0.729751
test,19652,1,0.877934
test,19653,1,0.690686
test,19654,1,0.557520
test,19655,1,0.803072
test,19656,1,0.737700
test,19657,1,0.650712
test,19658,1,0.672151
test,19659,1,0.834609
test,19660,1,0.879138
test,19661,1,0.840723
test,19662,1,0.649904
test,19663,1,0.560386
test,19664,1,0.411501
test,19665,1,0.661778
test,19666,1,0.861317
test,19667,1,0.808539
test,19668,1,0.735570
test,19669,1,0.776475
test,19670,1,0.724738
test,19671,1,0.694884
test,19672,1,0.861455
test,19673,1,0.966915
test,19674,1,0.965085
test,19675,1,0.567839
test,19676,1,0.934840
test,19677,1,0.517930
test,19678,1,0.858927
test,19679,1,0.630820
test,19680,1,0.836702
test,19681,1,0.786117
test,19682,1,0.544306
test,19683,1,0.937123
test,19684,1,0.723639
test,19685,1,0.604523
test,19686,1,0.935868
test,19687,1,0.971627
test,19688,1,0.919220
test,19689,1,0.881033
test,19690,1,0.932476
test,19691,1,0.879925
test,19692,1,0.892932
test,19693,1,0.489030
test,19694,1,0.779746
test,19695,1,0.485403
test,19696,1,0.850062
test,19697,1,0.817325
test,19698,1,0.901717
test,19699,1,0.897344
test,19700,1,0.924442
test,19701,1,0.363890
test,19702,1,0.929552
test,19703,1,0.817877
test,19704,1,0.672800
test,19705,1,0.879741
test,19706,1,0.713775
test,19707,1,0.932528
test,19708,1,0.697524
test,19709,1,0.967046
test,19710,1,0.911277
test,19711,1,0.969608
test,19712,1,0.908943
test,19713,1,0.887160
test,19714,1,0.757334
test,19715,1,0.740578
test,19716,1,0.806154
test,19717,1,0.822643
test,19718,1,0.869964
test,19719,1,0.928504
test,19720,1,0.808718
test,19721,1,0.946123
test,19722,1,0.789062
test,19723,1,0.871723
test,19724,1,0.713454
test,19725,1,0.947947
test,19726,1,0.439369
test,19727,1,0.732872
test,19728,1,0.732809
test,19729,1,0.897496
test,19730,1,0.688885
test,19731,1,0.857766
test,19732,1,0.906928
test,19733,1,0.857547
test,19734,1,0.800931
test,19735,1,0.949979
test,19736,1,0.737521
test,19737,1,0.909774
test,19738,1,0.859307
test,19739,1,0.698863
test,19740,1,0.755489
test,19741,1,0.474760
test,19742,1,0.844668
test,19743,1,0.515630
test,19744,1,0.705871
test,19745,1,0.667116
test,19746,1,0.698336
test,19747,1,0.931368
test,19748,1,0.933822
test,19749,1,0.779354
test,19750,1,0.814818
test,19751,1,0.386513
test,19752,1,0.357103
test,19753,1,0.812266
test,19754,1,0.945444
test,19755,1,0.877280
test,19756,1,0.488689
test,19757,1,0.875087
test,19758,1,0.794511
test,19759,1,0.507849
test,19760,1,0.868331
test,19761,1,0.685709
test,19762,1,0.573451
test,19763,1,0.943809
test,19764,1,0.797478
test,19765,1,0.689471
test,19766,1,0.746788
test,19767,1,0.791669
test,19768,1,0.880925
test,19769,1,0.827497
test,19770,1,0.916646
test,19771,1,0.742570
test,19772,1,0.750248
test,19773,1,0.720257
test,19774,1,0.560010
test,19775,1,0.699212
test,19776,1,0.562355
test,19777,1,0.824718
test,19778,1,0.794262
test,19779,1,0.902748
test,19780,1,0.879600
test,19781,1,0.367527
test,19782,1,0.650985
test,19783,1,0.475291
test,19784,1,0.902777
test,19785,1,0.721817
test,19786,1,0.607837
test,19787,1,0.381364
test,19788,1,0.591798
test,19789,1,0.792995
test,19790,1,0.860588
test,19791,1,0.801382
test,19792,1,0.846783
test,19793,1,0.794288
test,19794,1,0.807406
test,19795,1,0.913453
test,19796,1,0.580627
test,19797,1,0.902098
test,19798,1,0.937496
test,19799,1,0.899791
test,19800,1,0.710588
test,19801,1,0.832843
test,19802,1,0.522026
test,19803,1,0.877414
test,19804,1,0.749526
test,19805,1,0.568812
test,19806,1,0.754338
test,19807,1,0.411061
test,19808,1,0.961291
test,19809,1,0.821574
test,19810,1,0.858915
test,19811,1,0.799349
test,19812,1,0.712008
test,19813,1,0.848750
test,19814,1,0.959958
test,19815,1,0.653545
test,19816,1,0.227147
test,19817,1,0.584800
test,19818,1,0.290266
test,19819,1,0.517978
test,19820,1,0.714178
test,19821,1,0.821630
test,19822,1,0.257679
test,19823,1,0.194053
test,19824,1,0.130099
test,19825,1,0.766073
test,19826,1,0.287089
test,19827,1,0.445584
test,19828,1,0.546593
test,19829,1,0.762653
test,19830,1,0.934051
test,19831,1,0.915303
test,19832,1,0.479084
test,19833,1,0.606812
test,19834,1,0.471976
test,19835,1,0.892197
test,19836,1,0.977055
test,19837,1,0.779039
test,19838,1,0.619878
test,19839,1,0.655973
test,19840,1,0.811250
test,19841,1,0.683435
test,19842,1,0.695512
test,19843,1,0.588876
test,19844,1,0.814588
test,19845,1,0.905168
test,19846,1,0.870119
test,19847,1,0.617382
test,19848,1,0.468457
test,19849,1,0.721143
test,19850,1,0.550623
test,19851,1,0.446928
test,19852,1,0.620922
test,19853,1,0.828905
test,19854,1,0.759661
test,19855,1,0.729254
test,19856,1,0.678928
test,19857,1,0.637602
test,19858,1,0.674057
test,19859,1,0.757972
test,19860,1,0.759198
test,19861,1,0.832979
test,19862,1,0.632577
test,19863,1,0.538674
test,19864,1,0.429210
test,19865,1,0.370119
test,19866,1,0.892049
test,19867,1,0.833940
test,19868,1,0.675450
test,19869,1,0.903041
test,19870,1,0.912446
test,19871,1,0.924116
test,19872,1,0.944022
test,19873,1,0.944411
test,19874,1,0.864105
test,19875,1,0.884775
test,19876,1,0.832048
test,19877,1,0.694430
test,19878,1,0.899047
test,19879,1,0.820686
test,19880,1,0.888943
test,19881,1,0.904496
test,19882,1,0.838487
test,19883,1,0.445056
test,19884,1,0.351232
test,19885,1,0.893749
test,19886,1,0.972992
test,19887,1,0.774781
test,19888,1,0.834826
test,19889,1,0.799630
test,19890,1,0.900006
test,19891,1,0.863193
test,19892,1,0.748735
test,19893,1,0.991200
test,19894,1,0.965429
test,19895,1,0.573151
test,19896,1,0.695920
test,19897,1,0.698249
test,19898,1,0.829483
test,19899,1,0.817194
test,19900,1,0.771257
test,19901,1,0.841852
test,19902,1,0.667860
test,19903,1,0.549547
test,19904,1,0.452124
test,19905,1,0.944905
test,19906,1,0.707538
test,19907,1,0.672054
test,19908,1,0.737697
test,19909,1,0.709607
test,19910,1,0.863657
test,19911,1,0.686214
test,19912,1,0.716223
test,19913,1,0.849379
test,19914,1,0.869731
test,19915,1,0.913885
test,19916,1,0.800512
test,19917,1,0.862469
test,19918,1,0.542720
test,19919,1,0.635182
test,19920,1,0.769426
test,19921,1,0.904771
test,19922,1,0.488439
test,19923,1,0.642784
test,19924,1,0.838053
test,19925,1,0.641290
test,19926,1,0.788674
test,19927,1,0.297792
test,19928,1,0.863819
test,19929,1,0.761201
test,19930,1,0.616291
test,19931,1,0.805290
test,19932,1,0.650884
test,19933,1,0.868585
test,19934,1,0.561614
test,19935,1,0.752764
test,19936,1,0.913055
test,19937,1,0.554766
test,19938,1,0.655635
test,19939,1,0.692327
test,19940,1,0.614899
test,19941,1,0.845375
test,19942,1,0.848368
test,19943,1,0.543406
test,19944,1,0.588265
test,19945,1,0.960631
test,19946,1,0.652729
test,19947,1,0.310347
test,19948,1,0.730248
test,19949,1,0.902665
test,19950,1,0.700062
test,19951,1,0.713219
test,19952,1,0.637059
test,19953,1,0.917616
test,19954,1,0.728799
test,19955,1,0.820678
test,19956,1,0.830397
test,19957,1,0.777036
test,19958,1,0.732147
test,19959,1,0.587049
test,19960,1,0.388206
test,19961,1,0.400824
test,19962,1,0.785152
test,19963,1,0.657590
test,19964,1,0.598397
test,19965,1,0.181722
test,19966,1,0.957970
test,19967,1,0.724261
test,19968,1,0.815124
test,19969,1,0.657902
test,19970,1,0.825200
test,19971,1,0.646780
test,19972,1,0.894765
test,19973,1,0.525155
test,19974,1,0.818476
test,19975,1,0.535596
test,19976,1,0.722653
test,19977,1,0.885797
test,19978,1,0.881053
test,19979,1,0.752459
test,19980,1,0.610869
test,19981,1,0.341247
test,19982,1,0.917824
test,19983,1,0.522682
test,19984,1,0.904191
test,19985,1,0.728033
test,19986,1,0.519403
test,19987,1,0.794983
test,19988,1,0.920979
test,19989,1,0.788672
test,19990,1,0.564206
test,19991,1,0.401771
test,19992,1,0.777773
test,19993,1,0.789519
test,19994,1,0.604183
test,19995,1,0.417902
test,19996,1,0.881496
test,19997,1,0.580166
test,19998,1,0.763941
test,19999,1,0.415547
test,20000,1,0.529079
test,20001,1,0.633489
test,20002,1,0.860579
test,20003,1,0.736277
test,20004,1,0.929740
test,20005,1,0.736250
test,20006,1,0.564778
test,20007,1,0.838215
test,20008,1,0.719148
test,20009,1,0.872789
test,20010,1,0.808314
test,20011,1,0.771465
test,20012,1,0.791042
test,20013,1,0.834692
test,20014,1,0.531136
test,20015,1,0.635930
test,20016,1,0.896098
test,20017,1,0.562782
test,20018,1,0.848458
test,20019,1,0.906510
test,20020,1,0.830439
test,20021,1,0.987126
test,20022,1,0.568232
test,20023,1,0.831653
test,20024,1,0.739996
test,20025,1,0.417875
test,20026,1,0.935383
test,20027,1,0.896630
test,20028,1,0.892673
test,20029,1,0.616326
test,20030,1,0.937694
test,20031,1,0.685774
test,20032,1,0.839592
test,20033,1,0.305307
test,20034,1,0.663888
test,20035,1,0.963767
test,20036,1,0.911619
test,20037,1,0.973312
test,20038,1,0.893396
test,20039,1,0.753128
test,20040,1,0.949190
test,20041,1,0.469603
test,20042,1,0.724411
test,20043,1,0.851156
test,20044,1,0.984315
test,20045,1,0.853720
test,20046,1,0.869885
test,20047,1,0.907676
test,20048,1,0.953084
test,20049,1,0.930606
test,20050,1,0.908463
test,20051,1,0.958103
test,20052,1,0.675762
test,20053,1,0.936896
test,20054,1,0.909020
test,20055,1,0.854691
test,20056,1,0.823244
test,20057,1,0.947990
test,20058,1,0.955267
test,20059,1,0.773759
test,20060,1,0.903302
test,20061,1,0.817538
test,20062,1,0.878544
test,20063,1,0.904666
test,20064,1,0.586413
test,20065,1,0.419469
test,20066,1,0.307081
test,20067,1,0.887256
test,20068,1,0.844322
test,20069,1,0.857582
test,20070,1,0.611591
test,20071,1,0.781529
test,20072,1,0.709927
test,20073,1,0.824725
test,20074,1,0.885186
test,20075,1,0.783706
test,20076,1,0.794710
test,20077,1,0.789090
test,20078,1,0.743629
test,20079,1,0.739512
test,20080,1,0.847574
test,20081,1,0.345373
test,20082,1,0.687883
test,20083,1,0.865766
test,20084,1,0.353011
test,20085,1,0.425640
test,20086,1,0.483461
test,20087,1,0.541620
test,20088,1,0.879627
test,20089,1,0.589297
test,20090,1,0.677420
test,20091,1,0.816874
test,20092,1,0.316929
test,20093,1,0.521225
test,20094,1,0.869064
test,20095,1,0.738503
test,20096,1,0.243110
test,20097,1,0.460360
test,20098,1,0.883752
test,20099,1,0.877970
test,20100,1,0.649422
test,20101,1,0.629171
test,20102,1,0.842265
test,20103,1,0.236379
test,20104,1,0.849544
test,20105,1,0.774175
test,20106,1,0.716044
test,20107,1,0.242337
test,20108,1,0.229098
test,20109,1,0.274561
test,20110,1,0.499913
test,20111,1,0.823832
test,20112,1,0.885010
test,20113,1,0.951959
test,20114,1,0.929601
test,20115,1,0.863983
test,20116,1,0.963818
test,20117,1,0.727093
test,20118,1,0.953722
test,20119,1,0.925044
test,20120,1,0.579880
test,20121,1,0.804478
test,20122,1,0.376918
test,20123,1,0.843130
test,20124,1,0.969345
test,20125,1,0.749399
test,20126,1,0.950950
test,20127,1,0.589325
test,20128,1,0.786031
test,20129,1,0.913441
test,20130,1,0.666478
test,20131,1,0.749699
test,20132,1,0.712125
test,20133,1,0.881724
test,20134,1,0.796512
test,20135,1,0.640109
test,20136,1,0.919099
test,20137,1,0.494335
test,20138,1,0.924816
test,20139,1,0.871419
test,20140,1,0.675451
test,20141,1,0.826101
test,20142,1,0.744694
test,20143,1,0.790720
test,20144,1,0.829262
test,20145,1,0.621657
test,20146,1,0.883808
test,20147,1,0.849679
test,20148,1,0.921433
test,20149,1,0.746483
test,20150,1,0.903719
test,20151,1,0.875727
test,20152,1,0.945378
test,20153,1,0.961418
test,20154,1,0.881889
test,20155,1,0.837900
test,20156,1,0.873781
test,20157,1,0.927435
test,20158,1,0.799975
test,20159,1,0.813318
test,20160,1,0.936437
test,20161,1,0.612593
test,20162,1,0.963615
test,20163,1,0.814570
test,20164,1,0.767564
test,20165,1,0.306850
test,20166,1,0.814666
test,20167,1,0.884569
test,20168,1,0.986218
test,20169,1,0.919597
test,20170,1,0.834807
test,20171,1,0.838829
test,20172,1,0.884569
test,20173,1,0.923747
test,20174,1,0.646344
test,20175,1,0.889174
test,20176,1,0.980511
test,20177,1,0.853138
test,20178,1,0.961741
test,20179,1,0.859737
test,20180,1,0.841777
test,20181,1,0.864766
test,20182,1,0.725600
test,20183,1,0.859497
test,20184,1,0.849765
test,20185,1,0.760235
test,20186,1,0.763222
test,20187,1,0.900353
test,20188,1,0.821158
test,20189,1,0.866409
test,20190,1,0.811203
test,20191,1,0.942862
test,20192,1,0.480929
test,20193,1,0.990006
test,20194,1,0.943537
test,20195,1,0.602211
test,20196,1,0.947531
test,20197,1,0.776203
test,20198,1,0.805254
test,20199,1,0.867726
test,20200,1,0.873072
test,20201,1,0.909558
test,20202,1,0.768572
test,20203,1,0.963854
test,20204,1,0.645959
test,20205,1,0.368418
test,20206,1,0.834825
test,20207,1,0.966722
test,20208,1,0.940024
test,20209,1,0.913129
test,20210,1,0.883292
test,20211,1,0.886339
test,20212,1,0.915888
test,20213,1,0.910925
test,20214,1,0.906812
test,20215,1,0.902190
test,20216,1,0.925711
test,20217,1,0.941556
test,20218,1,0.949993
test,20219,1,0.866030
test,20220,1,0.944532
test,20221,1,0.891093
test,20222,1,0.914461
test,20223,1,0.908521
test,20224,1,0.965869
test,20225,1,0.779531
test,20226,1,0.851819
test,20227,1,0.575917
test,20228,1,0.774572
test,20229,1,0.819568
test,20230,1,0.913587
test,20231,1,0.876228
test,20232,1,0.893850
test,20233,1,0.899311
test,20234,1,0.786724
test,20235,1,0.922723
test,20236,1,0.774728
test,20237,1,0.885359
test,20238,1,0.941709
test,20239,1,0.874447
test,20240,1,0.928981
test,20241,1,0.986861
test,20242,1,0.879206
test,20243,1,0.789634
test,20244,1,0.750480
test,20245,1,0.791276
test,20246,1,0.776207
test,20247,1,0.820063
test,20248,1,0.846635
test,20249,1,0.938068
test,20250,1,0.902785
test,20251,1,0.737249
test,20252,1,0.639640
test,20253,1,0.908653
test,20254,1,0.639656
test,20255,1,0.582280
test,20256,1,0.921514
test,20257,1,0.675773
test,20258,1,0.915074
test,20259,1,0.744585
test,20260,1,0.892626
test,20261,1,0.894413
test,20262,1,0.799287
test,20263,1,0.769387
test,20264,1,0.366768
test,20265,1,0.804504
test,20266,1,0.937452
test,20267,1,0.844774
test,20268,1,0.649801
test,20269,1,0.908485
test,20270,1,0.528170
test,20271,1,0.665572
test,20272,1,0.784539
test,20273,1,0.823843
test,20274,1,0.930476
test,20275,1,0.849696
test,20276,1,0.908984
test,20277,1,0.774369
test,20278,1,0.884501
test,20279,1,0.973500
test,20280,1,0.861442
test,20281,1,0.629306
test,20282,1,0.627982
test,20283,1,0.351630
test,20284,1,0.271384
test,20285,1,0.964905
test,20286,1,0.797139
test,20287,1,0.557869
test,20288,1,0.873737
test,20289,1,0.824679
test,20290,1,0.485786
test,20291,1,0.924884
test,20292,1,0.951190
test,20293,1,0.946706
test,20294,1,0.773490
test,20295,1,0.632874
test,20296,1,0.883582
test,20297,1,0.834191
test,20298,1,0.527050
test,20299,1,0.855459
test,20300,1,0.958624
test,20301,1,0.642330
test,20302,1,0.765755
test,20303,1,0.822596
test,20304,1,0.703479
test,20305,1,0.639050
test,20306,1,0.957188
test,20307,1,0.946561
test,20308,1,0.864615
test,20309,1,0.860049
test,20310,1,0.668004
test,20311,1,0.636958
test,20312,1,0.511286
test,20313,1,0.941035
test,20314,1,0.597538
test,20315,1,0.556669
test,20316,1,0.676297
test,20317,1,0.726097
test,20318,1,0.609154
test,20319,1,0.736258
test,20320,1,0.818377
test,20321,1,0.772788
test,20322,1,0.901046
test,20323,1,0.883972
test,20324,1,0.685327
test,20325,1,0.574879
test,20326,1,0.289622
test,20327,1,0.733628
test,20328,1,0.787787
test,20329,1,0.828883
test,20330,1,0.923747
test,20331,1,0.874146
test,20332,1,0.451864
test,20333,1,0.758017
test,20334,1,0.403090
test,20335,1,0.636622
test,20336,1,0.953617
test,20337,1,0.567839
test,20338,1,0.927274
test,20339,1,0.827567
test,20340,1,0.886924
test,20341,1,0.939491
test,20342,1,0.756815
test,20343,1,0.926359
test,20344,1,0.793477
test,20345,1,0.353512
test,20346,1,0.820740
test,20347,1,0.768475
test,20348,1,0.755804
test,20349,1,0.837206
test,20350,1,0.510235
test,20351,1,0.694025
test,20352,1,0.684652
test,20353,1,0.425365
test,20354,1,0.440451
test,20355,1,0.723515
test,20356,1,0.786797
test,20357,1,0.918705
test,20358,1,0.928719
test,20359,1,0.717749
test,20360,1,0.784077
test,20361,1,0.723899
test,20362,1,0.839682
test,20363,1,0.761190
test,20364,1,0.870121
test,20365,1,0.704282
test,20366,1,0.839947
test,20367,1,0.729984
test,20368,1,0.374163
test,20369,1,0.663868
test,20370,1,0.720235
test,20371,1,0.931347
test,20372,1,0.912873
test,20373,1,0.841029
test,20374,1,0.799211
test,20375,1,0.880612
test,20376,1,0.859738
test,20377,1,0.636379
test,20378,1,0.801268
test,20379,1,0.908826
test,20380,1,0.754175
test,20381,1,0.925606
test,20382,1,0.771044
test,20383,1,0.852276
test,20384,1,0.761131
test,20385,1,0.704629
test,20386,1,0.681325
test,20387,1,0.526453
test,20388,1,0.603491
test,20389,1,0.843626
test,20390,1,0.648156
test,20391,1,0.760003
test,20392,1,0.548158
test,20393,1,0.763590
test,20394,1,0.912882
test,20395,1,0.752608
test,20396,1,0.905510
test,20397,1,0.933516
test,20398,1,0.876742
test,20399,1,0.769648
test,20400,1,0.636379
test,20401,1,0.522688
test,20402,1,0.833786
test,20403,1,0.774643
test,20404,1,0.936686
test,20405,1,0.875536
test,20406,1,0.885987
test,20407,1,0.765930
test,20408,1,0.371183
test,20409,1,0.210411
test,20410,1,0.459922
test,20411,1,0.260366
test,20412,1,0.298024
test,20413,1,0.918110
test,20414,1,0.479723
test,20415,1,0.784179
test,20416,1,0.787199
test,20417,1,0.608268
test,20418,1,0.674806
test,20419,1,0.710609
test,20420,1,0.896215
test,20421,1,0.984822
test,20422,1,0.856454
test,20423,1,0.878131
test,20424,1,0.958268
test,20425,1,0.762760
test,20426,1,0.613486
test,20427,1,0.666208
test,20428,1,0.923089
test,20429,1,0.778926
test,20430,1,0.549158
test,20431,1,0.767054
test,20432,1,0.688228
test,20433,1,0.869126
test,20434,1,0.819518
test,20435,1,0.745983
test,20436,1,0.942469
test,20437,1,0.942659
test,20438,1,0.892721
test,20439,1,0.779487
test,20440,1,0.477519
test,20441,1,0.748850
test,20442,1,0.830056
test,20443,1,0.576031
test,20444,1,0.782828
test,20445,1,0.711558
test,20446,1,0.638672
test,20447,1,0.538331
test,20448,1,0.712093
test,20449,1,0.351529
test,20450,1,0.599463
test,20451,1,0.612509
test,20452,1,0.891536
test,20453,1,0.742111
test,20454,1,0.922613
test,20455,1,0.814880
test,20456,1,0.844099
test,20457,1,0.819586
test,20458,1,0.864611
test,20459,1,0.909090
test,20460,1,0.763755
test,20461,1,0.948205
test,20462,1,0.686895
test,20463,1,0.808493
test,20464,1,0.883145
test,20465,1,0.964262
test,20466,1,0.738198
test,20467,1,0.887174
test,20468,1,0.881040
test,20469,1,0.939707
test,20470,1,0.841257
test,20471,1,0.568930
test,20472,1,0.912265
test,20473,1,0.829078
test,20474,1,0.565704
test,20475,1,0.854963
test,20476,1,0.568029
test,20477,1,0.519024
test,20478,1,0.751385
test,20479,1,0.623488
test,20480,1,0.885982
test,20481,1,0.810561
test,20482,1,0.650965
test,20483,1,0.839612
test,20484,1,0.685672
test,20485,1,0.906157
test,20486,1,0.483273
test,20487,1,0.468482
test,20488,1,0.822118
test,20489,1,0.888187
test,20490,1,0.738148
test,20491,1,0.965920
test,20492,1,0.903144
test,20493,1,0.919172
test,20494,1,0.864495
test,20495,1,0.880063
test,20496,1,0.566889
test,20497,1,0.718396
test,20498,1,0.904246
test,20499,1,0.615116
test,20500,1,0.775170
test,20501,1,0.940952
test,20502,1,0.768664
test,20503,1,0.956765
test,20504,1,0.744831
test,20505,1,0.877050
test,20506,1,0.765872
test,20507,1,0.933111
test,20508,1,0.971344
test,20509,1,0.819561
test,20510,1,0.944922
test,20511,1,0.929780
test,20512,1,0.587102
test,20513,1,0.931480
test,20514,1,0.906592
test,20515,1,0.654354
test,20516,1,0.806624
test,20517,1,0.983130
test,20518,1,0.776902
test,20519,1,0.772057
test,20520,1,0.823286
test,20521,1,0.778423
test,20522,1,0.413726
test,20523,1,0.734383
test,20524,1,0.934139
test,20525,1,0.773094
test,20526,1,0.943686
test,20527,1,0.894065
test,20528,1,0.812232
test,20529,1,0.767664
test,20530,1,0.714519
test,20531,1,0.864570
test,20532,1,0.908340
test,20533,1,0.851541
test,20534,1,0.758469
test,20535,1,0.894300
test,20536,1,0.752281
test,20537,1,0.869015
test,20538,1,0.697396
test,20539,1,0.816537
test,20540,1,0.848787
test,20541,1,0.733059
test,20542,1,0.558161
test,20543,1,0.491295
test,20544,1,0.725683
test,20545,1,0.785454
test,20546,1,0.796964
test,20547,1,0.899047
test,20548,1,0.841159
test,20549,1,0.890077
test,20550,1,0.859598
test,20551,1,0.473756
test,20552,1,0.867344
test,20553,1,0.807961
test,20554,1,0.753834
test,20555,1,0.835341
test,20556,1,0.220308
test,20557,1,0.851989
test,20558,1,0.842647
test,20559,1,0.946913
test,20560,1,0.750060
test,20561,1,0.744206
test,20562,1,0.920006
test,20563,1,0.873200
test,20564,1,0.816226
test,20565,1,0.961727
test,20566,1,0.520179
test,20567,1,0.725270
test,20568,1,0.761386
test,20569,1,0.633467
test,20570,1,0.904879
test,20571,1,0.859342
test,20572,1,0.847975
test,20573,1,0.623914
test,20574,1,0.748276
test,20575,1,0.843833
test,20576,1,0.921730
test,20577,1,0.846587
test,20578,1,0.714182
test,20579,1,0.813894
test,20580,1,0.842554
test,20581,1,0.807418
test,20582,1,0.918290
test,20583,1,0.837317
test,20584,1,0.812988
test,20585,1,0.945891
test,20586,1,0.915464
test,20587,1,0.841567
test,20588,1,0.779957
test,20589,1,0.833571
test,20590,1,0.873318
test,20591,1,0.802606
test,20592,1,0.905003
test,20593,1,0.918299
test,20594,1,0.951050
test,20595,1,0.911052
test,20596,1,0.799335
test,20597,1,0.942027
test,20598,1,0.939965
test,20599,1,0.820672
test,20600,1,0.877097
test,20601,1,0.854683
test,20602,1,0.887641
test,20603,1,0.737792
test,20604,1,0.873925
test,20605,1,0.931456
test,20606,1,0.874350
test,20607,1,0.634635
test,20608,1,0.837738
test,20609,1,0.847078
test,20610,1,0.832853
test,20611,1,0.902704
test,20612,1,0.717588
test,20613,1,0.792592
test,20614,1,0.937770
test,20615,1,0.666102
test,20616,1,0.872156
test,20617,1,0.661532
test,20618,1,0.791477
test,20619,1,0.662698
test,20620,1,0.608041
test,20621,1,0.058055
test,20622,1,0.794264
test,20623,1,0.811745
test,20624,1,0.818809
test,20625,1,0.883230
test,20626,1,0.806927
test,20627,1,0.688917
test,20628,1,0.794637
test,20629,1,0.948785
test,20630,1,0.666587
test,20631,1,0.666587
test,20632,1,0.353971
test,20633,1,0.677398
test,20634,1,0.801662
test,20635,1,0.919717
test,20636,1,0.968964
test,20637,1,0.679168
test,20638,1,0.704890
test,20639,1,0.665894
test,20640,1,0.611104
test,20641,1,0.795206
test,20642,1,0.799858
test,20643,1,0.789841
test,20644,1,0.940317
test,20645,1,0.685738
test,20646,1,0.845245
test,20647,1,0.704050
test,20648,1,0.805010
test,20649,1,0.494575
test,20650,1,0.928900
test,20651,1,0.858843
test,20652,1,0.880945
test,20653,1,0.837013
test,20654,1,0.782674
test,20655,1,0.801432
test,20656,1,0.601842
test,20657,1,0.674251
test,20658,1,0.851732
test,20659,1,0.625892
test,20660,1,0.900584
test,20661,1,0.792870
test,20662,1,0.441187
test,20663,1,0.927281
test,20664,1,0.928391
test,20665,1,0.650534
test,20666,1,0.369425
test,20667,1,0.803373
test,20668,1,0.437149
test,20669,1,0.958679
test,20670,1,0.595340
test,20671,1,0.617968
test,20672,1,0.676451
test,20673,1,0.429195
test,20674,1,0.862933
test,20675,1,0.535557
test,20676,1,0.614747
test,20677,1,0.846370
test,20678,1,0.402612
test,20679,1,0.459780
test,20680,1,0.819393
test,20681,1,0.799173
test,20682,1,0.867608
test,20683,1,0.832182
test,20684,1,0.771237
test,20685,1,0.673193
test,20686,1,0.913690
test,20687,1,0.821140
test,20688,1,0.775557
test,20689,1,0.723660
test,20690,1,0.820380
test,20691,1,0.859487
test,20692,1,0.826840
test,20693,1,0.906603
test,20694,1,0.841525
test,20695,1,0.616518
test,20696,1,0.963179
test,20697,1,0.730533
test,20698,1,0.786385
test,20699,1,0.786229
test,20700,1,0.804870
test,20701,1,0.780507
test,20702,1,0.461987
test,20703,1,0.446227
test,20704,1,0.697885
test,20705,1,0.670158
test,20706,1,0.899710
test,20707,1,0.490117
test,20708,1,0.630339
test,20709,1,0.769286
test,20710,1,0.582847
test,20711,1,0.525361
test,20712,1,0.637491
test,20713,1,0.528366
test,20714,1,0.645961
test,20715,1,0.856371
test,20716,1,0.956951
test,20717,1,0.840940
test,20718,1,0.866206
test,20719,1,0.913867
test,20720,1,0.932952
test,20721,1,0.886638
test,20722,1,0.809327
test,20723,1,0.895567
test,20724,1,0.921447
test,20725,1,0.905775
test,20726,1,0.913237
test,20727,1,0.966933
test,20728,1,0.757700
test,20729,1,0.933159
test,20730,1,0.952979
test,20731,1,0.969397
test,20732,1,0.968885
test,20733,1,0.820446
test,20734,1,0.868748
test,20735,1,0.883216
test,20736,1,0.719584
test,20737,1,0.931782
test,20738,1,0.849183
test,20739,1,0.831673
test,20740,1,0.939886
test,20741,1,0.735425
test,20742,1,0.865309
test,20743,1,0.889225
test,20744,1,0.603322
test,20745,1,0.925702
test,20746,1,0.825965
test,20747,1,0.978373
test,20748,1,0.863354
test,20749,1,0.856489
test,20750,1,0.723711
test,20751,1,0.463219
test,20752,1,0.702157
test,20753,1,0.676271
test,20754,1,0.718068
test,20755,1,0.677702
test,20756,1,0.736791
test,20757,1,0.696527
test,20758,1,0.879930
test,20759,1,0.803560
test,20760,1,0.630838
test,20761,1,0.254441
test,20762,1,0.794893
test,20763,1,0.664925
test,20764,1,0.816061
test,20765,1,0.517725
test,20766,1,0.667337
test,20767,1,0.936072
test,20768,1,0.284664
test,20769,1,0.569816
test,20770,1,0.962843
test,20771,1,0.741465
test,20772,1,0.960013
test,20773,1,0.775396
test,20774,1,0.714388
test,20775,1,0.728332
test,20776,1,0.897988
test,20777,1,0.600024
test,20778,1,0.681114
test,20779,1,0.773981
test,20780,1,0.645105
test,20781,1,0.748310
test,20782,1,0.810136
test,20783,1,0.685393
test,20784,1,0.957891
test,20785,1,0.884058
test,20786,1,0.818673
test,20787,1,0.971955
test,20788,1,0.936918
test,20789,1,0.696604
test,20790,1,0.856501
test,20791,1,0.786378
test,20792,1,0.702792
test,20793,1,0.728061
test,20794,1,0.917846
test,20795,1,0.617005
test,20796,1,0.829007
test,20797,1,0.699962
test,20798,1,0.671902
test,20799,1,0.931517
test,20800,1,0.810980
test,20801,1,0.845551
test,20802,1,0.695556
test,20803,1,0.290720
test,20804,1,0.993655
test,20805,1,0.818457
test,20806,1,0.243040
test,20807,1,0.464991
test,20808,1,0.702576
test,20809,1,0.598428
test,20810,1,0.943189
test,20811,1,0.568277
test,20812,1,0.827151
test,20813,1,0.721694
test,20814,1,0.717431
test,20815,1,0.879955
test,20816,1,0.819691
test,20817,1,0.563000
test,20818,1,0.929108
test,20819,1,0.930600
test,20820,1,0.378347
test,20821,1,0.396562
test,20822,1,0.912771
test,20823,1,0.794278
test,20824,1,0.761363
test,20825,1,0.779367
test,20826,1,0.852215
test,20827,1,0.800380
test,20828,1,0.622851
test,20829,1,0.657423
test,20830,1,0.730458
test,20831,1,0.866290
test,20832,1,0.928623
test,20833,1,0.878858
test,20834,1,0.880641
test,20835,1,0.605134
test,20836,1,0.749862
test,20837,1,0.554012
test,20838,1,0.673925
test,20839,1,0.431139
test,20840,1,0.635065
test,20841,1,0.686599
test,20842,1,0.916403
test,20843,1,0.560829
test,20844,1,0.316167
test,20845,1,0.885124
test,20846,1,0.855865
test,20847,1,0.516391
test,20848,1,0.977890
test,20849,1,0.890773
test,20850,1,0.762504
test,20851,1,0.568261
test,20852,1,0.840545
test,20853,1,0.724831
test,20854,1,0.687044
test,20855,1,0.934379
test,20856,1,0.898535
test,20857,1,0.578779
test,20858,1,0.528129
test,20859,1,0.849802
test,20860,1,0.803429
test,20861,1,0.675032
test,20862,1,0.808974
test,20863,1,0.708754
test,20864,1,0.694456
test,20865,1,0.756874
test,20866,1,0.970912
test,20867,1,0.397448
test,20868,1,0.846259
test,20869,1,0.727019
test,20870,1,0.838473
test,20871,1,0.859572
test,20872,1,0.917666
test,20873,1,0.439308
test,20874,1,0.830148
test,20875,1,0.875439
test,20876,1,0.604786
test,20877,1,0.644733
test,20878,1,0.582810
test,20879,1,0.826107
test,20880,1,0.907146
test,20881,1,0.482164
test,20882,1,0.649538
test,20883,1,0.852496
test,20884,1,0.820594
test,20885,1,0.773531
test,20886,1,0.814082
test,20887,1,0.747061
test,20888,1,0.806750
test,20889,1,0.862262
test,20890,1,0.743960
test,20891,1,0.674401
test,20892,1,0.764192
test,20893,1,0.879688
test,20894,1,0.745443
test,20895,1,0.898801
test,20896,1,0.944782
test,20897,1,0.904144
test,20898,1,0.941505
test,20899,1,0.932029
test,20900,1,0.710360
test,20901,1,0.797099
test,20902,1,0.791747
test,20903,1,0.726402
test,20904,1,0.871050
test,20905,1,0.583484
test,20906,1,0.766945
test,20907,1,0.445926
test,20908,1,0.550034
test,20909,1,0.194275
test,20910,1,0.805994
test,20911,1,0.515833
test,20912,1,0.646690
test,20913,1,0.831904
test,20914,1,0.983666
test,20915,1,0.942402
test,20916,1,0.958433
test,20917,1,0.711381
test,20918,1,0.846700
test,20919,1,0.590012
test,20920,1,0.868956
test,20921,1,0.526519
test,20922,1,0.616261
test,20923,1,0.535767
test,20924,1,0.688022
test,20925,1,0.528943
test,20926,1,0.322035
test,20927,1,0.898450
test,20928,1,0.852802
test,20929,1,0.776165
test,20930,1,0.601947
test,20931,1,0.621672
test,20932,1,0.851790
test,20933,1,0.799934
test,20934,1,0.730514
test,20935,1,0.788840
test,20936,1,0.831341
test,20937,1,0.774487
test,20938,1,0.772202
test,20939,1,0.738651
test,20940,1,0.940250
test,20941,1,0.895086
test,20942,1,0.929163
test,20943,1,0.930143
test,20944,1,0.864275
test,20945,1,0.705958
test,20946,1,0.660992
test,20947,1,0.870307
test,20948,1,0.672031
test,20949,1,0.853474
test,20950,1,0.660462
test,20951,1,0.693524
test,20952,1,0.396783
test,20953,1,0.258413
test,20954,1,0.697093
test,20955,1,0.665003
test,20956,1,0.521223
test,20957,1,0.258413
test,20958,1,0.261968
test,20959,1,0.670066
test,20960,1,0.502894
test,20961,1,0.421890
test,20962,1,0.762682
test,20963,1,0.508801
test,20964,1,0.698814
test,20965,1,0.759675
test,20966,1,0.849368
test,20967,1,0.914964
test,20968,1,0.841479
test,20969,1,0.917933
test,20970,1,0.772622
test,20971,1,0.879176
test,20972,1,0.881496
test,20973,1,0.632493
test,20974,1,0.614707
test,20975,1,0.624817
test,20976,1,0.944806
test,20977,1,0.756602
test,20978,1,0.555306
test,20979,1,0.566487
test,20980,1,0.899696
test,20981,1,0.896097
test,20982,1,0.648655
test,20983,1,0.651192
test,20984,1,0.419243
test,20985,1,0.740902
test,20986,1,0.726655
test,20987,1,0.809467
test,20988,1,0.583002
test,20989,1,0.812795
test,20990,1,0.740784
test,20991,1,0.556852
test,20992,1,0.352538
test,20993,1,0.319742
test,20994,1,0.539640
test,20995,1,0.843662
test,20996,1,0.846587
test,20997,1,0.722638
test,20998,1,0.774316
test,20999,1,0.943373
test,21000,1,0.767367
test,21001,1,0.630193
test,21002,1,0.601071
test,21003,1,0.767467
test,21004,1,0.528969
test,21005,1,0.885924
test,21006,1,0.743702
test,21007,1,0.534692
test,21008,1,0.316106
test,21009,1,0.856140
test,21010,1,0.860582
test,21011,1,0.458179
test,21012,1,0.635568
test,21013,1,0.462101
test,21014,1,0.676479
test,21015,1,0.878209
test,21016,1,0.615212
test,21017,1,0.649846
test,21018,1,0.754888
test,21019,1,0.670396
test,21020,1,0.573961
test,21021,1,0.686826
test,21022,1,0.850658
test,21023,1,0.653708
test,21024,1,0.744155
test,21025,1,0.764100
test,21026,1,0.978730
test,21027,1,0.977005
test,21028,1,0.735727
test,21029,1,0.939489
test,21030,1,0.588039
test,21031,1,0.762399
test,21032,1,0.544938
test,21033,1,0.882030
test,21034,1,0.777753
test,21035,1,0.779199
test,21036,1,0.698892
test,21037,1,0.667056
test,21038,1,0.500878
test,21039,1,0.485981
test,21040,1,0.786110
test,21041,1,0.752114
test,21042,1,0.831640
test,21043,1,0.815973
test,21044,1,0.874527
test,21045,1,0.975373
test,21046,1,0.884734
test,21047,1,0.949045
test,21048,1,0.873770
test,21049,1,0.862702
test,21050,1,0.847495
test,21051,1,0.835712
test,21052,1,0.717299
test,21053,1,0.630974
test,21054,1,0.545831
test,21055,1,0.434073
test,21056,1,0.888813
test,21057,1,0.366470
test,21058,1,0.562316
test,21059,1,0.661205
test,21060,1,0.473231
test,21061,1,0.910192
test,21062,1,0.522956
test,21063,1,0.763213
test,21064,1,0.814830
test,21065,1,0.677091
test,21066,1,0.567296
test,21067,1,0.786351
test,21068,1,0.654535
test,21069,1,0.917195
test,21070,1,0.879716
test,21071,1,0.870692
test,21072,1,0.683346
test,21073,1,0.666010
test,21074,1,0.917885
test,21075,1,0.672953
test,21076,1,0.902912
test,21077,1,0.761494
test,21078,1,0.666668
test,21079,1,0.768584
test,21080,1,0.743620
test,21081,1,0.748492
test,21082,1,0.737001
test,21083,1,0.785369
test,21084,1,0.792291
test,21085,1,0.859881
test,21086,1,0.643721
test,21087,1,0.808331
test,21088,1,0.884061
test,21089,1,0.652318
test,21090,1,0.548305
test,21091,1,0.846718
test,21092,1,0.919354
test,21093,1,0.828093
test,21094,1,0.587042
test,21095,1,0.841616
test,21096,1,0.806675
test,21097,1,0.746069
test,21098,1,0.448763
test,21099,1,0.417940
test,21100,1,0.961469
test,21101,1,0.624674
test,21102,1,0.743571
test,21103,1,0.430648
test,21104,1,0.930333
test,21105,1,0.805516
test,21106,1,0.930784
test,21107,1,0.786442
test,21108,1,0.910924
test,21109,1,0.876112
test,21110,1,0.558906
test,21111,1,0.610536
test,21112,1,0.800095
test,21113,1,0.784387
test,21114,1,0.733739
test,21115,1,0.671872
test,21116,1,0.462101
test,21117,1,0.856379
test,21118,1,0.567952
test,21119,1,0.608556
test,21120,1,0.719827
test,21121,1,0.823929
test,21122,1,0.698970
test,21123,1,0.519545
test,21124,1,0.730150
test,21125,1,0.509533
test,21126,1,0.899586
test,21127,1,0.568373
test,21128,1,0.663633
test,21129,1,0.328526
test,21130,1,0.637519
test,21131,1,0.610848
test,21132,1,0.679389
test,21133,1,0.833491
test,21134,1,0.811167
test,21135,1,0.553604
test,21136,1,0.877390
test,21137,1,0.782818
test,21138,1,0.881940
test,21139,1,0.872226
test,21140,1,0.813030
test,21141,1,0.736577
test,21142,1,0.892181
test,21143,1,0.809793
test,21144,1,0.962630
test,21145,1,0.759662
test,21146,1,0.492015
test,21147,1,0.605347
test,21148,1,0.590279
test,21149,1,0.917614
test,21150,1,0.452267
test,21151,1,0.938030
test,21152,1,0.887175
test,21153,1,0.508686
test,21154,1,0.390982
test,21155,1,0.434463
test,21156,1,0.890009
test,21157,1,0.655167
test,21158,1,0.795675
test,21159,1,0.563774
test,21160,1,0.722248
test,21161,1,0.593389
test,21162,1,0.857619
test,21163,1,0.581480
test,21164,1,0.780363
test,21165,1,0.618411
test,21166,1,0.759816
test,21167,1,0.556155
test,21168,1,0.714416
test,21169,1,0.256111
test,21170,1,0.627205
test,21171,1,0.803045
test,21172,1,0.632005
test,21173,1,0.823863
test,21174,1,0.618760
test,21175,1,0.823772
test,21176,1,0.868463
test,21177,1,0.829452
test,21178,1,0.837057
test,21179,1,0.869216
test,21180,1,0.501901
test,21181,1,0.698242
test,21182,1,0.845317
test,21183,1,0.644952
test,21184,1,0.970194
test,21185,1,0.945634
test,21186,1,0.419144
test,21187,1,0.648001
test,21188,1,0.797017
test,21189,1,0.826366
test,21190,1,0.741978
test,21191,1,0.862359
test,21192,1,0.868777
test,21193,1,0.813423
test,21194,1,0.749139
test,21195,1,0.667464
test,21196,1,0.702406
test,21197,1,0.955337
test,21198,1,0.624283
test,21199,1,0.580627
test,21200,1,0.783568
test,21201,1,0.863033
test,21202,1,0.898555
test,21203,1,0.624283
test,21204,1,0.480661
test,21205,1,0.667740
test,21206,1,0.398976
test,21207,1,0.597772
test,21208,1,0.365657
test,21209,1,0.559676
test,21210,1,0.903838
test,21211,1,0.892618
test,21212,1,0.816547
test,21213,1,0.822369
test,21214,1,0.925476
test,21215,1,0.889497
test,21216,1,0.908224
test,21217,1,0.722585
test,21218,1,0.897911
test,21219,1,0.430223
test,21220,1,0.715187
test,21221,1,0.847895
test,21222,1,0.839922
test,21223,1,0.738094
test,21224,1,0.743847
test,21225,1,0.608255
test,21226,1,0.583195
test,21227,1,0.737539
test,21228,1,0.522348
test,21229,1,0.835983
test,21230,1,0.685529
test,21231,1,0.901065
test,21232,1,0.856058
test,21233,1,0.947955
test,21234,1,0.893325
test,21235,1,0.898937
test,21236,1,0.812272
test,21237,1,0.797126
test,21238,1,0.779008
test,21239,1,0.710948
test,21240,1,0.825829
test,21241,1,0.731070
test,21242,1,0.879876
test,21243,1,0.894013
test,21244,1,0.820516
test,21245,1,0.869705
test,21246,1,0.837788
test,21247,1,0.734473
test,21248,1,0.650705
test,21249,1,0.710201
test,21250,1,0.854059
test,21251,1,0.392884
test,21252,1,0.837375
test,21253,1,0.402702
test,21254,1,0.631309
test,21255,1,0.562294
test,21256,1,0.887197
test,21257,1,0.801148
test,21258,1,0.543049
test,21259,1,0.803480
test,21260,1,0.966748
test,21261,1,0.623300
test,21262,1,0.888182
test,21263,1,0.902256
test,21264,1,0.336704
test,21265,1,0.951794
test,21266,1,0.867307
test,21267,1,0.572231
test,21268,1,0.759982
test,21269,1,0.667846
test,21270,1,0.848184
test,21271,1,0.629613
test,21272,1,0.763677
test,21273,1,0.710859
test,21274,1,0.588469
test,21275,1,0.802959
test,21276,1,0.848428
test,21277,1,0.658883
test,21278,1,0.438645
test,21279,1,0.814618
test,21280,1,0.860306
test,21281,1,0.744218
test,21282,1,0.847738
test,21283,1,0.959654
test,21284,1,0.249943
test,21285,1,0.547031
test,21286,1,0.444575
test,21287,1,0.756000
test,21288,1,0.581627
test,21289,1,0.939580
test,21290,1,0.656498
test,21291,1,0.937671
test,21292,1,0.956944
test,21293,1,0.639186
test,21294,1,0.758610
test,21295,1,0.650564
test,21296,1,0.681846
test,21297,1,0.915684
test,21298,1,0.916633
test,21299,1,0.708994
test,21300,1,0.718109
test,21301,1,0.837286
test,21302,1,0.676194
test,21303,1,0.824754
test,21304,1,0.546369
test,21305,1,0.758307
test,21306,1,0.924571
test,21307,1,0.882557
test,21308,1,0.912441
test,21309,1,0.729249
test,21310,1,0.853790
test,21311,1,0.829032
test,21312,1,0.584096
test,21313,1,0.930573
test,21314,1,0.761145
test,21315,1,0.530514
test,21316,1,0.692501
test,21317,1,0.910575
test,21318,1,0.872158
test,21319,1,0.611987
test,21320,1,0.770939
test,21321,1,0.830814
test,21322,1,0.745726
test,21323,1,0.862858
test,21324,1,0.446129
test,21325,1,0.937667
test,21326,1,0.882979
test,21327,1,0.790947
test,21328,1,0.304534
test,21329,1,0.784666
test,21330,1,0.754791
test,21331,1,0.469846
test,21332,1,0.891546
test,21333,1,0.909134
test,21334,1,0.771137
test,21335,1,0.923052
test,21336,1,0.825401
test,21337,1,0.416660
test,21338,1,0.649436
test,21339,1,0.766497
test,21340,1,0.653811
test,21341,1,0.805967
test,21342,1,0.859068
test,21343,1,0.822460
test,21344,1,0.790844
test,21345,1,0.755752
test,21346,1,0.693814
test,21347,1,0.758742
test,21348,1,0.897446
test,21349,1,0.690662
test,21350,1,0.654220
test,21351,1,0.512151
test,21352,1,0.781014
test,21353,1,0.778760
test,21354,1,0.983105
test,21355,1,0.390941
test,21356,1,0.815945
test,21357,1,0.851161
test,21358,1,0.864020
test,21359,1,0.776223
test,21360,1,0.792125
test,21361,1,0.828275
test,21362,1,0.740627
test,21363,1,0.881417
test,21364,1,0.908248
test,21365,1,0.508921
test,21366,1,0.965522
test,21367,1,0.885312
test,21368,1,0.813104
test,21369,1,0.936461
test,21370,1,0.610164
test,21371,1,0.581380
test,21372,1,0.911307
test,21373,1,0.722349
test,21374,1,0.665375
test,21375,1,0.857784
test,21376,1,0.602450
test,21377,1,0.403482
test,21378,1,0.514622
test,21379,1,0.711829
test,21380,1,0.538210
test,21381,1,0.896282
test,21382,1,0.772946
test,21383,1,0.838358
test,21384,1,0.802722
test,21385,1,0.860079
test,21386,1,0.835747
test,21387,1,0.457271
test,21388,1,0.951310
test,21389,1,0.861469
test,21390,1,0.855297
test,21391,1,0.813169
test,21392,1,0.817023
test,21393,1,0.724781
test,21394,1,0.964063
test,21395,1,0.846532
test,21396,1,0.830822
test,21397,1,0.630925
test,21398,1,0.567799
test,21399,1,0.818492
test,21400,1,0.799114
test,21401,1,0.497664
test,21402,1,0.584818
test,21403,1,0.541222
test,21404,1,0.568961
test,21405,1,0.764777
test,21406,1,0.889113
test,21407,1,0.670606
test,21408,1,0.746802
test,21409,1,0.668577
test,21410,1,0.743843
test,21411,1,0.818300
test,21412,1,0.676470
test,21413,1,0.532216
test,21414,1,0.927091
test,21415,1,0.871871
test,21416,1,0.723655
test,21417,1,0.744411
test,21418,1,0.343322
test,21419,1,0.653114
test,21420,1,0.589872
test,21421,1,0.825535
test,21422,1,0.875440
test,21423,1,0.408769
test,21424,1,0.789624
test,21425,1,0.845425
test,21426,1,0.918800
test,21427,1,0.639259
test,21428,1,0.915524
test,21429,1,0.955988
test,21430,1,0.872641
test,21431,1,0.464849
test,21432,1,0.861238
test,21433,1,0.815122
test,21434,1,0.651994
test,21435,1,0.815772
test,21436,1,0.927071
test,21437,1,0.874851
test,21438,1,0.782264
test,21439,1,0.875599
test,21440,1,0.830686
test,21441,1,0.841277
test,21442,1,0.931062
test,21443,1,0.844802
test,21444,1,0.664239
test,21445,1,0.435450
test,21446,1,0.815338
test,21447,1,0.782918
test,21448,1,0.897397
test,21449,1,0.848176
test,21450,1,0.639502
test,21451,1,0.745464
test,21452,1,0.813582
test,21453,1,0.600225
test,21454,1,0.751723
test,21455,1,0.635832
test,21456,1,0.387288
test,21457,1,0.772244
test,21458,1,0.573794
test,21459,1,0.701030
test,21460,1,0.901963
test,21461,1,0.950836
test,21462,1,0.679935
test,21463,1,0.715286
test,21464,1,0.876339
test,21465,1,0.731790
test,21466,1,0.900997
test,21467,1,0.690299
test,21468,1,0.726398
test,21469,1,0.961115
test,21470,1,0.454673
test,21471,1,0.653121
test,21472,1,0.910155
test,21473,1,0.512290
test,21474,1,0.612181
test,21475,1,0.619930
test,21476,1,0.900076
test,21477,1,0.580318
test,21478,1,0.705684
test,21479,1,0.447093
test,21480,1,0.533824
test,21481,1,0.946652
test,21482,1,0.829159
test,21483,1,0.461899
test,21484,1,0.909379
test,21485,1,0.939033
test,21486,1,0.790401
test,21487,1,0.964626
test,21488,1,0.859529
test,21489,1,0.902656
test,21490,1,0.933515
test,21491,1,0.883930
test,21492,1,0.674203
test,21493,1,0.805099
test,21494,1,0.603440
test,21495,1,0.496381
test,21496,1,0.814950
test,21497,1,0.507772
test,21498,1,0.404689
test,21499,1,0.670654
test,21500,1,0.863029
test,21501,1,0.846812
test,21502,1,0.931430
test,21503,1,0.970886
test,21504,1,0.899765
test,21505,1,0.827514
test,21506,1,0.749160
test,21507,1,0.927156
test,21508,1,0.870549
test,21509,1,0.635559
test,21510,1,0.450242
test,21511,1,0.608353
test,21512,1,0.827326
test,21513,1,0.965546
test,21514,1,0.934650
test,21515,1,0.921683
test,21516,1,0.417038
test,21517,1,0.507829
test,21518,1,0.609025
test,21519,1,0.523677
test,21520,1,0.756696
test,21521,1,0.620518
test,21522,1,0.913763
test,21523,1,0.571052
test,21524,1,0.739272
test,21525,1,0.905905
test,21526,1,0.643600
test,21527,1,0.394218
test,21528,1,0.770262
test,21529,1,0.251505
test,21530,1,0.809396
test,21531,1,0.482054
test,21532,1,0.950378
test,21533,1,0.570496
test,21534,1,0.943329
test,21535,1,0.603524
test,21536,1,0.901378
test,21537,1,0.936493
test,21538,1,0.345474
test,21539,1,0.848997
test,21540,1,0.208287
test,21541,1,0.970997
test,21542,1,0.790199
test,21543,1,0.812847
test,21544,1,0.544464
test,21545,1,0.848381
test,21546,1,0.910610
test,21547,1,0.854682
test,21548,1,0.947972
test,21549,1,0.651989
test,21550,1,0.805668
test,21551,1,0.706160
test,21552,1,0.820980
test,21553,1,0.806348
test,21554,1,0.627464
test,21555,1,0.859415
test,21556,1,0.688439
test,21557,1,0.369644
test,21558,1,0.768057
test,21559,1,0.330390
test,21560,1,0.496204
test,21561,1,0.920469
test,21562,1,0.910472
test,21563,1,0.544113
test,21564,1,0.796896
test,21565,1,0.844973
test,21566,1,0.682714
test,21567,1,0.793200
test,21568,1,0.780121
test,21569,1,0.759625
test,21570,1,0.708942
test,21571,1,0.810941
test,21572,1,0.543250
test,21573,1,0.813118
test,21574,1,0.250658
test,21575,1,0.395142
test,21576,1,0.918877
test,21577,1,0.344028
test,21578,1,0.789034
test,21579,1,0.609549
test,21580,1,0.837126
test,21581,1,0.937466
test,21582,1,0.577265
test,21583,1,0.859919
test,21584,1,0.775205
test,21585,1,0.899072
test,21586,1,0.733312
test,21587,1,0.938557
test,21588,1,0.712276
test,21589,1,0.969907
test,21590,1,0.908636
test,21591,1,0.890167
test,21592,1,0.771353
test,21593,1,0.829045
test,21594,1,0.928860
test,21595,1,0.647644
test,21596,1,0.911219
test,21597,1,0.915188
test,21598,1,0.580853
test,21599,1,0.842949
test,21600,1,0.393353
test,21601,1,0.950419
test,21602,1,0.985769
test,21603,1,0.762345
test,21604,1,0.820283
test,21605,1,0.735307
test,21606,1,0.899405
test,21607,1,0.666296
test,21608,1,0.910645
test,21609,1,0.905960
test,21610,1,0.644689
test,21611,1,0.623050
test,21612,1,0.685083
test,21613,1,0.500781
test,21614,1,0.754279
test,21615,1,0.728857
test,21616,1,0.617590
test,21617,1,0.870064
test,21618,1,0.954547
test,21619,1,0.803085
test,21620,1,0.701265
test,21621,1,0.761431
test,21622,1,0.686527
test,21623,1,0.835485
test,21624,1,0.786776
test,21625,1,0.957500
test,21626,1,0.662383
test,21627,1,0.921982
test,21628,1,0.862142
test,21629,1,0.913510
test,21630,1,0.674847
test,21631,1,0.768830
test,21632,1,0.847291
test,21633,1,0.860613
test,21634,1,0.709091
test,21635,1,0.770230
test,21636,1,0.716150
test,21637,1,0.681603
test,21638,1,0.861963
test,21639,1,0.813790
test,21640,1,0.752390
test,21641,1,0.588148
test,21642,1,0.407386
test,21643,1,0.461230
test,21644,1,0.687270
test,21645,1,0.840249
test,21646,1,0.709377
test,21647,1,0.779213
test,21648,1,0.560227
test,21649,1,0.803864
test,21650,1,0.816738
test,21651,1,0.807910
test,21652,1,0.792741
test,21653,1,0.790647
test,21654,1,0.876788
test,21655,1,0.820916
test,21656,1,0.568397
test,21657,1,0.522495
test,21658,1,0.599408
test,21659,1,0.500953
test,21660,1,0.690695
test,21661,1,0.768481
test,21662,1,0.839785
test,21663,1,0.641850
test,21664,1,0.973482
test,21665,1,0.927132
test,21666,1,0.820944
test,21667,1,0.591266
test,21668,1,0.658881
test,21669,1,0.972743
test,21670,1,0.726502
test,21671,1,0.731780
test,21672,1,0.978335
test,21673,1,0.747149
test,21674,1,0.811488
test,21675,1,0.590265
test,21676,1,0.908859
test,21677,1,0.860689
test,21678,1,0.932682
test,21679,1,0.753716
test,21680,1,0.747442
test,21681,1,0.866715
test,21682,1,0.591451
test,21683,1,0.809692
test,21684,1,0.789078
test,21685,1,0.906412
test,21686,1,0.863799
test,21687,1,0.874096
test,21688,1,0.928472
test,21689,1,0.977020
test,21690,1,0.940466
test,21691,1,0.882855
test,21692,1,0.902292
test,21693,1,0.755822
test,21694,1,0.874233
test,21695,1,0.926075
test,21696,1,0.923078
test,21697,1,0.606701
test,21698,1,0.607072
test,21699,1,0.276093
test,21700,1,0.624470
test,21701,1,0.942695
test,21702,1,0.846227
test,21703,1,0.788375
test,21704,1,0.866262
test,21705,1,0.804117
test,21706,1,0.940380
test,21707,1,0.773394
test,21708,1,0.699336
test,21709,1,0.648688
test,21710,1,0.604210
test,21711,1,0.933486
test,21712,1,0.915441
test,21713,1,0.974455
test,21714,1,0.813592
test,21715,1,0.601671
test,21716,1,0.835488
test,21717,1,0.632972
test,21718,1,0.878341
test,21719,1,0.857153
test,21720,1,0.676143
test,21721,1,0.641321
test,21722,1,0.656582
test,21723,1,0.654606
test,21724,1,0.884899
test,21725,1,0.918796
test,21726,1,0.957093
test,21727,1,0.778126
test,21728,1,0.835792
test,21729,1,0.737884
test,21730,1,0.745833
test,21731,1,0.938502
test,21732,1,0.934835
test,21733,1,0.936697
test,21734,1,0.759600
test,21735,1,0.686692
test,21736,1,0.952929
test,21737,1,0.918504
test,21738,1,0.794037
test,21739,1,0.981028
test,21740,1,0.846890
test,21741,1,0.696858
test,21742,1,0.803403
test,21743,1,0.354377
test,21744,1,0.358405
test,21745,1,0.729973
test,21746,1,0.821117
test,21747,1,0.789713
test,21748,1,0.699485
test,21749,1,0.376836
test,21750,1,0.899067
test,21751,1,0.914104
test,21752,1,0.691663
test,21753,1,0.792190
test,21754,1,0.904940
test,21755,1,0.491059
test,21756,1,0.644475
test,21757,1,0.689161
test,21758,1,0.795161
test,21759,1,0.864553
test,21760,1,0.621144
test,21761,1,0.709769
test,21762,1,0.839806
test,21763,1,0.868050
test,21764,1,0.387721
test,21765,1,0.842675
test,21766,1,0.819941
test,21767,1,0.832088
test,21768,1,0.826959
test,21769,1,0.448598
test,21770,1,0.717871
test,21771,1,0.864207
test,21772,1,0.931584
test,21773,1,0.764526
test,21774,1,0.946183
test,21775,1,0.931643
test,21776,1,0.705437
test,21777,1,0.889759
test,21778,1,0.610220
test,21779,1,0.774184
test,21780,1,0.774071
test,21781,1,0.672232
test,21782,1,0.886194
test,21783,1,0.860012
test,21784,1,0.693239
test,21785,1,0.917882
test,21786,1,0.556178
test,21787,1,0.313397
test,21788,1,0.812165
test,21789,1,0.549699
test,21790,1,0.852747
test,21791,1,0.944337
test,21792,1,0.968405
test,21793,1,0.919982
test,21794,1,0.833565
test,21795,1,0.804914
test,21796,1,0.851290
test,21797,1,0.967443
test,21798,1,0.893057
test,21799,1,0.588149
test,21800,1,0.850206
test,21801,1,0.962301
test,21802,1,0.924200
test,21803,1,0.926053
test,21804,1,0.635097
test,21805,1,0.831726
test,21806,1,0.840337
test,21807,1,0.693891
test,21808,1,0.833169
test,21809,1,0.723009
test,21810,1,0.597130
test,21811,1,0.659881
test,21812,1,0.718768
test,21813,1,0.933044
test,21814,1,0.887834
test,21815,1,0.605136
test,21816,1,0.555052
test,21817,1,0.701770
test,21818,1,0.585762
test,21819,1,0.798328
test,21820,1,0.636502
test,21821,1,0.524436
test,21822,1,0.728091
test,21823,1,0.564067
test,21824,1,0.446199
test,21825,1,0.568820
test,21826,1,0.844376
test,21827,1,0.888684
test,21828,1,0.658975
test,21829,1,0.841615
test,21830,1,0.524623
test,21831,1,0.629036
test,21832,1,0.646837
test,21833,1,0.533899
test,21834,1,0.963564
test,21835,1,0.884924
test,21836,1,0.851253
test,21837,1,0.792141
test,21838,1,0.560072
test,21839,1,0.510733
test,21840,1,0.828893
test,21841,1,0.796743
test,21842,1,0.911140
test,21843,1,0.650866
test,21844,1,0.940819
test,21845,1,0.907952
test,21846,1,0.524200
test,21847,1,0.805785
test,21848,1,0.928867
test,21849,1,0.835187
test,21850,1,0.754923
test,21851,1,0.792939
test,21852,1,0.669765
test,21853,1,0.949265
test,21854,1,0.751156
test,21855,1,0.887597
test,21856,1,0.951301
test,21857,1,0.627979
test,21858,1,0.826827
test,21859,1,0.407778
test,21860,1,0.929514
test,21861,1,0.649561
test,21862,1,0.271486
test,21863,1,0.465264
test,21864,1,0.719222
test,21865,1,0.855711
test,21866,1,0.865733
test,21867,1,0.519929
test,21868,1,0.892231
test,21869,1,0.747916
test,21870,1,0.790485
test,21871,1,0.900707
test,21872,1,0.502637
test,21873,1,0.541592
test,21874,1,0.769602
test,21875,1,0.650618
test,21876,1,0.470734
test,21877,1,0.348250
test,21878,1,0.663067
test,21879,1,0.798689
test,21880,1,0.696327
test,21881,1,0.752959
test,21882,1,0.792410
test,21883,1,0.850706
test,21884,1,0.287367
test,21885,1,0.843214
test,21886,1,0.775788
test,21887,1,0.681529
test,21888,1,0.938880
test,21889,1,0.504337
test,21890,1,0.870049
test,21891,1,0.741063
test,21892,1,0.679265
test,21893,1,0.500898
test,21894,1,0.860550
test,21895,1,0.539011
test,21896,1,0.832851
test,21897,1,0.738541
test,21898,1,0.962156
test,21899,1,0.928071
test,21900,1,0.743259
test,21901,1,0.867527
test,21902,1,0.640851
test,21903,1,0.741224
test,21904,1,0.884465
test,21905,1,0.763137
test,21906,1,0.825663
test,21907,1,0.731324
test,21908,1,0.875254
test,21909,1,0.813931
test,21910,1,0.501658
test,21911,1,0.638344
test,21912,1,0.957614
test,21913,1,0.631728
test,21914,1,0.837980
test,21915,1,0.973825
test,21916,1,0.979653
test,21917,1,0.814249
test,21918,1,0.759585
test,21919,1,0.498383
test,21920,1,0.494644
test,21921,1,0.375151
test,21922,1,0.594339
test,21923,1,0.442001
test,21924,1,0.506763
test,21925,1,0.755438
test,21926,1,0.227928
test,21927,1,0.657159
test,21928,1,0.407646
test,21929,1,0.454651
test,21930,1,0.606566
test,21931,1,0.432885
test,21932,1,0.242366
test,21933,1,0.925818
test,21934,1,0.682450
test,21935,1,0.257587
test,21936,1,0.461794
test,21937,1,0.764684
test,21938,1,0.543096
test,21939,1,0.878384
test,21940,1,0.817925
test,21941,1,0.455648
test,21942,1,0.835259
test,21943,1,0.887265
test,21944,1,0.541604
test,21945,1,0.739431
test,21946,1,0.774699
test,21947,1,0.732821
test,21948,1,0.911082
test,21949,1,0.891717
test,21950,1,0.974612
test,21951,1,0.717234
test,21952,1,0.388712
test,21953,1,0.696863
test,21954,1,0.839865
test,21955,1,0.766840
test,21956,1,0.912572
test,21957,1,0.882545
test,21958,1,0.889495
test,21959,1,0.874053
test,21960,1,0.971310
test,21961,1,0.879512
test,21962,1,0.889076
test,21963,1,0.525713
test,21964,1,0.508195
test,21965,1,0.690993
test,21966,1,0.585649
test,21967,1,0.912980
test,21968,1,0.706627
test,21969,1,0.791249
test,21970,1,0.929120
test,21971,1,0.958535
test,21972,1,0.592598
test,21973,1,0.687233
test,21974,1,0.879833
test,21975,1,0.828586
test,21976,1,0.503613
test,21977,1,0.767946
test,21978,1,0.802360
test,21979,1,0.760910
test,21980,1,0.315594
test,21981,1,0.833852
test,21982,1,0.503287
test,21983,1,0.650344
test,21984,1,0.432616
test,21985,1,0.618633
test,21986,1,0.848155
test,21987,1,0.301971
test,21988,1,0.848477
test,21989,1,0.640056
test,21990,1,0.952264
test,21991,1,0.582966
test,21992,1,0.635553
test,21993,1,0.622098
test,21994,1,0.931238
test,21995,1,0.703053
test,21996,1,0.851038
test,21997,1,0.776310
test,21998,1,0.533774
test,21999,1,0.904559
test,22000,1,0.860618
test,22001,1,0.894672
test,22002,1,0.809946
test,22003,1,0.868205
test,22004,1,0.782029
test,22005,1,0.458783
test,22006,1,0.826823
test,22007,1,0.834755
test,22008,1,0.741453
test,22009,1,0.711734
test,22010,1,0.554557
test,22011,1,0.654236
test,22012,1,0.555124
test,22013,1,0.832895
test,22014,1,0.818977
test,22015,1,0.767882
test,22016,1,0.642155
test,22017,1,0.682104
test,22018,1,0.777183
test,22019,1,0.924234
test,22020,1,0.837187
test,22021,1,0.766037
test,22022,1,0.507021
test,22023,1,0.861120
test,22024,1,0.231482
test,22025,1,0.399515
test,22026,1,0.544202
test,22027,1,0.448709
test,22028,1,0.802267
test,22029,1,0.930489
test,22030,1,0.802936
test,22031,1,0.965795
test,22032,1,0.951883
test,22033,1,0.409152
test,22034,1,0.883766
test,22035,1,0.935901
test,22036,1,0.780971
test,22037,1,0.939443
test,22038,1,0.944756
test,22039,1,0.805783
test,22040,1,0.839868
test,22041,1,0.557842
test,22042,1,0.861475
test,22043,1,0.937131
test,22044,1,0.941202
test,22045,1,0.888549
test,22046,1,0.884398
test,22047,1,0.856178
test,22048,1,0.866242
test,22049,1,0.919977
test,22050,1,0.683510
test,22051,1,0.711596
test,22052,1,0.947345
test,22053,1,0.784099
test,22054,1,0.901236
test,22055,1,0.690169
test,22056,1,0.836991
test,22057,1,0.730923
test,22058,1,0.717889
test,22059,1,0.640158
test,22060,1,0.516486
test,22061,1,0.906048
test,22062,1,0.836501
test,22063,1,0.931517
test,22064,1,0.875766
test,22065,1,0.659976
test,22066,1,0.742780
test,22067,1,0.552675
test,22068,1,0.645431
test,22069,1,0.865314
test,22070,1,0.883037
test,22071,1,0.796552
test,22072,1,0.743969
test,22073,1,0.834334
test,22074,1,0.626928
test,22075,1,0.362401
test,22076,1,0.906978
test,22077,1,0.503253
test,22078,1,0.560706
test,22079,1,0.257091
test,22080,1,0.928359
test,22081,1,0.817641
test,22082,1,0.724772
test,22083,1,0.891673
test,22084,1,0.543657
test,22085,1,0.841719
test,22086,1,0.785429
test,22087,1,0.843459
test,22088,1,0.810546
test,22089,1,0.952143
test,22090,1,0.748095
test,22091,1,0.759470
test,22092,1,0.846611
test,22093,1,0.690665
test,22094,1,0.784180
test,22095,1,0.342795
test,22096,1,0.807463
test,22097,1,0.626767
test,22098,1,0.694598
test,22099,1,0.710883
test,22100,1,0.607090
test,22101,1,0.770960
test,22102,1,0.980116
test,22103,1,0.944027
test,22104,1,0.936690
test,22105,1,0.789615
test,22106,1,0.719592
test,22107,1,0.887876
test,22108,1,0.824114
test,22109,1,0.954061
test,22110,1,0.698411
test,22111,1,0.705387
test,22112,1,0.763434
test,22113,1,0.476219
test,22114,1,0.461975
test,22115,1,0.598851
test,22116,1,0.543213
test,22117,1,0.603769
test,22118,1,0.850397
test,22119,1,0.690835
test,22120,1,0.543418
test,22121,1,0.257699
test,22122,1,0.699484
test,22123,1,0.332095
test,22124,1,0.876113
test,22125,1,0.782265
test,22126,1,0.617750
test,22127,1,0.804319
test,22128,1,0.703632
test,22129,1,0.718900
test,22130,1,0.700445
test,22131,1,0.580791
test,22132,1,0.797041
test,22133,1,0.451091
test,22134,1,0.348611
test,22135,1,0.174094
test,22136,1,0.766804
test,22137,1,0.837033
test,22138,1,0.514231
test,22139,1,0.819330
test,22140,1,0.578594
test,22141,1,0.723018
test,22142,1,0.361448
test,22143,1,0.926307
test,22144,1,0.614954
test,22145,1,0.782903
test,22146,1,0.925444
test,22147,1,0.539081
test,22148,1,0.637771
test,22149,1,0.756663
test,22150,1,0.812462
test,22151,1,0.954142
test,22152,1,0.889255
test,22153,1,0.832832
test,22154,1,0.352368
test,22155,1,0.940847
test,22156,1,0.591488
test,22157,1,0.933902
test,22158,1,0.747904
test,22159,1,0.888091
test,22160,1,0.745065
test,22161,1,0.843552
test,22162,1,0.954975
test,22163,1,0.472323
test,22164,1,0.660393
test,22165,1,0.842006
test,22166,1,0.624266
test,22167,1,0.833453
test,22168,1,0.953348
test,22169,1,0.901336
test,22170,1,0.955899
test,22171,1,0.927832
test,22172,1,0.979149
test,22173,1,0.813648
test,22174,1,0.897640
test,22175,1,0.898900
test,22176,1,0.693946
test,22177,1,0.792474
test,22178,1,0.935698
test,22179,1,0.845579
test,22180,1,0.708685
test,22181,1,0.915178
test,22182,1,0.526630
test,22183,1,0.967235
test,22184,1,0.854459
test,22185,1,0.785324
test,22186,1,0.900660
test,22187,1,0.626320
test,22188,1,0.903461
test,22189,1,0.928942
test,22190,1,0.866385
test,22191,1,0.587407
test,22192,1,0.443686
test,22193,1,0.788999
test,22194,1,0.922856
test,22195,1,0.290578
test,22196,1,0.769121
test,22197,1,0.715386
test,22198,1,0.812949
test,22199,1,0.761498
test,22200,1,0.868024
test,22201,1,0.611955
test,22202,1,0.914948
test,22203,1,0.775178
test,22204,1,0.974406
test,22205,1,0.747966
test,22206,1,0.878181
test,22207,1,0.754610
test,22208,1,0.498461
test,22209,1,0.721816
test,22210,1,0.807906
test,22211,1,0.922098
test,22212,1,0.515331
test,22213,1,0.920553
test,22214,1,0.672977
test,22215,1,0.960945
test,22216,1,0.518547
test,22217,1,0.768095
test,22218,1,0.808866
test,22219,1,0.812891
test,22220,1,0.881590
test,22221,1,0.761471
test,22222,1,0.838052
test,22223,1,0.760530
test,22224,1,0.630715
test,22225,1,0.749982
test,22226,1,0.455943
test,22227,1,0.491899
test,22228,1,0.221859
test,22229,1,0.935450
test,22230,1,0.851764
test,22231,1,0.869526
test,22232,1,0.754933
test,22233,1,0.867756
test,22234,1,0.717989
test,22235,1,0.972910
test,22236,1,0.846768
test,22237,1,0.497907
test,22238,1,0.689191
test,22239,1,0.674473
test,22240,1,0.614310
test,22241,1,0.819870
test,22242,1,0.620047
test,22243,1,0.646800
test,22244,1,0.637194
test,22245,1,0.809295
test,22246,1,0.731282
test,22247,1,0.944185
test,22248,1,0.721406
test,22249,1,0.797962
test,22250,1,0.833517
test,22251,1,0.441868
test,22252,1,0.711913
test,22253,1,0.746985
test,22254,1,0.841123
test,22255,1,0.516948
test,22256,1,0.558970
test,22257,1,0.413600
test,22258,1,0.717421
test,22259,1,0.687661
test,22260,1,0.568668
test,22261,1,0.419617
test,22262,1,0.989004
test,22263,1,0.822756
test,22264,1,0.567613
test,22265,1,0.773007
test,22266,1,0.900223
test,22267,1,0.837279
test,22268,1,0.758063
test,22269,1,0.426417
test,22270,1,0.737046
test,22271,1,0.959188
test,22272,1,0.549648
test,22273,1,0.288417
test,22274,1,0.917760
test,22275,1,0.743433
test,22276,1,0.675811
test,22277,1,0.711573
test,22278,1,0.917608
test,22279,1,0.814304
test,22280,1,0.856474
test,22281,1,0.696772
test,22282,1,0.889040
test,22283,1,0.922847
test,22284,1,0.756534
test,22285,1,0.793664
test,22286,1,0.649394
test,22287,1,0.881836
test,22288,1,0.933728
test,22289,1,0.800275
test,22290,1,0.618609
test,22291,1,0.866171
test,22292,1,0.328129
test,22293,1,0.630049
test,22294,1,0.419951
test,22295,1,0.265156
test,22296,1,0.867542
test,22297,1,0.731646
test,22298,1,0.189433
test,22299,1,0.778415
test,22300,1,0.702629
test,22301,1,0.891324
test,22302,1,0.706345
test,22303,1,0.862536
test,22304,1,0.782106
test,22305,1,0.954954
test,22306,1,0.863078
test,22307,1,0.890393
test,22308,1,0.682664
test,22309,1,0.883636
test,22310,1,0.949453
test,22311,1,0.718489
test,22312,1,0.932308
test,22313,1,0.798633
test,22314,1,0.835824
test,22315,1,0.914033
test,22316,1,0.611578
test,22317,1,0.520701
test,22318,1,0.914033
test,22319,1,0.736268
test,22320,1,0.393113
test,22321,1,0.902750
test,22322,1,0.562170
test,22323,1,0.814112
test,22324,1,0.787571
test,22325,1,0.881530
test,22326,1,0.713983
test,22327,1,0.738320
test,22328,1,0.738450
test,22329,1,0.869239
test,22330,1,0.428203
test,22331,1,0.949813
test,22332,1,0.920248
test,22333,1,0.752642
test,22334,1,0.410272
test,22335,1,0.504387
test,22336,1,0.606766
test,22337,1,0.920504
test,22338,1,0.922663
test,22339,1,0.874436
test,22340,1,0.814571
test,22341,1,0.716997
test,22342,1,0.646815
test,22343,1,0.591375
test,22344,1,0.700552
test,22345,1,0.860335
test,22346,1,0.899330
test,22347,1,0.843239
test,22348,1,0.519351
test,22349,1,0.857855
test,22350,1,0.698101
test,22351,1,0.291268
test,22352,1,0.884182
test,22353,1,0.675063
test,22354,1,0.944636
test,22355,1,0.729514
test,22356,1,0.911567
test,22357,1,0.820847
test,22358,1,0.667503
test,22359,1,0.928236
test,22360,1,0.764493
test,22361,1,0.883900
test,22362,1,0.351953
test,22363,1,0.829574
test,22364,1,0.523901
test,22365,1,0.732893
test,22366,1,0.911623
test,22367,1,0.720470
test,22368,1,0.860504
test,22369,1,0.696204
test,22370,1,0.519705
test,22371,1,0.692694
test,22372,1,0.822995
test,22373,1,0.865636
test,22374,1,0.914789
test,22375,1,0.650719
test,22376,1,0.821329
test,22377,1,0.860213
test,22378,1,0.948551
test,22379,1,0.907345
test,22380,1,0.808637
test,22381,1,0.854422
test,22382,1,0.524178
test,22383,1,0.569483
test,22384,1,0.640999
test,22385,1,0.603394
test,22386,1,0.657069
test,22387,1,0.535984
test,22388,1,0.823738
test,22389,1,0.889691
test,22390,1,0.661648
test,22391,1,0.508968
test,22392,1,0.719693
test,22393,1,0.695594
test,22394,1,0.726246
test,22395,1,0.505733
test,22396,1,0.936795
test,22397,1,0.460947
test,22398,1,0.955584
test,22399,1,0.701075
test,22400,1,0.908231
test,22401,1,0.467166
test,22402,1,0.288671
test,22403,1,0.784603
test,22404,1,0.709660
test,22405,1,0.843132
test,22406,1,0.567334
test,22407,1,0.495405
test,22408,1,0.907165
test,22409,1,0.989914
test,22410,1,0.842325
test,22411,1,0.526460
test,22412,1,0.421799
test,22413,1,0.651320
test,22414,1,0.834360
test,22415,1,0.483876
test,22416,1,0.808285
test,22417,1,0.720262
test,22418,1,0.513879
test,22419,1,0.894042
test,22420,1,0.678036
test,22421,1,0.652526
test,22422,1,0.637624
test,22423,1,0.604348
test,22424,1,0.935532
test,22425,1,0.829029
test,22426,1,0.795645
test,22427,1,0.434211
test,22428,1,0.886186
test,22429,1,0.626444
test,22430,1,0.556981
test,22431,1,0.426501
test,22432,1,0.627206
test,22433,1,0.903155
test,22434,1,0.965720
test,22435,1,0.859080
test,22436,1,0.835112
test,22437,1,0.801460
test,22438,1,0.909690
test,22439,1,0.708518
test,22440,1,0.948430
test,22441,1,0.974376
test,22442,1,0.945900
test,22443,1,0.643454
test,22444,1,0.926962
test,22445,1,0.849046
test,22446,1,0.891676
test,22447,1,0.922919
test,22448,1,0.960427
test,22449,1,0.857112
test,22450,1,0.917026
test,22451,1,0.907761
test,22452,1,0.933714
test,22453,1,0.934754
test,22454,1,0.897116
test,22455,1,0.683219
test,22456,1,0.890116
test,22457,1,0.973882
test,22458,1,0.699247
test,22459,1,0.898750
test,22460,1,0.536882
test,22461,1,0.844992
test,22462,1,0.215163
test,22463,1,0.511493
test,22464,1,0.968580
test,22465,1,0.748251
test,22466,1,0.694329
test,22467,1,0.870779
test,22468,1,0.584389
test,22469,1,0.337873
test,22470,1,0.672610
test,22471,1,0.756882
test,22472,1,0.873422
test,22473,1,0.776645
test,22474,1,0.880097
test,22475,1,0.427484
test,22476,1,0.763491
test,22477,1,0.863987
test,22478,1,0.446420
test,22479,1,0.771591
test,22480,1,0.567319
test,22481,1,0.940484
test,22482,1,0.806578
test,22483,1,0.825750
test,22484,1,0.825313
test,22485,1,0.785475
test,22486,1,0.881159
test,22487,1,0.867599
test,22488,1,0.781537
test,22489,1,0.378427
test,22490,1,0.823377
test,22491,1,0.911813
test,22492,1,0.551449
test,22493,1,0.848466
test,22494,1,0.888207
test,22495,1,0.883436
test,22496,1,0.529767
test,22497,1,0.676958
test,22498,1,0.817324
test,22499,1,0.913928
test,22500,1,0.740571
test,22501,1,0.863725
test,22502,1,0.817196
test,22503,1,0.770415
test,22504,1,0.473825
test,22505,1,0.906192
test,22506,1,0.935510
test,22507,1,0.713306
test,22508,1,0.710421
test,22509,1,0.552340
test,22510,1,0.674356
test,22511,1,0.826940
test,22512,1,0.913196
test,22513,1,0.691345
test,22514,1,0.370019
test,22515,1,0.942211
test,22516,1,0.788886
test,22517,1,0.826190
test,22518,1,0.927183
test,22519,1,0.928735
test,22520,1,0.915619
test,22521,1,0.846228
test,22522,1,0.321183
test,22523,1,0.890188
test,22524,1,0.874204
test,22525,1,0.893366
test,22526,1,0.812361
test,22527,1,0.922827
test,22528,1,0.791138
test,22529,1,0.470152
test,22530,1,0.882696
test,22531,1,0.906289
test,22532,1,0.935189
test,22533,1,0.390329
test,22534,1,0.932750
test,22535,1,0.938797
test,22536,1,0.611768
test,22537,1,0.816453
test,22538,1,0.556900
test,22539,1,0.858921
test,22540,1,0.740832
test,22541,1,0.794707
test,22542,1,0.927264
test,22543,1,0.895533
test,22544,1,0.737171
test,22545,1,0.871597
test,22546,1,0.742923
test,22547,1,0.868703
test,22548,1,0.965566
test,22549,1,0.706720
test,22550,1,0.787676
test,22551,1,0.852548
test,22552,1,0.915420
test,22553,1,0.814787
test,22554,1,0.755623
test,22555,1,0.896499
test,22556,1,0.538418
test,22557,1,0.495897
test,22558,1,0.934321
test,22559,1,0.861325
test,22560,1,0.855156
test,22561,1,0.641699
test,22562,1,0.727580
test,22563,1,0.831386
test,22564,1,0.757540
test,22565,1,0.743300
test,22566,1,0.747825
test,22567,1,0.912755
test,22568,1,0.625243
test,22569,1,0.863535
test,22570,1,0.851363
test,22571,1,0.447342
test,22572,1,0.555472
test,22573,1,0.889354
test,22574,1,0.788728
test,22575,1,0.927991
test,22576,1,0.854411
test,22577,1,0.369594
test,22578,1,0.685651
test,22579,1,0.862295
test,22580,1,0.702549
test,22581,1,0.615456
test,22582,1,0.814105
test,22583,1,0.581694
test,22584,1,0.900235
test,22585,1,0.926541
test,22586,1,0.854323
test,22587,1,0.757740
test,22588,1,0.840010
test,22589,1,0.680686
test,22590,1,0.712040
test,22591,1,0.917194
test,22592,1,0.952006
test,22593,1,0.853075
test,22594,1,0.770688
test,22595,1,0.874591
test,22596,1,0.882491
test,22597,1,0.975230
test,22598,1,0.903175
test,22599,1,0.946169
test,22600,1,0.728565
test,22601,1,0.940673
test,22602,1,0.893092
test,22603,1,0.974822
test,22604,1,0.972373
test,22605,1,0.757963
test,22606,1,0.767230
test,22607,1,0.881683
test,22608,1,0.893615
test,22609,1,0.649264
test,22610,1,0.904304
test,22611,1,0.917711
test,22612,1,0.645691
test,22613,1,0.909369
test,22614,1,0.896211
test,22615,1,0.565455
test,22616,1,0.687683
test,22617,1,0.962533
test,22618,1,0.489001
test,22619,1,0.973072
test,22620,1,0.946983
test,22621,1,0.861631
test,22622,1,0.871989
test,22623,1,0.484707
test,22624,1,0.522569
test,22625,1,0.663039
test,22626,1,0.723490
test,22627,1,0.476451
test,22628,1,0.895841
test,22629,1,0.700425
test,22630,1,0.792096
test,22631,1,0.858535
test,22632,1,0.268836
test,22633,1,0.650822
test,22634,1,0.614065
test,22635,1,0.777224
test,22636,1,0.664579
test,22637,1,0.670975
test,22638,1,0.287913
test,22639,1,0.555180
test,22640,1,0.723708
test,22641,1,0.836235
test,22642,1,0.421752
test,22643,1,0.915896
test,22644,1,0.626364
test,22645,1,0.913441
test,22646,1,0.910983
test,22647,1,0.882811
test,22648,1,0.922632
test,22649,1,0.947491
test,22650,1,0.671706
test,22651,1,0.445653
test,22652,1,0.814578
test,22653,1,0.620783
test,22654,1,0.921787
test,22655,1,0.830694
test,22656,1,0.782255
test,22657,1,0.220111
test,22658,1,0.971551
test,22659,1,0.658299
test,22660,1,0.810887
test,22661,1,0.463333
test,22662,1,0.887262
test,22663,1,0.552023
test,22664,1,0.822137
test,22665,1,0.734287
test,22666,1,0.796991
test,22667,1,0.859545
test,22668,1,0.930024
test,22669,1,0.755606
test,22670,1,0.753838
test,22671,1,0.473801
test,22672,1,0.609423
test,22673,1,0.645101
test,22674,1,0.819291
test,22675,1,0.912643
test,22676,1,0.796628
test,22677,1,0.668103
test,22678,1,0.874964
test,22679,1,0.737021
test,22680,1,0.860236
test,22681,1,0.650597
test,22682,1,0.934119
test,22683,1,0.893422
test,22684,1,0.855838
test,22685,1,0.838624
test,22686,1,0.855107
test,22687,1,0.508345
test,22688,1,0.902224
test,22689,1,0.865384
test,22690,1,0.601118
test,22691,1,0.617891
test,22692,1,0.859823
test,22693,1,0.897641
test,22694,1,0.764256
test,22695,1,0.717494
test,22696,1,0.494560
test,22697,1,0.807185
test,22698,1,0.658709
test,22699,1,0.870940
test,22700,1,0.663272
test,22701,1,0.942069
test,22702,1,0.756786
test,22703,1,0.900784
test,22704,1,0.781227
test,22705,1,0.935623
test,22706,1,0.739070
test,22707,1,0.954699
test,22708,1,0.732018
test,22709,1,0.820725
test,22710,1,0.577461
test,22711,1,0.843693
test,22712,1,0.458970
test,22713,1,0.694749
test,22714,1,0.917699
test,22715,1,0.718978
test,22716,1,0.873132
test,22717,1,0.895494
test,22718,1,0.720668
test,22719,1,0.779479
test,22720,1,0.934052
test,22721,1,0.914581
test,22722,1,0.638995
test,22723,1,0.968318
test,22724,1,0.854750
test,22725,1,0.887946
test,22726,1,0.836839
test,22727,1,0.950211
test,22728,1,0.790850
test,22729,1,0.876715
test,22730,1,0.923713
test,22731,1,0.757587
test,22732,1,0.931817
test,22733,1,0.954575
test,22734,1,0.819740
test,22735,1,0.852216
test,22736,1,0.884352
test,22737,1,0.736266
test,22738,1,0.962239
test,22739,1,0.977036
test,22740,1,0.822591
test,22741,1,0.299164
test,22742,1,0.601817
test,22743,1,0.734406
test,22744,1,0.578276
test,22745,1,0.811357
test,22746,1,0.842086
test,22747,1,0.776310
test,22748,1,0.700021
test,22749,1,0.582484
test,22750,1,0.161286
test,22751,1,0.296676
test,22752,1,0.431806
test,22753,1,0.323167
test,22754,1,0.580447
test,22755,1,0.773092
test,22756,1,0.707822
test,22757,1,0.925253
test,22758,1,0.933952
test,22759,1,0.664613
test,22760,1,0.756152
test,22761,1,0.937423
test,22762,1,0.719124
test,22763,1,0.941738
test,22764,1,0.807412
test,22765,1,0.775391
test,22766,1,0.693440
test,22767,1,0.517006
test,22768,1,0.862840
test,22769,1,0.682813
test,22770,1,0.931467
test,22771,1,0.776244
test,22772,1,0.757245
test,22773,1,0.787098
test,22774,1,0.755704
test,22775,1,0.864530
test,22776,1,0.789188
test,22777,1,0.513422
test,22778,1,0.811094
test,22779,1,0.877465
test,22780,1,0.710571
test,22781,1,0.844753
test,22782,1,0.568451
test,22783,1,0.664417
test,22784,1,0.664769
test,22785,1,0.573383
test,22786,1,0.827639
test,22787,1,0.789805
test,22788,1,0.277140
test,22789,1,0.821261
test,22790,1,0.815695
test,22791,1,0.744565
test,22792,1,0.961612
test,22793,1,0.694419
test,22794,1,0.892192
test,22795,1,0.780592
test,22796,1,0.770096
test,22797,1,0.623733
test,22798,1,0.631339
test,22799,1,0.643150
test,22800,1,0.608471
test,22801,1,0.814401
test,22802,1,0.961819
test,22803,1,0.894941
test,22804,1,0.961123
test,22805,1,0.720420
test,22806,1,0.716292
test,22807,1,0.651664
test,22808,1,0.889045
test,22809,1,0.836926
test,22810,1,0.934939
test,22811,1,0.936705
test,22812,1,0.828544
test,22813,1,0.916899
test,22814,1,0.770924
test,22815,1,0.826945
test,22816,1,0.865934
test,22817,1,0.782921
test,22818,1,0.765801
test,22819,1,0.810531
test,22820,1,0.655697
test,22821,1,0.443636
test,22822,1,0.876995
test,22823,1,0.459459
test,22824,1,0.770621
test,22825,1,0.898085
test,22826,1,0.979109
test,22827,1,0.636020
test,22828,1,0.808448
test,22829,1,0.871413
test,22830,1,0.903005
test,22831,1,0.575050
test,22832,1,0.797016
test,22833,1,0.439993
test,22834,1,0.785569
test,22835,1,0.897608
test,22836,1,0.855459
test,22837,1,0.902100
test,22838,1,0.698842
test,22839,1,0.885186
test,22840,1,0.529182
test,22841,1,0.814545
test,22842,1,0.615240
test,22843,1,0.676273
test,22844,1,0.787777
test,22845,1,0.708698
test,22846,1,0.704058
test,22847,1,0.829003
test,22848,1,0.311166
test,22849,1,0.797535
test,22850,1,0.974466
test,22851,1,0.833941
test,22852,1,0.894588
test,22853,1,0.892470
test,22854,1,0.840510
test,22855,1,0.642681
test,22856,1,0.868338
test,22857,1,0.887562
test,22858,1,0.882339
test,22859,1,0.694042
test,22860,1,0.751425
test,22861,1,0.879996
test,22862,1,0.772334
test,22863,1,0.854267
test,22864,1,0.918093
test,22865,1,0.779693
test,22866,1,0.926896
test,22867,1,0.690262
test,22868,1,0.866524
test,22869,1,0.497618
test,22870,1,0.872677
test,22871,1,0.788480
test,22872,1,0.750650
test,22873,1,0.943951
test,22874,1,0.947289
test,22875,1,0.792915
test,22876,1,0.555928
test,22877,1,0.864319
test,22878,1,0.932485
test,22879,1,0.929936
test,22880,1,0.896127
test,22881,1,0.627581
test,22882,1,0.941052
test,22883,1,0.464017
test,22884,1,0.852799
test,22885,1,0.921393
test,22886,1,0.934865
test,22887,1,0.959543
test,22888,1,0.644808
test,22889,1,0.671933
test,22890,1,0.817516
test,22891,1,0.925348
test,22892,1,0.879129
test,22893,1,0.809361
test,22894,1,0.800039
test,22895,1,0.901532
test,22896,1,0.652910
test,22897,1,0.566492
test,22898,1,0.763434
test,22899,1,0.789240
test,22900,1,0.897846
test,22901,1,0.739467
test,22902,1,0.906647
test,22903,1,0.872344
test,22904,1,0.873630
test,22905,1,0.810830
test,22906,1,0.883457
test,22907,1,0.797592
test,22908,1,0.675078
test,22909,1,0.359966
test,22910,1,0.957794
test,22911,1,0.939158
test,22912,1,0.859745
test,22913,1,0.919724
test,22914,1,0.819694
test,22915,1,0.429232
test,22916,1,0.407261
test,22917,1,0.834728
test,22918,1,0.726094
test,22919,1,0.968139
test,22920,1,0.793825
test,22921,1,0.857818
test,22922,1,0.927814
test,22923,1,0.596340
test,22924,1,0.765530
test,22925,1,0.928124
test,22926,1,0.930319
test,22927,1,0.888040
test,22928,1,0.635586
test,22929,1,0.917905
test,22930,1,0.900588
test,22931,1,0.800042
test,22932,1,0.845401
test,22933,1,0.939987
test,22934,1,0.869340
test,22935,1,0.820365
test,22936,1,0.870069
test,22937,1,0.567852
test,22938,1,0.420497
test,22939,1,0.540777
test,22940,1,0.911237
test,22941,1,0.662076
test,22942,1,0.562689
test,22943,1,0.910855
test,22944,1,0.913028
test,22945,1,0.960734
test,22946,1,0.802283
test,22947,1,0.931983
test,22948,1,0.600089
test,22949,1,0.886921
test,22950,1,0.834542
test,22951,1,0.865107
test,22952,1,0.914831
test,22953,1,0.640743
test,22954,1,0.489426
test,22955,1,0.855819
test,22956,1,0.880851
test,22957,1,0.555370
test,22958,1,0.778538
test,22959,1,0.592209
test,22960,1,0.680493
test,22961,1,0.769514
test,22962,1,0.621025
test,22963,1,0.547573
test,22964,1,0.514534
test,22965,1,0.872914
test,22966,1,0.879217
test,22967,1,0.587547
test,22968,1,0.238468
test,22969,1,0.635957
test,22970,1,0.522544
test,22971,1,0.820242
test,22972,1,0.481117
test,22973,1,0.816242
test,22974,1,0.671537
test,22975,1,0.726464
test,22976,1,0.798229
test,22977,1,0.546839
test,22978,1,0.716047
test,22979,1,0.695453
test,22980,1,0.879240
test,22981,1,0.866364
test,22982,1,0.820597
test,22983,1,0.959828
test,22984,1,0.824647
test,22985,1,0.411285
test,22986,1,0.261996
test,22987,1,0.398844
test,22988,1,0.904894
test,22989,1,0.789127
test,22990,1,0.865139
test,22991,1,0.918436
test,22992,1,0.774517
test,22993,1,0.669204
test,22994,1,0.897214
test,22995,1,0.897678
test,22996,1,0.828849
test,22997,1,0.881742
test,22998,1,0.673508
test,22999,1,0.839600
test,23000,1,0.757418
test,23001,1,0.739161
test,23002,1,0.877200
test,23003,1,0.830286
test,23004,1,0.470662
test,23005,1,0.964472
test,23006,1,0.796706
test,23007,1,0.729432
test,23008,1,0.963946
test,23009,1,0.808370
test,23010,1,0.750940
test,23011,1,0.550995
test,23012,1,0.686442
test,23013,1,0.666804
test,23014,1,0.933778
test,23015,1,0.690562
test,23016,1,0.674498
test,23017,1,0.242206
test,23018,1,0.874895
test,23019,1,0.500180
test,23020,1,0.153307
test,23021,1,0.785693
test,23022,1,0.844043
test,23023,1,0.827033
test,23024,1,0.846160
test,23025,1,0.678226
test,23026,1,0.516393
test,23027,1,0.487262
test,23028,1,0.931264
test,23029,1,0.494689
test,23030,1,0.767995
test,23031,1,0.843550
test,23032,1,0.541343
test,23033,1,0.746184
test,23034,1,0.608498
test,23035,1,0.547870
test,23036,1,0.958487
test,23037,1,0.897530
test,23038,1,0.105138
test,23039,1,0.769453
test,23040,1,0.689905
test,23041,1,0.713667
test,23042,1,0.589314
test,23043,1,0.812039
test,23044,1,0.765503
test,23045,1,0.926350
test,23046,1,0.924842
test,23047,1,0.844986
test,23048,1,0.468968
test,23049,1,0.810899
test,23050,1,0.591155
test,23051,1,0.927288
test,23052,1,0.953823
test,23053,1,0.817392
test,23054,1,0.877930
test,23055,1,0.832798
test,23056,1,0.457016
test,23057,1,0.694047
test,23058,1,0.938527
test,23059,1,0.929512
test,23060,1,0.618249
test,23061,1,0.837840
test,23062,1,0.836789
test,23063,1,0.893372
test,23064,1,0.877077
test,23065,1,0.835121
test,23066,1,0.841033
test,23067,1,0.333682
test,23068,1,0.902263
test,23069,1,0.277828
test,23070,1,0.966650
test,23071,1,0.923937
test,23072,1,0.783406
test,23073,1,0.893055
test,23074,1,0.714846
test,23075,1,0.714092
test,23076,1,0.477901
test,23077,1,0.307497
test,23078,1,0.360402
test,23079,1,0.320135
test,23080,1,0.550982
test,23081,1,0.682686
test,23082,1,0.789550
test,23083,1,0.942259
test,23084,1,0.918366
test,23085,1,0.721298
test,23086,1,0.419356
test,23087,1,0.922119
test,23088,1,0.913382
test,23089,1,0.927974
test,23090,1,0.747361
test,23091,1,0.679394
test,23092,1,0.798079
test,23093,1,0.681793
test,23094,1,0.653009
test,23095,1,0.880366
test,23096,1,0.732452
test,23097,1,0.949992
test,23098,1,0.757377
test,23099,1,0.913442
test,23100,1,0.527210
test,23101,1,0.661838
test,23102,1,0.916094
test,23103,1,0.742687
test,23104,1,0.484121
test,23105,1,0.413669
test,23106,1,0.506593
test,23107,1,0.814778
test,23108,1,0.860859
test,23109,1,0.611419
test,23110,1,0.658397
test,23111,1,0.624748
test,23112,1,0.582137
test,23113,1,0.744523
test,23114,1,0.528883
test,23115,1,0.465745
test,23116,1,0.478990
test,23117,1,0.491055
test,23118,1,0.578800
test,23119,1,0.462366
test,23120,1,0.290269
test,23121,1,0.597051
test,23122,1,0.596782
test,23123,1,0.689571
test,23124,1,0.617481
test,23125,1,0.842618
test,23126,1,0.555646
test,23127,1,0.586345
test,23128,1,0.926471
test,23129,1,0.643775
test,23130,1,0.854868
test,23131,1,0.878355
test,23132,1,0.826786
test,23133,1,0.970822
test,23134,1,0.953492
test,23135,1,0.841156
test,23136,1,0.976856
test,23137,1,0.651543
test,23138,1,0.839771
test,23139,1,0.930933
test,23140,1,0.975382
test,23141,1,0.706201
test,23142,1,0.842056
test,23143,1,0.805246
test,23144,1,0.480107
test,23145,1,0.690352
test,23146,1,0.905027
test,23147,1,0.815755
test,23148,1,0.960630
test,23149,1,0.829006
test,23150,1,0.702679
test,23151,1,0.874590
test,23152,1,0.889718
test,23153,1,0.869233
test,23154,1,0.989774
test,23155,1,0.881726
test,23156,1,0.701539
test,23157,1,0.864315
test,23158,1,0.758314
test,23159,1,0.948793
test,23160,1,0.661827
test,23161,1,0.978002
test,23162,1,0.919038
test,23163,1,0.832601
test,23164,1,0.755881
test,23165,1,0.912057
test,23166,1,0.827378
test,23167,1,0.685893
test,23168,1,0.939507
test,23169,1,0.876444
test,23170,1,0.775593
test,23171,1,0.736754
test,23172,1,0.480689
test,23173,1,0.929856
test,23174,1,0.377872
test,23175,1,0.602612
test,23176,1,0.681374
test,23177,1,0.748332
test,23178,1,0.831042
test,23179,1,0.596146
test,23180,1,0.608316
test,23181,1,0.912458
test,23182,1,0.594786
test,23183,1,0.547790
test,23184,1,0.531553
test,23185,1,0.874298
test,23186,1,0.867878
test,23187,1,0.707222
test,23188,1,0.854384
test,23189,1,0.898086
test,23190,1,0.579373
test,23191,1,0.588403
test,23192,1,0.697299
test,23193,1,0.591470
test,23194,1,0.802014
test,23195,1,0.625739
test,23196,1,0.575225
test,23197,1,0.862689
test,23198,1,0.692821
test,23199,1,0.896264
test,23200,1,0.570749
test,23201,1,0.910842
test,23202,1,0.750240
test,23203,1,0.741098
test,23204,1,0.663589
test,23205,1,0.746835
test,23206,1,0.709199
test,23207,1,0.739397
test,23208,1,0.785394
test,23209,1,0.833554
test,23210,1,0.485809
test,23211,1,0.910987
test,23212,1,0.781950
test,23213,1,0.809733
test,23214,1,0.866480
test,23215,1,0.673803
test,23216,1,0.814597
test,23217,1,0.669255
test,23218,1,0.946459
test,23219,1,0.705871
test,23220,1,0.665948
test,23221,1,0.848229
test,23222,1,0.791156
test,23223,1,0.783468
test,23224,1,0.852757
test,23225,1,0.878457
test,23226,1,0.917224
test,23227,1,0.802540
test,23228,1,0.898163
test,23229,1,0.651922
test,23230,1,0.417957
test,23231,1,0.675983
test,23232,1,0.489527
test,23233,1,0.888928
test,23234,1,0.902908
test,23235,1,0.916888
test,23236,1,0.278324
test,23237,1,0.831792
test,23238,1,0.812583
test,23239,1,0.659697
test,23240,1,0.875887
test,23241,1,0.756825
test,23242,1,0.862138
test,23243,1,0.726731
test,23244,1,0.758774
test,23245,1,0.539239
test,23246,1,0.561473
test,23247,1,0.650133
test,23248,1,0.812987
test,23249,1,0.733643
test,23250,1,0.815559
test,23251,1,0.882083
test,23252,1,0.952288
test,23253,1,0.862721
test,23254,1,0.870231
test,23255,1,0.541148
test,23256,1,0.445591
test,23257,1,0.348090
test,23258,1,0.617967
test,23259,1,0.893436
test,23260,1,0.875080
test,23261,1,0.913771
test,23262,1,0.497269
test,23263,1,0.643823
test,23264,1,0.898422
test,23265,1,0.559640
test,23266,1,0.879051
test,23267,1,0.830891
test,23268,1,0.691512
test,23269,1,0.870436
test,23270,1,0.901995
test,23271,1,0.879386
test,23272,1,0.725629
test,23273,1,0.866098
test,23274,1,0.809005
test,23275,1,0.947023
test,23276,1,0.929563
test,23277,1,0.701185
test,23278,1,0.839801
test,23279,1,0.675059
test,23280,1,0.697980
test,23281,1,0.904970
test,23282,1,0.830346
test,23283,1,0.753222
test,23284,1,0.938824
test,23285,1,0.827342
test,23286,1,0.772877
test,23287,1,0.841695
test,23288,1,0.888559
test,23289,1,0.967969
test,23290,1,0.827342
test,23291,1,0.763874
test,23292,1,0.941818
test,23293,1,0.742724
test,23294,1,0.828550
test,23295,1,0.652728
test,23296,1,0.516313
test,23297,1,0.976826
test,23298,1,0.735198
test,23299,1,0.657373
test,23300,1,0.868210
test,23301,1,0.935661
test,23302,1,0.887065
test,23303,1,0.840803
test,23304,1,0.933229
test,23305,1,0.804212
test,23306,1,0.809772
test,23307,1,0.444183
test,23308,1,0.666174
test,23309,1,0.890318
test,23310,1,0.949593
test,23311,1,0.863771
test,23312,1,0.678414
test,23313,1,0.878044
test,23314,1,0.660353
test,23315,1,0.871263
test,23316,1,0.730239
test,23317,1,0.774658
test,23318,1,0.710825
test,23319,1,0.718064
test,23320,1,0.953051
test,23321,1,0.386455
test,23322,1,0.894076
test,23323,1,0.592554
test,23324,1,0.856170
test,23325,1,0.928140
test,23326,1,0.549114
test,23327,1,0.753528
test,23328,1,0.720768
test,23329,1,0.434416
test,23330,1,0.743635
test,23331,1,0.585816
test,23332,1,0.825860
test,23333,1,0.514234
test,23334,1,0.851956
test,23335,1,0.719835
test,23336,1,0.518651
test,23337,1,0.927904
test,23338,1,0.750257
test,23339,1,0.953112
test,23340,1,0.532163
test,23341,1,0.911590
test,23342,1,0.671781
test,23343,1,0.886195
test,23344,1,0.843161
test,23345,1,0.739943
test,23346,1,0.724255
test,23347,1,0.732509
test,23348,1,0.836748
test,23349,1,0.657577
test,23350,1,0.825355
test,23351,1,0.764215
test,23352,1,0.650885
test,23353,1,0.918609
test,23354,1,0.824584
test,23355,1,0.795493
test,23356,1,0.827319
test,23357,1,0.828112
test,23358,1,0.900800
test,23359,1,0.769449
test,23360,1,0.755214
test,23361,1,0.849881
test,23362,1,0.807540
test,23363,1,0.824933
test,23364,1,0.884178
test,23365,1,0.780661
test,23366,1,0.961739
test,23367,1,0.682000
test,23368,1,0.910414
test,23369,1,0.927647
test,23370,1,0.490230
test,23371,1,0.790923
test,23372,1,0.429630
test,23373,1,0.992830
test,23374,1,0.711732
test,23375,1,0.628736
test,23376,1,0.749916
test,23377,1,0.784150
test,23378,1,0.712301
test,23379,1,0.732310
test,23380,1,0.802404
test,23381,1,0.630712
test,23382,1,0.766948
test,23383,1,0.928619
test,23384,1,0.795684
test,23385,1,0.919276
test,23386,1,0.691991
test,23387,1,0.820835
test,23388,1,0.677606
test,23389,1,0.885525
test,23390,1,0.481625
test,23391,1,0.766061
test,23392,1,0.756184
test,23393,1,0.851548
test,23394,1,0.880607
test,23395,1,0.804939
test,23396,1,0.794495
test,23397,1,0.846610
test,23398,1,0.778160
test,23399,1,0.710254
test,23400,1,0.788381
test,23401,1,0.751068
test,23402,1,0.793968
test,23403,1,0.905955
test,23404,1,0.812256
test,23405,1,0.657077
test,23406,1,0.966502
test,23407,1,0.864283
test,23408,1,0.752917
test,23409,1,0.913887
test,23410,1,0.697181
test,23411,1,0.616267
test,23412,1,0.851996
test,23413,1,0.636550
test,23414,1,0.845673
test,23415,1,0.754405
test,23416,1,0.873265
test,23417,1,0.855324
test,23418,1,0.787041
test,23419,1,0.815100
test,23420,1,0.651733
test,23421,1,0.818588
test,23422,1,0.800940
test,23423,1,0.738593
test,23424,1,0.481209
test,23425,1,0.853651
test,23426,1,0.774608
test,23427,1,0.881210
test,23428,1,0.812275
test,23429,1,0.801550
test,23430,1,0.497374
test,23431,1,0.850184
test,23432,1,0.260340
test,23433,1,0.596153
test,23434,1,0.743954
test,23435,1,0.945528
test,23436,1,0.739150
test,23437,1,0.710362
test,23438,1,0.906078
test,23439,1,0.748963
test,23440,1,0.914754
test,23441,1,0.776931
test,23442,1,0.680752
test,23443,1,0.212039
test,23444,1,0.455442
test,23445,1,0.331079
test,23446,1,0.609575
test,23447,1,0.549063
test,23448,1,0.625341
test,23449,1,0.196856
test,23450,1,0.870877
test,23451,1,0.498811
test,23452,1,0.781710
test,23453,1,0.862309
test,23454,1,0.729472
test,23455,1,0.821315
test,23456,1,0.824046
test,23457,1,0.514319
test,23458,1,0.621809
test,23459,1,0.785158
test,23460,1,0.764657
test,23461,1,0.802502
test,23462,1,0.834340
test,23463,1,0.931335
test,23464,1,0.542402
test,23465,1,0.815646
test,23466,1,0.916897
test,23467,1,0.831939
test,23468,1,0.882287
test,23469,1,0.791925
test,23470,1,0.919303
test,23471,1,0.527007
test,23472,1,0.944292
test,23473,1,0.469110
test,23474,1,0.285043
test,23475,1,0.719001
test,23476,1,0.581345
test,23477,1,0.929582
test,23478,1,0.868958
test,23479,1,0.613064
test,23480,1,0.850617
test,23481,1,0.595162
test,23482,1,0.927405
test,23483,1,0.623724
test,23484,1,0.898985
test,23485,1,0.832716
test,23486,1,0.789283
test,23487,1,0.772558
test,23488,1,0.858651
test,23489,1,0.608306
test,23490,1,0.718422
test,23491,1,0.853248
test,23492,1,0.866348
test,23493,1,0.945350
test,23494,1,0.829466
test,23495,1,0.856378
test,23496,1,0.956779
test,23497,1,0.905617
test,23498,1,0.952053
test,23499,1,0.789106
test,23500,1,0.884328
test,23501,1,0.795477
test,23502,1,0.948369
test,23503,1,0.790913
test,23504,1,0.699902
test,23505,1,0.507393
test,23506,1,0.773207
test,23507,1,0.888167
test,23508,1,0.757150
test,23509,1,0.922437
test,23510,1,0.804766
test,23511,1,0.665003
test,23512,1,0.701471
test,23513,1,0.850310
test,23514,1,0.808425
test,23515,1,0.905969
test,23516,1,0.738314
test,23517,1,0.958085
test,23518,1,0.867939
test,23519,1,0.837899
test,23520,1,0.711257
test,23521,1,0.942410
test,23522,1,0.929830
test,23523,1,0.276639
test,23524,1,0.920617
test,23525,1,0.978317
test,23526,1,0.924479
test,23527,1,0.834847
test,23528,1,0.548665
test,23529,1,0.469902
test,23530,1,0.811290
test,23531,1,0.553642
test,23532,1,0.941047
test,23533,1,0.903763
test,23534,1,0.666776
test,23535,1,0.852372
test,23536,1,0.634416
test,23537,1,0.384740
test,23538,1,0.747028
test,23539,1,0.824697
test,23540,1,0.858507
test,23541,1,0.838027
test,23542,1,0.771877
test,23543,1,0.869768
test,23544,1,0.967565
test,23545,1,0.647577
test,23546,1,0.869556
test,23547,1,0.725957
test,23548,1,0.743912
test,23549,1,0.570253
test,23550,1,0.742755
test,23551,1,0.932638
test,23552,1,0.978064
test,23553,1,0.636993
test,23554,1,0.860963
test,23555,1,0.762652
test,23556,1,0.828273
test,23557,1,0.884329
test,23558,1,0.596298
test,23559,1,0.711235
test,23560,1,0.723760
test,23561,1,0.861100
test,23562,1,0.614493
test,23563,1,0.194769
test,23564,1,0.594090
test,23565,1,0.733792
test,23566,1,0.854167
test,23567,1,0.682731
test,23568,1,0.770173
test,23569,1,0.878067
test,23570,1,0.383220
test,23571,1,0.704864
test,23572,1,0.744668
test,23573,1,0.928689
test,23574,1,0.766860
test,23575,1,0.911927
test,23576,1,0.917860
test,23577,1,0.907933
test,23578,1,0.595567
test,23579,1,0.882627
test,23580,1,0.963546
test,23581,1,0.694665
test,23582,1,0.934545
test,23583,1,0.780023
test,23584,1,0.835690
test,23585,1,0.631589
test,23586,1,0.788643
test,23587,1,0.866560
test,23588,1,0.823489
test,23589,1,0.696991
test,23590,1,0.913073
test,23591,1,0.933260
test,23592,1,0.846027
test,23593,1,0.910071
test,23594,1,0.895968
test,23595,1,0.949998
test,23596,1,0.835893
test,23597,1,0.875581
test,23598,1,0.405952
test,23599,1,0.803054
test,23600,1,0.910589
test,23601,1,0.787072
test,23602,1,0.820529
test,23603,1,0.865520
test,23604,1,0.865547
test,23605,1,0.843473
test,23606,1,0.617056
test,23607,1,0.658532
test,23608,1,0.788290
test,23609,1,0.631099
test,23610,1,0.864817
test,23611,1,0.856880
test,23612,1,0.666137
test,23613,1,0.835364
test,23614,1,0.873158
test,23615,1,0.917756
test,23616,1,0.835538
test,23617,1,0.649618
test,23618,1,0.702605
test,23619,1,0.937740
test,23620,1,0.912119
test,23621,1,0.783221
test,23622,1,0.722309
test,23623,1,0.769630
test,23624,1,0.940175
test,23625,1,0.422282
test,23626,1,0.661003
test,23627,1,0.807659
test,23628,1,0.890809
test,23629,1,0.722796
test,23630,1,0.799476
test,23631,1,0.913774
test,23632,1,0.779825
test,23633,1,0.658136
test,23634,1,0.437324
test,23635,1,0.869602
test,23636,1,0.815828
test,23637,1,0.633996
test,23638,1,0.591261
test,23639,1,0.553281
test,23640,1,0.956689
test,23641,1,0.596531
test,23642,1,0.828409
test,23643,1,0.796299
test,23644,1,0.624428
test,23645,1,0.619476
test,23646,1,0.666703
test,23647,1,0.136860
test,23648,1,0.763204
test,23649,1,0.934713
test,23650,1,0.691635
test,23651,1,0.913559
test,23652,1,0.758592
test,23653,1,0.505389
test,23654,1,0.835457
test,23655,1,0.512880
test,23656,1,0.694366
test,23657,1,0.568473
test,23658,1,0.748242
test,23659,1,0.869663
test,23660,1,0.953940
test,23661,1,0.535964
test,23662,1,0.575071
test,23663,1,0.610789
test,23664,1,0.699746
test,23665,1,0.473137
test,23666,1,0.930422
test,23667,1,0.560451
test,23668,1,0.920660
test,23669,1,0.760549
test,23670,1,0.851556
test,23671,1,0.958572
test,23672,1,0.924689
test,23673,1,0.811495
test,23674,1,0.839034
test,23675,1,0.656937
test,23676,1,0.763157
test,23677,1,0.953244
test,23678,1,0.856317
test,23679,1,0.509185
test,23680,1,0.844893
test,23681,1,0.840872
test,23682,1,0.862590
test,23683,1,0.801159
test,23684,1,0.590299
test,23685,1,0.838188
test,23686,1,0.862802
test,23687,1,0.707483
test,23688,1,0.862292
test,23689,1,0.723911
test,23690,1,0.612792
test,23691,1,0.521376
test,23692,1,0.721638
test,23693,1,0.126695
test,23694,1,0.827195
test,23695,1,0.652822
test,23696,1,0.758978
test,23697,1,0.653301
test,23698,1,0.772352
test,23699,1,0.895946
test,23700,1,0.906413
test,23701,1,0.612187
test,23702,1,0.872998
test,23703,1,0.982023
test,23704,1,0.817691
test,23705,1,0.729844
test,23706,1,0.479803
test,23707,1,0.566979
test,23708,1,0.656643
test,23709,1,0.582925
test,23710,1,0.858854
test,23711,1,0.449386
test,23712,1,0.358637
test,23713,1,0.880637
test,23714,1,0.370930
test,23715,1,0.951680
test,23716,1,0.985942
test,23717,1,0.624950
test,23718,1,0.830187
test,23719,1,0.763025
test,23720,1,0.837460
test,23721,1,0.697656
test,23722,1,0.718547
test,23723,1,0.868283
test,23724,1,0.924555
test,23725,1,0.719792
test,23726,1,0.666872
test,23727,1,0.876234
test,23728,1,0.936429
test,23729,1,0.950357
test,23730,1,0.898265
test,23731,1,0.559925
test,23732,1,0.942008
test,23733,1,0.803871
test,23734,1,0.863290
test,23735,1,0.859360
test,23736,1,0.786164
test,23737,1,0.851191
test,23738,1,0.770110
test,23739,1,0.654324
test,23740,1,0.839280
test,23741,1,0.696993
test,23742,1,0.510939
test,23743,1,0.735585
test,23744,1,0.646367
test,23745,1,0.863980
test,23746,1,0.896392
test,23747,1,0.760761
test,23748,1,0.640158
test,23749,1,0.839384
test,23750,1,0.884396
test,23751,1,0.773225
test,23752,1,0.862775
test,23753,1,0.608826
test,23754,1,0.753345
test,23755,1,0.613799
test,23756,1,0.890921
test,23757,1,0.597501
test,23758,1,0.861105
test,23759,1,0.765800
test,23760,1,0.915813
test,23761,1,0.929702
test,23762,1,0.957558
test,23763,1,0.886149
test,23764,1,0.816812
test,23765,1,0.903650
test,23766,1,0.846911
test,23767,1,0.886926
test,23768,1,0.939666
test,23769,1,0.747151
test,23770,1,0.917377
test,23771,1,0.871541
test,23772,1,0.969225
test,23773,1,0.837447
test,23774,1,0.957890
test,23775,1,0.792734
test,23776,1,0.824513
test,23777,1,0.633096
test,23778,1,0.974908
test,23779,1,0.929367
test,23780,1,0.873930
test,23781,1,0.882385
test,23782,1,0.545070
test,23783,1,0.705675
test,23784,1,0.928401
test,23785,1,0.960480
test,23786,1,0.710556
test,23787,1,0.845700
test,23788,1,0.863952
test,23789,1,0.736196
test,23790,1,0.613123
test,23791,1,0.848251
test,23792,1,0.910112
test,23793,1,0.850061
test,23794,1,0.765059
test,23795,1,0.966301
test,23796,1,0.690905
test,23797,1,0.898901
test,23798,1,0.551248
test,23799,1,0.927988
test,23800,1,0.912696
test,23801,1,0.872977
test,23802,1,0.563898
test,23803,1,0.959608
test,23804,1,0.864983
test,23805,1,0.946478
test,23806,1,0.825057
test,23807,1,0.930254
test,23808,1,0.615701
test,23809,1,0.636765
test,23810,1,0.841542
test,23811,1,0.929954
test,23812,1,0.868531
test,23813,1,0.969088
test,23814,1,0.873331
test,23815,1,0.676987
test,23816,1,0.934061
test,23817,1,0.596956
test,23818,1,0.899284
test,23819,1,0.686449
test,23820,1,0.720052
test,23821,1,0.876201
test,23822,1,0.911196
test,23823,1,0.927896
test,23824,1,0.634742
test,23825,1,0.894129
test,23826,1,0.696886
test,23827,1,0.867828
test,23828,1,0.873790
test,23829,1,0.851283
test,23830,1,0.509386
test,23831,1,0.951837
test,23832,1,0.680793
test,23833,1,0.679024
test,23834,1,0.623453
test,23835,1,0.427799
test,23836,1,0.848682
test,23837,1,0.704785
test,23838,1,0.732185
test,23839,1,0.932303
test,23840,1,0.554369
test,23841,1,0.519267
test,23842,1,0.434222
test,23843,1,0.734110
test,23844,1,0.664258
test,23845,1,0.875939
test,23846,1,0.676793
test,23847,1,0.754021
test,23848,1,0.664314
test,23849,1,0.831661
test,23850,1,0.574949
test,23851,1,0.908661
test,23852,1,0.862722
test,23853,1,0.941789
test,23854,1,0.905569
test,23855,1,0.550645
test,23856,1,0.883106
test,23857,1,0.609443
test,23858,1,0.829140
test,23859,1,0.703371
test,23860,1,0.838526
test,23861,1,0.495893
test,23862,1,0.565948
test,23863,1,0.379315
test,23864,1,0.657796
test,23865,1,0.796620
test,23866,1,0.254788
test,23867,1,0.145138
test,23868,1,0.614930
test,23869,1,0.625037
test,23870,1,0.352945
test,23871,1,0.773442
test,23872,1,0.468072
test,23873,1,0.744763
test,23874,1,0.545336
test,23875,1,0.376749
test,23876,1,0.655303
test,23877,1,0.625597
test,23878,1,0.539630
test,23879,1,0.705525
test,23880,1,0.624650
test,23881,1,0.460728
test,23882,1,0.705379
test,23883,1,0.877401
test,23884,1,0.706947
test,23885,1,0.492294
test,23886,1,0.267168
test,23887,1,0.784883
test,23888,1,0.925259
test,23889,1,0.737452
test,23890,1,0.879818
test,23891,1,0.888630
test,23892,1,0.694413
test,23893,1,0.635086
test,23894,1,0.499670
test,23895,1,0.498596
test,23896,1,0.710125
test,23897,1,0.803830
test,23898,1,0.757847
test,23899,1,0.908380
test,23900,1,0.752984
test,23901,1,0.678591
test,23902,1,0.733891
test,23903,1,0.791918
test,23904,1,0.861496
test,23905,1,0.895011
test,23906,1,0.917708
test,23907,1,0.585049
test,23908,1,0.397731
test,23909,1,0.978815
test,23910,1,0.909193
test,23911,1,0.799731
test,23912,1,0.938563
test,23913,1,0.919240
test,23914,1,0.900148
test,23915,1,0.733241
test,23916,1,0.840952
test,23917,1,0.846329
test,23918,1,0.857573
test,23919,1,0.599566
test,23920,1,0.732723
test,23921,1,0.802723
test,23922,1,0.876536
test,23923,1,0.770597
test,23924,1,0.678288
test,23925,1,0.897394
test,23926,1,0.568343
test,23927,1,0.856408
test,23928,1,0.935574
test,23929,1,0.354312
test,23930,1,0.431916
test,23931,1,0.921339
test,23932,1,0.654353
test,23933,1,0.761814
test,23934,1,0.585027
test,23935,1,0.770771
test,23936,1,0.561561
test,23937,1,0.920922
test,23938,1,0.827306
test,23939,1,0.618733
test,23940,1,0.377555
test,23941,1,0.520487
test,23942,1,0.780513
test,23943,1,0.538149
test,23944,1,0.756101
test,23945,1,0.708504
test,23946,1,0.643383
test,23947,1,0.922812
test,23948,1,0.699425
test,23949,1,0.768820
test,23950,1,0.517481
test,23951,1,0.618400
test,23952,1,0.661666
test,23953,1,0.587604
test,23954,1,0.763707
test,23955,1,0.879187
test,23956,1,0.758467
test,23957,1,0.244539
test,23958,1,0.403547
test,23959,1,0.601533
test,23960,1,0.911628
test,23961,1,0.634812
test,23962,1,0.288719
test,23963,1,0.611267
test,23964,1,0.515233
test,23965,1,0.862845
test,23966,1,0.676092
test,23967,1,0.235648
test,23968,1,0.864804
test,23969,1,0.806440
test,23970,1,0.856970
test,23971,1,0.782705
test,23972,1,0.782441
test,23973,1,0.968734
test,23974,1,0.788217
test,23975,1,0.861914
test,23976,1,0.568718
test,23977,1,0.825442
test,23978,1,0.882820
test,23979,1,0.826396
test,23980,1,0.964387
test,23981,1,0.763071
test,23982,1,0.906597
test,23983,1,0.504764
test,23984,1,0.814360
test,23985,1,0.921958
test,23986,1,0.922662
test,23987,1,0.686715
test,23988,1,0.619874
test,23989,1,0.649373
test,23990,1,0.864384
test,23991,1,0.230793
test,23992,1,0.936678
test,23993,1,0.690656
test,23994,1,0.334537
test,23995,1,0.865239
test,23996,1,0.446080
test,23997,1,0.602851
test,23998,1,0.855142
test,23999,1,0.915622
test,24000,1,0.610699
test,24001,1,0.096048
test,24002,1,0.496872
test,24003,1,0.336576
test,24004,1,0.759591
test,24005,1,0.307131
test,24006,1,0.854907
test,24007,1,0.336871
test,24008,1,0.480387
test,24009,1,0.926374
test,24010,1,0.926106
test,24011,1,0.539973
test,24012,1,0.761716
test,24013,1,0.864968
test,24014,1,0.819801
test,24015,1,0.587110
test,24016,1,0.660146
test,24017,1,0.638870
test,24018,1,0.891110
test,24019,1,0.868773
test,24020,1,0.650559
test,24021,1,0.530671
test,24022,1,0.641288
test,24023,1,0.950054
test,24024,1,0.612965
test,24025,1,0.590861
test,24026,1,0.752648
test,24027,1,0.880545
test,24028,1,0.739535
test,24029,1,0.892082
test,24030,1,0.473576
test,24031,1,0.491322
test,24032,1,0.508649
test,24033,1,0.308884
test,24034,1,0.694182
test,24035,1,0.361431
test,24036,1,0.620067
test,24037,1,0.773365
test,24038,1,0.761926
test,24039,1,0.875871
test,24040,1,0.694054
test,24041,1,0.958139
test,24042,1,0.918796
test,24043,1,0.963735
test,24044,1,0.866393
test,24045,1,0.922282
test,24046,1,0.777114
test,24047,1,0.867379
test,24048,1,0.698502
test,24049,1,0.680768
test,24050,1,0.664518
test,24051,1,0.683147
test,24052,1,0.882373
test,24053,1,0.824698
test,24054,1,0.803292
test,24055,1,0.788710
test,24056,1,0.823947
test,24057,1,0.765133
test,24058,1,0.808604
test,24059,1,0.460839
test,24060,1,0.922240
test,24061,1,0.910599
test,24062,1,0.254305
test,24063,1,0.918749
test,24064,1,0.765698
test,24065,1,0.717981
test,24066,1,0.568645
test,24067,1,0.868399
test,24068,1,0.525082
test,24069,1,0.236241
test,24070,1,0.941416
test,24071,1,0.668945
test,24072,1,0.940402
test,24073,1,0.899278
test,24074,1,0.941538
test,24075,1,0.874158
test,24076,1,0.908110
test,24077,1,0.900843
test,24078,1,0.935922
test,24079,1,0.802075
test,24080,1,0.790294
test,24081,1,0.852019
test,24082,1,0.915810
test,24083,1,0.916774
test,24084,1,0.937687
test,24085,1,0.761692
test,24086,1,0.747101
test,24087,1,0.309318
test,24088,1,0.681452
test,24089,1,0.875939
test,24090,1,0.536967
test,24091,1,0.951061
test,24092,1,0.838952
test,24093,1,0.780010
test,24094,1,0.928393
test,24095,1,0.863072
test,24096,1,0.866586
test,24097,1,0.787277
test,24098,1,0.720280
test,24099,1,0.574155
test,24100,1,0.789050
test,24101,1,0.952289
test,24102,1,0.413120
test,24103,1,0.688577
test,24104,1,0.593201
test,24105,1,0.907574
test,24106,1,0.864826
test,24107,1,0.802074
test,24108,1,0.847985
test,24109,1,0.727975
test,24110,1,0.647428
test,24111,1,0.483708
test,24112,1,0.635201
test,24113,1,0.782793
test,24114,1,0.762206
test,24115,1,0.841506
test,24116,1,0.785571
test,24117,1,0.580067
test,24118,1,0.689890
test,24119,1,0.969221
test,24120,1,0.690934
test,24121,1,0.835953
test,24122,1,0.857235
test,24123,1,0.908765
test,24124,1,0.505997
test,24125,1,0.932270
test,24126,1,0.923347
test,24127,1,0.288694
test,24128,1,0.891286
test,24129,1,0.694618
test,24130,1,0.350034
test,24131,1,0.908004
test,24132,1,0.926882
test,24133,1,0.454880
test,24134,1,0.875085
test,24135,1,0.923320
test,24136,1,0.903318
test,24137,1,0.818366
test,24138,1,0.821765
test,24139,1,0.862078
test,24140,1,0.892048
test,24141,1,0.451178
test,24142,1,0.653295
test,24143,1,0.869620
test,24144,1,0.652653
test,24145,1,0.956764
test,24146,1,0.905492
test,24147,1,0.917577
test,24148,1,0.786350
test,24149,1,0.810895
test,24150,1,0.513736
test,24151,1,0.441644
test,24152,1,0.460137
test,24153,1,0.818582
test,24154,1,0.892110
test,24155,1,0.795544
test,24156,1,0.795544
test,24157,1,0.885127
test,24158,1,0.718340
test,24159,1,0.243577
test,24160,1,0.776063
test,24161,1,0.813111
test,24162,1,0.737339
test,24163,1,0.594188
test,24164,1,0.916907
test,24165,1,0.862564
test,24166,1,0.976071
test,24167,1,0.778230
test,24168,1,0.844828
test,24169,1,0.980004
test,24170,1,0.696101
test,24171,1,0.828238
test,24172,1,0.857796
test,24173,1,0.521595
test,24174,1,0.887816
test,24175,1,0.919448
test,24176,1,0.958840
test,24177,1,0.909955
test,24178,1,0.952800
test,24179,1,0.845107
test,24180,1,0.900345
test,24181,1,0.938733
test,24182,1,0.835984
test,24183,1,0.774498
test,24184,1,0.881398
test,24185,1,0.904754
test,24186,1,0.845922
test,24187,1,0.527874
test,24188,1,0.766853
test,24189,1,0.808217
test,24190,1,0.648260
test,24191,1,0.694323
test,24192,1,0.699015
test,24193,1,0.847024
test,24194,1,0.719135
test,24195,1,0.776104
test,24196,1,0.835108
test,24197,1,0.858274
test,24198,1,0.791525
test,24199,1,0.808091
test,24200,1,0.928197
test,24201,1,0.773738
test,24202,1,0.751822
test,24203,1,0.969817
test,24204,1,0.860884
test,24205,1,0.922851
test,24206,1,0.892801
test,24207,1,0.761613
test,24208,1,0.705247
test,24209,1,0.672790
test,24210,1,0.813128
test,24211,1,0.630069
test,24212,1,0.781929
test,24213,1,0.804119
test,24214,1,0.782490
test,24215,1,0.767127
test,24216,1,0.579214
test,24217,1,0.903512
test,24218,1,0.779534
test,24219,1,0.777404
test,24220,1,0.915064
test,24221,1,0.668484
test,24222,1,0.625623
test,24223,1,0.656602
test,24224,1,0.169552
test,24225,1,0.456343
test,24226,1,0.891290
test,24227,1,0.870135
test,24228,1,0.589008
test,24229,1,0.914298
test,24230,1,0.951043
test,24231,1,0.892833
test,24232,1,0.598490
test,24233,1,0.932317
test,24234,1,0.745092
test,24235,1,0.880022
test,24236,1,0.628021
test,24237,1,0.811424
test,24238,1,0.722330
test,24239,1,0.918864
test,24240,1,0.789387
test,24241,1,0.780865
test,24242,1,0.884267
test,24243,1,0.906329
test,24244,1,0.618214
test,24245,1,0.913902
test,24246,1,0.813884
test,24247,1,0.492623
test,24248,1,0.492623
test,24249,1,0.918864
test,24250,1,0.821263
test,24251,1,0.942811
test,24252,1,0.679424
test,24253,1,0.526483
test,24254,1,0.528553
test,24255,1,0.814800
test,24256,1,0.733580
test,24257,1,0.923921
test,24258,1,0.840410
test,24259,1,0.861125
test,24260,1,0.927339
test,24261,1,0.896937
test,24262,1,0.618277
test,24263,1,0.663014
test,24264,1,0.739574
test,24265,1,0.856255
test,24266,1,0.508228
test,24267,1,0.273252
test,24268,1,0.893991
test,24269,1,0.690281
test,24270,1,0.889166
test,24271,1,0.938846
test,24272,1,0.880118
test,24273,1,0.858438
test,24274,1,0.770689
test,24275,1,0.817706
test,24276,1,0.760767
test,24277,1,0.910246
test,24278,1,0.912334
test,24279,1,0.893073
test,24280,1,0.916497
test,24281,1,0.931678
test,24282,1,0.909047
test,24283,1,0.616433
test,24284,1,0.924659
test,24285,1,0.810613
test,24286,1,0.947553
test,24287,1,0.909279
test,24288,1,0.910635
test,24289,1,0.777590
test,24290,1,0.910438
test,24291,1,0.691675
test,24292,1,0.759569
test,24293,1,0.878192
test,24294,1,0.687781
test,24295,1,0.919528
test,24296,1,0.834626
test,24297,1,0.193876
test,24298,1,0.417506
test,24299,1,0.821713
test,24300,1,0.854339
test,24301,1,0.887411
test,24302,1,0.781824
test,24303,1,0.960910
test,24304,1,0.970124
test,24305,1,0.519553
test,24306,1,0.874237
test,24307,1,0.942118
test,24308,1,0.569358
test,24309,1,0.817183
test,24310,1,0.855578
test,24311,1,0.691285
test,24312,1,0.611331
test,24313,1,0.614141
test,24314,1,0.569005
test,24315,1,0.911493
test,24316,1,0.733462
test,24317,1,0.528392
test,24318,1,0.707113
test,24319,1,0.764581
test,24320,1,0.367253
test,24321,1,0.664678
test,24322,1,0.692027
test,24323,1,0.799091
test,24324,1,0.885419
test,24325,1,0.795779
test,24326,1,0.877072
test,24327,1,0.533905
test,24328,1,0.699678
test,24329,1,0.733894
test,24330,1,0.896386
test,24331,1,0.848852
test,24332,1,0.878715
test,24333,1,0.590490
test,24334,1,0.834554
test,24335,1,0.868198
test,24336,1,0.776817
test,24337,1,0.932322
test,24338,1,0.930691
test,24339,1,0.291779
test,24340,1,0.802202
test,24341,1,0.835533
test,24342,1,0.689747
test,24343,1,0.413632
test,24344,1,0.876761
test,24345,1,0.880214
test,24346,1,0.926603
test,24347,1,0.984787
test,24348,1,0.851748
test,24349,1,0.629329
test,24350,1,0.841433
test,24351,1,0.627959
test,24352,1,0.782263
test,24353,1,0.665506
test,24354,1,0.956059
test,24355,1,0.969494
test,24356,1,0.843770
test,24357,1,0.942105
test,24358,1,0.946718
test,24359,1,0.914280
test,24360,1,0.868087
test,24361,1,0.935843
test,24362,1,0.982244
test,24363,1,0.924483
test,24364,1,0.928002
test,24365,1,0.909057
test,24366,1,0.952393
test,24367,1,0.728659
test,24368,1,0.797488
test,24369,1,0.905116
test,24370,1,0.832824
test,24371,1,0.852458
test,24372,1,0.400009
test,24373,1,0.972938
test,24374,1,0.668001
test,24375,1,0.797789
test,24376,1,0.906267
test,24377,1,0.956597
test,24378,1,0.674091
test,24379,1,0.791584
test,24380,1,0.727983
test,24381,1,0.946725
test,24382,1,0.832259
test,24383,1,0.504143
test,24384,1,0.611216
test,24385,1,0.819978
test,24386,1,0.537614
test,24387,1,0.628541
test,24388,1,0.937684
test,24389,1,0.859042
test,24390,1,0.963946
test,24391,1,0.971580
test,24392,1,0.607670
test,24393,1,0.864341
test,24394,1,0.780952
test,24395,1,0.515880
test,24396,1,0.691576
test,24397,1,0.558352
test,24398,1,0.677046
test,24399,1,0.567078
test,24400,1,0.385902
test,24401,1,0.840272
test,24402,1,0.738443
test,24403,1,0.510914
test,24404,1,0.884246
test,24405,1,0.746225
test,24406,1,0.765626
test,24407,1,0.606762
test,24408,1,0.459252
test,24409,1,0.901936
test,24410,1,0.713250
test,24411,1,0.804788
test,24412,1,0.859152
test,24413,1,0.556551
test,24414,1,0.867857
test,24415,1,0.319408
test,24416,1,0.721834
test,24417,1,0.827489
test,24418,1,0.827787
test,24419,1,0.659326
test,24420,1,0.707090
test,24421,1,0.791158
test,24422,1,0.879559
test,24423,1,0.673995
test,24424,1,0.614962
test,24425,1,0.613602
test,24426,1,0.655313
test,24427,1,0.893085
test,24428,1,0.790317
test,24429,1,0.798863
test,24430,1,0.701799
test,24431,1,0.742744
test,24432,1,0.430310
test,24433,1,0.493165
test,24434,1,0.788674
test,24435,1,0.859447
test,24436,1,0.347619
test,24437,1,0.972632
test,24438,1,0.376553
test,24439,1,0.298226
test,24440,1,0.665005
test,24441,1,0.798392
test,24442,1,0.355162
test,24443,1,0.848842
test,24444,1,0.209380
test,24445,1,0.757470
test,24446,1,0.828830
test,24447,1,0.391317
test,24448,1,0.348490
test,24449,1,0.424440
test,24450,1,0.926094
test,24451,1,0.681095
test,24452,1,0.951901
test,24453,1,0.929700
test,24454,1,0.649761
test,24455,1,0.919656
test,24456,1,0.244178
test,24457,1,0.672525
test,24458,1,0.868325
test,24459,1,0.361913
test,24460,1,0.668834
test,24461,1,0.611704
test,24462,1,0.754363
test,24463,1,0.280175
test,24464,1,0.236681
test,24465,1,0.548472
test,24466,1,0.280063
test,24467,1,0.631017
test,24468,1,0.495106
test,24469,1,0.649824
test,24470,1,0.682483
test,24471,1,0.831951
test,24472,1,0.530003
test,24473,1,0.729244
test,24474,1,0.870321
test,24475,1,0.709777
test,24476,1,0.904028
test,24477,1,0.306983
test,24478,1,0.777568
test,24479,1,0.671014
test,24480,1,0.668729
test,24481,1,0.722058
test,24482,1,0.807984
test,24483,1,0.711692
test,24484,1,0.607999
test,24485,1,0.329452
test,24486,1,0.792831
test,24487,1,0.907241
test,24488,1,0.880249
test,24489,1,0.673470
test,24490,1,0.416145
test,24491,1,0.513667
test,24492,1,0.871647
test,24493,1,0.565049
test,24494,1,0.618532
test,24495,1,0.750428
test,24496,1,0.494099
test,24497,1,0.972338
test,24498,1,0.907193
test,24499,1,0.736840
test,24500,1,0.918841
test,24501,1,0.773967
test,24502,1,0.792796
test,24503,1,0.752279
test,24504,1,0.791201
test,24505,1,0.316166
test,24506,1,0.677525
test,24507,1,0.612157
test,24508,1,0.889797
test,24509,1,0.530255
test,24510,1,0.483710
test,24511,1,0.949857
test,24512,1,0.559530
test,24513,1,0.965595
test,24514,1,0.981382
test,24515,1,0.911261
test,24516,1,0.812751
test,24517,1,0.952884
test,24518,1,0.779302
test,24519,1,0.942344
test,24520,1,0.861471
test,24521,1,0.381314
test,24522,1,0.419905
test,24523,1,0.850435
test,24524,1,0.452394
test,24525,1,0.593845
test,24526,1,0.723589
test,24527,1,0.706626
test,24528,1,0.952798
test,24529,1,0.744338
test,24530,1,0.867716
test,24531,1,0.651816
test,24532,1,0.799218
test,24533,1,0.569469
test,24534,1,0.833078
test,24535,1,0.858760
test,24536,1,0.480315
test,24537,1,0.656944
test,24538,1,0.777233
test,24539,1,0.763347
test,24540,1,0.820000
test,24541,1,0.742798
test,24542,1,0.827644
test,24543,1,0.950890
test,24544,1,0.985129
test,24545,1,0.779588
test,24546,1,0.934975
test,24547,1,0.896534
test,24548,1,0.772560
test,24549,1,0.808094
test,24550,1,0.826316
test,24551,1,0.783785
test,24552,1,0.383826
test,24553,1,0.193616
test,24554,1,0.823016
test,24555,1,0.521678
test,24556,1,0.780308
test,24557,1,0.792200
test,24558,1,0.787590
test,24559,1,0.603942
test,24560,1,0.861796
test,24561,1,0.823776
test,24562,1,0.646391
test,24563,1,0.784457
test,24564,1,0.863097
test,24565,1,0.974170
test,24566,1,0.943172
test,24567,1,0.928857
test,24568,1,0.351312
test,24569,1,0.584667
test,24570,1,0.513851
test,24571,1,0.505279
test,24572,1,0.647281
test,24573,1,0.765538
test,24574,1,0.933269
test,24575,1,0.797279
test,24576,1,0.850702
test,24577,1,0.532918
test,24578,1,0.579704
test,24579,1,0.560890
test,24580,1,0.804772
test,24581,1,0.735084
test,24582,1,0.929216
test,24583,1,0.793211
test,24584,1,0.914732
test,24585,1,0.974527
test,24586,1,0.876536
test,24587,1,0.912777
test,24588,1,0.942997
test,24589,1,0.885168
test,24590,1,0.783731
test,24591,1,0.811863
test,24592,1,0.850526
test,24593,1,0.491256
test,24594,1,0.531365
test,24595,1,0.792240
test,24596,1,0.758404
test,24597,1,0.855114
test,24598,1,0.846653
test,24599,1,0.736500
test,24600,1,0.935056
test,24601,1,0.700791
test,24602,1,0.905001
test,24603,1,0.568942
test,24604,1,0.758303
test,24605,1,0.882957
test,24606,1,0.659241
test,24607,1,0.955754
test,24608,1,0.733321
test,24609,1,0.889121
test,24610,1,0.786358
test,24611,1,0.829919
test,24612,1,0.735273
test,24613,1,0.759632
test,24614,1,0.760008
test,24615,1,0.966895
test,24616,1,0.878624
test,24617,1,0.919270
test,24618,1,0.956924
test,24619,1,0.786161
test,24620,1,0.882602
test,24621,1,0.784030
test,24622,1,0.874894
test,24623,1,0.810902
test,24624,1,0.701499
test,24625,1,0.977662
test,24626,1,0.950930
test,24627,1,0.583745
test,24628,1,0.898457
test,24629,1,0.606752
test,24630,1,0.884221
test,24631,1,0.897779
test,24632,1,0.887596
test,24633,1,0.509672
test,24634,1,0.877070
test,24635,1,0.791952
test,24636,1,0.947729
test,24637,1,0.902218
test,24638,1,0.906291
test,24639,1,0.389053
test,24640,1,0.877287
test,24641,1,0.835393
test,24642,1,0.986099
test,24643,1,0.920848
test,24644,1,0.651447
test,24645,1,0.986304
test,24646,1,0.922784
test,24647,1,0.818539
test,24648,1,0.697191
test,24649,1,0.913754
test,24650,1,0.778266
test,24651,1,0.965938
test,24652,1,0.906485
test,24653,1,0.876934
test,24654,1,0.696083
test,24655,1,0.661398
test,24656,1,0.714865
test,24657,1,0.572037
test,24658,1,0.550488
test,24659,1,0.245631
test,24660,1,0.745163
test,24661,1,0.729571
test,24662,1,0.764865
test,24663,1,0.748853
test,24664,1,0.846654
test,24665,1,0.848516
test,24666,1,0.554268
test,24667,1,0.902341
test,24668,1,0.785918
test,24669,1,0.722998
test,24670,1,0.748257
test,24671,1,0.688513
test,24672,1,0.557833
test,24673,1,0.797515
test,24674,1,0.818956
test,24675,1,0.921752
test,24676,1,0.741272
test,24677,1,0.582696
test,24678,1,0.922779
test,24679,1,0.760821
test,24680,1,0.841986
test,24681,1,0.874611
test,24682,1,0.763733
test,24683,1,0.883298
test,24684,1,0.940787
test,24685,1,0.714015
test,24686,1,0.916805
test,24687,1,0.478740
test,24688,1,0.795170
test,24689,1,0.913536
test,24690,1,0.716679
test,24691,1,0.725757
test,24692,1,0.920729
test,24693,1,0.772130
test,24694,1,0.866833
test,24695,1,0.880775
test,24696,1,0.811214
test,24697,1,0.676273
test,24698,1,0.812029
test,24699,1,0.953256
test,24700,1,0.892455
test,24701,1,0.862140
test,24702,1,0.957965
test,24703,1,0.923284
test,24704,1,0.850584
test,24705,1,0.741194
test,24706,1,0.633981
test,24707,1,0.358002
test,24708,1,0.493726
test,24709,1,0.188734
test,24710,1,0.896073
test,24711,1,0.794367
test,24712,1,0.629133
test,24713,1,0.767472
test,24714,1,0.861935
test,24715,1,0.732083
test,24716,1,0.516113
test,24717,1,0.670680
test,24718,1,0.912378
test,24719,1,0.785917
test,24720,1,0.807422
test,24721,1,0.184487
test,24722,1,0.610014
test,24723,1,0.393932
test,24724,1,0.743904
test,24725,1,0.241438
test,24726,1,0.705080
test,24727,1,0.364417
test,24728,1,0.681849
test,24729,1,0.638136
test,24730,1,0.792598
test,24731,1,0.384529
test,24732,1,0.542349
test,24733,1,0.710430
test,24734,1,0.966847
test,24735,1,0.609626
test,24736,1,0.598274
test,24737,1,0.328884
test,24738,1,0.447965
test,24739,1,0.837300
test,24740,1,0.781332
test,24741,1,0.672545
test,24742,1,0.667936
test,24743,1,0.789644
test,24744,1,0.794028
test,24745,1,0.777560
test,24746,1,0.860774
test,24747,1,0.664200
test,24748,1,0.723502
test,24749,1,0.872983
test,24750,1,0.846152
test,24751,1,0.238428
test,24752,1,0.879447
test,24753,1,0.906427
test,24754,1,0.618119
test,24755,1,0.729753
test,24756,1,0.481237
test,24757,1,0.890612
test,24758,1,0.756997
test,24759,1,0.848606
test,24760,1,0.867581
test,24761,1,0.676756
test,24762,1,0.750566
test,24763,1,0.933185
test,24764,1,0.748959
test,24765,1,0.598013
test,24766,1,0.726236
test,24767,1,0.420147
test,24768,1,0.568277
test,24769,1,0.137391
test,24770,1,0.829781
test,24771,1,0.556779
test,24772,1,0.778307
test,24773,1,0.576818
test,24774,1,0.732483
test,24775,1,0.525411
test,24776,1,0.743468
test,24777,1,0.590973
test,24778,1,0.905591
test,24779,1,0.784464
test,24780,1,0.577664
test,24781,1,0.711056
test,24782,1,0.478085
test,24783,1,0.859117
test,24784,1,0.525017
test,24785,1,0.757179
test,24786,1,0.495021
test,24787,1,0.690657
test,24788,1,0.777813
test,24789,1,0.733661
test,24790,1,0.508009
test,24791,1,0.611039
test,24792,1,0.821465
test,24793,1,0.663551
test,24794,1,0.684057
test,24795,1,0.577601
test,24796,1,0.946496
test,24797,1,0.822901
test,24798,1,0.801405
test,24799,1,0.783322
test,24800,1,0.878646
test,24801,1,0.701965
test,24802,1,0.781275
test,24803,1,0.690997
test,24804,1,0.746016
test,24805,1,0.778698
test,24806,1,0.426143
test,24807,1,0.801247
test,24808,1,0.914068
test,24809,1,0.566502
test,24810,1,0.667461
test,24811,1,0.619805
test,24812,1,0.833447
test,24813,1,0.536785
test,24814,1,0.557876
test,24815,1,0.645101
test,24816,1,0.597596
test,24817,1,0.227147
test,24818,1,0.584800
test,24819,1,0.290266
test,24820,1,0.517978
test,24821,1,0.714178
test,24822,1,0.821630
test,24823,1,0.257679
test,24824,1,0.194053
test,24825,1,0.130099
test,24826,1,0.766073
test,24827,1,0.287089
test,24828,1,0.748648
test,24829,1,0.830920
test,24830,1,0.915539
test,24831,1,0.902330
test,24832,1,0.925580
test,24833,1,0.820007
test,24834,1,0.868423
test,24835,1,0.829187
test,24836,1,0.768488
test,24837,1,0.895376
test,24838,1,0.854965
test,24839,1,0.466403
test,24840,1,0.900498
test,24841,1,0.950002
test,24842,1,0.874424
test,24843,1,0.792625
test,24844,1,0.562415
test,24845,1,0.786002
test,24846,1,0.621805
test,24847,1,0.265678
test,24848,1,0.665394
test,24849,1,0.462566
test,24850,1,0.572104
test,24851,1,0.777891
test,24852,1,0.647445
test,24853,1,0.888009
test,24854,1,0.801906
test,24855,1,0.836615
test,24856,1,0.654953
test,24857,1,0.518180
test,24858,1,0.383670
test,24859,1,0.719019
test,24860,1,0.617027
test,24861,1,0.274954
test,24862,1,0.560205
test,24863,1,0.675936
test,24864,1,0.490769
test,24865,1,0.509880
test,24866,1,0.874690
test,24867,1,0.337949
test,24868,1,0.806365
test,24869,1,0.693292
test,24870,1,0.553382
test,24871,1,0.577121
test,24872,1,0.390835
test,24873,1,0.458149
test,24874,1,0.562509
test,24875,1,0.647985
test,24876,1,0.929625
test,24877,1,0.662458
test,24878,1,0.615200
test,24879,1,0.805823
test,24880,1,0.914906
test,24881,1,0.518353
test,24882,1,0.662736
test,24883,1,0.960800
test,24884,1,0.704624
test,24885,1,0.928987
test,24886,1,0.918830
test,24887,1,0.631594
test,24888,1,0.938608
test,24889,1,0.916663
test,24890,1,0.895782
test,24891,1,0.828118
test,24892,1,0.919414
test,24893,1,0.919053
test,24894,1,0.925430
test,24895,1,0.489033
test,24896,1,0.790011
test,24897,1,0.722180
test,24898,1,0.801127
test,24899,1,0.780834
test,24900,1,0.775022
test,24901,1,0.901844
test,24902,1,0.631415
test,24903,1,0.894596
test,24904,1,0.748796
test,24905,1,0.727975
test,24906,1,0.647428
test,24907,1,0.483708
test,24908,1,0.635201
test,24909,1,0.782793
test,24910,1,0.762206
test,24911,1,0.841506
test,24912,1,0.785571
test,24913,1,0.580067
test,24914,1,0.689890
test,24915,1,0.594581
test,24916,1,0.847192
test,24917,1,0.415210
test,24918,1,0.611212
test,24919,1,0.732827
test,24920,1,0.678441
test,24921,1,0.834463
test,24922,1,0.912467
test,24923,1,0.969100
test,24924,1,0.806976
test,24925,1,0.877245
test,24926,1,0.794199
test,24927,1,0.798601
test,24928,1,0.664729
test,24929,1,0.891097
test,24930,1,0.815012
test,24931,1,0.762395
test,24932,1,0.634447
test,24933,1,0.956118
test,24934,1,0.953239
test,24935,1,0.815150
test,24936,1,0.813332
test,24937,1,0.884585
test,24938,1,0.378266
test,24939,1,0.778789
test,24940,1,0.750778
test,24941,1,0.808795
test,24942,1,0.741215
test,24943,1,0.971235
test,24944,1,0.922617
test,24945,1,0.560067
test,24946,1,0.814749
test,24947,1,0.862715
test,24948,1,0.890830
test,24949,1,0.845603
test,24950,1,0.679717
test,24951,1,0.969415
test,24952,1,0.388549
test,24953,1,0.953479
test,24954,1,0.799312
test,24955,1,0.955412
test,24956,1,0.856605
test,24957,1,0.688804
test,24958,1,0.820311
test,24959,1,0.613421
test,24960,1,0.931455
test,24961,1,0.672793
test,24962,1,0.672793
test,24963,1,0.878219
test,24964,1,0.811649
test,24965,1,0.789568
test,24966,1,0.921716
test,24967,1,0.680569
test,24968,1,0.604645
test,24969,1,0.850424
test,24970,1,0.873924
test,24971,1,0.606709
test,24972,1,0.832080
test,24973,1,0.640174
test,24974,1,0.788216
test,24975,1,0.808906
test,24976,1,0.775124
test,24977,1,0.668417
test,24978,1,0.837984
test,24979,1,0.812903
test,24980,1,0.770254
test,24981,1,0.571796
test,24982,1,0.647686
test,24983,1,0.715401
test,24984,1,0.796977
test,24985,1,0.458408
test,24986,1,0.400247
test,24987,1,0.587606
test,24988,1,0.774791
test,24989,1,0.600791
test,24990,1,0.885808
test,24991,1,0.651307
test,24992,1,0.776269
test,24993,1,0.443489
test,24994,1,0.980692
test,24995,1,0.487450
test,24996,1,0.605099
test,24997,1,0.665084
test,24998,1,0.231557
test,24999,1,0.621408
challenge,0,0,0.072051
challenge,1,0,0.387945
challenge,2,0,0.575685
challenge,3,0,0.423140
challenge,4,0,0.493197
challenge,5,0,0.371423
challenge,6,0,0.346368
challenge,7,0,0.386724
challenge,8,0,0.420230
challenge,9,0,0.451698
challenge,10,1,0.038449
challenge,11,1,0.252545
challenge,12,1,0.082391
challenge,13,1,0.266657
challenge,14,1,0.477445
challenge,15,1,0.143464
challenge,16,1,0.505481
challenge,17,1,0.483663
challenge,18,1,0.147805
challenge,19,1,0.245825
challenge,20,1,0.772424
challenge,21,1,0.532515
challenge,22,1,0.607949
challenge,23,1,0.561561
challenge,24,1,0.697139
challenge,25,0,0.297335
challenge,26,0,0.512103
challenge,27,0,0.421279
challenge,28,0,0.460620
challenge,29,0,0.480947
challenge,30,0,0.644404
challenge,31,0,0.329115
challenge,32,0,0.726003
challenge,33,0,0.671098
challenge,34,0,0.664308
challenge,35,0,0.197663
challenge,36,0,0.477302
challenge,37,0,0.291907
challenge,38,1,0.204180
challenge,39,1,0.579840
challenge,40,1,0.619660
challenge,41,1,0.525869
challenge,42,1,0.732112
challenge,43,1,0.802741
challenge,44,1,0.508070
challenge,45,0,0.295264
challenge,46,0,0.185227
challenge,47,0,0.330161
challenge,48,0,0.355177
challenge,49,0,0.518490
