split,idx,y_true,p_pos
test,0,0,0.174784
test,1,0,0.222320
test,2,0,0.058717
test,3,0,0.433572
test,4,0,0.720598
test,5,0,0.169591
test,6,0,0.625749
test,7,0,0.153756
test,8,0,0.337441
test,9,0,0.006340
test,10,0,0.014228
test,11,0,0.288856
test,12,0,0.139092
test,13,0,0.265110
test,14,0,0.201289
test,15,0,0.106792
test,16,0,0.192475
test,17,0,0.219551
test,18,0,0.375765
test,19,0,0.265962
test,20,0,0.363134
test,21,0,0.227920
test,22,0,0.517126
test,23,0,0.078812
test,24,0,0.350063
test,25,0,0.328953
test,26,0,0.293690
test,27,0,0.214151
test,28,0,0.679006
test,29,0,0.563945
test,30,0,0.243269
test,31,0,0.036449
test,32,0,0.358479
test,33,0,0.110599
test,34,0,0.626581
test,35,0,0.036559
test,36,0,0.628897
test,37,0,0.331878
test,38,0,0.451276
test,39,0,0.549133
test,40,0,0.083368
test,41,0,0.883837
test,42,0,0.212888
test,43,0,0.061237
test,44,0,0.096368
test,45,0,0.048391
test,46,0,0.643275
test,47,0,0.799900
test,48,0,0.067168
test,49,0,0.199275
test,50,0,0.260303
test,51,0,0.134424
test,52,0,0.113638
test,53,0,0.447381
test,54,0,0.204283
test,55,0,0.351730
test,56,0,0.172634
test,57,0,0.079423
test,58,0,0.235107
test,59,0,0.401383
test,60,0,0.147161
test,61,0,0.763692
test,62,0,0.390411
test,63,0,0.568608
test,64,0,0.003497
test,65,0,0.012862
test,66,0,0.258944
test,67,0,0.134411
test,68,0,0.056021
test,69,0,0.123836
test,70,0,0.116429
test,71,0,0.192058
test,72,0,0.177331
test,73,0,0.447244
test,74,0,0.614888
test,75,0,0.536925
test,76,0,0.570823
test,77,0,0.173303
test,78,0,0.340993
test,79,0,0.568105
test,80,0,0.348816
test,81,0,0.268667
test,82,0,0.311480
test,83,0,0.059233
test,84,0,0.129816
test,85,0,0.244675
test,86,0,0.207350
test,87,0,0.140205
test,88,0,0.155871
test,89,0,0.065932
test,90,0,0.070204
test,91,0,0.050828
test,92,0,0.881799
test,93,0,0.142341
test,94,0,0.088871
test,95,0,0.508799
test,96,0,0.165242
test,97,0,0.246022
test,98,0,0.538944
test,99,0,0.584715
test,100,0,0.451207
test,101,0,0.469783
test,102,0,0.124560
test,103,0,0.330004
test,104,0,0.225580
test,105,0,0.399898
test,106,0,0.072065
test,107,0,0.315417
test,108,0,0.086492
test,109,0,0.255931
test,110,0,0.678761
test,111,0,0.585230
test,112,0,0.292573
test,113,0,0.386802
test,114,0,0.549383
test,115,0,0.357102
test,116,0,0.869315
test,117,0,0.425158
test,118,0,0.419739
test,119,0,0.729499
test,120,0,0.103824
test,121,0,0.713588
test,122,0,0.720329
test,123,0,0.131021
test,124,0,0.867020
test,125,0,0.127515
test,126,0,0.106756
test,127,0,0.376016
test,128,0,0.464340
test,129,0,0.143732
test,130,0,0.147374
test,131,0,0.067222
test,132,0,0.331700
test,133,0,0.160509
test,134,0,0.340243
test,135,0,0.092493
test,136,0,0.247106
test,137,0,0.067712
test,138,0,0.104530
test,139,0,0.004296
test,140,0,0.318964
test,141,0,0.083330
test,142,0,0.215307
test,143,0,0.882262
test,144,0,0.127277
test,145,0,0.026321
test,146,0,0.050068
test,147,0,0.865662
test,148,0,0.159050
test,149,0,0.175006
test,150,0,0.243060
test,151,0,0.604262
test,152,0,0.041577
test,153,0,0.588891
test,154,0,0.023142
test,155,0,0.437185
test,156,0,0.085321
test,157,0,0.499495
test,158,0,0.326825
test,159,0,0.359395
test,160,0,0.210221
test,161,0,0.092175
test,162,0,0.069834
test,163,0,0.033008
test,164,0,0.084110
test,165,0,0.218471
test,166,0,0.040058
test,167,0,0.098252
test,168,0,0.083450
test,169,0,0.098688
test,170,0,0.151247
test,171,0,0.136473
test,172,0,0.069130
test,173,0,0.467634
test,174,0,0.009335
test,175,0,0.315722
test,176,0,0.111564
test,177,0,0.110752
test,178,0,0.194530
test,179,0,0.023470
test,180,0,0.138963
test,181,0,0.343455
test,182,0,0.093159
test,183,0,0.323491
test,184,0,0.891805
test,185,0,0.221706
test,186,0,0.364144
test,187,0,0.290530
test,188,0,0.489543
test,189,0,0.230561
test,190,0,0.216997
test,191,0,0.091028
test,192,0,0.442468
test,193,0,0.649988
test,194,0,0.420127
test,195,0,0.422154
test,196,0,0.067355
test,197,0,0.010670
test,198,0,0.227510
test,199,0,0.513294
test,200,0,0.190136
test,201,0,0.558068
test,202,0,0.325667
test,203,0,0.251004
test,204,0,0.279579
test,205,0,0.136624
test,206,0,0.145467
test,207,0,0.098897
test,208,0,0.342744
test,209,0,0.103242
test,210,0,0.118742
test,211,0,0.466419
test,212,0,0.411206
test,213,0,0.786969
test,214,0,0.423842
test,215,0,0.036497
test,216,0,0.073835
test,217,0,0.487225
test,218,0,0.274919
test,219,0,0.101058
test,220,0,0.256739
test,221,0,0.102279
test,222,0,0.386653
test,223,0,0.172087
test,224,0,0.015615
test,225,0,0.210890
test,226,0,0.506458
test,227,0,0.666474
test,228,0,0.128191
test,229,0,0.347756
test,230,0,0.254143
test,231,0,0.460119
test,232,0,0.080332
test,233,0,0.020872
test,234,0,0.183454
test,235,0,0.255875
test,236,0,0.526399
test,237,0,0.073272
test,238,0,0.013445
test,239,0,0.006417
test,240,0,0.208193
test,241,0,0.007605
test,242,0,0.590778
test,243,0,0.273993
test,244,0,0.712778
test,245,0,0.066256
test,246,0,0.024286
test,247,0,0.041199
test,248,0,0.252241
test,249,0,0.043187
test,250,0,0.331104
test,251,0,0.014999
test,252,0,0.307475
test,253,0,0.009733
test,254,0,0.009652
test,255,0,0.466828
test,256,0,0.022920
test,257,0,0.369794
test,258,0,0.018146
test,259,0,0.360044
test,260,0,0.065859
test,261,0,0.523985
test,262,0,0.086079
test,263,0,0.196751
test,264,0,0.037997
test,265,0,0.761314
test,266,0,0.142278
test,267,0,0.233480
test,268,0,0.079745
test,269,0,0.047393
test,270,0,0.096362
test,271,0,0.498900
test,272,0,0.407440
test,273,0,0.050909
test,274,0,0.368399
test,275,0,0.191119
test,276,0,0.214781
test,277,0,0.120131
test,278,0,0.016659
test,279,0,0.524515
test,280,0,0.324260
test,281,0,0.132509
test,282,0,0.045162
test,283,0,0.512850
test,284,0,0.564229
test,285,0,0.799465
test,286,0,0.179080
test,287,0,0.553285
test,288,0,0.372094
test,289,0,0.879952
test,290,0,0.236410
test,291,0,0.056396
test,292,0,0.109936
test,293,0,0.646498
test,294,0,0.244141
test,295,0,0.029524
test,296,0,0.205567
test,297,0,0.215709
test,298,0,0.002241
test,299,0,0.092583
test,300,0,0.195624
test,301,0,0.012142
test,302,0,0.053829
test,303,0,0.141159
test,304,0,0.023832
test,305,0,0.101093
test,306,0,0.112716
test,307,0,0.749906
test,308,0,0.165308
test,309,0,0.067288
test,310,0,0.088883
test,311,0,0.574909
test,312,0,0.176418
test,313,0,0.499722
test,314,0,0.120932
test,315,0,0.267472
test,316,0,0.401988
test,317,0,0.030844
test,318,0,0.813616
test,319,0,0.119965
test,320,0,0.068100
test,321,0,0.230770
test,322,0,0.161688
test,323,0,0.011910
test,324,0,0.283919
test,325,0,0.049064
test,326,0,0.024689
test,327,0,0.063266
test,328,0,0.180021
test,329,0,0.233293
test,330,0,0.352293
test,331,0,0.103456
test,332,0,0.169293
test,333,0,0.276662
test,334,0,0.062960
test,335,0,0.003739
test,336,0,0.130871
test,337,0,0.038161
test,338,0,0.129829
test,339,0,0.113760
test,340,0,0.236104
test,341,0,0.218985
test,342,0,0.136633
test,343,0,0.605997
test,344,0,0.493390
test,345,0,0.419561
test,346,0,0.195141
test,347,0,0.081596
test,348,0,0.081792
test,349,0,0.004116
test,350,0,0.417012
test,351,0,0.639528
test,352,0,0.063976
test,353,0,0.174110
test,354,0,0.386822
test,355,0,0.057768
test,356,0,0.279362
test,357,0,0.430679
test,358,0,0.149673
test,359,0,0.004389
test,360,0,0.089613
test,361,0,0.054167
test,362,0,0.199745
test,363,0,0.288520
test,364,0,0.027949
test,365,0,0.071552
test,366,0,0.322885
test,367,0,0.062903
test,368,0,0.091269
test,369,0,0.127877
test,370,0,0.260408
test,371,0,0.004121
test,372,0,0.008999
test,373,0,0.278328
test,374,0,0.067058
test,375,0,0.321357
test,376,0,0.073792
test,377,0,0.102782
test,378,0,0.173088
test,379,0,0.023231
test,380,0,0.043092
test,381,0,0.144782
test,382,0,0.306296
test,383,0,0.606613
test,384,0,0.192541
test,385,0,0.255383
test,386,0,0.154065
test,387,0,0.306146
test,388,0,0.070577
test,389,0,0.107828
test,390,0,0.221730
test,391,0,0.153173
test,392,0,0.196330
test,393,0,0.553851
test,394,0,0.167952
test,395,0,0.046298
test,396,0,0.288371
test,397,0,0.197525
test,398,0,0.131109
test,399,0,0.553904
test,400,0,0.253184
test,401,0,0.128527
test,402,0,0.369285
test,403,0,0.131803
test,404,0,0.242610
test,405,0,0.626219
test,406,0,0.189702
test,407,0,0.085051
test,408,0,0.226017
test,409,0,0.475634
test,410,0,0.825350
test,411,0,0.144408
test,412,0,0.094613
test,413,0,0.111977
test,414,0,0.168771
test,415,0,0.259557
test,416,0,0.529555
test,417,0,0.552354
test,418,0,0.371753
test,419,0,0.495605
test,420,0,0.352217
test,421,0,0.306188
test,422,0,0.061503
test,423,0,0.591389
test,424,0,0.499162
test,425,0,0.569963
test,426,0,0.423288
test,427,0,0.367240
test,428,0,0.242529
test,429,0,0.303735
test,430,0,0.314793
test,431,0,0.124973
test,432,0,0.084928
test,433,0,0.065548
test,434,0,0.008210
test,435,0,0.080445
test,436,0,0.618730
test,437,0,0.534899
test,438,0,0.351692
test,439,0,0.188943
test,440,0,0.351847
test,441,0,0.169652
test,442,0,0.940094
test,443,0,0.113560
test,444,0,0.079617
test,445,0,0.399580
test,446,0,0.398291
test,447,0,0.309288
test,448,0,0.152953
test,449,0,0.053370
test,450,0,0.133080
test,451,0,0.084866
test,452,0,0.181494
test,453,0,0.249122
test,454,0,0.658875
test,455,0,0.032766
test,456,0,0.010725
test,457,0,0.068195
test,458,0,0.010609
test,459,0,0.014626
test,460,0,0.019700
test,461,0,0.120292
test,462,0,0.021812
test,463,0,0.008167
test,464,0,0.071701
test,465,0,0.334249
test,466,0,0.019506
test,467,0,0.044948
test,468,0,0.071540
test,469,0,0.198379
test,470,0,0.187034
test,471,0,0.010774
test,472,0,0.046590
test,473,0,0.023900
test,474,0,0.192120
test,475,0,0.460471
test,476,0,0.651926
test,477,0,0.244307
test,478,0,0.178272
test,479,0,0.451838
test,480,0,0.234819
test,481,0,0.196308
test,482,0,0.564348
test,483,0,0.233235
test,484,0,0.425534
test,485,0,0.340613
test,486,0,0.132589
test,487,0,0.458221
test,488,0,0.069561
test,489,0,0.097949
test,490,0,0.002954
test,491,0,0.113213
test,492,0,0.174439
test,493,0,0.054360
test,494,0,0.051433
test,495,0,0.004604
test,496,0,0.083488
test,497,0,0.183451
test,498,0,0.063021
test,499,0,0.143268
test,500,0,0.469393
test,501,0,0.197890
test,502,0,0.126016
test,503,0,0.152980
test,504,0,0.153791
test,505,0,0.297037
test,506,0,0.476835
test,507,0,0.344066
test,508,0,0.447440
test,509,0,0.033169
test,510,0,0.154319
test,511,0,0.157659
test,512,0,0.183020
test,513,0,0.220806
test,514,0,0.109787
test,515,0,0.092705
test,516,0,0.444105
test,517,0,0.062349
test,518,0,0.003136
test,519,0,0.054463
test,520,0,0.396511
test,521,0,0.276084
test,522,0,0.435237
test,523,0,0.324030
test,524,0,0.122336
test,525,0,0.786827
test,526,0,0.686716
test,527,0,0.826853
test,528,0,0.374502
test,529,0,0.046288
test,530,0,0.146231
test,531,0,0.037174
test,532,0,0.036163
test,533,0,0.179355
test,534,0,0.300936
test,535,0,0.015793
test,536,0,0.425317
test,537,0,0.185460
test,538,0,0.585614
test,539,0,0.808692
test,540,0,0.248328
test,541,0,0.087069
test,542,0,0.195251
test,543,0,0.022799
test,544,0,0.014804
test,545,0,0.037015
test,546,0,0.141787
test,547,0,0.009243
test,548,0,0.020669
test,549,0,0.008805
test,550,0,0.033191
test,551,0,0.055738
test,552,0,0.016498
test,553,0,0.176702
test,554,0,0.359108
test,555,0,0.252939
test,556,0,0.014976
test,557,0,0.006119
test,558,0,0.041753
test,559,0,0.239224
test,560,0,0.211753
test,561,0,0.234705
test,562,0,0.209583
test,563,0,0.267170
test,564,0,0.109586
test,565,0,0.430936
test,566,0,0.628881
test,567,0,0.417401
test,568,0,0.089228
test,569,0,0.128438
test,570,0,0.475295
test,571,0,0.434357
test,572,0,0.159509
test,573,0,0.624638
test,574,0,0.295934
test,575,0,0.073679
test,576,0,0.302959
test,577,0,0.502503
test,578,0,0.333651
test,579,0,0.639791
test,580,0,0.711941
test,581,0,0.004470
test,582,0,0.386419
test,583,0,0.320954
test,584,0,0.684203
test,585,0,0.522624
test,586,0,0.812758
test,587,0,0.347388
test,588,0,0.763567
test,589,0,0.333061
test,590,0,0.107842
test,591,0,0.563706
test,592,0,0.543954
test,593,0,0.071790
test,594,0,0.197160
test,595,0,0.047248
test,596,0,0.301465
test,597,0,0.221868
test,598,0,0.029949
test,599,0,0.366868
test,600,0,0.180250
test,601,0,0.248034
test,602,0,0.864550
test,603,0,0.567498
test,604,0,0.565829
test,605,0,0.259951
test,606,0,0.218308
test,607,0,0.917505
test,608,0,0.167859
test,609,0,0.890666
test,610,0,0.031814
test,611,0,0.116437
test,612,0,0.628725
test,613,0,0.637931
test,614,0,0.014152
test,615,0,0.008405
test,616,0,0.314147
test,617,0,0.224689
test,618,0,0.022895
test,619,0,0.287602
test,620,0,0.377664
test,621,0,0.260582
test,622,0,0.179461
test,623,0,0.057340
test,624,0,0.717150
test,625,0,0.174367
test,626,0,0.160674
test,627,0,0.446076
test,628,0,0.053283
test,629,0,0.168253
test,630,0,0.004865
test,631,0,0.004468
test,632,0,0.018053
test,633,0,0.186148
test,634,0,0.057274
test,635,0,0.025074
test,636,0,0.009878
test,637,0,0.083020
test,638,0,0.131852
test,639,0,0.133299
test,640,0,0.441693
test,641,0,0.111047
test,642,0,0.433836
test,643,0,0.531675
test,644,0,0.070461
test,645,0,0.076019
test,646,0,0.084366
test,647,0,0.001802
test,648,0,0.297460
test,649,0,0.012394
test,650,0,0.026942
test,651,0,0.386897
test,652,0,0.012606
test,653,0,0.499662
test,654,0,0.303243
test,655,0,0.337229
test,656,0,0.150823
test,657,0,0.161793
test,658,0,0.177360
test,659,0,0.228563
test,660,0,0.083266
test,661,0,0.624605
test,662,0,0.106409
test,663,0,0.580257
test,664,0,0.211981
test,665,0,0.732329
test,666,0,0.063382
test,667,0,0.156547
test,668,0,0.067923
test,669,0,0.205036
test,670,0,0.244752
test,671,0,0.094652
test,672,0,0.012404
test,673,0,0.060216
test,674,0,0.356802
test,675,0,0.138807
test,676,0,0.346132
test,677,0,0.035854
test,678,0,0.203443
test,679,0,0.138427
test,680,0,0.285754
test,681,0,0.069023
test,682,0,0.192108
test,683,0,0.145149
test,684,0,0.165873
test,685,0,0.207385
test,686,0,0.445278
test,687,0,0.102014
test,688,0,0.053119
test,689,0,0.329057
test,690,0,0.300374
test,691,0,0.640778
test,692,0,0.770836
test,693,0,0.275317
test,694,0,0.112819
test,695,0,0.870115
test,696,0,0.525556
test,697,0,0.132369
test,698,0,0.320564
test,699,0,0.305434
test,700,0,0.286279
test,701,0,0.848599
test,702,0,0.594082
test,703,0,0.074427
test,704,0,0.023887
test,705,0,0.421478
test,706,0,0.659635
test,707,0,0.609740
test,708,0,0.015610
test,709,0,0.204068
test,710,0,0.228412
test,711,0,0.244765
test,712,0,0.264160
test,713,0,0.472434
test,714,0,0.750549
test,715,0,0.585171
test,716,0,0.084347
test,717,0,0.394090
test,718,0,0.024121
test,719,0,0.512425
test,720,0,0.080584
test,721,0,0.739505
test,722,0,0.365761
test,723,0,0.042173
test,724,0,0.362740
test,725,0,0.718810
test,726,0,0.175224
test,727,0,0.457788
test,728,0,0.374491
test,729,0,0.039695
test,730,0,0.181287
test,731,0,0.577088
test,732,0,0.184899
test,733,0,0.305905
test,734,0,0.755660
test,735,0,0.857230
test,736,0,0.472733
test,737,0,0.532790
test,738,0,0.323591
test,739,0,0.341279
test,740,0,0.176082
test,741,0,0.424808
test,742,0,0.081420
test,743,0,0.012301
test,744,0,0.053784
test,745,0,0.047066
test,746,0,0.190702
test,747,0,0.216495
test,748,0,0.127955
test,749,0,0.314159
test,750,0,0.106078
test,751,0,0.330141
test,752,0,0.366244
test,753,0,0.490699
test,754,0,0.275326
test,755,0,0.013396
test,756,0,0.361754
test,757,0,0.388308
test,758,0,0.388987
test,759,0,0.178399
test,760,0,0.234822
test,761,0,0.290080
test,762,0,0.041332
test,763,0,0.062976
test,764,0,0.034627
test,765,0,0.009550
test,766,0,0.015124
test,767,0,0.020569
test,768,0,0.195703
test,769,0,0.717420
test,770,0,0.104766
test,771,0,0.163369
test,772,0,0.352623
test,773,0,0.118937
test,774,0,0.185075
test,775,0,0.030575
test,776,0,0.883429
test,777,0,0.105410
test,778,0,0.238859
test,779,0,0.547380
test,780,0,0.646824
test,781,0,0.260427
test,782,0,0.216915
test,783,0,0.090644
test,784,0,0.263642
test,785,0,0.191154
test,786,0,0.391913
test,787,0,0.423145
test,788,0,0.679707
test,789,0,0.277345
test,790,0,0.246676
test,791,0,0.081638
test,792,0,0.417507
test,793,0,0.597679
test,794,0,0.285655
test,795,0,0.193469
test,796,0,0.185506
test,797,0,0.005105
test,798,0,0.194835
test,799,0,0.109565
test,800,0,0.235393
test,801,0,0.237584
test,802,0,0.451861
test,803,0,0.220572
test,804,0,0.195667
test,805,0,0.882444
test,806,0,0.183946
test,807,0,0.182503
test,808,0,0.172508
test,809,0,0.206216
test,810,0,0.167237
test,811,0,0.124080
test,812,0,0.377011
test,813,0,0.159481
test,814,0,0.356975
test,815,0,0.036148
test,816,0,0.100385
test,817,0,0.462644
test,818,0,0.174681
test,819,0,0.305972
test,820,0,0.077929
test,821,0,0.159877
test,822,0,0.376101
test,823,0,0.213721
test,824,0,0.533858
test,825,0,0.395515
test,826,0,0.443424
test,827,0,0.627499
test,828,0,0.397368
test,829,0,0.339291
test,830,0,0.429476
test,831,0,0.557620
test,832,0,0.336131
test,833,0,0.158518
test,834,0,0.175592
test,835,0,0.507594
test,836,0,0.404888
test,837,0,0.072280
test,838,0,0.218056
test,839,0,0.220934
test,840,0,0.235436
test,841,0,0.014060
test,842,0,0.454540
test,843,0,0.030452
test,844,0,0.000080
test,845,0,0.012433
test,846,0,0.349651
test,847,0,0.937623
test,848,0,0.244291
test,849,0,0.022727
test,850,0,0.219501
test,851,0,0.269513
test,852,0,0.314040
test,853,0,0.215194
test,854,0,0.792619
test,855,0,0.439516
test,856,0,0.417259
test,857,0,0.485312
test,858,0,0.011481
test,859,0,0.261493
test,860,0,0.283188
test,861,0,0.002499
test,862,0,0.313117
test,863,0,0.151812
test,864,0,0.475912
test,865,0,0.032635
test,866,0,0.158029
test,867,0,0.271521
test,868,0,0.141992
test,869,0,0.499495
test,870,0,0.323219
test,871,0,0.476879
test,872,0,0.209145
test,873,0,0.008819
test,874,0,0.254906
test,875,0,0.031508
test,876,0,0.293022
test,877,0,0.282236
test,878,0,0.006614
test,879,0,0.016414
test,880,0,0.165377
test,881,0,0.651785
test,882,0,0.087697
test,883,0,0.704173
test,884,0,0.295856
test,885,0,0.028087
test,886,0,0.185835
test,887,0,0.539252
test,888,0,0.180600
test,889,0,0.061836
test,890,0,0.325762
test,891,0,0.114540
test,892,0,0.445955
test,893,0,0.341118
test,894,0,0.153121
test,895,0,0.133077
test,896,0,0.575819
test,897,0,0.816297
test,898,0,0.049664
test,899,0,0.838025
test,900,0,0.155682
test,901,0,0.262494
test,902,0,0.087020
test,903,0,0.038634
test,904,0,0.443030
test,905,0,0.303300
test,906,0,0.598950
test,907,0,0.270163
test,908,0,0.112327
test,909,0,0.140566
test,910,0,0.530572
test,911,0,0.484588
test,912,0,0.346098
test,913,0,0.071895
test,914,0,0.037718
test,915,0,0.485614
test,916,0,0.572243
test,917,0,0.238764
test,918,0,0.357880
test,919,0,0.416609
test,920,0,0.422592
test,921,0,0.089975
test,922,0,0.344912
test,923,0,0.125372
test,924,0,0.206890
test,925,0,0.228899
test,926,0,0.300121
test,927,0,0.163418
test,928,0,0.289088
test,929,0,0.160842
test,930,0,0.487663
test,931,0,0.231547
test,932,0,0.450741
test,933,0,0.188915
test,934,0,0.396463
test,935,0,0.453491
test,936,0,0.616528
test,937,0,0.567516
test,938,0,0.119250
test,939,0,0.230519
test,940,0,0.441764
test,941,0,0.474988
test,942,0,0.318269
test,943,0,0.431854
test,944,0,0.536639
test,945,0,0.319815
test,946,0,0.388465
test,947,0,0.667982
test,948,0,0.170714
test,949,0,0.250100
test,950,0,0.249796
test,951,0,0.115378
test,952,0,0.200284
test,953,0,0.127830
test,954,0,0.353848
test,955,0,0.212568
test,956,0,0.451184
test,957,0,0.344780
test,958,0,0.271867
test,959,0,0.131909
test,960,0,0.125120
test,961,0,0.231845
test,962,0,0.174288
test,963,0,0.514160
test,964,0,0.248171
test,965,0,0.555813
test,966,0,0.784722
test,967,0,0.664451
test,968,0,0.689590
test,969,0,0.170376
test,970,0,0.372948
test,971,0,0.083385
test,972,0,0.410281
test,973,0,0.650786
test,974,0,0.142408
test,975,0,0.116000
test,976,0,0.084064
test,977,0,0.027963
test,978,0,0.032795
test,979,0,0.152386
test,980,0,0.708380
test,981,0,0.342004
test,982,0,0.510413
test,983,0,0.258135
test,984,0,0.508045
test,985,0,0.023310
test,986,0,0.600328
test,987,0,0.656155
test,988,0,0.144546
test,989,0,0.182106
test,990,0,0.213554
test,991,0,0.061191
test,992,0,0.544313
test,993,0,0.166110
test,994,0,0.106926
test,995,0,0.570500
test,996,0,0.698740
test,997,0,0.019461
test,998,0,0.061619
test,999,0,0.046848
test,1000,0,0.220053
test,1001,0,0.502549
test,1002,0,0.491821
test,1003,0,0.155438
test,1004,0,0.147842
test,1005,0,0.030994
test,1006,0,0.163704
test,1007,0,0.044703
test,1008,0,0.009117
test,1009,0,0.690142
test,1010,0,0.585309
test,1011,0,0.455516
test,1012,0,0.450483
test,1013,0,0.535386
test,1014,0,0.450483
test,1015,0,0.372675
test,1016,0,0.528578
test,1017,0,0.219315
test,1018,0,0.021985
test,1019,0,0.054594
test,1020,0,0.252389
test,1021,0,0.482250
test,1022,0,0.154894
test,1023,0,0.209461
test,1024,0,0.522718
test,1025,0,0.244395
test,1026,0,0.009920
test,1027,0,0.662030
test,1028,0,0.158809
test,1029,0,0.688242
test,1030,0,0.433479
test,1031,0,0.010073
test,1032,0,0.105996
test,1033,0,0.020417
test,1034,0,0.180500
test,1035,0,0.026605
test,1036,0,0.221728
test,1037,0,0.622894
test,1038,0,0.014205
test,1039,0,0.104446
test,1040,0,0.137543
test,1041,0,0.265529
test,1042,0,0.874464
test,1043,0,0.112191
test,1044,0,0.574571
test,1045,0,0.020280
test,1046,0,0.071717
test,1047,0,0.386478
test,1048,0,0.082880
test,1049,0,0.030747
test,1050,0,0.077536
test,1051,0,0.038281
test,1052,0,0.154890
test,1053,0,0.189049
test,1054,0,0.220063
test,1055,0,0.157363
test,1056,0,0.126231
test,1057,0,0.169269
test,1058,0,0.004648
test,1059,0,0.242365
test,1060,0,0.221964
test,1061,0,0.317940
test,1062,0,0.362542
test,1063,0,0.198213
test,1064,0,0.139694
test,1065,0,0.122812
test,1066,0,0.030731
test,1067,0,0.131720
test,1068,0,0.351238
test,1069,0,0.486595
test,1070,0,0.186068
test,1071,0,0.178992
test,1072,0,0.492639
test,1073,0,0.122169
test,1074,0,0.137671
test,1075,0,0.241242
test,1076,0,0.103519
test,1077,0,0.446597
test,1078,0,0.560740
test,1079,0,0.469556
test,1080,0,0.108888
test,1081,0,0.593952
test,1082,0,0.045493
test,1083,0,0.276417
test,1084,0,0.104046
test,1085,0,0.084723
test,1086,0,0.529900
test,1087,0,0.530546
test,1088,0,0.047088
test,1089,0,0.285117
test,1090,0,0.074624
test,1091,0,0.194537
test,1092,0,0.241005
test,1093,0,0.128843
test,1094,0,0.063905
test,1095,0,0.060245
test,1096,0,0.211285
test,1097,0,0.117498
test,1098,0,0.207187
test,1099,0,0.072453
test,1100,0,0.524078
test,1101,0,0.193299
test,1102,0,0.301937
test,1103,0,0.213137
test,1104,0,0.078236
test,1105,0,0.336542
test,1106,0,0.469829
test,1107,0,0.387121
test,1108,0,0.043702
test,1109,0,0.209349
test,1110,0,0.054926
test,1111,0,0.290171
test,1112,0,0.091122
test,1113,0,0.323046
test,1114,0,0.035702
test,1115,0,0.251894
test,1116,0,0.417290
test,1117,0,0.060147
test,1118,0,0.438063
test,1119,0,0.850886
test,1120,0,0.600136
test,1121,0,0.007753
test,1122,0,0.040035
test,1123,0,0.395525
test,1124,0,0.191430
test,1125,0,0.658072
test,1126,0,0.338657
test,1127,0,0.350239
test,1128,0,0.787337
test,1129,0,0.335025
test,1130,0,0.362060
test,1131,0,0.216934
test,1132,0,0.095362
test,1133,0,0.077466
test,1134,0,0.097264
test,1135,0,0.177344
test,1136,0,0.011229
test,1137,0,0.387941
test,1138,0,0.068503
test,1139,0,0.331546
test,1140,0,0.620118
test,1141,0,0.024145
test,1142,0,0.211384
test,1143,0,0.499415
test,1144,0,0.144332
test,1145,0,0.237677
test,1146,0,0.287939
test,1147,0,0.601651
test,1148,0,0.638073
test,1149,0,0.068315
test,1150,0,0.379037
test,1151,0,0.325794
test,1152,0,0.340866
test,1153,0,0.161060
test,1154,0,0.341205
test,1155,0,0.340780
test,1156,0,0.400015
test,1157,0,0.111880
test,1158,0,0.227915
test,1159,0,0.495113
test,1160,0,0.856592
test,1161,0,0.652291
test,1162,0,0.360479
test,1163,0,0.240252
test,1164,0,0.117270
test,1165,0,0.432856
test,1166,0,0.365183
test,1167,0,0.149895
test,1168,0,0.205807
test,1169,0,0.203122
test,1170,0,0.323521
test,1171,0,0.134447
test,1172,0,0.066588
test,1173,0,0.218879
test,1174,0,0.276633
test,1175,0,0.165775
test,1176,0,0.485278
test,1177,0,0.379972
test,1178,0,0.080081
test,1179,0,0.116365
test,1180,0,0.773668
test,1181,0,0.090115
test,1182,0,0.194373
test,1183,0,0.285009
test,1184,0,0.159547
test,1185,0,0.133216
test,1186,0,0.183889
test,1187,0,0.355818
test,1188,0,0.201403
test,1189,0,0.210963
test,1190,0,0.535581
test,1191,0,0.151003
test,1192,0,0.442965
test,1193,0,0.300266
test,1194,0,0.365468
test,1195,0,0.434666
test,1196,0,0.141969
test,1197,0,0.173906
test,1198,0,0.099840
test,1199,0,0.062156
test,1200,0,0.173608
test,1201,0,0.092654
test,1202,0,0.476222
test,1203,0,0.207876
test,1204,0,0.263459
test,1205,0,0.248297
test,1206,0,0.162697
test,1207,0,0.587238
test,1208,0,0.098727
test,1209,0,0.486433
test,1210,0,0.140288
test,1211,0,0.036660
test,1212,0,0.025224
test,1213,0,0.046755
test,1214,0,0.153008
test,1215,0,0.049210
test,1216,0,0.055962
test,1217,0,0.722562
test,1218,0,0.902697
test,1219,0,0.680457
test,1220,0,0.093345
test,1221,0,0.177961
test,1222,0,0.223488
test,1223,0,0.321692
test,1224,0,0.436977
test,1225,0,0.246863
test,1226,0,0.352180
test,1227,0,0.116319
test,1228,0,0.020007
test,1229,0,0.380115
test,1230,0,0.193592
test,1231,0,0.004460
test,1232,0,0.010276
test,1233,0,0.066088
test,1234,0,0.317622
test,1235,0,0.426006
test,1236,0,0.030673
test,1237,0,0.138546
test,1238,0,0.815069
test,1239,0,0.050165
test,1240,0,0.130601
test,1241,0,0.068106
test,1242,0,0.106343
test,1243,0,0.273790
test,1244,0,0.009096
test,1245,0,0.066075
test,1246,0,0.011482
test,1247,0,0.047638
test,1248,0,0.111890
test,1249,0,0.037815
test,1250,0,0.018175
test,1251,0,0.010471
test,1252,0,0.025339
test,1253,0,0.199254
test,1254,0,0.501427
test,1255,0,0.075915
test,1256,0,0.069297
test,1257,0,0.129077
test,1258,0,0.022887
test,1259,0,0.082868
test,1260,0,0.350017
test,1261,0,0.215807
test,1262,0,0.151197
test,1263,0,0.346751
test,1264,0,0.293693
test,1265,0,0.038058
test,1266,0,0.050074
test,1267,0,0.008945
test,1268,0,0.205494
test,1269,0,0.036690
test,1270,0,0.143643
test,1271,0,0.089252
test,1272,0,0.078457
test,1273,0,0.485705
test,1274,0,0.252277
test,1275,0,0.025680
test,1276,0,0.150619
test,1277,0,0.296849
test,1278,0,0.453824
test,1279,0,0.603652
test,1280,0,0.605129
test,1281,0,0.468304
test,1282,0,0.175917
test,1283,0,0.137481
test,1284,0,0.233817
test,1285,0,0.573845
test,1286,0,0.254682
test,1287,0,0.560505
test,1288,0,0.395768
test,1289,0,0.380116
test,1290,0,0.201256
test,1291,0,0.264087
test,1292,0,0.035184
test,1293,0,0.027413
test,1294,0,0.495656
test,1295,0,0.249211
test,1296,0,0.095829
test,1297,0,0.331694
test,1298,0,0.252786
test,1299,0,0.231388
test,1300,0,0.152912
test,1301,0,0.596386
test,1302,0,0.115085
test,1303,0,0.164498
test,1304,0,0.467287
test,1305,0,0.080360
test,1306,0,0.152611
test,1307,0,0.230494
test,1308,0,0.686310
test,1309,0,0.562634
test,1310,0,0.683614
test,1311,0,0.344874
test,1312,0,0.519412
test,1313,0,0.400921
test,1314,0,0.518749
test,1315,0,0.198349
test,1316,0,0.494388
test,1317,0,0.759267
test,1318,0,0.519991
test,1319,0,0.332186
test,1320,0,0.507510
test,1321,0,0.262093
test,1322,0,0.286380
test,1323,0,0.621679
test,1324,0,0.106070
test,1325,0,0.141862
test,1326,0,0.391138
test,1327,0,0.247315
test,1328,0,0.195818
test,1329,0,0.326385
test,1330,0,0.064035
test,1331,0,0.441781
test,1332,0,0.271314
test,1333,0,0.453548
test,1334,0,0.399551
test,1335,0,0.282758
test,1336,0,0.027191
test,1337,0,0.292212
test,1338,0,0.745791
test,1339,0,0.253317
test,1340,0,0.127131
test,1341,0,0.004949
test,1342,0,0.540981
test,1343,0,0.174555
test,1344,0,0.548121
test,1345,0,0.460790
test,1346,0,0.512936
test,1347,0,0.160108
test,1348,0,0.452450
test,1349,0,0.019266
test,1350,0,0.589179
test,1351,0,0.139391
test,1352,0,0.287977
test,1353,0,0.128929
test,1354,0,0.077893
test,1355,0,0.016813
test,1356,0,0.000091
test,1357,0,0.144719
test,1358,0,0.721095
test,1359,0,0.191162
test,1360,0,0.012871
test,1361,0,0.065016
test,1362,0,0.247565
test,1363,0,0.079216
test,1364,0,0.281940
test,1365,0,0.145337
test,1366,0,0.725635
test,1367,0,0.005808
test,1368,0,0.210010
test,1369,0,0.203973
test,1370,0,0.264391
test,1371,0,0.049615
test,1372,0,0.073026
test,1373,0,0.018809
test,1374,0,0.144146
test,1375,0,0.016601
test,1376,0,0.042679
test,1377,0,0.326095
test,1378,0,0.031078
test,1379,0,0.009538
test,1380,0,0.028866
test,1381,0,0.084064
test,1382,0,0.031111
test,1383,0,0.078121
test,1384,0,0.082269
test,1385,0,0.659725
test,1386,0,0.051260
test,1387,0,0.099580
test,1388,0,0.092735
test,1389,0,0.108289
test,1390,0,0.007864
test,1391,0,0.015373
test,1392,0,0.072350
test,1393,0,0.309802
test,1394,0,0.009466
test,1395,0,0.060529
test,1396,0,0.089451
test,1397,0,0.285421
test,1398,0,0.072080
test,1399,0,0.315836
test,1400,0,0.062423
test,1401,0,0.061060
test,1402,0,0.034857
test,1403,0,0.042928
test,1404,0,0.080032
test,1405,0,0.024507
test,1406,0,0.442913
test,1407,0,0.538754
test,1408,0,0.135282
test,1409,0,0.075351
test,1410,0,0.000468
test,1411,0,0.894662
test,1412,0,0.260191
test,1413,0,0.068600
test,1414,0,0.175002
test,1415,0,0.215489
test,1416,0,0.662467
test,1417,0,0.487161
test,1418,0,0.141562
test,1419,0,0.648182
test,1420,0,0.513113
test,1421,0,0.080237
test,1422,0,0.506472
test,1423,0,0.236856
test,1424,0,0.133881
test,1425,0,0.256440
test,1426,0,0.283156
test,1427,0,0.130915
test,1428,0,0.102210
test,1429,0,0.074405
test,1430,0,0.025157
test,1431,0,0.041471
test,1432,0,0.413490
test,1433,0,0.161480
test,1434,0,0.011486
test,1435,0,0.057780
test,1436,0,0.199003
test,1437,0,0.025979
test,1438,0,0.068455
test,1439,0,0.022915
test,1440,0,0.087777
test,1441,0,0.286677
test,1442,0,0.032314
test,1443,0,0.351941
test,1444,0,0.024044
test,1445,0,0.005761
test,1446,0,0.049528
test,1447,0,0.003238
test,1448,0,0.111522
test,1449,0,0.144535
test,1450,0,0.247006
test,1451,0,0.802399
test,1452,0,0.396289
test,1453,0,0.234542
test,1454,0,0.363525
test,1455,0,0.827803
test,1456,0,0.840501
test,1457,0,0.173523
test,1458,0,0.047255
test,1459,0,0.258768
test,1460,0,0.386502
test,1461,0,0.474822
test,1462,0,0.247683
test,1463,0,0.248217
test,1464,0,0.075625
test,1465,0,0.172442
test,1466,0,0.387737
test,1467,0,0.252150
test,1468,0,0.569559
test,1469,0,0.346036
test,1470,0,0.539927
test,1471,0,0.076265
test,1472,0,0.161357
test,1473,0,0.009143
test,1474,0,0.009143
test,1475,0,0.080915
test,1476,0,0.308505
test,1477,0,0.347254
test,1478,0,0.275668
test,1479,0,0.028394
test,1480,0,0.496104
test,1481,0,0.294883
test,1482,0,0.122444
test,1483,0,0.216436
test,1484,0,0.089350
test,1485,0,0.101229
test,1486,0,0.664434
test,1487,0,0.855715
test,1488,0,0.255880
test,1489,0,0.624571
test,1490,0,0.043205
test,1491,0,0.337054
test,1492,0,0.073618
test,1493,0,0.849912
test,1494,0,0.257593
test,1495,0,0.289434
test,1496,0,0.124736
test,1497,0,0.058845
test,1498,0,0.514689
test,1499,0,0.062697
test,1500,0,0.091114
test,1501,0,0.045719
test,1502,0,0.469422
test,1503,0,0.120930
test,1504,0,0.022117
test,1505,0,0.223041
test,1506,0,0.040305
test,1507,0,0.078009
test,1508,0,0.420329
test,1509,0,0.083487
test,1510,0,0.320524
test,1511,0,0.115545
test,1512,0,0.066506
test,1513,0,0.027262
test,1514,0,0.266361
test,1515,0,0.161303
test,1516,0,0.348245
test,1517,0,0.332107
test,1518,0,0.204105
test,1519,0,0.427142
test,1520,0,0.082547
test,1521,0,0.108659
test,1522,0,0.081963
test,1523,0,0.869429
test,1524,0,0.838228
test,1525,0,0.755656
test,1526,0,0.637629
test,1527,0,0.227058
test,1528,0,0.041107
test,1529,0,0.560933
test,1530,0,0.333796
test,1531,0,0.347815
test,1532,0,0.747780
test,1533,0,0.656007
test,1534,0,0.270189
test,1535,0,0.562900
test,1536,0,0.184659
test,1537,0,0.081268
test,1538,0,0.005453
test,1539,0,0.224157
test,1540,0,0.086040
test,1541,0,0.035747
test,1542,0,0.286164
test,1543,0,0.232728
test,1544,0,0.184629
test,1545,0,0.144233
test,1546,0,0.086685
test,1547,0,0.197162
test,1548,0,0.118962
test,1549,0,0.095646
test,1550,0,0.368274
test,1551,0,0.101884
test,1552,0,0.652164
test,1553,0,0.088963
test,1554,0,0.710861
test,1555,0,0.363647
test,1556,0,0.215285
test,1557,0,0.488651
test,1558,0,0.063770
test,1559,0,0.097805
test,1560,0,0.018185
test,1561,0,0.013663
test,1562,0,0.126841
test,1563,0,0.051176
test,1564,0,0.115869
test,1565,0,0.014270
test,1566,0,0.071347
test,1567,0,0.196132
test,1568,0,0.336754
test,1569,0,0.199584
test,1570,0,0.078879
test,1571,0,0.124005
test,1572,0,0.113345
test,1573,0,0.010290
test,1574,0,0.349823
test,1575,0,0.384552
test,1576,0,0.093349
test,1577,0,0.062856
test,1578,0,0.167808
test,1579,0,0.717391
test,1580,0,0.042500
test,1581,0,0.271582
test,1582,0,0.050740
test,1583,0,0.355950
test,1584,0,0.347724
test,1585,0,0.231085
test,1586,0,0.249386
test,1587,0,0.307907
test,1588,0,0.424594
test,1589,0,0.637219
test,1590,0,0.067700
test,1591,0,0.165441
test,1592,0,0.342928
test,1593,0,0.321535
test,1594,0,0.200810
test,1595,0,0.210235
test,1596,0,0.256384
test,1597,0,0.497328
test,1598,0,0.086301
test,1599,0,0.287752
test,1600,0,0.218276
test,1601,0,0.156104
test,1602,0,0.106599
test,1603,0,0.203752
test,1604,0,0.061925
test,1605,0,0.380142
test,1606,0,0.585675
test,1607,0,0.008638
test,1608,0,0.947526
test,1609,0,0.077629
test,1610,0,0.488440
test,1611,0,0.129467
test,1612,0,0.026650
test,1613,0,0.011014
test,1614,0,0.333364
test,1615,0,0.182096
test,1616,0,0.318686
test,1617,0,0.299432
test,1618,0,0.178841
test,1619,0,0.401109
test,1620,0,0.485278
test,1621,0,0.179223
test,1622,0,0.279315
test,1623,0,0.196676
test,1624,0,0.074000
test,1625,0,0.028752
test,1626,0,0.391751
test,1627,0,0.690825
test,1628,0,0.733087
test,1629,0,0.428898
test,1630,0,0.341933
test,1631,0,0.050430
test,1632,0,0.332393
test,1633,0,0.375435
test,1634,0,0.327055
test,1635,0,0.680142
test,1636,0,0.257735
test,1637,0,0.040755
test,1638,0,0.784782
test,1639,0,0.191054
test,1640,0,0.089264
test,1641,0,0.007958
test,1642,0,0.055232
test,1643,0,0.007730
test,1644,0,0.030788
test,1645,0,0.460257
test,1646,0,0.457398
test,1647,0,0.063706
test,1648,0,0.802278
test,1649,0,0.271937
test,1650,0,0.223395
test,1651,0,0.542021
test,1652,0,0.041154
test,1653,0,0.317805
test,1654,0,0.016445
test,1655,0,0.521434
test,1656,0,0.101059
test,1657,0,0.154761
test,1658,0,0.602144
test,1659,0,0.398977
test,1660,0,0.069324
test,1661,0,0.055591
test,1662,0,0.049005
test,1663,0,0.210629
test,1664,0,0.059004
test,1665,0,0.676536
test,1666,0,0.262250
test,1667,0,0.251122
test,1668,0,0.062710
test,1669,0,0.056707
test,1670,0,0.160424
test,1671,0,0.181401
test,1672,0,0.291259
test,1673,0,0.017615
test,1674,0,0.046660
test,1675,0,0.097115
test,1676,0,0.011757
test,1677,0,0.027705
test,1678,0,0.088012
test,1679,0,0.202091
test,1680,0,0.319787
test,1681,0,0.131435
test,1682,0,0.197696
test,1683,0,0.069070
test,1684,0,0.215229
test,1685,0,0.415899
test,1686,0,0.167433
test,1687,0,0.241996
test,1688,0,0.443852
test,1689,0,0.177785
test,1690,0,0.083690
test,1691,0,0.186744
test,1692,0,0.185971
test,1693,0,0.001922
test,1694,0,0.131057
test,1695,0,0.078649
test,1696,0,0.530586
test,1697,0,0.365683
test,1698,0,0.157080
test,1699,0,0.016267
test,1700,0,0.465466
test,1701,0,0.144910
test,1702,0,0.230168
test,1703,0,0.597595
test,1704,0,0.751450
test,1705,0,0.502153
test,1706,0,0.100854
test,1707,0,0.198135
test,1708,0,0.175310
test,1709,0,0.170117
test,1710,0,0.102549
test,1711,0,0.120286
test,1712,0,0.107468
test,1713,0,0.186558
test,1714,0,0.496978
test,1715,0,0.073275
test,1716,0,0.022029
test,1717,0,0.495537
test,1718,0,0.019085
test,1719,0,0.095789
test,1720,0,0.125268
test,1721,0,0.115952
test,1722,0,0.050287
test,1723,0,0.064089
test,1724,0,0.442167
test,1725,0,0.081109
test,1726,0,0.169637
test,1727,0,0.473755
test,1728,0,0.044975
test,1729,0,0.050743
test,1730,0,0.069536
test,1731,0,0.121031
test,1732,0,0.125769
test,1733,0,0.052841
test,1734,0,0.016737
test,1735,0,0.193288
test,1736,0,0.032192
test,1737,0,0.052829
test,1738,0,0.219939
test,1739,0,0.243132
test,1740,0,0.144012
test,1741,0,0.131221
test,1742,0,0.010649
test,1743,0,0.062575
test,1744,0,0.288802
test,1745,0,0.118413
test,1746,0,0.129635
test,1747,0,0.044096
test,1748,0,0.176470
test,1749,0,0.159264
test,1750,0,0.238297
test,1751,0,0.090495
test,1752,0,0.390858
test,1753,0,0.521464
test,1754,0,0.065421
test,1755,0,0.346432
test,1756,0,0.492892
test,1757,0,0.434682
test,1758,0,0.391155
test,1759,0,0.907549
test,1760,0,0.256158
test,1761,0,0.203186
test,1762,0,0.934839
test,1763,0,0.438594
test,1764,0,0.466981
test,1765,0,0.050738
test,1766,0,0.067468
test,1767,0,0.165785
test,1768,0,0.023962
test,1769,0,0.096071
test,1770,0,0.106151
test,1771,0,0.265718
test,1772,0,0.104119
test,1773,0,0.601170
test,1774,0,0.129092
test,1775,0,0.167786
test,1776,0,0.132029
test,1777,0,0.057393
test,1778,0,0.077054
test,1779,0,0.500536
test,1780,0,0.724290
test,1781,0,0.365209
test,1782,0,0.275842
test,1783,0,0.197082
test,1784,0,0.280302
test,1785,0,0.329011
test,1786,0,0.588684
test,1787,0,0.033033
test,1788,0,0.256414
test,1789,0,0.330548
test,1790,0,0.608668
test,1791,0,0.538017
test,1792,0,0.070284
test,1793,0,0.001758
test,1794,0,0.369460
test,1795,0,0.270011
test,1796,0,0.014534
test,1797,0,0.034840
test,1798,0,0.648176
test,1799,0,0.232844
test,1800,0,0.090372
test,1801,0,0.022562
test,1802,0,0.027492
test,1803,0,0.011884
test,1804,0,0.064535
test,1805,0,0.234435
test,1806,0,0.071635
test,1807,0,0.117033
test,1808,0,0.371423
test,1809,0,0.184627
test,1810,0,0.018095
test,1811,0,0.630388
test,1812,0,0.205560
test,1813,0,0.005996
test,1814,0,0.128514
test,1815,0,0.017806
test,1816,0,0.126537
test,1817,0,0.730830
test,1818,0,0.330234
test,1819,0,0.151821
test,1820,0,0.218994
test,1821,0,0.234075
test,1822,0,0.405719
test,1823,0,0.090467
test,1824,0,0.185918
test,1825,0,0.301380
test,1826,0,0.146280
test,1827,0,0.157677
test,1828,0,0.035011
test,1829,0,0.200476
test,1830,0,0.697257
test,1831,0,0.426320
test,1832,0,0.337663
test,1833,0,0.046363
test,1834,0,0.198869
test,1835,0,0.231229
test,1836,0,0.106395
test,1837,0,0.784048
test,1838,0,0.265125
test,1839,0,0.628524
test,1840,0,0.000360
test,1841,0,0.185193
test,1842,0,0.195879
test,1843,0,0.164308
test,1844,0,0.051507
test,1845,0,0.197842
test,1846,0,0.108989
test,1847,0,0.005310
test,1848,0,0.047578
test,1849,0,0.080992
test,1850,0,0.202405
test,1851,0,0.065352
test,1852,0,0.210175
test,1853,0,0.004987
test,1854,0,0.135585
test,1855,0,0.202734
test,1856,0,0.420045
test,1857,0,0.059636
test,1858,0,0.264286
test,1859,0,0.048974
test,1860,0,0.160160
test,1861,0,0.302778
test,1862,0,0.151949
test,1863,0,0.000286
test,1864,0,0.018474
test,1865,0,0.117937
test,1866,0,0.269877
test,1867,0,0.148265
test,1868,0,0.437029
test,1869,0,0.269327
test,1870,0,0.054868
test,1871,0,0.464801
test,1872,0,0.050063
test,1873,0,0.207874
test,1874,0,0.254284
test,1875,0,0.531683
test,1876,0,0.237159
test,1877,0,0.012995
test,1878,0,0.159760
test,1879,0,0.450317
test,1880,0,0.037751
test,1881,0,0.138276
test,1882,0,0.000446
test,1883,0,0.004467
test,1884,0,0.023094
test,1885,0,0.011234
test,1886,0,0.152872
test,1887,0,0.932537
test,1888,0,0.478219
test,1889,0,0.046955
test,1890,0,0.419787
test,1891,0,0.714570
test,1892,0,0.152657
test,1893,0,0.705301
test,1894,0,0.475395
test,1895,0,0.555020
test,1896,0,0.422914
test,1897,0,0.269064
test,1898,0,0.403842
test,1899,0,0.459930
test,1900,0,0.509405
test,1901,0,0.223345
test,1902,0,0.316389
test,1903,0,0.286694
test,1904,0,0.310157
test,1905,0,0.744338
test,1906,0,0.332345
test,1907,0,0.239556
test,1908,0,0.416409
test,1909,0,0.035934
test,1910,0,0.238958
test,1911,0,0.339694
test,1912,0,0.491227
test,1913,0,0.717762
test,1914,0,0.861299
test,1915,0,0.216938
test,1916,0,0.522398
test,1917,0,0.153678
test,1918,0,0.047834
test,1919,0,0.000594
test,1920,0,0.260061
test,1921,0,0.130955
test,1922,0,0.022340
test,1923,0,0.734115
test,1924,0,0.071859
test,1925,0,0.051954
test,1926,0,0.009829
test,1927,0,0.037424
test,1928,0,0.078570
test,1929,0,0.185315
test,1930,0,0.043328
test,1931,0,0.072514
test,1932,0,0.618345
test,1933,0,0.086530
test,1934,0,0.563011
test,1935,0,0.014508
test,1936,0,0.034296
test,1937,0,0.005341
test,1938,0,0.071531
test,1939,0,0.066306
test,1940,0,0.032589
test,1941,0,0.042393
test,1942,0,0.129984
test,1943,0,0.162085
test,1944,0,0.163517
test,1945,0,0.127941
test,1946,0,0.017126
test,1947,0,0.034191
test,1948,0,0.023390
test,1949,0,0.145960
test,1950,0,0.350282
test,1951,0,0.124782
test,1952,0,0.139415
test,1953,0,0.059831
test,1954,0,0.109485
test,1955,0,0.066676
test,1956,0,0.090926
test,1957,0,0.008815
test,1958,0,0.073834
test,1959,0,0.107958
test,1960,0,0.177834
test,1961,0,0.043982
test,1962,0,0.067416
test,1963,0,0.475676
test,1964,0,0.148184
test,1965,0,0.216220
test,1966,0,0.130421
test,1967,0,0.040358
test,1968,0,0.083356
test,1969,0,0.175254
test,1970,0,0.112004
test,1971,0,0.620034
test,1972,0,0.320853
test,1973,0,0.287604
test,1974,0,0.250806
test,1975,0,0.353804
test,1976,0,0.383562
test,1977,0,0.068889
test,1978,0,0.122537
test,1979,0,0.063886
test,1980,0,0.392822
test,1981,0,0.178257
test,1982,0,0.457098
test,1983,0,0.052707
test,1984,0,0.407190
test,1985,0,0.311678
test,1986,0,0.339177
test,1987,0,0.520300
test,1988,0,0.466491
test,1989,0,0.379704
test,1990,0,0.263187
test,1991,0,0.706783
test,1992,0,0.640602
test,1993,0,0.585064
test,1994,0,0.221861
test,1995,0,0.004322
test,1996,0,0.471794
test,1997,0,0.589817
test,1998,0,0.329567
test,1999,0,0.155016
test,2000,0,0.165016
test,2001,0,0.026871
test,2002,0,0.173950
test,2003,0,0.011001
test,2004,0,0.048026
test,2005,0,0.271182
test,2006,0,0.679196
test,2007,0,0.083342
test,2008,0,0.000482
test,2009,0,0.089681
test,2010,0,0.013999
test,2011,0,0.391940
test,2012,0,0.082341
test,2013,0,0.131959
test,2014,0,0.369229
test,2015,0,0.043201
test,2016,0,0.014692
test,2017,0,0.068536
test,2018,0,0.758439
test,2019,0,0.098861
test,2020,0,0.059585
test,2021,0,0.136908
test,2022,0,0.167007
test,2023,0,0.142249
test,2024,0,0.031947
test,2025,0,0.084595
test,2026,0,0.174009
test,2027,0,0.110979
test,2028,0,0.088066
test,2029,0,0.053596
test,2030,0,0.213884
test,2031,0,0.132957
test,2032,0,0.078483
test,2033,0,0.030507
test,2034,0,0.777432
test,2035,0,0.068727
test,2036,0,0.409915
test,2037,0,0.749150
test,2038,0,0.313083
test,2039,0,0.305026
test,2040,0,0.558456
test,2041,0,0.218599
test,2042,0,0.013615
test,2043,0,0.144948
test,2044,0,0.205326
test,2045,0,0.575961
test,2046,0,0.060995
test,2047,0,0.587764
test,2048,0,0.002045
test,2049,0,0.031863
test,2050,0,0.068584
test,2051,0,0.283735
test,2052,0,0.677416
test,2053,0,0.546106
test,2054,0,0.006460
test,2055,0,0.009171
test,2056,0,0.114691
test,2057,0,0.043968
test,2058,0,0.399781
test,2059,0,0.767285
test,2060,0,0.041949
test,2061,0,0.137823
test,2062,0,0.628071
test,2063,0,0.385404
test,2064,0,0.383385
test,2065,0,0.028062
test,2066,0,0.135983
test,2067,0,0.067402
test,2068,0,0.113617
test,2069,0,0.174860
test,2070,0,0.132254
test,2071,0,0.149973
test,2072,0,0.052166
test,2073,0,0.414797
test,2074,0,0.044587
test,2075,0,0.244577
test,2076,0,0.424107
test,2077,0,0.186287
test,2078,0,0.656236
test,2079,0,0.311052
test,2080,0,0.745006
test,2081,0,0.062814
test,2082,0,0.093763
test,2083,0,0.083700
test,2084,0,0.011258
test,2085,0,0.101552
test,2086,0,0.071322
test,2087,0,0.110920
test,2088,0,0.034096
test,2089,0,0.120593
test,2090,0,0.032246
test,2091,0,0.105312
test,2092,0,0.182873
test,2093,0,0.063366
test,2094,0,0.224756
test,2095,0,0.255001
test,2096,0,0.202210
test,2097,0,0.010643
test,2098,0,0.169970
test,2099,0,0.000693
test,2100,0,0.025654
test,2101,0,0.038068
test,2102,0,0.010065
test,2103,0,0.071119
test,2104,0,0.332868
test,2105,0,0.177526
test,2106,0,0.679818
test,2107,0,0.322201
test,2108,0,0.167842
test,2109,0,0.104067
test,2110,0,0.039275
test,2111,0,0.006784
test,2112,0,0.106533
test,2113,0,0.105594
test,2114,0,0.261096
test,2115,0,0.030752
test,2116,0,0.060185
test,2117,0,0.253500
test,2118,0,0.120862
test,2119,0,0.029736
test,2120,0,0.151713
test,2121,0,0.085464
test,2122,0,0.070974
test,2123,0,0.023610
test,2124,0,0.164277
test,2125,0,0.000244
test,2126,0,0.118762
test,2127,0,0.265493
test,2128,0,0.080534
test,2129,0,0.271213
test,2130,0,0.055801
test,2131,0,0.095021
test,2132,0,0.060283
test,2133,0,0.065262
test,2134,0,0.056182
test,2135,0,0.151613
test,2136,0,0.138201
test,2137,0,0.213739
test,2138,0,0.727050
test,2139,0,0.209992
test,2140,0,0.143383
test,2141,0,0.203406
test,2142,0,0.302593
test,2143,0,0.511041
test,2144,0,0.059930
test,2145,0,0.252956
test,2146,0,0.175375
test,2147,0,0.100546
test,2148,0,0.145745
test,2149,0,0.094577
test,2150,0,0.050995
test,2151,0,0.169015
test,2152,0,0.076917
test,2153,0,0.153562
test,2154,0,0.370720
test,2155,0,0.211400
test,2156,0,0.034839
test,2157,0,0.043399
test,2158,0,0.012413
test,2159,0,0.026343
test,2160,0,0.706013
test,2161,0,0.351652
test,2162,0,0.193498
test,2163,0,0.240995
test,2164,0,0.062628
test,2165,0,0.019832
test,2166,0,0.013233
test,2167,0,0.132862
test,2168,0,0.205001
test,2169,0,0.003930
test,2170,0,0.041832
test,2171,0,0.072761
test,2172,0,0.181514
test,2173,0,0.030096
test,2174,0,0.072509
test,2175,0,0.027736
test,2176,0,0.114786
test,2177,0,0.428112
test,2178,0,0.030666
test,2179,0,0.098265
test,2180,0,0.291550
test,2181,0,0.145416
test,2182,0,0.422900
test,2183,0,0.212399
test,2184,0,0.195454
test,2185,0,0.075114
test,2186,0,0.194675
test,2187,0,0.019689
test,2188,0,0.060706
test,2189,0,0.719948
test,2190,0,0.466206
test,2191,0,0.099929
test,2192,0,0.027081
test,2193,0,0.161302
test,2194,0,0.560770
test,2195,0,0.408251
test,2196,0,0.301396
test,2197,0,0.106881
test,2198,0,0.610579
test,2199,0,0.564245
test,2200,0,0.165503
test,2201,0,0.495735
test,2202,0,0.068041
test,2203,0,0.091481
test,2204,0,0.090998
test,2205,0,0.436968
test,2206,0,0.172831
test,2207,0,0.249067
test,2208,0,0.470738
test,2209,0,0.186650
test,2210,0,0.305395
test,2211,0,0.203001
test,2212,0,0.298405
test,2213,0,0.288365
test,2214,0,0.367619
test,2215,0,0.614214
test,2216,0,0.452465
test,2217,0,0.051645
test,2218,0,0.045113
test,2219,0,0.007045
test,2220,0,0.128871
test,2221,0,0.612796
test,2222,0,0.974875
test,2223,0,0.408210
test,2224,0,0.183425
test,2225,0,0.107451
test,2226,0,0.084132
test,2227,0,0.241865
test,2228,0,0.194732
test,2229,0,0.065456
test,2230,0,0.331127
test,2231,0,0.304939
test,2232,0,0.214655
test,2233,0,0.055007
test,2234,0,0.117814
test,2235,0,0.325978
test,2236,0,0.048217
test,2237,0,0.021122
test,2238,0,0.234629
test,2239,0,0.701903
test,2240,0,0.784986
test,2241,0,0.341664
test,2242,0,0.376878
test,2243,0,0.484658
test,2244,0,0.822841
test,2245,0,0.701113
test,2246,0,0.353190
test,2247,0,0.190093
test,2248,0,0.133184
test,2249,0,0.362669
test,2250,0,0.244983
test,2251,0,0.236380
test,2252,0,0.253320
test,2253,0,0.768080
test,2254,0,0.190483
test,2255,0,0.590535
test,2256,0,0.487375
test,2257,0,0.721780
test,2258,0,0.057069
test,2259,0,0.006119
test,2260,0,0.064446
test,2261,0,0.189500
test,2262,0,0.126955
test,2263,0,0.175320
test,2264,0,0.314065
test,2265,0,0.207799
test,2266,0,0.098776
test,2267,0,0.436055
test,2268,0,0.211715
test,2269,0,0.164751
test,2270,0,0.303875
test,2271,0,0.310379
test,2272,0,0.008684
test,2273,0,0.195927
test,2274,0,0.174518
test,2275,0,0.108110
test,2276,0,0.160806
test,2277,0,0.212682
test,2278,0,0.059489
test,2279,0,0.080149
test,2280,0,0.158116
test,2281,0,0.408001
test,2282,0,0.149734
test,2283,0,0.593414
test,2284,0,0.072944
test,2285,0,0.226605
test,2286,0,0.773429
test,2287,0,0.578185
test,2288,0,0.056052
test,2289,0,0.339540
test,2290,0,0.118945
test,2291,0,0.118058
test,2292,0,0.815190
test,2293,0,0.359488
test,2294,0,0.065352
test,2295,0,0.074287
test,2296,0,0.517503
test,2297,0,0.022810
test,2298,0,0.382996
test,2299,0,0.722497
test,2300,0,0.200756
test,2301,0,0.623398
test,2302,0,0.737177
test,2303,0,0.487785
test,2304,0,0.665725
test,2305,0,0.458972
test,2306,0,0.071478
test,2307,0,0.014202
test,2308,0,0.428116
test,2309,0,0.053516
test,2310,0,0.649657
test,2311,0,0.269208
test,2312,0,0.125368
test,2313,0,0.053173
test,2314,0,0.061171
test,2315,0,0.311348
test,2316,0,0.114889
test,2317,0,0.699540
test,2318,0,0.042033
test,2319,0,0.241536
test,2320,0,0.352655
test,2321,0,0.301288
test,2322,0,0.641317
test,2323,0,0.102959
test,2324,0,0.128023
test,2325,0,0.078337
test,2326,0,0.015391
test,2327,0,0.340476
test,2328,0,0.140591
test,2329,0,0.121848
test,2330,0,0.088680
test,2331,0,0.246853
test,2332,0,0.590093
test,2333,0,0.401287
test,2334,0,0.124217
test,2335,0,0.271815
test,2336,0,0.606256
test,2337,0,0.093271
test,2338,0,0.483669
test,2339,0,0.085741
test,2340,0,0.392152
test,2341,0,0.032634
test,2342,0,0.444200
test,2343,0,0.056980
test,2344,0,0.340011
test,2345,0,0.325200
test,2346,0,0.343609
test,2347,0,0.242161
test,2348,0,0.081017
test,2349,0,0.109390
test,2350,0,0.604867
test,2351,0,0.673020
test,2352,0,0.839033
test,2353,0,0.014378
test,2354,0,0.183011
test,2355,0,0.186790
test,2356,0,0.198009
test,2357,0,0.247170
test,2358,0,0.086789
test,2359,0,0.404516
test,2360,0,0.248214
test,2361,0,0.233322
test,2362,0,0.864500
test,2363,0,0.495926
test,2364,0,0.271859
test,2365,0,0.776099
test,2366,0,0.591042
test,2367,0,0.168254
test,2368,0,0.165987
test,2369,0,0.483166
test,2370,0,0.223100
test,2371,0,0.308927
test,2372,0,0.086999
test,2373,0,0.200717
test,2374,0,0.057233
test,2375,0,0.059512
test,2376,0,0.404218
test,2377,0,0.273781
test,2378,0,0.201320
test,2379,0,0.784091
test,2380,0,0.465466
test,2381,0,0.272591
test,2382,0,0.681703
test,2383,0,0.031075
test,2384,0,0.380045
test,2385,0,0.293186
test,2386,0,0.126419
test,2387,0,0.187361
test,2388,0,0.140883
test,2389,0,0.113043
test,2390,0,0.614280
test,2391,0,0.030923
test,2392,0,0.133647
test,2393,0,0.082546
test,2394,0,0.053907
test,2395,0,0.046983
test,2396,0,0.325536
test,2397,0,0.333613
test,2398,0,0.521353
test,2399,0,0.077076
test,2400,0,0.112211
test,2401,0,0.367158
test,2402,0,0.048970
test,2403,0,0.152077
test,2404,0,0.332338
test,2405,0,0.937185
test,2406,0,0.714170
test,2407,0,0.372466
test,2408,0,0.051811
test,2409,0,0.210642
test,2410,0,0.297974
test,2411,0,0.894703
test,2412,0,0.258425
test,2413,0,0.582894
test,2414,0,0.121513
test,2415,0,0.254583
test,2416,0,0.111831
test,2417,0,0.373483
test,2418,0,0.147596
test,2419,0,0.278797
test,2420,0,0.002235
test,2421,0,0.027119
test,2422,0,0.108271
test,2423,0,0.283882
test,2424,0,0.078985
test,2425,0,0.155558
test,2426,0,0.107428
test,2427,0,0.343356
test,2428,0,0.197268
test,2429,0,0.147118
test,2430,0,0.170869
test,2431,0,0.100082
test,2432,0,0.507260
test,2433,0,0.375653
test,2434,0,0.327531
test,2435,0,0.898935
test,2436,0,0.137788
test,2437,0,0.020037
test,2438,0,0.724981
test,2439,0,0.062233
test,2440,0,0.025604
test,2441,0,0.046552
test,2442,0,0.038595
test,2443,0,0.438523
test,2444,0,0.216820
test,2445,0,0.318152
test,2446,0,0.280875
test,2447,0,0.391113
test,2448,0,0.178348
test,2449,0,0.315888
test,2450,0,0.090241
test,2451,0,0.394955
test,2452,0,0.369154
test,2453,0,0.205843
test,2454,0,0.114542
test,2455,0,0.684739
test,2456,0,0.489770
test,2457,0,0.340738
test,2458,0,0.077407
test,2459,0,0.310219
test,2460,0,0.279682
test,2461,0,0.234062
test,2462,0,0.237886
test,2463,0,0.557851
test,2464,0,0.317301
test,2465,0,0.039860
test,2466,0,0.468138
test,2467,0,0.230570
test,2468,0,0.524724
test,2469,0,0.200679
test,2470,0,0.108332
test,2471,0,0.312297
test,2472,0,0.186207
test,2473,0,0.204994
test,2474,0,0.935775
test,2475,0,0.817109
test,2476,0,0.661458
test,2477,0,0.849037
test,2478,0,0.682320
test,2479,0,0.138420
test,2480,0,0.106996
test,2481,0,0.081918
test,2482,0,0.059969
test,2483,0,0.009150
test,2484,0,0.164041
test,2485,0,0.012158
test,2486,0,0.352823
test,2487,0,0.700265
test,2488,0,0.088313
test,2489,0,0.132040
test,2490,0,0.130155
test,2491,0,0.229433
test,2492,0,0.363644
test,2493,0,0.034732
test,2494,0,0.288797
test,2495,0,0.243267
test,2496,0,0.244003
test,2497,0,0.057754
test,2498,0,0.218986
test,2499,0,0.407765
test,2500,0,0.296205
test,2501,0,0.022701
test,2502,0,0.472990
test,2503,0,0.649727
test,2504,0,0.413899
test,2505,0,0.572823
test,2506,0,0.030258
test,2507,0,0.390652
test,2508,0,0.086577
test,2509,0,0.053150
test,2510,0,0.061904
test,2511,0,0.213318
test,2512,0,0.180202
test,2513,0,0.115563
test,2514,0,0.428332
test,2515,0,0.434041
test,2516,0,0.145090
test,2517,0,0.239950
test,2518,0,0.266204
test,2519,0,0.722148
test,2520,0,0.221199
test,2521,0,0.106192
test,2522,0,0.019927
test,2523,0,0.038904
test,2524,0,0.057285
test,2525,0,0.285649
test,2526,0,0.175751
test,2527,0,0.406238
test,2528,0,0.353514
test,2529,0,0.464038
test,2530,0,0.300721
test,2531,0,0.127511
test,2532,0,0.154432
test,2533,0,0.324059
test,2534,0,0.216426
test,2535,0,0.656195
test,2536,0,0.219068
test,2537,0,0.129521
test,2538,0,0.089749
test,2539,0,0.576926
test,2540,0,0.008615
test,2541,0,0.170348
test,2542,0,0.063037
test,2543,0,0.042289
test,2544,0,0.178006
test,2545,0,0.134133
test,2546,0,0.461397
test,2547,0,0.025808
test,2548,0,0.169589
test,2549,0,0.809947
test,2550,0,0.550853
test,2551,0,0.584011
test,2552,0,0.340320
test,2553,0,0.108932
test,2554,0,0.167766
test,2555,0,0.130853
test,2556,0,0.027761
test,2557,0,0.052784
test,2558,0,0.159073
test,2559,0,0.024086
test,2560,0,0.337303
test,2561,0,0.396830
test,2562,0,0.012692
test,2563,0,0.049457
test,2564,0,0.047180
test,2565,0,0.044309
test,2566,0,0.249700
test,2567,0,0.054968
test,2568,0,0.230578
test,2569,0,0.086076
test,2570,0,0.101109
test,2571,0,0.414341
test,2572,0,0.234039
test,2573,0,0.139449
test,2574,0,0.027621
test,2575,0,0.216070
test,2576,0,0.039220
test,2577,0,0.007621
test,2578,0,0.069577
test,2579,0,0.018102
test,2580,0,0.060480
test,2581,0,0.110125
test,2582,0,0.367150
test,2583,0,0.539741
test,2584,0,0.208207
test,2585,0,0.106146
test,2586,0,0.685174
test,2587,0,0.490664
test,2588,0,0.005129
test,2589,0,0.067156
test,2590,0,0.023486
test,2591,0,0.004690
test,2592,0,0.643640
test,2593,0,0.036092
test,2594,0,0.145833
test,2595,0,0.186461
test,2596,0,0.320227
test,2597,0,0.052763
test,2598,0,0.004523
test,2599,0,0.179863
test,2600,0,0.211689
test,2601,0,0.878328
test,2602,0,0.026436
test,2603,0,0.086429
test,2604,0,0.453827
test,2605,0,0.240908
test,2606,0,0.064754
test,2607,0,0.420603
test,2608,0,0.218212
test,2609,0,0.138132
test,2610,0,0.124664
test,2611,0,0.021096
test,2612,0,0.003086
test,2613,0,0.304178
test,2614,0,0.142268
test,2615,0,0.035514
test,2616,0,0.079860
test,2617,0,0.075767
test,2618,0,0.420486
test,2619,0,0.070393
test,2620,0,0.547579
test,2621,0,0.659696
test,2622,0,0.034514
test,2623,0,0.059472
test,2624,0,0.045374
test,2625,0,0.367853
test,2626,0,0.306743
test,2627,0,0.091954
test,2628,0,0.040979
test,2629,0,0.016286
test,2630,0,0.009072
test,2631,0,0.101715
test,2632,0,0.136637
test,2633,0,0.011293
test,2634,0,0.192606
test,2635,0,0.200742
test,2636,0,0.045250
test,2637,0,0.128242
test,2638,0,0.316947
test,2639,0,0.735530
test,2640,0,0.037531
test,2641,0,0.342745
test,2642,0,0.136445
test,2643,0,0.092110
test,2644,0,0.438936
test,2645,0,0.559842
test,2646,0,0.272691
test,2647,0,0.018305
test,2648,0,0.068579
test,2649,0,0.308465
test,2650,0,0.156811
test,2651,0,0.150935
test,2652,0,0.174169
test,2653,0,0.409026
test,2654,0,0.946167
test,2655,0,0.377246
test,2656,0,0.078275
test,2657,0,0.114121
test,2658,0,0.255627
test,2659,0,0.043994
test,2660,0,0.103253
test,2661,0,0.221588
test,2662,0,0.738115
test,2663,0,0.154353
test,2664,0,0.102339
test,2665,0,0.010516
test,2666,0,0.088635
test,2667,0,0.140952
test,2668,0,0.116239
test,2669,0,0.150538
test,2670,0,0.110954
test,2671,0,0.378013
test,2672,0,0.033591
test,2673,0,0.280341
test,2674,0,0.622238
test,2675,0,0.046663
test,2676,0,0.002367
test,2677,0,0.087038
test,2678,0,0.010609
test,2679,0,0.126955
test,2680,0,0.443937
test,2681,0,0.299818
test,2682,0,0.262499
test,2683,0,0.057381
test,2684,0,0.068988
test,2685,0,0.064880
test,2686,0,0.753720
test,2687,0,0.393246
test,2688,0,0.980558
test,2689,0,0.783826
test,2690,0,0.583562
test,2691,0,0.182606
test,2692,0,0.620381
test,2693,0,0.120854
test,2694,0,0.071226
test,2695,0,0.090590
test,2696,0,0.520503
test,2697,0,0.286769
test,2698,0,0.305689
test,2699,0,0.656911
test,2700,0,0.074111
test,2701,0,0.078278
test,2702,0,0.103940
test,2703,0,0.028110
test,2704,0,0.095787
test,2705,0,0.055721
test,2706,0,0.206827
test,2707,0,0.180340
test,2708,0,0.033027
test,2709,0,0.265972
test,2710,0,0.073832
test,2711,0,0.119149
test,2712,0,0.280158
test,2713,0,0.215302
test,2714,0,0.348085
test,2715,0,0.123857
test,2716,0,0.077024
test,2717,0,0.434736
test,2718,0,0.023431
test,2719,0,0.081648
test,2720,0,0.150780
test,2721,0,0.188511
test,2722,0,0.050108
test,2723,0,0.062242
test,2724,0,0.047132
test,2725,0,0.119349
test,2726,0,0.097213
test,2727,0,0.098546
test,2728,0,0.026575
test,2729,0,0.018209
test,2730,0,0.013094
test,2731,0,0.771338
test,2732,0,0.095143
test,2733,0,0.183386
test,2734,0,0.743121
test,2735,0,0.021889
test,2736,0,0.040777
test,2737,0,0.184575
test,2738,0,0.128947
test,2739,0,0.123657
test,2740,0,0.135202
test,2741,0,0.029354
test,2742,0,0.297127
test,2743,0,0.350473
test,2744,0,0.143801
test,2745,0,0.076117
test,2746,0,0.160129
test,2747,0,0.059675
test,2748,0,0.227054
test,2749,0,0.141674
test,2750,0,0.364909
test,2751,0,0.307226
test,2752,0,0.384980
test,2753,0,0.178243
test,2754,0,0.740615
test,2755,0,0.691357
test,2756,0,0.225533
test,2757,0,0.058812
test,2758,0,0.442315
test,2759,0,0.360664
test,2760,0,0.546205
test,2761,0,0.115153
test,2762,0,0.059332
test,2763,0,0.075323
test,2764,0,0.064364
test,2765,0,0.089836
test,2766,0,0.353707
test,2767,0,0.060913
test,2768,0,0.100363
test,2769,0,0.091775
test,2770,0,0.286463
test,2771,0,0.271089
test,2772,0,0.040609
test,2773,0,0.047975
test,2774,0,0.065511
test,2775,0,0.166014
test,2776,0,0.261473
test,2777,0,0.134140
test,2778,0,0.168974
test,2779,0,0.160439
test,2780,0,0.270100
test,2781,0,0.082086
test,2782,0,0.073552
test,2783,0,0.129795
test,2784,0,0.357727
test,2785,0,0.372536
test,2786,0,0.414375
test,2787,0,0.373024
test,2788,0,0.416800
test,2789,0,0.138509
test,2790,0,0.132374
test,2791,0,0.015756
test,2792,0,0.229403
test,2793,0,0.097276
test,2794,0,0.044118
test,2795,0,0.334563
test,2796,0,0.038168
test,2797,0,0.038545
test,2798,0,0.903473
test,2799,0,0.899056
test,2800,0,0.062884
test,2801,0,0.197579
test,2802,0,0.324541
test,2803,0,0.033022
test,2804,0,0.350866
test,2805,0,0.176671
test,2806,0,0.062331
test,2807,0,0.387534
test,2808,0,0.234578
test,2809,0,0.667828
test,2810,0,0.327394
test,2811,0,0.079482
test,2812,0,0.331413
test,2813,0,0.338739
test,2814,0,0.382588
test,2815,0,0.619914
test,2816,0,0.233009
test,2817,0,0.249346
test,2818,0,0.415956
test,2819,0,0.228840
test,2820,0,0.503792
test,2821,0,0.479612
test,2822,0,0.076604
test,2823,0,0.535560
test,2824,0,0.210552
test,2825,0,0.295856
test,2826,0,0.330939
test,2827,0,0.254966
test,2828,0,0.085392
test,2829,0,0.706108
test,2830,0,0.560796
test,2831,0,0.277167
test,2832,0,0.743216
test,2833,0,0.316932
test,2834,0,0.295287
test,2835,0,0.349105
test,2836,0,0.550830
test,2837,0,0.491332
test,2838,0,0.054586
test,2839,0,0.558051
test,2840,0,0.801971
test,2841,0,0.749365
test,2842,0,0.423577
test,2843,0,0.093116
test,2844,0,0.361181
test,2845,0,0.592424
test,2846,0,0.348020
test,2847,0,0.369582
test,2848,0,0.810332
test,2849,0,0.759277
test,2850,0,0.027676
test,2851,0,0.016523
test,2852,0,0.042213
test,2853,0,0.041507
test,2854,0,0.202784
test,2855,0,0.398004
test,2856,0,0.267747
test,2857,0,0.351684
test,2858,0,0.529133
test,2859,0,0.227123
test,2860,0,0.081350
test,2861,0,0.102123
test,2862,0,0.281093
test,2863,0,0.312271
test,2864,0,0.166725
test,2865,0,0.022499
test,2866,0,0.072856
test,2867,0,0.225163
test,2868,0,0.473313
test,2869,0,0.198285
test,2870,0,0.432224
test,2871,0,0.006354
test,2872,0,0.002830
test,2873,0,0.258580
test,2874,0,0.375984
test,2875,0,0.225643
test,2876,0,0.739130
test,2877,0,0.763544
test,2878,0,0.258393
test,2879,0,0.275064
test,2880,0,0.598702
test,2881,0,0.523644
test,2882,0,0.437380
test,2883,0,0.525504
test,2884,0,0.374257
test,2885,0,0.117535
test,2886,0,0.857807
test,2887,0,0.067074
test,2888,0,0.365202
test,2889,0,0.040148
test,2890,0,0.505301
test,2891,0,0.030111
test,2892,0,0.043325
test,2893,0,0.099846
test,2894,0,0.290094
test,2895,0,0.203814
test,2896,0,0.182459
test,2897,0,0.013484
test,2898,0,0.072051
test,2899,0,0.331790
test,2900,0,0.047317
test,2901,0,0.547450
test,2902,0,0.132167
test,2903,0,0.023018
test,2904,0,0.034624
test,2905,0,0.019413
test,2906,0,0.293968
test,2907,0,0.209182
test,2908,0,0.077372
test,2909,0,0.274972
test,2910,0,0.010349
test,2911,0,0.023899
test,2912,0,0.243592
test,2913,0,0.222901
test,2914,0,0.141007
test,2915,0,0.196134
test,2916,0,0.067958
test,2917,0,0.062269
test,2918,0,0.144020
test,2919,0,0.057412
test,2920,0,0.020624
test,2921,0,0.067489
test,2922,0,0.037304
test,2923,0,0.048074
test,2924,0,0.566769
test,2925,0,0.024843
test,2926,0,0.027358
test,2927,0,0.100331
test,2928,0,0.147919
test,2929,0,0.716499
test,2930,0,0.059490
test,2931,0,0.077572
test,2932,0,0.190103
test,2933,0,0.714927
test,2934,0,0.060293
test,2935,0,0.015387
test,2936,0,0.106369
test,2937,0,0.050717
test,2938,0,0.131658
test,2939,0,0.042884
test,2940,0,0.002673
test,2941,0,0.041158
test,2942,0,0.007553
test,2943,0,0.196276
test,2944,0,0.372667
test,2945,0,0.204347
test,2946,0,0.042690
test,2947,0,0.150735
test,2948,0,0.017046
test,2949,0,0.047172
test,2950,0,0.124979
test,2951,0,0.174438
test,2952,0,0.264768
test,2953,0,0.092185
test,2954,0,0.107998
test,2955,0,0.366820
test,2956,0,0.191341
test,2957,0,0.005701
test,2958,0,0.489611
test,2959,0,0.111078
test,2960,0,0.215541
test,2961,0,0.169536
test,2962,0,0.097793
test,2963,0,0.015416
test,2964,0,0.423894
test,2965,0,0.420681
test,2966,0,0.066748
test,2967,0,0.109016
test,2968,0,0.169121
test,2969,0,0.042269
test,2970,0,0.175851
test,2971,0,0.329745
test,2972,0,0.009795
test,2973,0,0.117837
test,2974,0,0.210452
test,2975,0,0.155211
test,2976,0,0.356029
test,2977,0,0.191500
test,2978,0,0.272017
test,2979,0,0.067274
test,2980,0,0.035003
test,2981,0,0.074346
test,2982,0,0.102967
test,2983,0,0.017747
test,2984,0,0.500382
test,2985,0,0.252725
test,2986,0,0.471859
test,2987,0,0.076235
test,2988,0,0.342849
test,2989,0,0.239247
test,2990,0,0.092189
test,2991,0,0.089447
test,2992,0,0.141256
test,2993,0,0.564797
test,2994,0,0.327449
test,2995,0,0.177958
test,2996,0,0.280252
test,2997,0,0.346957
test,2998,0,0.476090
test,2999,0,0.423762
test,3000,0,0.319380
test,3001,0,0.200277
test,3002,0,0.110469
test,3003,0,0.149458
test,3004,0,0.103986
test,3005,0,0.425260
test,3006,0,0.740711
test,3007,0,0.095195
test,3008,0,0.391965
test,3009,0,0.316891
test,3010,0,0.289746
test,3011,0,0.508036
test,3012,0,0.510741
test,3013,0,0.163365
test,3014,0,0.361154
test,3015,0,0.018952
test,3016,0,0.051541
test,3017,0,0.054850
test,3018,0,0.105612
test,3019,0,0.694874
test,3020,0,0.130684
test,3021,0,0.140239
test,3022,0,0.218523
test,3023,0,0.095511
test,3024,0,0.183156
test,3025,0,0.160936
test,3026,0,0.211776
test,3027,0,0.005245
test,3028,0,0.006488
test,3029,0,0.381126
test,3030,0,0.034522
test,3031,0,0.100350
test,3032,0,0.026499
test,3033,0,0.078011
test,3034,0,0.299794
test,3035,0,0.416182
test,3036,0,0.420874
test,3037,0,0.414495
test,3038,0,0.040172
test,3039,0,0.195046
test,3040,0,0.134310
test,3041,0,0.007710
test,3042,0,0.195785
test,3043,0,0.596025
test,3044,0,0.594362
test,3045,0,0.046926
test,3046,0,0.023498
test,3047,0,0.010702
test,3048,0,0.275483
test,3049,0,0.084016
test,3050,0,0.251711
test,3051,0,0.734796
test,3052,0,0.009960
test,3053,0,0.290862
test,3054,0,0.183779
test,3055,0,0.454037
test,3056,0,0.715067
test,3057,0,0.108963
test,3058,0,0.756074
test,3059,0,0.461825
test,3060,0,0.462813
test,3061,0,0.603247
test,3062,0,0.507649
test,3063,0,0.031109
test,3064,0,0.109693
test,3065,0,0.504601
test,3066,0,0.023576
test,3067,0,0.362704
test,3068,0,0.866720
test,3069,0,0.316468
test,3070,0,0.324096
test,3071,0,0.075914
test,3072,0,0.017742
test,3073,0,0.213917
test,3074,0,0.041287
test,3075,0,0.735401
test,3076,0,0.126937
test,3077,0,0.055522
test,3078,0,0.101168
test,3079,0,0.085039
test,3080,0,0.254932
test,3081,0,0.067773
test,3082,0,0.089898
test,3083,0,0.089672
test,3084,0,0.145363
test,3085,0,0.117246
test,3086,0,0.117246
test,3087,0,0.145790
test,3088,0,0.767031
test,3089,0,0.464961
test,3090,0,0.142521
test,3091,0,0.018725
test,3092,0,0.127562
test,3093,0,0.123402
test,3094,0,0.094492
test,3095,0,0.347666
test,3096,0,0.055255
test,3097,0,0.055491
test,3098,0,0.065153
test,3099,0,0.189298
test,3100,0,0.415448
test,3101,0,0.021275
test,3102,0,0.154400
test,3103,0,0.616411
test,3104,0,0.011742
test,3105,0,0.694314
test,3106,0,0.124688
test,3107,0,0.435058
test,3108,0,0.547372
test,3109,0,0.238546
test,3110,0,0.177987
test,3111,0,0.121315
test,3112,0,0.485255
test,3113,0,0.792943
test,3114,0,0.445592
test,3115,0,0.018105
test,3116,0,0.432123
test,3117,0,0.503337
test,3118,0,0.036636
test,3119,0,0.047451
test,3120,0,0.142435
test,3121,0,0.388502
test,3122,0,0.154747
test,3123,0,0.613346
test,3124,0,0.400723
test,3125,0,0.140113
test,3126,0,0.523866
test,3127,0,0.106167
test,3128,0,0.205413
test,3129,0,0.290995
test,3130,0,0.133570
test,3131,0,0.755348
test,3132,0,0.122604
test,3133,0,0.053920
test,3134,0,0.205319
test,3135,0,0.128067
test,3136,0,0.478930
test,3137,0,0.271449
test,3138,0,0.434922
test,3139,0,0.341041
test,3140,0,0.586815
test,3141,0,0.449201
test,3142,0,0.321240
test,3143,0,0.307315
test,3144,0,0.256775
test,3145,0,0.367416
test,3146,0,0.421682
test,3147,0,0.163062
test,3148,0,0.106315
test,3149,0,0.382055
test,3150,0,0.022894
test,3151,0,0.238734
test,3152,0,0.813146
test,3153,0,0.090331
test,3154,0,0.432805
test,3155,0,0.294192
test,3156,0,0.173272
test,3157,0,0.069222
test,3158,0,0.236526
test,3159,0,0.096314
test,3160,0,0.078478
test,3161,0,0.413751
test,3162,0,0.107998
test,3163,0,0.111617
test,3164,0,0.053892
test,3165,0,0.242117
test,3166,0,0.042546
test,3167,0,0.059627
test,3168,0,0.010686
test,3169,0,0.455890
test,3170,0,0.061244
test,3171,0,0.085077
test,3172,0,0.271361
test,3173,0,0.007064
test,3174,0,0.123466
test,3175,0,0.102037
test,3176,0,0.027875
test,3177,0,0.598872
test,3178,0,0.033776
test,3179,0,0.238823
test,3180,0,0.086086
test,3181,0,0.020587
test,3182,0,0.199166
test,3183,0,0.248631
test,3184,0,0.884781
test,3185,0,0.034513
test,3186,0,0.357930
test,3187,0,0.080090
test,3188,0,0.175794
test,3189,0,0.025273
test,3190,0,0.075414
test,3191,0,0.051525
test,3192,0,0.035958
test,3193,0,0.216774
test,3194,0,0.206230
test,3195,0,0.230870
test,3196,0,0.229434
test,3197,0,0.354277
test,3198,0,0.012661
test,3199,0,0.014163
test,3200,0,0.154577
test,3201,0,0.128857
test,3202,0,0.330666
test,3203,0,0.342318
test,3204,0,0.086119
test,3205,0,0.267247
test,3206,0,0.265084
test,3207,0,0.118107
test,3208,0,0.139278
test,3209,0,0.014600
test,3210,0,0.554596
test,3211,0,0.399721
test,3212,0,0.173814
test,3213,0,0.285749
test,3214,0,0.698131
test,3215,0,0.262180
test,3216,0,0.027926
test,3217,0,0.754744
test,3218,0,0.419458
test,3219,0,0.005578
test,3220,0,0.081475
test,3221,0,0.236032
test,3222,0,0.107682
test,3223,0,0.229647
test,3224,0,0.395690
test,3225,0,0.398297
test,3226,0,0.526238
test,3227,0,0.086211
test,3228,0,0.097752
test,3229,0,0.201772
test,3230,0,0.245340
test,3231,0,0.576958
test,3232,0,0.121861
test,3233,0,0.411856
test,3234,0,0.383740
test,3235,0,0.137163
test,3236,0,0.138231
test,3237,0,0.015504
test,3238,0,0.523189
test,3239,0,0.219013
test,3240,0,0.128657
test,3241,0,0.120688
test,3242,0,0.069685
test,3243,0,0.165944
test,3244,0,0.681413
test,3245,0,0.438597
test,3246,0,0.325830
test,3247,0,0.647362
test,3248,0,0.029080
test,3249,0,0.025759
test,3250,0,0.433428
test,3251,0,0.219760
test,3252,0,0.529052
test,3253,0,0.498436
test,3254,0,0.139996
test,3255,0,0.226050
test,3256,0,0.804818
test,3257,0,0.221556
test,3258,0,0.034819
test,3259,0,0.221474
test,3260,0,0.372715
test,3261,0,0.387518
test,3262,0,0.041969
test,3263,0,0.056819
test,3264,0,0.253036
test,3265,0,0.002641
test,3266,0,0.001433
test,3267,0,0.245802
test,3268,0,0.067158
test,3269,0,0.173421
test,3270,0,0.346419
test,3271,0,0.710793
test,3272,0,0.064059
test,3273,0,0.000026
test,3274,0,0.246248
test,3275,0,0.119255
test,3276,0,0.191061
test,3277,0,0.412930
test,3278,0,0.047597
test,3279,0,0.031779
test,3280,0,0.360808
test,3281,0,0.145655
test,3282,0,0.233221
test,3283,0,0.566428
test,3284,0,0.022560
test,3285,0,0.143086
test,3286,0,0.059100
test,3287,0,0.927237
test,3288,0,0.136001
test,3289,0,0.237386
test,3290,0,0.128648
test,3291,0,0.239865
test,3292,0,0.042492
test,3293,0,0.538699
test,3294,0,0.282903
test,3295,0,0.208597
test,3296,0,0.039846
test,3297,0,0.233519
test,3298,0,0.225205
test,3299,0,0.062958
test,3300,0,0.049337
test,3301,0,0.135404
test,3302,0,0.099540
test,3303,0,0.491536
test,3304,0,0.152176
test,3305,0,0.675908
test,3306,0,0.019677
test,3307,0,0.097229
test,3308,0,0.081379
test,3309,0,0.312105
test,3310,0,0.038265
test,3311,0,0.254526
test,3312,0,0.134575
test,3313,0,0.700220
test,3314,0,0.328773
test,3315,0,0.163380
test,3316,0,0.743120
test,3317,0,0.070867
test,3318,0,0.081308
test,3319,0,0.225059
test,3320,0,0.165675
test,3321,0,0.096318
test,3322,0,0.074130
test,3323,0,0.257797
test,3324,0,0.073339
test,3325,0,0.191013
test,3326,0,0.037965
test,3327,0,0.108670
test,3328,0,0.285878
test,3329,0,0.029961
test,3330,0,0.243116
test,3331,0,0.149397
test,3332,0,0.412021
test,3333,0,0.055549
test,3334,0,0.251514
test,3335,0,0.385208
test,3336,0,0.464237
test,3337,0,0.159756
test,3338,0,0.476032
test,3339,0,0.154294
test,3340,0,0.154465
test,3341,0,0.138464
test,3342,0,0.062266
test,3343,0,0.406745
test,3344,0,0.379644
test,3345,0,0.236321
test,3346,0,0.106663
test,3347,0,0.008899
test,3348,0,0.186621
test,3349,0,0.082972
test,3350,0,0.087742
test,3351,0,0.169754
test,3352,0,0.152871
test,3353,0,0.031164
test,3354,0,0.520297
test,3355,0,0.315178
test,3356,0,0.048338
test,3357,0,0.290210
test,3358,0,0.300870
test,3359,0,0.425347
test,3360,0,0.683600
test,3361,0,0.465888
test,3362,0,0.395070
test,3363,0,0.592848
test,3364,0,0.228841
test,3365,0,0.159028
test,3366,0,0.621550
test,3367,0,0.528326
test,3368,0,0.080982
test,3369,0,0.015662
test,3370,0,0.264689
test,3371,0,0.171007
test,3372,0,0.360275
test,3373,0,0.263330
test,3374,0,0.387296
test,3375,0,0.039215
test,3376,0,0.030252
test,3377,0,0.427382
test,3378,0,0.322284
test,3379,0,0.370043
test,3380,0,0.171668
test,3381,0,0.058238
test,3382,0,0.053583
test,3383,0,0.147718
test,3384,0,0.249205
test,3385,0,0.481151
test,3386,0,0.874337
test,3387,0,0.306952
test,3388,0,0.116580
test,3389,0,0.082588
test,3390,0,0.326713
test,3391,0,0.228765
test,3392,0,0.492540
test,3393,0,0.368640
test,3394,0,0.162845
test,3395,0,0.049309
test,3396,0,0.082564
test,3397,0,0.480305
test,3398,0,0.226006
test,3399,0,0.049885
test,3400,0,0.065325
test,3401,0,0.024596
test,3402,0,0.054608
test,3403,0,0.012609
test,3404,0,0.094916
test,3405,0,0.575142
test,3406,0,0.329567
test,3407,0,0.155016
test,3408,0,0.165016
test,3409,0,0.026871
test,3410,0,0.173950
test,3411,0,0.011001
test,3412,0,0.048026
test,3413,0,0.271182
test,3414,0,0.679196
test,3415,0,0.083342
test,3416,0,0.000482
test,3417,0,0.089681
test,3418,0,0.013999
test,3419,0,0.391940
test,3420,0,0.082341
test,3421,0,0.131959
test,3422,0,0.369229
test,3423,0,0.043201
test,3424,0,0.014692
test,3425,0,0.719879
test,3426,0,0.095215
test,3427,0,0.092930
test,3428,0,0.004837
test,3429,0,0.002056
test,3430,0,0.048093
test,3431,0,0.586650
test,3432,0,0.607501
test,3433,0,0.172354
test,3434,0,0.312312
test,3435,0,0.136438
test,3436,0,0.241561
test,3437,0,0.256775
test,3438,0,0.367416
test,3439,0,0.421682
test,3440,0,0.163062
test,3441,0,0.106315
test,3442,0,0.382055
test,3443,0,0.022894
test,3444,0,0.238734
test,3445,0,0.813146
test,3446,0,0.090331
test,3447,0,0.432805
test,3448,0,0.294192
test,3449,0,0.173272
test,3450,0,0.069222
test,3451,0,0.205115
test,3452,0,0.088279
test,3453,0,0.199096
test,3454,0,0.299579
test,3455,0,0.429030
test,3456,0,0.015987
test,3457,0,0.209054
test,3458,0,0.403883
test,3459,0,0.130091
test,3460,0,0.020093
test,3461,0,0.097348
test,3462,0,0.363862
test,3463,0,0.255303
test,3464,0,0.193422
test,3465,0,0.124596
test,3466,0,0.404207
test,3467,0,0.181304
test,3468,0,0.069175
test,3469,0,0.594941
test,3470,0,0.603113
test,3471,0,0.465510
test,3472,0,0.154794
test,3473,0,0.499654
test,3474,0,0.128586
test,3475,0,0.364020
test,3476,0,0.519512
test,3477,0,0.099456
test,3478,0,0.337883
test,3479,0,0.076042
test,3480,0,0.010310
test,3481,0,0.417447
test,3482,0,0.057807
test,3483,0,0.449807
test,3484,0,0.158654
test,3485,0,0.032085
test,3486,0,0.815690
test,3487,0,0.144864
test,3488,0,0.467056
test,3489,0,0.514132
test,3490,0,0.070934
test,3491,0,0.259811
test,3492,0,0.383835
test,3493,0,0.022025
test,3494,0,0.399021
test,3495,0,0.058370
test,3496,0,0.375453
test,3497,0,0.097958
test,3498,0,0.254683
test,3499,0,0.706049
test,3500,0,0.451043
test,3501,0,0.052652
test,3502,0,0.227874
test,3503,0,0.032503
test,3504,0,0.006863
test,3505,0,0.007953
test,3506,0,0.037877
test,3507,0,0.198827
test,3508,0,0.007475
test,3509,0,0.093971
test,3510,0,0.750891
test,3511,0,0.002378
test,3512,0,0.213747
test,3513,0,0.303544
test,3514,0,0.247098
test,3515,0,0.025272
test,3516,0,0.117343
test,3517,0,0.026844
test,3518,0,0.020119
test,3519,0,0.000428
test,3520,0,0.078632
test,3521,0,0.059145
test,3522,0,0.127038
test,3523,0,0.008847
test,3524,0,0.351845
test,3525,0,0.259576
test,3526,0,0.001727
test,3527,0,0.381869
test,3528,0,0.110070
test,3529,0,0.124711
test,3530,0,0.201265
test,3531,0,0.447959
test,3532,0,0.041147
test,3533,0,0.039501
test,3534,0,0.127992
test,3535,0,0.249250
test,3536,0,0.060117
test,3537,0,0.051752
test,3538,0,0.433179
test,3539,0,0.236296
test,3540,0,0.420455
test,3541,0,0.063664
test,3542,0,0.043393
test,3543,0,0.412737
test,3544,0,0.108305
test,3545,0,0.351212
test,3546,0,0.279696
test,3547,0,0.835472
test,3548,0,0.262048
test,3549,0,0.676888
test,3550,0,0.748082
test,3551,0,0.327212
test,3552,0,0.043348
test,3553,0,0.980902
test,3554,0,0.148477
test,3555,0,0.126694
test,3556,0,0.040693
test,3557,0,0.338511
test,3558,0,0.056401
test,3559,0,0.092398
test,3560,0,0.562871
test,3561,0,0.037179
test,3562,0,0.245666
test,3563,0,0.091528
test,3564,0,0.603154
test,3565,0,0.705301
test,3566,0,0.436720
test,3567,0,0.220904
test,3568,0,0.929432
test,3569,0,0.112742
test,3570,0,0.265687
test,3571,0,0.363209
test,3572,0,0.409887
test,3573,0,0.065723
test,3574,0,0.049409
test,3575,0,0.736533
test,3576,0,0.435549
test,3577,0,0.706539
test,3578,0,0.431090
test,3579,0,0.040025
test,3580,0,0.047526
test,3581,0,0.009447
test,3582,0,0.168255
test,3583,0,0.378142
test,3584,0,0.046736
test,3585,0,0.096871
test,3586,0,0.026343
test,3587,0,0.542611
test,3588,0,0.003827
test,3589,0,0.027378
test,3590,0,0.182689
test,3591,0,0.067556
test,3592,0,0.047228
test,3593,0,0.282707
test,3594,0,0.455604
test,3595,0,0.293696
test,3596,0,0.159932
test,3597,0,0.251190
test,3598,0,0.125648
test,3599,0,0.317941
test,3600,0,0.377083
test,3601,0,0.248804
test,3602,0,0.376063
test,3603,0,0.198183
test,3604,0,0.214978
test,3605,0,0.576737
test,3606,0,0.101851
test,3607,0,0.134410
test,3608,0,0.131138
test,3609,0,0.074196
test,3610,0,0.078985
test,3611,0,0.443172
test,3612,0,0.274007
test,3613,0,0.180632
test,3614,0,0.079526
test,3615,0,0.060121
test,3616,0,0.535332
test,3617,0,0.143023
test,3618,0,0.176070
test,3619,0,0.017687
test,3620,0,0.203467
test,3621,0,0.235952
test,3622,0,0.030918
test,3623,0,0.017901
test,3624,0,0.720623
test,3625,0,0.695117
test,3626,0,0.857347
test,3627,0,0.074970
test,3628,0,0.150715
test,3629,0,0.240339
test,3630,0,0.175475
test,3631,0,0.067826
test,3632,0,0.192319
test,3633,0,0.029907
test,3634,0,0.417764
test,3635,0,0.169359
test,3636,0,0.115902
test,3637,0,0.031527
test,3638,0,0.916381
test,3639,0,0.049396
test,3640,0,0.179249
test,3641,0,0.082663
test,3642,0,0.050573
test,3643,0,0.300992
test,3644,0,0.115761
test,3645,0,0.029707
test,3646,0,0.033563
test,3647,0,0.435616
test,3648,0,0.270270
test,3649,0,0.444743
test,3650,0,0.317476
test,3651,0,0.223775
test,3652,0,0.087053
test,3653,0,0.483739
test,3654,0,0.239668
test,3655,0,0.152495
test,3656,0,0.148842
test,3657,0,0.242823
test,3658,0,0.304689
test,3659,0,0.414466
test,3660,0,0.252241
test,3661,0,0.108290
test,3662,0,0.135948
test,3663,0,0.104745
test,3664,0,0.345880
test,3665,0,0.150461
test,3666,0,0.037162
test,3667,0,0.012277
test,3668,0,0.280728
test,3669,0,0.274140
test,3670,0,0.059456
test,3671,0,0.292434
test,3672,0,0.103802
test,3673,0,0.036839
test,3674,0,0.272613
test,3675,0,0.454282
test,3676,0,0.061910
test,3677,0,0.052378
test,3678,0,0.024070
test,3679,0,0.158092
test,3680,0,0.012395
test,3681,0,0.533238
test,3682,0,0.207417
test,3683,0,0.024540
test,3684,0,0.083833
test,3685,0,0.027017
test,3686,0,0.035989
test,3687,0,0.560263
test,3688,0,0.357764
test,3689,0,0.841300
test,3690,0,0.508410
test,3691,0,0.289422
test,3692,0,0.953817
test,3693,0,0.386635
test,3694,0,0.082438
test,3695,0,0.616971
test,3696,0,0.148289
test,3697,0,0.574077
test,3698,0,0.173460
test,3699,0,0.045212
test,3700,0,0.372085
test,3701,0,0.187125
test,3702,0,0.056061
test,3703,0,0.138046
test,3704,0,0.244133
test,3705,0,0.098087
test,3706,0,0.267560
test,3707,0,0.428332
test,3708,0,0.180505
test,3709,0,0.696313
test,3710,0,0.037527
test,3711,0,0.021547
test,3712,0,0.036015
test,3713,0,0.319660
test,3714,0,0.173892
test,3715,0,0.694233
test,3716,0,0.380601
test,3717,0,0.061546
test,3718,0,0.054230
test,3719,0,0.215284
test,3720,0,0.022202
test,3721,0,0.091153
test,3722,0,0.053739
test,3723,0,0.069246
test,3724,0,0.216478
test,3725,0,0.078618
test,3726,0,0.242777
test,3727,0,0.873028
test,3728,0,0.368508
test,3729,0,0.132457
test,3730,0,0.222743
test,3731,0,0.105775
test,3732,0,0.110336
test,3733,0,0.072138
test,3734,0,0.107504
test,3735,0,0.003841
test,3736,0,0.038056
test,3737,0,0.182992
test,3738,0,0.238198
test,3739,0,0.080207
test,3740,0,0.384355
test,3741,0,0.128285
test,3742,0,0.012932
test,3743,0,0.231115
test,3744,0,0.115863
test,3745,0,0.260978
test,3746,0,0.043459
test,3747,0,0.062804
test,3748,0,0.176161
test,3749,0,0.565799
test,3750,0,0.106697
test,3751,0,0.293576
test,3752,0,0.288302
test,3753,0,0.015264
test,3754,0,0.031202
test,3755,0,0.326997
test,3756,0,0.031865
test,3757,0,0.882918
test,3758,0,0.298532
test,3759,0,0.104288
test,3760,0,0.030487
test,3761,0,0.229150
test,3762,0,0.122263
test,3763,0,0.185031
test,3764,0,0.162450
test,3765,0,0.598536
test,3766,0,0.863316
test,3767,0,0.282331
test,3768,0,0.121716
test,3769,0,0.005688
test,3770,0,0.096419
test,3771,0,0.019082
test,3772,0,0.066103
test,3773,0,0.267393
test,3774,0,0.621351
test,3775,0,0.100065
test,3776,0,0.252800
test,3777,0,0.167537
test,3778,0,0.096157
test,3779,0,0.010953
test,3780,0,0.322945
test,3781,0,0.399731
test,3782,0,0.107397
test,3783,0,0.745992
test,3784,0,0.754958
test,3785,0,0.133718
test,3786,0,0.348593
test,3787,0,0.090825
test,3788,0,0.539858
test,3789,0,0.137823
test,3790,0,0.179010
test,3791,0,0.164691
test,3792,0,0.211622
test,3793,0,0.200602
test,3794,0,0.533926
test,3795,0,0.204851
test,3796,0,0.079973
test,3797,0,0.366399
test,3798,0,0.308807
test,3799,0,0.129415
test,3800,0,0.107990
test,3801,0,0.609073
test,3802,0,0.158238
test,3803,0,0.444743
test,3804,0,0.119583
test,3805,0,0.068049
test,3806,0,0.129016
test,3807,0,0.261789
test,3808,0,0.407145
test,3809,0,0.121688
test,3810,0,0.654354
test,3811,0,0.190563
test,3812,0,0.556453
test,3813,0,0.730770
test,3814,0,0.253695
test,3815,0,0.160827
test,3816,0,0.193267
test,3817,0,0.535095
test,3818,0,0.281551
test,3819,0,0.273728
test,3820,0,0.086698
test,3821,0,0.031076
test,3822,0,0.002769
test,3823,0,0.038419
test,3824,0,0.067355
test,3825,0,0.051122
test,3826,0,0.024325
test,3827,0,0.667685
test,3828,0,0.095546
test,3829,0,0.002853
test,3830,0,0.176719
test,3831,0,0.677658
test,3832,0,0.135833
test,3833,0,0.000006
test,3834,0,0.025692
test,3835,0,0.555098
test,3836,0,0.059731
test,3837,0,0.370388
test,3838,0,0.384014
test,3839,0,0.216178
test,3840,0,0.435825
test,3841,0,0.186659
test,3842,0,0.306586
test,3843,0,0.862183
test,3844,0,0.258059
test,3845,0,0.484760
test,3846,0,0.488088
test,3847,0,0.316311
test,3848,0,0.631814
test,3849,0,0.015868
test,3850,0,0.192487
test,3851,0,0.134886
test,3852,0,0.115958
test,3853,0,0.072761
test,3854,0,0.151718
test,3855,0,0.410817
test,3856,0,0.071454
test,3857,0,0.020522
test,3858,0,0.113730
test,3859,0,0.213815
test,3860,0,0.238891
test,3861,0,0.176860
test,3862,0,0.153060
test,3863,0,0.119091
test,3864,0,0.454043
test,3865,0,0.112746
test,3866,0,0.225947
test,3867,0,0.606764
test,3868,0,0.278730
test,3869,0,0.229254
test,3870,0,0.518105
test,3871,0,0.362678
test,3872,0,0.493325
test,3873,0,0.457223
test,3874,0,0.509210
test,3875,0,0.078891
test,3876,0,0.419840
test,3877,0,0.003395
test,3878,0,0.467975
test,3879,0,0.082880
test,3880,0,0.292091
test,3881,0,0.246880
test,3882,0,0.096730
test,3883,0,0.524268
test,3884,0,0.278765
test,3885,0,0.652601
test,3886,0,0.002726
test,3887,0,0.280489
test,3888,0,0.069899
test,3889,0,0.446871
test,3890,0,0.067903
test,3891,0,0.181230
test,3892,0,0.074151
test,3893,0,0.070297
test,3894,0,0.322584
test,3895,0,0.016136
test,3896,0,0.009935
test,3897,0,0.091955
test,3898,0,0.554711
test,3899,0,0.124149
test,3900,0,0.109261
test,3901,0,0.022500
test,3902,0,0.513832
test,3903,0,0.057046
test,3904,0,0.069611
test,3905,0,0.112350
test,3906,0,0.763922
test,3907,0,0.351543
test,3908,0,0.532645
test,3909,0,0.452256
test,3910,0,0.537996
test,3911,0,0.111730
test,3912,0,0.659891
test,3913,0,0.131312
test,3914,0,0.071229
test,3915,0,0.111425
test,3916,0,0.455873
test,3917,0,0.432408
test,3918,0,0.060638
test,3919,0,0.059484
test,3920,0,0.211749
test,3921,0,0.397997
test,3922,0,0.757073
test,3923,0,0.075193
test,3924,0,0.329788
test,3925,0,0.259937
test,3926,0,0.069403
test,3927,0,0.158226
test,3928,0,0.212130
test,3929,0,0.029288
test,3930,0,0.331586
test,3931,0,0.047322
test,3932,0,0.182647
test,3933,0,0.207364
test,3934,0,0.226747
test,3935,0,0.320503
test,3936,0,0.008062
test,3937,0,0.711160
test,3938,0,0.314028
test,3939,0,0.572771
test,3940,0,0.697431
test,3941,0,0.281086
test,3942,0,0.245293
test,3943,0,0.197052
test,3944,0,0.074804
test,3945,0,0.138064
test,3946,0,0.099573
test,3947,0,0.239141
test,3948,0,0.017247
test,3949,0,0.177469
test,3950,0,0.102311
test,3951,0,0.238315
test,3952,0,0.259196
test,3953,0,0.052643
test,3954,0,0.029327
test,3955,0,0.234920
test,3956,0,0.035464
test,3957,0,0.000140
test,3958,0,0.005796
test,3959,0,0.038816
test,3960,0,0.015733
test,3961,0,0.002389
test,3962,0,0.024298
test,3963,0,0.090978
test,3964,0,0.095177
test,3965,0,0.125486
test,3966,0,0.359115
test,3967,0,0.241042
test,3968,0,0.435368
test,3969,0,0.224600
test,3970,0,0.066405
test,3971,0,0.243230
test,3972,0,0.429537
test,3973,0,0.009493
test,3974,0,0.116265
test,3975,0,0.156240
test,3976,0,0.390059
test,3977,0,0.242958
test,3978,0,0.193779
test,3979,0,0.256563
test,3980,0,0.363391
test,3981,0,0.649459
test,3982,0,0.336785
test,3983,0,0.602573
test,3984,0,0.138095
test,3985,0,0.374039
test,3986,0,0.222471
test,3987,0,0.237182
test,3988,0,0.062338
test,3989,0,0.069541
test,3990,0,0.134561
test,3991,0,0.251451
test,3992,0,0.016894
test,3993,0,0.379596
test,3994,0,0.047703
test,3995,0,0.013681
test,3996,0,0.063808
test,3997,0,0.194183
test,3998,0,0.048236
test,3999,0,0.114811
test,4000,0,0.027303
test,4001,0,0.027719
test,4002,0,0.661757
test,4003,0,0.490763
test,4004,0,0.083827
test,4005,0,0.355655
test,4006,0,0.432003
test,4007,0,0.305143
test,4008,0,0.065611
test,4009,0,0.261766
test,4010,0,0.032267
test,4011,0,0.050797
test,4012,0,0.153878
test,4013,0,0.180807
test,4014,0,0.324531
test,4015,0,0.083647
test,4016,0,0.015695
test,4017,0,0.014570
test,4018,0,0.014790
test,4019,0,0.033934
test,4020,0,0.013283
test,4021,0,0.003676
test,4022,0,0.061554
test,4023,0,0.003424
test,4024,0,0.003603
test,4025,0,0.010780
test,4026,0,0.024414
test,4027,0,0.032199
test,4028,0,0.000381
test,4029,0,0.010673
test,4030,0,0.078010
test,4031,0,0.049391
test,4032,0,0.017744
test,4033,0,0.010072
test,4034,0,0.020797
test,4035,0,0.082182
test,4036,0,0.039190
test,4037,0,0.029154
test,4038,0,0.074030
test,4039,0,0.109204
test,4040,0,0.167906
test,4041,0,0.480789
test,4042,0,0.210281
test,4043,0,0.157752
test,4044,0,0.445318
test,4045,0,0.071239
test,4046,0,0.882394
test,4047,0,0.471299
test,4048,0,0.269243
test,4049,0,0.012601
test,4050,0,0.063263
test,4051,0,0.434904
test,4052,0,0.662246
test,4053,0,0.026027
test,4054,0,0.625142
test,4055,0,0.195777
test,4056,0,0.276002
test,4057,0,0.223720
test,4058,0,0.237354
test,4059,0,0.077572
test,4060,0,0.029695
test,4061,0,0.070469
test,4062,0,0.590785
test,4063,0,0.293275
test,4064,0,0.059458
test,4065,0,0.063035
test,4066,0,0.010806
test,4067,0,0.110496
test,4068,0,0.437959
test,4069,0,0.060396
test,4070,0,0.667216
test,4071,0,0.033705
test,4072,0,0.670977
test,4073,0,0.124469
test,4074,0,0.371338
test,4075,0,0.622325
test,4076,0,0.207714
test,4077,0,0.276112
test,4078,0,0.574790
test,4079,0,0.251576
test,4080,0,0.150344
test,4081,0,0.170828
test,4082,0,0.104683
test,4083,0,0.380155
test,4084,0,0.072392
test,4085,0,0.074790
test,4086,0,0.498291
test,4087,0,0.393358
test,4088,0,0.341223
test,4089,0,0.114895
test,4090,0,0.426591
test,4091,0,0.198071
test,4092,0,0.053922
test,4093,0,0.048440
test,4094,0,0.106809
test,4095,0,0.168217
test,4096,0,0.136592
test,4097,0,0.298405
test,4098,0,0.288365
test,4099,0,0.367619
test,4100,0,0.614214
test,4101,0,0.452465
test,4102,0,0.051645
test,4103,0,0.045113
test,4104,0,0.007045
test,4105,0,0.128871
test,4106,0,0.612796
test,4107,0,0.468597
test,4108,0,0.193017
test,4109,0,0.164214
test,4110,0,0.221985
test,4111,0,0.357184
test,4112,0,0.782526
test,4113,0,0.588026
test,4114,0,0.485670
test,4115,0,0.125793
test,4116,0,0.426062
test,4117,0,0.019225
test,4118,0,0.907747
test,4119,0,0.149185
test,4120,0,0.053140
test,4121,0,0.059121
test,4122,0,0.038404
test,4123,0,0.118375
test,4124,0,0.053094
test,4125,0,0.007394
test,4126,0,0.131812
test,4127,0,0.043074
test,4128,0,0.091958
test,4129,0,0.111606
test,4130,0,0.038660
test,4131,0,0.164429
test,4132,0,0.174028
test,4133,0,0.107121
test,4134,0,0.046150
test,4135,0,0.045032
test,4136,0,0.086192
test,4137,0,0.130510
test,4138,0,0.236816
test,4139,0,0.138653
test,4140,0,0.144480
test,4141,0,0.258681
test,4142,0,0.356653
test,4143,0,0.057394
test,4144,0,0.021785
test,4145,0,0.035412
test,4146,0,0.069021
test,4147,0,0.036262
test,4148,0,0.839761
test,4149,0,0.365932
test,4150,0,0.002544
test,4151,0,0.059107
test,4152,0,0.313212
test,4153,0,0.198642
test,4154,0,0.119857
test,4155,0,0.193490
test,4156,0,0.069419
test,4157,0,0.054671
test,4158,0,0.667568
test,4159,0,0.371279
test,4160,0,0.241196
test,4161,0,0.265341
test,4162,0,0.190408
test,4163,0,0.267889
test,4164,0,0.347885
test,4165,0,0.494422
test,4166,0,0.363693
test,4167,0,0.825433
test,4168,0,0.627919
test,4169,0,0.494422
test,4170,0,0.126510
test,4171,0,0.540338
test,4172,0,0.321114
test,4173,0,0.067981
test,4174,0,0.077426
test,4175,0,0.266408
test,4176,0,0.176230
test,4177,0,0.074454
test,4178,0,0.256252
test,4179,0,0.146578
test,4180,0,0.034835
test,4181,0,0.016703
test,4182,0,0.243980
test,4183,0,0.381778
test,4184,0,0.029439
test,4185,0,0.213725
test,4186,0,0.049778
test,4187,0,0.245456
test,4188,0,0.347550
test,4189,0,0.097475
test,4190,0,0.188815
test,4191,0,0.502749
test,4192,0,0.675210
test,4193,0,0.124558
test,4194,0,0.052457
test,4195,0,0.135929
test,4196,0,0.102324
test,4197,0,0.015852
test,4198,0,0.442732
test,4199,0,0.021433
test,4200,0,0.079522
test,4201,0,0.208137
test,4202,0,0.418728
test,4203,0,0.275783
test,4204,0,0.104123
test,4205,0,0.332113
test,4206,0,0.269752
test,4207,0,0.187311
test,4208,0,0.047684
test,4209,0,0.596219
test,4210,0,0.024212
test,4211,0,0.003802
test,4212,0,0.287868
test,4213,0,0.016302
test,4214,0,0.138917
test,4215,0,0.100132
test,4216,0,0.076510
test,4217,0,0.435193
test,4218,0,0.081963
test,4219,0,0.020294
test,4220,0,0.234850
test,4221,0,0.185052
test,4222,0,0.373349
test,4223,0,0.063429
test,4224,0,0.007884
test,4225,0,0.004553
test,4226,0,0.721667
test,4227,0,0.327431
test,4228,0,0.071209
test,4229,0,0.243479
test,4230,0,0.081522
test,4231,0,0.090165
test,4232,0,0.359318
test,4233,0,0.841709
test,4234,0,0.140116
test,4235,0,0.380850
test,4236,0,0.485107
test,4237,0,0.092596
test,4238,0,0.070611
test,4239,0,0.362117
test,4240,0,0.198279
test,4241,0,0.056879
test,4242,0,0.047856
test,4243,0,0.064094
test,4244,0,0.115702
test,4245,0,0.420676
test,4246,0,0.319658
test,4247,0,0.186351
test,4248,0,0.099711
test,4249,0,0.185847
test,4250,0,0.423192
test,4251,0,0.179750
test,4252,0,0.522881
test,4253,0,0.056115
test,4254,0,0.093525
test,4255,0,0.048140
test,4256,0,0.136379
test,4257,0,0.030653
test,4258,0,0.175411
test,4259,0,0.017783
test,4260,0,0.145434
test,4261,0,0.411668
test,4262,0,0.251419
test,4263,0,0.261350
test,4264,0,0.018154
test,4265,0,0.374651
test,4266,0,0.279907
test,4267,0,0.013299
test,4268,0,0.044504
test,4269,0,0.265068
test,4270,0,0.082683
test,4271,0,0.002136
test,4272,0,0.132898
test,4273,0,0.376205
test,4274,0,0.024442
test,4275,0,0.436937
test,4276,0,0.143712
test,4277,0,0.288842
test,4278,0,0.051022
test,4279,0,0.225346
test,4280,0,0.115129
test,4281,0,0.752821
test,4282,0,0.301669
test,4283,0,0.070504
test,4284,0,0.098216
test,4285,0,0.594398
test,4286,0,0.323518
test,4287,0,0.022071
test,4288,0,0.189012
test,4289,0,0.072428
test,4290,0,0.616178
test,4291,0,0.476227
test,4292,0,0.310985
test,4293,0,0.652387
test,4294,0,0.093038
test,4295,0,0.438256
test,4296,0,0.572802
test,4297,0,0.271186
test,4298,0,0.508865
test,4299,0,0.000925
test,4300,0,0.297299
test,4301,0,0.230714
test,4302,0,0.032557
test,4303,0,0.459569
test,4304,0,0.125748
test,4305,0,0.049688
test,4306,0,0.015853
test,4307,0,0.071730
test,4308,0,0.090807
test,4309,0,0.037509
test,4310,0,0.505107
test,4311,0,0.433229
test,4312,0,0.341892
test,4313,0,0.299392
test,4314,0,0.138108
test,4315,0,0.137462
test,4316,0,0.021928
test,4317,0,0.543733
test,4318,0,0.243007
test,4319,0,0.369736
test,4320,0,0.302778
test,4321,0,0.379265
test,4322,0,0.377440
test,4323,0,0.022171
test,4324,0,0.247192
test,4325,0,0.329098
test,4326,0,0.415610
test,4327,0,0.335680
test,4328,0,0.128518
test,4329,0,0.559269
test,4330,0,0.380884
test,4331,0,0.250809
test,4332,0,0.174856
test,4333,0,0.293109
test,4334,0,0.187831
test,4335,0,0.602379
test,4336,0,0.348265
test,4337,0,0.057227
test,4338,0,0.003073
test,4339,0,0.226374
test,4340,0,0.242424
test,4341,0,0.237730
test,4342,0,0.321814
test,4343,0,0.193431
test,4344,0,0.173337
test,4345,0,0.114982
test,4346,0,0.049790
test,4347,0,0.059343
test,4348,0,0.528538
test,4349,0,0.135439
test,4350,0,0.054945
test,4351,0,0.271465
test,4352,0,0.396528
test,4353,0,0.147880
test,4354,0,0.063601
test,4355,0,0.115577
test,4356,0,0.041665
test,4357,0,0.345051
test,4358,0,0.249072
test,4359,0,0.142742
test,4360,0,0.447227
test,4361,0,0.064480
test,4362,0,0.277969
test,4363,0,0.111390
test,4364,0,0.057330
test,4365,0,0.156071
test,4366,0,0.577592
test,4367,0,0.698272
test,4368,0,0.125716
test,4369,0,0.199524
test,4370,0,0.311671
test,4371,0,0.562719
test,4372,0,0.674448
test,4373,0,0.710491
test,4374,0,0.272694
test,4375,0,0.298613
test,4376,0,0.099527
test,4377,0,0.460400
test,4378,0,0.285104
test,4379,0,0.338774
test,4380,0,0.233207
test,4381,0,0.043381
test,4382,0,0.045034
test,4383,0,0.151033
test,4384,0,0.154388
test,4385,0,0.126444
test,4386,0,0.125380
test,4387,0,0.632271
test,4388,0,0.425421
test,4389,0,0.011173
test,4390,0,0.235679
test,4391,0,0.561852
test,4392,0,0.116812
test,4393,0,0.284328
test,4394,0,0.376875
test,4395,0,0.641329
test,4396,0,0.493475
test,4397,0,0.251393
test,4398,0,0.162981
test,4399,0,0.285442
test,4400,0,0.540481
test,4401,0,0.274586
test,4402,0,0.663885
test,4403,0,0.128054
test,4404,0,0.866036
test,4405,0,0.505126
test,4406,0,0.655841
test,4407,0,0.422859
test,4408,0,0.160789
test,4409,0,0.521802
test,4410,0,0.116760
test,4411,0,0.235454
test,4412,0,0.395289
test,4413,0,0.005153
test,4414,0,0.596050
test,4415,0,0.103227
test,4416,0,0.603015
test,4417,0,0.138863
test,4418,0,0.797015
test,4419,0,0.287347
test,4420,0,0.149037
test,4421,0,0.264986
test,4422,0,0.106485
test,4423,0,0.030071
test,4424,0,0.156108
test,4425,0,0.266183
test,4426,0,0.803308
test,4427,0,0.431842
test,4428,0,0.021015
test,4429,0,0.011209
test,4430,0,0.152942
test,4431,0,0.804413
test,4432,0,0.075805
test,4433,0,0.445406
test,4434,0,0.191880
test,4435,0,0.082853
test,4436,0,0.112633
test,4437,0,0.080468
test,4438,0,0.170226
test,4439,0,0.285599
test,4440,0,0.151272
test,4441,0,0.096272
test,4442,0,0.185136
test,4443,0,0.025625
test,4444,0,0.045087
test,4445,0,0.040143
test,4446,0,0.149440
test,4447,0,0.062088
test,4448,0,0.768738
test,4449,0,0.131823
test,4450,0,0.066801
test,4451,0,0.189486
test,4452,0,0.242414
test,4453,0,0.170246
test,4454,0,0.170246
test,4455,0,0.023471
test,4456,0,0.034085
test,4457,0,0.153226
test,4458,0,0.027267
test,4459,0,0.020168
test,4460,0,0.024792
test,4461,0,0.166423
test,4462,0,0.071030
test,4463,0,0.070512
test,4464,0,0.291485
test,4465,0,0.339946
test,4466,0,0.048444
test,4467,0,0.199374
test,4468,0,0.001855
test,4469,0,0.035264
test,4470,0,0.018203
test,4471,0,0.026640
test,4472,0,0.611730
test,4473,0,0.047988
test,4474,0,0.039234
test,4475,0,0.300792
test,4476,0,0.206965
test,4477,0,0.104765
test,4478,0,0.168750
test,4479,0,0.381613
test,4480,0,0.178734
test,4481,0,0.110576
test,4482,0,0.439312
test,4483,0,0.164830
test,4484,0,0.828648
test,4485,0,0.592264
test,4486,0,0.208513
test,4487,0,0.214921
test,4488,0,0.212460
test,4489,0,0.544418
test,4490,0,0.390262
test,4491,0,0.471489
test,4492,0,0.457733
test,4493,0,0.401269
test,4494,0,0.017355
test,4495,0,0.193263
test,4496,0,0.453197
test,4497,0,0.269117
test,4498,0,0.235333
test,4499,0,0.040959
test,4500,0,0.040467
test,4501,0,0.217352
test,4502,0,0.747050
test,4503,0,0.784768
test,4504,0,0.487288
test,4505,0,0.918448
test,4506,0,0.445511
test,4507,0,0.133286
test,4508,0,0.155271
test,4509,0,0.003939
test,4510,0,0.092788
test,4511,0,0.559591
test,4512,0,0.589784
test,4513,0,0.076784
test,4514,0,0.532634
test,4515,0,0.080630
test,4516,0,0.116563
test,4517,0,0.409765
test,4518,0,0.105376
test,4519,0,0.002971
test,4520,0,0.607258
test,4521,0,0.134615
test,4522,0,0.068886
test,4523,0,0.041459
test,4524,0,0.369346
test,4525,0,0.160933
test,4526,0,0.876962
test,4527,0,0.151484
test,4528,0,0.136931
test,4529,0,0.175542
test,4530,0,0.081237
test,4531,0,0.361286
test,4532,0,0.201937
test,4533,0,0.028276
test,4534,0,0.413863
test,4535,0,0.028879
test,4536,0,0.104107
test,4537,0,0.282080
test,4538,0,0.024828
test,4539,0,0.197582
test,4540,0,0.167444
test,4541,0,0.206979
test,4542,0,0.066738
test,4543,0,0.224228
test,4544,0,0.000357
test,4545,0,0.074530
test,4546,0,0.010799
test,4547,0,0.071654
test,4548,0,0.157281
test,4549,0,0.060325
test,4550,0,0.041461
test,4551,0,0.515849
test,4552,0,0.317539
test,4553,0,0.270952
test,4554,0,0.056705
test,4555,0,0.097988
test,4556,0,0.027951
test,4557,0,0.041140
test,4558,0,0.068523
test,4559,0,0.143626
test,4560,0,0.021432
test,4561,0,0.075666
test,4562,0,0.128959
test,4563,0,0.024985
test,4564,0,0.090541
test,4565,0,0.053083
test,4566,0,0.455007
test,4567,0,0.451472
test,4568,0,0.208259
test,4569,0,0.020568
test,4570,0,0.193003
test,4571,0,0.065314
test,4572,0,0.232851
test,4573,0,0.947871
test,4574,0,0.350715
test,4575,0,0.123581
test,4576,0,0.414765
test,4577,0,0.078768
test,4578,0,0.238637
test,4579,0,0.086741
test,4580,0,0.213132
test,4581,0,0.333089
test,4582,0,0.142211
test,4583,0,0.062547
test,4584,0,0.009444
test,4585,0,0.447246
test,4586,0,0.457783
test,4587,0,0.358767
test,4588,0,0.200555
test,4589,0,0.602115
test,4590,0,0.613937
test,4591,0,0.806712
test,4592,0,0.622432
test,4593,0,0.530528
test,4594,0,0.102676
test,4595,0,0.087401
test,4596,0,0.397844
test,4597,0,0.448808
test,4598,0,0.425793
test,4599,0,0.469483
test,4600,0,0.792472
test,4601,0,0.164526
test,4602,0,0.564080
test,4603,0,0.294486
test,4604,0,0.112622
test,4605,0,0.320524
test,4606,0,0.403815
test,4607,0,0.316900
test,4608,0,0.135116
test,4609,0,0.061028
test,4610,0,0.115584
test,4611,0,0.033454
test,4612,0,0.482515
test,4613,0,0.321265
test,4614,0,0.135724
test,4615,0,0.566808
test,4616,0,0.186688
test,4617,0,0.545152
test,4618,0,0.159449
test,4619,0,0.050527
test,4620,0,0.074238
test,4621,0,0.226272
test,4622,0,0.378369
test,4623,0,0.172465
test,4624,0,0.013955
test,4625,0,0.120741
test,4626,0,0.031375
test,4627,0,0.044108
test,4628,0,0.027449
test,4629,0,0.062385
test,4630,0,0.054672
test,4631,0,0.017641
test,4632,0,0.001371
test,4633,0,0.206331
test,4634,0,0.030849
test,4635,0,0.136776
test,4636,0,0.454953
test,4637,0,0.076955
test,4638,0,0.109662
test,4639,0,0.531677
test,4640,0,0.640091
test,4641,0,0.910640
test,4642,0,0.824631
test,4643,0,0.452877
test,4644,0,0.138427
test,4645,0,0.420093
test,4646,0,0.754213
test,4647,0,0.036933
test,4648,0,0.106582
test,4649,0,0.235678
test,4650,0,0.056312
test,4651,0,0.456753
test,4652,0,0.626973
test,4653,0,0.793198
test,4654,0,0.006600
test,4655,0,0.481988
test,4656,0,0.255182
test,4657,0,0.064504
test,4658,0,0.022223
test,4659,0,0.049927
test,4660,0,0.091996
test,4661,0,0.028757
test,4662,0,0.042317
test,4663,0,0.462821
test,4664,0,0.265352
test,4665,0,0.150080
test,4666,0,0.208305
test,4667,0,0.343648
test,4668,0,0.461574
test,4669,0,0.197039
test,4670,0,0.065191
test,4671,0,0.116735
test,4672,0,0.032424
test,4673,0,0.229218
test,4674,0,0.649266
test,4675,0,0.147895
test,4676,0,0.123545
test,4677,0,0.001275
test,4678,0,0.034955
test,4679,0,0.389707
test,4680,0,0.051860
test,4681,0,0.087095
test,4682,0,0.658552
test,4683,0,0.370069
test,4684,0,0.112688
test,4685,0,0.455185
test,4686,0,0.117408
test,4687,0,0.633095
test,4688,0,0.015325
test,4689,0,0.136269
test,4690,0,0.416142
test,4691,0,0.324491
test,4692,0,0.638235
test,4693,0,0.033406
test,4694,0,0.284485
test,4695,0,0.258646
test,4696,0,0.445229
test,4697,0,0.155634
test,4698,0,0.348937
test,4699,0,0.164942
test,4700,0,0.639647
test,4701,0,0.564570
test,4702,0,0.159934
test,4703,0,0.706900
test,4704,0,0.051929
test,4705,0,0.785647
test,4706,0,0.328646
test,4707,0,0.213364
test,4708,0,0.654047
test,4709,0,0.548579
test,4710,0,0.207369
test,4711,0,0.496814
test,4712,0,0.270633
test,4713,0,0.017347
test,4714,0,0.407552
test,4715,0,0.439721
test,4716,0,0.849487
test,4717,0,0.025994
test,4718,0,0.134805
test,4719,0,0.152052
test,4720,0,0.188108
test,4721,0,0.068553
test,4722,0,0.197592
test,4723,0,0.916212
test,4724,0,0.547962
test,4725,0,0.119617
test,4726,0,0.164773
test,4727,0,0.226341
test,4728,0,0.337967
test,4729,0,0.558495
test,4730,0,0.128994
test,4731,0,0.220178
test,4732,0,0.290945
test,4733,0,0.069962
test,4734,0,0.021550
test,4735,0,0.184321
test,4736,0,0.180562
test,4737,0,0.312811
test,4738,0,0.255219
test,4739,0,0.155540
test,4740,0,0.001934
test,4741,0,0.398286
test,4742,0,0.024872
test,4743,0,0.865363
test,4744,0,0.876930
test,4745,0,0.204221
test,4746,0,0.379566
test,4747,0,0.131997
test,4748,0,0.586366
test,4749,0,0.244713
test,4750,0,0.702258
test,4751,0,0.398588
test,4752,0,0.503484
test,4753,0,0.185619
test,4754,0,0.036756
test,4755,0,0.300098
test,4756,0,0.089382
test,4757,0,0.247761
test,4758,0,0.651946
test,4759,0,0.516547
test,4760,0,0.447285
test,4761,0,0.065838
test,4762,0,0.717258
test,4763,0,0.181052
test,4764,0,0.059158
test,4765,0,0.148677
test,4766,0,0.177718
test,4767,0,0.020310
test,4768,0,0.050797
test,4769,0,0.351580
test,4770,0,0.551096
test,4771,0,0.134821
test,4772,0,0.159898
test,4773,0,0.245907
test,4774,0,0.044064
test,4775,0,0.406444
test,4776,0,0.730815
test,4777,0,0.225850
test,4778,0,0.202369
test,4779,0,0.195347
test,4780,0,0.157000
test,4781,0,0.735025
test,4782,0,0.061805
test,4783,0,0.200164
test,4784,0,0.097084
test,4785,0,0.201456
test,4786,0,0.076494
test,4787,0,0.033131
test,4788,0,0.006015
test,4789,0,0.633454
test,4790,0,0.130569
test,4791,0,0.075740
test,4792,0,0.210377
test,4793,0,0.798053
test,4794,0,0.774989
test,4795,0,0.001684
test,4796,0,0.090868
test,4797,0,0.255865
test,4798,0,0.099854
test,4799,0,0.116847
test,4800,0,0.112152
test,4801,0,0.429932
test,4802,0,0.534344
test,4803,0,0.064200
test,4804,0,0.006639
test,4805,0,0.010151
test,4806,0,0.109900
test,4807,0,0.153199
test,4808,0,0.154159
test,4809,0,0.078898
test,4810,0,0.797633
test,4811,0,0.887995
test,4812,0,0.363378
test,4813,0,0.090539
test,4814,0,0.015866
test,4815,0,0.379694
test,4816,0,0.043936
test,4817,0,0.070634
test,4818,0,0.003497
test,4819,0,0.428327
test,4820,0,0.062489
test,4821,0,0.050381
test,4822,0,0.090510
test,4823,0,0.135810
test,4824,0,0.378055
test,4825,0,0.033895
test,4826,0,0.102630
test,4827,0,0.066309
test,4828,0,0.196404
test,4829,0,0.133519
test,4830,0,0.083631
test,4831,0,0.144086
test,4832,0,0.554150
test,4833,0,0.687140
test,4834,0,0.631338
test,4835,0,0.070109
test,4836,0,0.212942
test,4837,0,0.056748
test,4838,0,0.063355
test,4839,0,0.512953
test,4840,0,0.240839
test,4841,0,0.414939
test,4842,0,0.118020
test,4843,0,0.047489
test,4844,0,0.013748
test,4845,0,0.038083
test,4846,0,0.226801
test,4847,0,0.092409
test,4848,0,0.198338
test,4849,0,0.366099
test,4850,0,0.197152
test,4851,0,0.082688
test,4852,0,0.081873
test,4853,0,0.081863
test,4854,0,0.127905
test,4855,0,0.003921
test,4856,0,0.169695
test,4857,0,0.045761
test,4858,0,0.014134
test,4859,0,0.049926
test,4860,0,0.156561
test,4861,0,0.046284
test,4862,0,0.146492
test,4863,0,0.175434
test,4864,0,0.616856
test,4865,0,0.400663
test,4866,0,0.110653
test,4867,0,0.067812
test,4868,0,0.643308
test,4869,0,0.115657
test,4870,0,0.578949
test,4871,0,0.876379
test,4872,0,0.218674
test,4873,0,0.065293
test,4874,0,0.072552
test,4875,0,0.120529
test,4876,0,0.274691
test,4877,0,0.345846
test,4878,0,0.511707
test,4879,0,0.153604
test,4880,0,0.416363
test,4881,0,0.180254
test,4882,0,0.562489
test,4883,0,0.548312
test,4884,0,0.081101
test,4885,0,0.595063
test,4886,0,0.031971
test,4887,0,0.100901
test,4888,0,0.162888
test,4889,0,0.224990
test,4890,0,0.577578
test,4891,0,0.062646
test,4892,0,0.120137
test,4893,0,0.232231
test,4894,0,0.501344
test,4895,0,0.144792
test,4896,0,0.318642
test,4897,0,0.495599
test,4898,0,0.533851
test,4899,0,0.070409
test,4900,0,0.131088
test,4901,0,0.254782
test,4902,0,0.163885
test,4903,0,0.038087
test,4904,0,0.151133
test,4905,0,0.003531
test,4906,0,0.120596
test,4907,0,0.130052
test,4908,0,0.158519
test,4909,0,0.004985
test,4910,0,0.116988
test,4911,0,0.035101
test,4912,0,0.070807
test,4913,0,0.137782
test,4914,0,0.064418
test,4915,0,0.041879
test,4916,0,0.316948
test,4917,0,0.031097
test,4918,0,0.265068
test,4919,0,0.155232
test,4920,0,0.035560
test,4921,0,0.006459
test,4922,0,0.114709
test,4923,0,0.468612
test,4924,0,0.030502
test,4925,0,0.072275
test,4926,0,0.083334
test,4927,0,0.252452
test,4928,0,0.042315
test,4929,0,0.095964
test,4930,0,0.033657
test,4931,0,0.438649
test,4932,0,0.296279
test,4933,0,0.001095
test,4934,0,0.004622
test,4935,0,0.181123
test,4936,0,0.480853
test,4937,0,0.319103
test,4938,0,0.096413
test,4939,0,0.083687
test,4940,0,0.185210
test,4941,0,0.044330
test,4942,0,0.034147
test,4943,0,0.156959
test,4944,0,0.092619
test,4945,0,0.234231
test,4946,0,0.089795
test,4947,0,0.176204
test,4948,0,0.049649
test,4949,0,0.297268
test,4950,0,0.145098
test,4951,0,0.016796
test,4952,0,0.364818
test,4953,0,0.584523
test,4954,0,0.346028
test,4955,0,0.172235
test,4956,0,0.395024
test,4957,0,0.721517
test,4958,0,0.249826
test,4959,0,0.230412
test,4960,0,0.253758
test,4961,0,0.639742
test,4962,0,0.148723
test,4963,0,0.143961
test,4964,0,0.049905
test,4965,0,0.922376
test,4966,0,0.792998
test,4967,0,0.155172
test,4968,0,0.213863
test,4969,0,0.490464
test,4970,0,0.340764
test,4971,0,0.508838
test,4972,0,0.042813
test,4973,0,0.294702
test,4974,0,0.860673
test,4975,0,0.157253
test,4976,0,0.367141
test,4977,0,0.308176
test,4978,0,0.081448
test,4979,0,0.077671
test,4980,0,0.184887
test,4981,0,0.223048
test,4982,0,0.265852
test,4983,0,0.238639
test,4984,0,0.443718
test,4985,0,0.467703
test,4986,0,0.007307
test,4987,0,0.428972
test,4988,0,0.125593
test,4989,0,0.318037
test,4990,0,0.069753
test,4991,0,0.338232
test,4992,0,0.246014
test,4993,0,0.075860
test,4994,0,0.056542
test,4995,0,0.222912
test,4996,0,0.170009
test,4997,0,0.065506
test,4998,0,0.837201
test,4999,0,0.163750
test,5000,0,0.540154
test,5001,0,0.560927
test,5002,0,0.281272
test,5003,0,0.084752
test,5004,0,0.436866
test,5005,0,0.284236
test,5006,0,0.378187
test,5007,0,0.210828
test,5008,0,0.308178
test,5009,0,0.703264
test,5010,0,0.371706
test,5011,0,0.219775
test,5012,0,0.258355
test,5013,0,0.729931
test,5014,0,0.179925
test,5015,0,0.515712
test,5016,0,0.469075
test,5017,0,0.154977
test,5018,0,0.099921
test,5019,0,0.130879
test,5020,0,0.456846
test,5021,0,0.086937
test,5022,0,0.020605
test,5023,0,0.170609
test,5024,0,0.467894
test,5025,0,0.309498
test,5026,0,0.465059
test,5027,0,0.657325
test,5028,0,0.085704
test,5029,0,0.118253
test,5030,0,0.328948
test,5031,0,0.046526
test,5032,0,0.069536
test,5033,0,0.077632
test,5034,0,0.079809
test,5035,0,0.047879
test,5036,0,0.109761
test,5037,0,0.246498
test,5038,0,0.646199
test,5039,0,0.595014
test,5040,0,0.246849
test,5041,0,0.072874
test,5042,0,0.236167
test,5043,0,0.215701
test,5044,0,0.022023
test,5045,0,0.061314
test,5046,0,0.082661
test,5047,0,0.209875
test,5048,0,0.216464
test,5049,0,0.332748
test,5050,0,0.784607
test,5051,0,0.120525
test,5052,0,0.311172
test,5053,0,0.266911
test,5054,0,0.148442
test,5055,0,0.314506
test,5056,0,0.148472
test,5057,0,0.376416
test,5058,0,0.346924
test,5059,0,0.235437
test,5060,0,0.794695
test,5061,0,0.027302
test,5062,0,0.013041
test,5063,0,0.148704
test,5064,0,0.266036
test,5065,0,0.102331
test,5066,0,0.096294
test,5067,0,0.096116
test,5068,0,0.075093
test,5069,0,0.067943
test,5070,0,0.033599
test,5071,0,0.054107
test,5072,0,0.106111
test,5073,0,0.421935
test,5074,0,0.263449
test,5075,0,0.558909
test,5076,0,0.133120
test,5077,0,0.245184
test,5078,0,0.242100
test,5079,0,0.113640
test,5080,0,0.092341
test,5081,0,0.136441
test,5082,0,0.114411
test,5083,0,0.103863
test,5084,0,0.155214
test,5085,0,0.642753
test,5086,0,0.379101
test,5087,0,0.474936
test,5088,0,0.515907
test,5089,0,0.252070
test,5090,0,0.058693
test,5091,0,0.046232
test,5092,0,0.167713
test,5093,0,0.419919
test,5094,0,0.617827
test,5095,0,0.058371
test,5096,0,0.349699
test,5097,0,0.034994
test,5098,0,0.011199
test,5099,0,0.229368
test,5100,0,0.282258
test,5101,0,0.159771
test,5102,0,0.506316
test,5103,0,0.113811
test,5104,0,0.168005
test,5105,0,0.490305
test,5106,0,0.331684
test,5107,0,0.261478
test,5108,0,0.046304
test,5109,0,0.004804
test,5110,0,0.186241
test,5111,0,0.021778
test,5112,0,0.016685
test,5113,0,0.070384
test,5114,0,0.010393
test,5115,0,0.039976
test,5116,0,0.019225
test,5117,0,0.004785
test,5118,0,0.049733
test,5119,0,0.035029
test,5120,0,0.132913
test,5121,0,0.078357
test,5122,0,0.093608
test,5123,0,0.151075
test,5124,0,0.000253
test,5125,0,0.781082
test,5126,0,0.066554
test,5127,0,0.023270
test,5128,0,0.249305
test,5129,0,0.197199
test,5130,0,0.143913
test,5131,0,0.308420
test,5132,0,0.176864
test,5133,0,0.079349
test,5134,0,0.397911
test,5135,0,0.643477
test,5136,0,0.043576
test,5137,0,0.316886
test,5138,0,0.347354
test,5139,0,0.942885
test,5140,0,0.045411
test,5141,0,0.282647
test,5142,0,0.116556
test,5143,0,0.130377
test,5144,0,0.230691
test,5145,0,0.053667
test,5146,0,0.266886
test,5147,0,0.073902
test,5148,0,0.044479
test,5149,0,0.196626
test,5150,0,0.013747
test,5151,0,0.204112
test,5152,0,0.331804
test,5153,0,0.163564
test,5154,0,0.174928
test,5155,0,0.346067
test,5156,0,0.232821
test,5157,0,0.468387
test,5158,0,0.467546
test,5159,0,0.162876
test,5160,0,0.079110
test,5161,0,0.160270
test,5162,0,0.012687
test,5163,0,0.030232
test,5164,0,0.321377
test,5165,0,0.057246
test,5166,0,0.242645
test,5167,0,0.277423
test,5168,0,0.328553
test,5169,0,0.065417
test,5170,0,0.612238
test,5171,0,0.098731
test,5172,0,0.674711
test,5173,0,0.665310
test,5174,0,0.277732
test,5175,0,0.257456
test,5176,0,0.182154
test,5177,0,0.306593
test,5178,0,0.030370
test,5179,0,0.146533
test,5180,0,0.163390
test,5181,0,0.058959
test,5182,0,0.019621
test,5183,0,0.269569
test,5184,0,0.000690
test,5185,0,0.039152
test,5186,0,0.021947
test,5187,0,0.155726
test,5188,0,0.230516
test,5189,0,0.274363
test,5190,0,0.168097
test,5191,0,0.092984
test,5192,0,0.270563
test,5193,0,0.415215
test,5194,0,0.483422
test,5195,0,0.464876
test,5196,0,0.157170
test,5197,0,0.394694
test,5198,0,0.375766
test,5199,0,0.381264
test,5200,0,0.117960
test,5201,0,0.112049
test,5202,0,0.398299
test,5203,0,0.254621
test,5204,0,0.103498
test,5205,0,0.263711
test,5206,0,0.046904
test,5207,0,0.128207
test,5208,0,0.174561
test,5209,0,0.040482
test,5210,0,0.321094
test,5211,0,0.573867
test,5212,0,0.037031
test,5213,0,0.838744
test,5214,0,0.577406
test,5215,0,0.709919
test,5216,0,0.347107
test,5217,0,0.071092
test,5218,0,0.307195
test,5219,0,0.096142
test,5220,0,0.010512
test,5221,0,0.674332
test,5222,0,0.717144
test,5223,0,0.014765
test,5224,0,0.146243
test,5225,0,0.047071
test,5226,0,0.151260
test,5227,0,0.208860
test,5228,0,0.497899
test,5229,0,0.113719
test,5230,0,0.004064
test,5231,0,0.329506
test,5232,0,0.113030
test,5233,0,0.071332
test,5234,0,0.070944
test,5235,0,0.028025
test,5236,0,0.160998
test,5237,0,0.012050
test,5238,0,0.504750
test,5239,0,0.148447
test,5240,0,0.236299
test,5241,0,0.241870
test,5242,0,0.532571
test,5243,0,0.278611
test,5244,0,0.837678
test,5245,0,0.253033
test,5246,0,0.060648
test,5247,0,0.045618
test,5248,0,0.240284
test,5249,0,0.383213
test,5250,0,0.587122
test,5251,0,0.169357
test,5252,0,0.324948
test,5253,0,0.146663
test,5254,0,0.733360
test,5255,0,0.786200
test,5256,0,0.100245
test,5257,0,0.483749
test,5258,0,0.881020
test,5259,0,0.309767
test,5260,0,0.171481
test,5261,0,0.027502
test,5262,0,0.127280
test,5263,0,0.172512
test,5264,0,0.118120
test,5265,0,0.001120
test,5266,0,0.308574
test,5267,0,0.376570
test,5268,0,0.072836
test,5269,0,0.253874
test,5270,0,0.349213
test,5271,0,0.036725
test,5272,0,0.470560
test,5273,0,0.390477
test,5274,0,0.403171
test,5275,0,0.289266
test,5276,0,0.337786
test,5277,0,0.045760
test,5278,0,0.002435
test,5279,0,0.011180
test,5280,0,0.029717
test,5281,0,0.406443
test,5282,0,0.459073
test,5283,0,0.285740
test,5284,0,0.122887
test,5285,0,0.455681
test,5286,0,0.644355
test,5287,0,0.352274
test,5288,0,0.687575
test,5289,0,0.048639
test,5290,0,0.252870
test,5291,0,0.111362
test,5292,0,0.254342
test,5293,0,0.012823
test,5294,0,0.014243
test,5295,0,0.256067
test,5296,0,0.083290
test,5297,0,0.094899
test,5298,0,0.599668
test,5299,0,0.091617
test,5300,0,0.048974
test,5301,0,0.100971
test,5302,0,0.789168
test,5303,0,0.882216
test,5304,0,0.762762
test,5305,0,0.270125
test,5306,0,0.214633
test,5307,0,0.122836
test,5308,0,0.353136
test,5309,0,0.113281
test,5310,0,0.233589
test,5311,0,0.304291
test,5312,0,0.395517
test,5313,0,0.067119
test,5314,0,0.543361
test,5315,0,0.083937
test,5316,0,0.043525
test,5317,0,0.119854
test,5318,0,0.069610
test,5319,0,0.187829
test,5320,0,0.015784
test,5321,0,0.036628
test,5322,0,0.059290
test,5323,0,0.067142
test,5324,0,0.196711
test,5325,0,0.369888
test,5326,0,0.336869
test,5327,0,0.096448
test,5328,0,0.020097
test,5329,0,0.090335
test,5330,0,0.412868
test,5331,0,0.946363
test,5332,0,0.124483
test,5333,0,0.083773
test,5334,0,0.145324
test,5335,0,0.063034
test,5336,0,0.101933
test,5337,0,0.033863
test,5338,0,0.196500
test,5339,0,0.015207
test,5340,0,0.095078
test,5341,0,0.046501
test,5342,0,0.489617
test,5343,0,0.085974
test,5344,0,0.061015
test,5345,0,0.016109
test,5346,0,0.131265
test,5347,0,0.174183
test,5348,0,0.564710
test,5349,0,0.029948
test,5350,0,0.240794
test,5351,0,0.290910
test,5352,0,0.476882
test,5353,0,0.594950
test,5354,0,0.390144
test,5355,0,0.152525
test,5356,0,0.124361
test,5357,0,0.341240
test,5358,0,0.035161
test,5359,0,0.063167
test,5360,0,0.154890
test,5361,0,0.346918
test,5362,0,0.236635
test,5363,0,0.287620
test,5364,0,0.576432
test,5365,0,0.014413
test,5366,0,0.009788
test,5367,0,0.425186
test,5368,0,0.090892
test,5369,0,0.100991
test,5370,0,0.249300
test,5371,0,0.725480
test,5372,0,0.132540
test,5373,0,0.533677
test,5374,0,0.024439
test,5375,0,0.673752
test,5376,0,0.317652
test,5377,0,0.038280
test,5378,0,0.231381
test,5379,0,0.158084
test,5380,0,0.172711
test,5381,0,0.168095
test,5382,0,0.192565
test,5383,0,0.331047
test,5384,0,0.216984
test,5385,0,0.946754
test,5386,0,0.148914
test,5387,0,0.039473
test,5388,0,0.877414
test,5389,0,0.546992
test,5390,0,0.176340
test,5391,0,0.317451
test,5392,0,0.156825
test,5393,0,0.212930
test,5394,0,0.103822
test,5395,0,0.312268
test,5396,0,0.237367
test,5397,0,0.363423
test,5398,0,0.565547
test,5399,0,0.774574
test,5400,0,0.740902
test,5401,0,0.315928
test,5402,0,0.260224
test,5403,0,0.174210
test,5404,0,0.288980
test,5405,0,0.218704
test,5406,0,0.487046
test,5407,0,0.090036
test,5408,0,0.497556
test,5409,0,0.255326
test,5410,0,0.217973
test,5411,0,0.451274
test,5412,0,0.088592
test,5413,0,0.271117
test,5414,0,0.532445
test,5415,0,0.223091
test,5416,0,0.011190
test,5417,0,0.040420
test,5418,0,0.508583
test,5419,0,0.144690
test,5420,0,0.577623
test,5421,0,0.201451
test,5422,0,0.515337
test,5423,0,0.628643
test,5424,0,0.905538
test,5425,0,0.008473
test,5426,0,0.439799
test,5427,0,0.442760
test,5428,0,0.232344
test,5429,0,0.644728
test,5430,0,0.148920
test,5431,0,0.025139
test,5432,0,0.169588
test,5433,0,0.133081
test,5434,0,0.157934
test,5435,0,0.360326
test,5436,0,0.427711
test,5437,0,0.093815
test,5438,0,0.564735
test,5439,0,0.262742
test,5440,0,0.042436
test,5441,0,0.164947
test,5442,0,0.209627
test,5443,0,0.523328
test,5444,0,0.050528
test,5445,0,0.026544
test,5446,0,0.077123
test,5447,0,0.073178
test,5448,0,0.105593
test,5449,0,0.565908
test,5450,0,0.344718
test,5451,0,0.095083
test,5452,0,0.250215
test,5453,0,0.046931
test,5454,0,0.122598
test,5455,0,0.651888
test,5456,0,0.232784
test,5457,0,0.458997
test,5458,0,0.015858
test,5459,0,0.636017
test,5460,0,0.032628
test,5461,0,0.606077
test,5462,0,0.126444
test,5463,0,0.007824
test,5464,0,0.060081
test,5465,0,0.168230
test,5466,0,0.173440
test,5467,0,0.057590
test,5468,0,0.083759
test,5469,0,0.050828
test,5470,0,0.204401
test,5471,0,0.054917
test,5472,0,0.065277
test,5473,0,0.143641
test,5474,0,0.148255
test,5475,0,0.125774
test,5476,0,0.182779
test,5477,0,0.443178
test,5478,0,0.097344
test,5479,0,0.172796
test,5480,0,0.082274
test,5481,0,0.120822
test,5482,0,0.187742
test,5483,0,0.283660
test,5484,0,0.306571
test,5485,0,0.011208
test,5486,0,0.385721
test,5487,0,0.308545
test,5488,0,0.103790
test,5489,0,0.244455
test,5490,0,0.703432
test,5491,0,0.528675
test,5492,0,0.060151
test,5493,0,0.001001
test,5494,0,0.139385
test,5495,0,0.130764
test,5496,0,0.330972
test,5497,0,0.026981
test,5498,0,0.118655
test,5499,0,0.097325
test,5500,0,0.134674
test,5501,0,0.303588
test,5502,0,0.505810
test,5503,0,0.171224
test,5504,0,0.300992
test,5505,0,0.463142
test,5506,0,0.294488
test,5507,0,0.058685
test,5508,0,0.012708
test,5509,0,0.597195
test,5510,0,0.161515
test,5511,0,0.250879
test,5512,0,0.307574
test,5513,0,0.244513
test,5514,0,0.088987
test,5515,0,0.050561
test,5516,0,0.333561
test,5517,0,0.182901
test,5518,0,0.146162
test,5519,0,0.102178
test,5520,0,0.283233
test,5521,0,0.304600
test,5522,0,0.112486
test,5523,0,0.389067
test,5524,0,0.117378
test,5525,0,0.065837
test,5526,0,0.647296
test,5527,0,0.012015
test,5528,0,0.108992
test,5529,0,0.070118
test,5530,0,0.297713
test,5531,0,0.300497
test,5532,0,0.072470
test,5533,0,0.080560
test,5534,0,0.041016
test,5535,0,0.068894
test,5536,0,0.028872
test,5537,0,0.006483
test,5538,0,0.039337
test,5539,0,0.070436
test,5540,0,0.536153
test,5541,0,0.262440
test,5542,0,0.124505
test,5543,0,0.171782
test,5544,0,0.173577
test,5545,0,0.429287
test,5546,0,0.334635
test,5547,0,0.221115
test,5548,0,0.555540
test,5549,0,0.027306
test,5550,0,0.056940
test,5551,0,0.049929
test,5552,0,0.034896
test,5553,0,0.474078
test,5554,0,0.308971
test,5555,0,0.057790
test,5556,0,0.128508
test,5557,0,0.023275
test,5558,0,0.131254
test,5559,0,0.090521
test,5560,0,0.013734
test,5561,0,0.052898
test,5562,0,0.049241
test,5563,0,0.075563
test,5564,0,0.018923
test,5565,0,0.102161
test,5566,0,0.381511
test,5567,0,0.208228
test,5568,0,0.237847
test,5569,0,0.042168
test,5570,0,0.071354
test,5571,0,0.046206
test,5572,0,0.099843
test,5573,0,0.050633
test,5574,0,0.025977
test,5575,0,0.099721
test,5576,0,0.114972
test,5577,0,0.142524
test,5578,0,0.106524
test,5579,0,0.314374
test,5580,0,0.355036
test,5581,0,0.160118
test,5582,0,0.142279
test,5583,0,0.081168
test,5584,0,0.229924
test,5585,0,0.169716
test,5586,0,0.027783
test,5587,0,0.278842
test,5588,0,0.249361
test,5589,0,0.274967
test,5590,0,0.689758
test,5591,0,0.100296
test,5592,0,0.048537
test,5593,0,0.333895
test,5594,0,0.066705
test,5595,0,0.066517
test,5596,0,0.162289
test,5597,0,0.267256
test,5598,0,0.013102
test,5599,0,0.152616
test,5600,0,0.099861
test,5601,0,0.134692
test,5602,0,0.584019
test,5603,0,0.461605
test,5604,0,0.136551
test,5605,0,0.385748
test,5606,0,0.981615
test,5607,0,0.552890
test,5608,0,0.174002
test,5609,0,0.199286
test,5610,0,0.027185
test,5611,0,0.107496
test,5612,0,0.706751
test,5613,0,0.533445
test,5614,0,0.799495
test,5615,0,0.869152
test,5616,0,0.223203
test,5617,0,0.835484
test,5618,0,0.359675
test,5619,0,0.217975
test,5620,0,0.226013
test,5621,0,0.008570
test,5622,0,0.013646
test,5623,0,0.104930
test,5624,0,0.238537
test,5625,0,0.004323
test,5626,0,0.244586
test,5627,0,0.292868
test,5628,0,0.141722
test,5629,0,0.131985
test,5630,0,0.156781
test,5631,0,0.008418
test,5632,0,0.077560
test,5633,0,0.191371
test,5634,0,0.100859
test,5635,0,0.263117
test,5636,0,0.103244
test,5637,0,0.576059
test,5638,0,0.593856
test,5639,0,0.584706
test,5640,0,0.758068
test,5641,0,0.281123
test,5642,0,0.405113
test,5643,0,0.147441
test,5644,0,0.040511
test,5645,0,0.025773
test,5646,0,0.052332
test,5647,0,0.215120
test,5648,0,0.087178
test,5649,0,0.093183
test,5650,0,0.407792
test,5651,0,0.085998
test,5652,0,0.295740
test,5653,0,0.397295
test,5654,0,0.132528
test,5655,0,0.104885
test,5656,0,0.036333
test,5657,0,0.463996
test,5658,0,0.079566
test,5659,0,0.401986
test,5660,0,0.102459
test,5661,0,0.306328
test,5662,0,0.136219
test,5663,0,0.054679
test,5664,0,0.023751
test,5665,0,0.205246
test,5666,0,0.142202
test,5667,0,0.100892
test,5668,0,0.256429
test,5669,0,0.093131
test,5670,0,0.110167
test,5671,0,0.181555
test,5672,0,0.405585
test,5673,0,0.260584
test,5674,0,0.079847
test,5675,0,0.131596
test,5676,0,0.526929
test,5677,0,0.065769
test,5678,0,0.106917
test,5679,0,0.030712
test,5680,0,0.106416
test,5681,0,0.404163
test,5682,0,0.723923
test,5683,0,0.159670
test,5684,0,0.033868
test,5685,0,0.395979
test,5686,0,0.049806
test,5687,0,0.538803
test,5688,0,0.185247
test,5689,0,0.127316
test,5690,0,0.265658
test,5691,0,0.022955
test,5692,0,0.296801
test,5693,0,0.206709
test,5694,0,0.026032
test,5695,0,0.139568
test,5696,0,0.151325
test,5697,0,0.021865
test,5698,0,0.174164
test,5699,0,0.084252
test,5700,0,0.172323
test,5701,0,0.118932
test,5702,0,0.019582
test,5703,0,0.023744
test,5704,0,0.121864
test,5705,0,0.238903
test,5706,0,0.019853
test,5707,0,0.022250
test,5708,0,0.047900
test,5709,0,0.797345
test,5710,0,0.109762
test,5711,0,0.182868
test,5712,0,0.251307
test,5713,0,0.622669
test,5714,0,0.483973
test,5715,0,0.000878
test,5716,0,0.408069
test,5717,0,0.226313
test,5718,0,0.188425
test,5719,0,0.463608
test,5720,0,0.256094
test,5721,0,0.118616
test,5722,0,0.140890
test,5723,0,0.233274
test,5724,0,0.679512
test,5725,0,0.094130
test,5726,0,0.571451
test,5727,0,0.288831
test,5728,0,0.316401
test,5729,0,0.520269
test,5730,0,0.213495
test,5731,0,0.178296
test,5732,0,0.538447
test,5733,0,0.158732
test,5734,0,0.508370
test,5735,0,0.416093
test,5736,0,0.158732
test,5737,0,0.163475
test,5738,0,0.274934
test,5739,0,0.158732
test,5740,0,0.033342
test,5741,0,0.154102
test,5742,0,0.142334
test,5743,0,0.000924
test,5744,0,0.149701
test,5745,0,0.320998
test,5746,0,0.334056
test,5747,0,0.371853
test,5748,0,0.273070
test,5749,0,0.229715
test,5750,0,0.087392
test,5751,0,0.142234
test,5752,0,0.019007
test,5753,0,0.266615
test,5754,0,0.046618
test,5755,0,0.480476
test,5756,0,0.463741
test,5757,0,0.024501
test,5758,0,0.095958
test,5759,0,0.023397
test,5760,0,0.177448
test,5761,0,0.109152
test,5762,0,0.618952
test,5763,0,0.378206
test,5764,0,0.042720
test,5765,0,0.161472
test,5766,0,0.082610
test,5767,0,0.069796
test,5768,0,0.288902
test,5769,0,0.068368
test,5770,0,0.169088
test,5771,0,0.069386
test,5772,0,0.114672
test,5773,0,0.043953
test,5774,0,0.691449
test,5775,0,0.082247
test,5776,0,0.082657
test,5777,0,0.038671
test,5778,0,0.026138
test,5779,0,0.246993
test,5780,0,0.209266
test,5781,0,0.245418
test,5782,0,0.013326
test,5783,0,0.466835
test,5784,0,0.059387
test,5785,0,0.070297
test,5786,0,0.046052
test,5787,0,0.032989
test,5788,0,0.106942
test,5789,0,0.099030
test,5790,0,0.510570
test,5791,0,0.007430
test,5792,0,0.296808
test,5793,0,0.109979
test,5794,0,0.321097
test,5795,0,0.071949
test,5796,0,0.328519
test,5797,0,0.018122
test,5798,0,0.740976
test,5799,0,0.554376
test,5800,0,0.162997
test,5801,0,0.438603
test,5802,0,0.129053
test,5803,0,0.490795
test,5804,0,0.083312
test,5805,0,0.049861
test,5806,0,0.087582
test,5807,0,0.085131
test,5808,0,0.372284
test,5809,0,0.268711
test,5810,0,0.090530
test,5811,0,0.022815
test,5812,0,0.119738
test,5813,0,0.341715
test,5814,0,0.026772
test,5815,0,0.096469
test,5816,0,0.269052
test,5817,0,0.022097
test,5818,0,0.599206
test,5819,0,0.624085
test,5820,0,0.888585
test,5821,0,0.232173
test,5822,0,0.314727
test,5823,0,0.089116
test,5824,0,0.228970
test,5825,0,0.030513
test,5826,0,0.258241
test,5827,0,0.448518
test,5828,0,0.303296
test,5829,0,0.224891
test,5830,0,0.030149
test,5831,0,0.330059
test,5832,0,0.390592
test,5833,0,0.261366
test,5834,0,0.293459
test,5835,0,0.537542
test,5836,0,0.580681
test,5837,0,0.206896
test,5838,0,0.122889
test,5839,0,0.075439
test,5840,0,0.089146
test,5841,0,0.300899
test,5842,0,0.262511
test,5843,0,0.128583
test,5844,0,0.198458
test,5845,0,0.436499
test,5846,0,0.158063
test,5847,0,0.065841
test,5848,0,0.159406
test,5849,0,0.024555
test,5850,0,0.191840
test,5851,0,0.073674
test,5852,0,0.304428
test,5853,0,0.850750
test,5854,0,0.184356
test,5855,0,0.519832
test,5856,0,0.247060
test,5857,0,0.559859
test,5858,0,0.185615
test,5859,0,0.185277
test,5860,0,0.086903
test,5861,0,0.471258
test,5862,0,0.856477
test,5863,0,0.088526
test,5864,0,0.390630
test,5865,0,0.049404
test,5866,0,0.126323
test,5867,0,0.360015
test,5868,0,0.082908
test,5869,0,0.372398
test,5870,0,0.047328
test,5871,0,0.091738
test,5872,0,0.279953
test,5873,0,0.060917
test,5874,0,0.346535
test,5875,0,0.325112
test,5876,0,0.018519
test,5877,0,0.188595
test,5878,0,0.484840
test,5879,0,0.061254
test,5880,0,0.084719
test,5881,0,0.027834
test,5882,0,0.102155
test,5883,0,0.112823
test,5884,0,0.191660
test,5885,0,0.077744
test,5886,0,0.279953
test,5887,0,0.208179
test,5888,0,0.028563
test,5889,0,0.587582
test,5890,0,0.323171
test,5891,0,0.070825
test,5892,0,0.218274
test,5893,0,0.438822
test,5894,0,0.006046
test,5895,0,0.434088
test,5896,0,0.192004
test,5897,0,0.056171
test,5898,0,0.373596
test,5899,0,0.011382
test,5900,0,0.139154
test,5901,0,0.013956
test,5902,0,0.184641
test,5903,0,0.154266
test,5904,0,0.022170
test,5905,0,0.182021
test,5906,0,0.509359
test,5907,0,0.082695
test,5908,0,0.601133
test,5909,0,0.049367
test,5910,0,0.010793
test,5911,0,0.060551
test,5912,0,0.036972
test,5913,0,0.027170
test,5914,0,0.045257
test,5915,0,0.032109
test,5916,0,0.079838
test,5917,0,0.264245
test,5918,0,0.079873
test,5919,0,0.503796
test,5920,0,0.065752
test,5921,0,0.059892
test,5922,0,0.267548
test,5923,0,0.123677
test,5924,0,0.002541
test,5925,0,0.208411
test,5926,0,0.402402
test,5927,0,0.119606
test,5928,0,0.204503
test,5929,0,0.443454
test,5930,0,0.274231
test,5931,0,0.044672
test,5932,0,0.512236
test,5933,0,0.346122
test,5934,0,0.195680
test,5935,0,0.275243
test,5936,0,0.583205
test,5937,0,0.144777
test,5938,0,0.060817
test,5939,0,0.009988
test,5940,0,0.024263
test,5941,0,0.194244
test,5942,0,0.045631
test,5943,0,0.042148
test,5944,0,0.274970
test,5945,0,0.110225
test,5946,0,0.047666
test,5947,0,0.054233
test,5948,0,0.236737
test,5949,0,0.223945
test,5950,0,0.005339
test,5951,0,0.039738
test,5952,0,0.127721
test,5953,0,0.059888
test,5954,0,0.639587
test,5955,0,0.325598
test,5956,0,0.358629
test,5957,0,0.172345
test,5958,0,0.299780
test,5959,0,0.405812
test,5960,0,0.185344
test,5961,0,0.787401
test,5962,0,0.341013
test,5963,0,0.532643
test,5964,0,0.075017
test,5965,0,0.058533
test,5966,0,0.251881
test,5967,0,0.366413
test,5968,0,0.215258
test,5969,0,0.277687
test,5970,0,0.192823
test,5971,0,0.171466
test,5972,0,0.155208
test,5973,0,0.145757
test,5974,0,0.635959
test,5975,0,0.316255
test,5976,0,0.229523
test,5977,0,0.115125
test,5978,0,0.070881
test,5979,0,0.699625
test,5980,0,0.872981
test,5981,0,0.069679
test,5982,0,0.178857
test,5983,0,0.003124
test,5984,0,0.199705
test,5985,0,0.501604
test,5986,0,0.126483
test,5987,0,0.180123
test,5988,0,0.511066
test,5989,0,0.370838
test,5990,0,0.033863
test,5991,0,0.451125
test,5992,0,0.190681
test,5993,0,0.342731
test,5994,0,0.179151
test,5995,0,0.727148
test,5996,0,0.211578
test,5997,0,0.471797
test,5998,0,0.153069
test,5999,0,0.501339
test,6000,0,0.037946
test,6001,0,0.410795
test,6002,0,0.710563
test,6003,0,0.911784
test,6004,0,0.544439
test,6005,0,0.040774
test,6006,0,0.235968
test,6007,0,0.013081
test,6008,0,0.316374
test,6009,0,0.131049
test,6010,0,0.374733
test,6011,0,0.651139
test,6012,0,0.065226
test,6013,0,0.413416
test,6014,0,0.568354
test,6015,0,0.475616
test,6016,0,0.762145
test,6017,0,0.430610
test,6018,0,0.137704
test,6019,0,0.386463
test,6020,0,0.329853
test,6021,0,0.337884
test,6022,0,0.041004
test,6023,0,0.036886
test,6024,0,0.657780
test,6025,0,0.144754
test,6026,0,0.206382
test,6027,0,0.168028
test,6028,0,0.048154
test,6029,0,0.691026
test,6030,0,0.171636
test,6031,0,0.813245
test,6032,0,0.221558
test,6033,0,0.603528
test,6034,0,0.139916
test,6035,0,0.131232
test,6036,0,0.007967
test,6037,0,0.454572
test,6038,0,0.635116
test,6039,0,0.081194
test,6040,0,0.226329
test,6041,0,0.385906
test,6042,0,0.568843
test,6043,0,0.270620
test,6044,0,0.062266
test,6045,0,0.406745
test,6046,0,0.216467
test,6047,0,0.022525
test,6048,0,0.736662
test,6049,0,0.581372
test,6050,0,0.409312
test,6051,0,0.042916
test,6052,0,0.726399
test,6053,0,0.413313
test,6054,0,0.224152
test,6055,0,0.351652
test,6056,0,0.725450
test,6057,0,0.129774
test,6058,0,0.089211
test,6059,0,0.123751
test,6060,0,0.284449
test,6061,0,0.016703
test,6062,0,0.243980
test,6063,0,0.381778
test,6064,0,0.029439
test,6065,0,0.213725
test,6066,0,0.049778
test,6067,0,0.245456
test,6068,0,0.347550
test,6069,0,0.097475
test,6070,0,0.188815
test,6071,0,0.502749
test,6072,0,0.675210
test,6073,0,0.124558
test,6074,0,0.052457
test,6075,0,0.174780
test,6076,0,0.075131
test,6077,0,0.008155
test,6078,0,0.470571
test,6079,0,0.305296
test,6080,0,0.326575
test,6081,0,0.088638
test,6082,0,0.356649
test,6083,0,0.181355
test,6084,0,0.553973
test,6085,0,0.194359
test,6086,0,0.160546
test,6087,0,0.462159
test,6088,0,0.486472
test,6089,0,0.249473
test,6090,0,0.063518
test,6091,0,0.291368
test,6092,0,0.237148
test,6093,0,0.549419
test,6094,0,0.836843
test,6095,0,0.450145
test,6096,0,0.411387
test,6097,0,0.161500
test,6098,0,0.108833
test,6099,0,0.125140
test,6100,0,0.025105
test,6101,0,0.202879
test,6102,0,0.208398
test,6103,0,0.424843
test,6104,0,0.080551
test,6105,0,0.101214
test,6106,0,0.024690
test,6107,0,0.023215
test,6108,0,0.124441
test,6109,0,0.045310
test,6110,0,0.312130
test,6111,0,0.108333
test,6112,0,0.076685
test,6113,0,0.500172
test,6114,0,0.352455
test,6115,0,0.057767
test,6116,0,0.185020
test,6117,0,0.118198
test,6118,0,0.092123
test,6119,0,0.191105
test,6120,0,0.052270
test,6121,0,0.244972
test,6122,0,0.074568
test,6123,0,0.265021
test,6124,0,0.092034
test,6125,0,0.108694
test,6126,0,0.226886
test,6127,0,0.039394
test,6128,0,0.470491
test,6129,0,0.091628
test,6130,0,0.184914
test,6131,0,0.229159
test,6132,0,0.493505
test,6133,0,0.570011
test,6134,0,0.586317
test,6135,0,0.164425
test,6136,0,0.117594
test,6137,0,0.015457
test,6138,0,0.325193
test,6139,0,0.343646
test,6140,0,0.759974
test,6141,0,0.020245
test,6142,0,0.392581
test,6143,0,0.161480
test,6144,0,0.137130
test,6145,0,0.088884
test,6146,0,0.181855
test,6147,0,0.172088
test,6148,0,0.085428
test,6149,0,0.264362
test,6150,0,0.216580
test,6151,0,0.037363
test,6152,0,0.000718
test,6153,0,0.180100
test,6154,0,0.168266
test,6155,0,0.020861
test,6156,0,0.120206
test,6157,0,0.038237
test,6158,0,0.064929
test,6159,0,0.023496
test,6160,0,0.024137
test,6161,0,0.259944
test,6162,0,0.100999
test,6163,0,0.013739
test,6164,0,0.000416
test,6165,0,0.177229
test,6166,0,0.361175
test,6167,0,0.258881
test,6168,0,0.079978
test,6169,0,0.145678
test,6170,0,0.093404
test,6171,0,0.196098
test,6172,0,0.495401
test,6173,0,0.431265
test,6174,0,0.108080
test,6175,0,0.026415
test,6176,0,0.030215
test,6177,0,0.382906
test,6178,0,0.165412
test,6179,0,0.036361
test,6180,0,0.081907
test,6181,0,0.230715
test,6182,0,0.369625
test,6183,0,0.162092
test,6184,0,0.677303
test,6185,0,0.866223
test,6186,0,0.050887
test,6187,0,0.134455
test,6188,0,0.065533
test,6189,0,0.385199
test,6190,0,0.479101
test,6191,0,0.312236
test,6192,0,0.337716
test,6193,0,0.085147
test,6194,0,0.858396
test,6195,0,0.014456
test,6196,0,0.118278
test,6197,0,0.296665
test,6198,0,0.026763
test,6199,0,0.315757
test,6200,0,0.441786
test,6201,0,0.230668
test,6202,0,0.129569
test,6203,0,0.027517
test,6204,0,0.126782
test,6205,0,0.648321
test,6206,0,0.063490
test,6207,0,0.098875
test,6208,0,0.394741
test,6209,0,0.059817
test,6210,0,0.088098
test,6211,0,0.078804
test,6212,0,0.039021
test,6213,0,0.003920
test,6214,0,0.042593
test,6215,0,0.301775
test,6216,0,0.039851
test,6217,0,0.417687
test,6218,0,0.473714
test,6219,0,0.201388
test,6220,0,0.381753
test,6221,0,0.195349
test,6222,0,0.764005
test,6223,0,0.249348
test,6224,0,0.693458
test,6225,0,0.787819
test,6226,0,0.264371
test,6227,0,0.351659
test,6228,0,0.168752
test,6229,0,0.099009
test,6230,0,0.523299
test,6231,0,0.296520
test,6232,0,0.212339
test,6233,0,0.477555
test,6234,0,0.179164
test,6235,0,0.345495
test,6236,0,0.085368
test,6237,0,0.434724
test,6238,0,0.047552
test,6239,0,0.170631
test,6240,0,0.121857
test,6241,0,0.033189
test,6242,0,0.005222
test,6243,0,0.156809
test,6244,0,0.154957
test,6245,0,0.937192
test,6246,0,0.026691
test,6247,0,0.141955
test,6248,0,0.023168
test,6249,0,0.501780
test,6250,0,0.303363
test,6251,0,0.137416
test,6252,0,0.071780
test,6253,0,0.166819
test,6254,0,0.365141
test,6255,0,0.227632
test,6256,0,0.046478
test,6257,0,0.143176
test,6258,0,0.174015
test,6259,0,0.408029
test,6260,0,0.314606
test,6261,0,0.218699
test,6262,0,0.154512
test,6263,0,0.341486
test,6264,0,0.110600
test,6265,0,0.517566
test,6266,0,0.093627
test,6267,0,0.315585
test,6268,0,0.954565
test,6269,0,0.043518
test,6270,0,0.030797
test,6271,0,0.099490
test,6272,0,0.053590
test,6273,0,0.545958
test,6274,0,0.650083
test,6275,0,0.562575
test,6276,0,0.097193
test,6277,0,0.553299
test,6278,0,0.461299
test,6279,0,0.184412
test,6280,0,0.066637
test,6281,0,0.391888
test,6282,0,0.264375
test,6283,0,0.485102
test,6284,0,0.424325
test,6285,0,0.122493
test,6286,0,0.299479
test,6287,0,0.090344
test,6288,0,0.182191
test,6289,0,0.108169
test,6290,0,0.184627
test,6291,0,0.249250
test,6292,0,0.215706
test,6293,0,0.508521
test,6294,0,0.333941
test,6295,0,0.254585
test,6296,0,0.314736
test,6297,0,0.020382
test,6298,0,0.372056
test,6299,0,0.536237
test,6300,0,0.391294
test,6301,0,0.732903
test,6302,0,0.617113
test,6303,0,0.073959
test,6304,0,0.469674
test,6305,0,0.524768
test,6306,0,0.358506
test,6307,0,0.005246
test,6308,0,0.017391
test,6309,0,0.189731
test,6310,0,0.144476
test,6311,0,0.145456
test,6312,0,0.588016
test,6313,0,0.199150
test,6314,0,0.456680
test,6315,0,0.028377
test,6316,0,0.104927
test,6317,0,0.338043
test,6318,0,0.103387
test,6319,0,0.414037
test,6320,0,0.183266
test,6321,0,0.033943
test,6322,0,0.239223
test,6323,0,0.003612
test,6324,0,0.120087
test,6325,0,0.029397
test,6326,0,0.007615
test,6327,0,0.372609
test,6328,0,0.292345
test,6329,0,0.343607
test,6330,0,0.001701
test,6331,0,0.547268
test,6332,0,0.514610
test,6333,0,0.386601
test,6334,0,0.219359
test,6335,0,0.505561
test,6336,0,0.226181
test,6337,0,0.116766
test,6338,0,0.353911
test,6339,0,0.336008
test,6340,0,0.086950
test,6341,0,0.086512
test,6342,0,0.030262
test,6343,0,0.110021
test,6344,0,0.231270
test,6345,0,0.117877
test,6346,0,0.272889
test,6347,0,0.159004
test,6348,0,0.285950
test,6349,0,0.226613
test,6350,0,0.408273
test,6351,0,0.366566
test,6352,0,0.242324
test,6353,0,0.606439
test,6354,0,0.749760
test,6355,0,0.489942
test,6356,0,0.215524
test,6357,0,0.678366
test,6358,0,0.089349
test,6359,0,0.625609
test,6360,0,0.132910
test,6361,0,0.558144
test,6362,0,0.677773
test,6363,0,0.373171
test,6364,0,0.748304
test,6365,0,0.374175
test,6366,0,0.944533
test,6367,0,0.385673
test,6368,0,0.582081
test,6369,0,0.409370
test,6370,0,0.112558
test,6371,0,0.564664
test,6372,0,0.477738
test,6373,0,0.026323
test,6374,0,0.442767
test,6375,0,0.140517
test,6376,0,0.265280
test,6377,0,0.204091
test,6378,0,0.882090
test,6379,0,0.458172
test,6380,0,0.261806
test,6381,0,0.028559
test,6382,0,0.042799
test,6383,0,0.154690
test,6384,0,0.205494
test,6385,0,0.768365
test,6386,0,0.289256
test,6387,0,0.184953
test,6388,0,0.278048
test,6389,0,0.143244
test,6390,0,0.002317
test,6391,0,0.601732
test,6392,0,0.200432
test,6393,0,0.326929
test,6394,0,0.085754
test,6395,0,0.031541
test,6396,0,0.167354
test,6397,0,0.195452
test,6398,0,0.119877
test,6399,0,0.213732
test,6400,0,0.165679
test,6401,0,0.282585
test,6402,0,0.872981
test,6403,0,0.455055
test,6404,0,0.127723
test,6405,0,0.230029
test,6406,0,0.038262
test,6407,0,0.036299
test,6408,0,0.295989
test,6409,0,0.077284
test,6410,0,0.144311
test,6411,0,0.458883
test,6412,0,0.261699
test,6413,0,0.437000
test,6414,0,0.716696
test,6415,0,0.797396
test,6416,0,0.387100
test,6417,0,0.100363
test,6418,0,0.228705
test,6419,0,0.148644
test,6420,0,0.278961
test,6421,0,0.289521
test,6422,0,0.082312
test,6423,0,0.122022
test,6424,0,0.322817
test,6425,0,0.478407
test,6426,0,0.348985
test,6427,0,0.180261
test,6428,0,0.136811
test,6429,0,0.470075
test,6430,0,0.465694
test,6431,0,0.593123
test,6432,0,0.466024
test,6433,0,0.572139
test,6434,0,0.115551
test,6435,0,0.724766
test,6436,0,0.886872
test,6437,0,0.124816
test,6438,0,0.307087
test,6439,0,0.477163
test,6440,0,0.083644
test,6441,0,0.141789
test,6442,0,0.015432
test,6443,0,0.402746
test,6444,0,0.845703
test,6445,0,0.712283
test,6446,0,0.453579
test,6447,0,0.256553
test,6448,0,0.772907
test,6449,0,0.005783
test,6450,0,0.251982
test,6451,0,0.186143
test,6452,0,0.512962
test,6453,0,0.223721
test,6454,0,0.655590
test,6455,0,0.057236
test,6456,0,0.675366
test,6457,0,0.551838
test,6458,0,0.063184
test,6459,0,0.095069
test,6460,0,0.301120
test,6461,0,0.082154
test,6462,0,0.520934
test,6463,0,0.067618
test,6464,0,0.790223
test,6465,0,0.712643
test,6466,0,0.936296
test,6467,0,0.380854
test,6468,0,0.030930
test,6469,0,0.302035
test,6470,0,0.225098
test,6471,0,0.462356
test,6472,0,0.122344
test,6473,0,0.544655
test,6474,0,0.234597
test,6475,0,0.331517
test,6476,0,0.494168
test,6477,0,0.356928
test,6478,0,0.136466
test,6479,0,0.152537
test,6480,0,0.261419
test,6481,0,0.135981
test,6482,0,0.051920
test,6483,0,0.159898
test,6484,0,0.419586
test,6485,0,0.163655
test,6486,0,0.286107
test,6487,0,0.245907
test,6488,0,0.044064
test,6489,0,0.406444
test,6490,0,0.730815
test,6491,0,0.225850
test,6492,0,0.202369
test,6493,0,0.295982
test,6494,0,0.071505
test,6495,0,0.142987
test,6496,0,0.287346
test,6497,0,0.058325
test,6498,0,0.066218
test,6499,0,0.051885
test,6500,0,0.038881
test,6501,0,0.198039
test,6502,0,0.015012
test,6503,0,0.452187
test,6504,0,0.076959
test,6505,0,0.025997
test,6506,0,0.031682
test,6507,0,0.169765
test,6508,0,0.170631
test,6509,0,0.808295
test,6510,0,0.238388
test,6511,0,0.053105
test,6512,0,0.084121
test,6513,0,0.302427
test,6514,0,0.099344
test,6515,0,0.076296
test,6516,0,0.175526
test,6517,0,0.329873
test,6518,0,0.407552
test,6519,0,0.079867
test,6520,0,0.230661
test,6521,0,0.648490
test,6522,0,0.060807
test,6523,0,0.077566
test,6524,0,0.388196
test,6525,0,0.676198
test,6526,0,0.006424
test,6527,0,0.205381
test,6528,0,0.276126
test,6529,0,0.034188
test,6530,0,0.190506
test,6531,0,0.058112
test,6532,0,0.088184
test,6533,0,0.138150
test,6534,0,0.272892
test,6535,0,0.047669
test,6536,0,0.048511
test,6537,0,0.438158
test,6538,0,0.513211
test,6539,0,0.087215
test,6540,0,0.209740
test,6541,0,0.132484
test,6542,0,0.085381
test,6543,0,0.041602
test,6544,0,0.091031
test,6545,0,0.200473
test,6546,0,0.987000
test,6547,0,0.099830
test,6548,0,0.318969
test,6549,0,0.097249
test,6550,0,0.060972
test,6551,0,0.231834
test,6552,0,0.002908
test,6553,0,0.087872
test,6554,0,0.004718
test,6555,0,0.122071
test,6556,0,0.031455
test,6557,0,0.152216
test,6558,0,0.161288
test,6559,0,0.083501
test,6560,0,0.066309
test,6561,0,0.063144
test,6562,0,0.072187
test,6563,0,0.156845
test,6564,0,0.015562
test,6565,0,0.235622
test,6566,0,0.723824
test,6567,0,0.202202
test,6568,0,0.009877
test,6569,0,0.678377
test,6570,0,0.262915
test,6571,0,0.247881
test,6572,0,0.277458
test,6573,0,0.791314
test,6574,0,0.125987
test,6575,0,0.043652
test,6576,0,0.309336
test,6577,0,0.797924
test,6578,0,0.822014
test,6579,0,0.342886
test,6580,0,0.258083
test,6581,0,0.105735
test,6582,0,0.478887
test,6583,0,0.008080
test,6584,0,0.312637
test,6585,0,0.048847
test,6586,0,0.431758
test,6587,0,0.069165
test,6588,0,0.035284
test,6589,0,0.300587
test,6590,0,0.251571
test,6591,0,0.154173
test,6592,0,0.423432
test,6593,0,0.885375
test,6594,0,0.334713
test,6595,0,0.320697
test,6596,0,0.347755
test,6597,0,0.503785
test,6598,0,0.048894
test,6599,0,0.322062
test,6600,0,0.401244
test,6601,0,0.669211
test,6602,0,0.436357
test,6603,0,0.362613
test,6604,0,0.412622
test,6605,0,0.140300
test,6606,0,0.084925
test,6607,0,0.049810
test,6608,0,0.237697
test,6609,0,0.338384
test,6610,0,0.230027
test,6611,0,0.447873
test,6612,0,0.407193
test,6613,0,0.115543
test,6614,0,0.054094
test,6615,0,0.387065
test,6616,0,0.113616
test,6617,0,0.359062
test,6618,0,0.237771
test,6619,0,0.133890
test,6620,0,0.224874
test,6621,0,0.254784
test,6622,0,0.227960
test,6623,0,0.080281
test,6624,0,0.069371
test,6625,0,0.162439
test,6626,0,0.192215
test,6627,0,0.832637
test,6628,0,0.164095
test,6629,0,0.209149
test,6630,0,0.056110
test,6631,0,0.038398
test,6632,0,0.782118
test,6633,0,0.216806
test,6634,0,0.013499
test,6635,0,0.940539
test,6636,0,0.294899
test,6637,0,0.126472
test,6638,0,0.251779
test,6639,0,0.071554
test,6640,0,0.151947
test,6641,0,0.265216
test,6642,0,0.152911
test,6643,0,0.103403
test,6644,0,0.052309
test,6645,0,0.159693
test,6646,0,0.076621
test,6647,0,0.155834
test,6648,0,0.217980
test,6649,0,0.046672
test,6650,0,0.067740
test,6651,0,0.305856
test,6652,0,0.302478
test,6653,0,0.146012
test,6654,0,0.100508
test,6655,0,0.135101
test,6656,0,0.291217
test,6657,0,0.248702
test,6658,0,0.036513
test,6659,0,0.120072
test,6660,0,0.081752
test,6661,0,0.460540
test,6662,0,0.563396
test,6663,0,0.894246
test,6664,0,0.414357
test,6665,0,0.615712
test,6666,0,0.282572
test,6667,0,0.445896
test,6668,0,0.762252
test,6669,0,0.292661
test,6670,0,0.534264
test,6671,0,0.659209
test,6672,0,0.063082
test,6673,0,0.389906
test,6674,0,0.344132
test,6675,0,0.264865
test,6676,0,0.491464
test,6677,0,0.141986
test,6678,0,0.473884
test,6679,0,0.099848
test,6680,0,0.287455
test,6681,0,0.138509
test,6682,0,0.092330
test,6683,0,0.446696
test,6684,0,0.054275
test,6685,0,0.042373
test,6686,0,0.187754
test,6687,0,0.049245
test,6688,0,0.026274
test,6689,0,0.616902
test,6690,0,0.485712
test,6691,0,0.141333
test,6692,0,0.180318
test,6693,0,0.232419
test,6694,0,0.448679
test,6695,0,0.276439
test,6696,0,0.008122
test,6697,0,0.015048
test,6698,0,0.519595
test,6699,0,0.132907
test,6700,0,0.096277
test,6701,0,0.073764
test,6702,0,0.005180
test,6703,0,0.259205
test,6704,0,0.072294
test,6705,0,0.839966
test,6706,0,0.001388
test,6707,0,0.009388
test,6708,0,0.380060
test,6709,0,0.107444
test,6710,0,0.024006
test,6711,0,0.159458
test,6712,0,0.137450
test,6713,0,0.004940
test,6714,0,0.007282
test,6715,0,0.232450
test,6716,0,0.003945
test,6717,0,0.017417
test,6718,0,0.048325
test,6719,0,0.047506
test,6720,0,0.082045
test,6721,0,0.028798
test,6722,0,0.035145
test,6723,0,0.039852
test,6724,0,0.016677
test,6725,0,0.014733
test,6726,0,0.224912
test,6727,0,0.450352
test,6728,0,0.100877
test,6729,0,0.524659
test,6730,0,0.062709
test,6731,0,0.458888
test,6732,0,0.218978
test,6733,0,0.562662
test,6734,0,0.068160
test,6735,0,0.029383
test,6736,0,0.098400
test,6737,0,0.159772
test,6738,0,0.502239
test,6739,0,0.091382
test,6740,0,0.011769
test,6741,0,0.382169
test,6742,0,0.478017
test,6743,0,0.149218
test,6744,0,0.509260
test,6745,0,0.131683
test,6746,0,0.589991
test,6747,0,0.249147
test,6748,0,0.025529
test,6749,0,0.084577
test,6750,0,0.005698
test,6751,0,0.302871
test,6752,0,0.168559
test,6753,0,0.035629
test,6754,0,0.030546
test,6755,0,0.054074
test,6756,0,0.127074
test,6757,0,0.418017
test,6758,0,0.349583
test,6759,0,0.349583
test,6760,0,0.545572
test,6761,0,0.156473
test,6762,0,0.125921
test,6763,0,0.197405
test,6764,0,0.524588
test,6765,0,0.071097
test,6766,0,0.096069
test,6767,0,0.161145
test,6768,0,0.418288
test,6769,0,0.533862
test,6770,0,0.089108
test,6771,0,0.384741
test,6772,0,0.877110
test,6773,0,0.206191
test,6774,0,0.082926
test,6775,0,0.089689
test,6776,0,0.381177
test,6777,0,0.366660
test,6778,0,0.517536
test,6779,0,0.043951
test,6780,0,0.301751
test,6781,0,0.150386
test,6782,0,0.267178
test,6783,0,0.008373
test,6784,0,0.138596
test,6785,0,0.550787
test,6786,0,0.211092
test,6787,0,0.296072
test,6788,0,0.087710
test,6789,0,0.939406
test,6790,0,0.042439
test,6791,0,0.118256
test,6792,0,0.015029
test,6793,0,0.070783
test,6794,0,0.450089
test,6795,0,0.037243
test,6796,0,0.307473
test,6797,0,0.184756
test,6798,0,0.193054
test,6799,0,0.502131
test,6800,0,0.041796
test,6801,0,0.508237
test,6802,0,0.550018
test,6803,0,0.150526
test,6804,0,0.001577
test,6805,0,0.051050
test,6806,0,0.422108
test,6807,0,0.439795
test,6808,0,0.322434
test,6809,0,0.080027
test,6810,0,0.079969
test,6811,0,0.068642
test,6812,0,0.099774
test,6813,0,0.117698
test,6814,0,0.156895
test,6815,0,0.364094
test,6816,0,0.526313
test,6817,0,0.548488
test,6818,0,0.525783
test,6819,0,0.251972
test,6820,0,0.020106
test,6821,0,0.074850
test,6822,0,0.270283
test,6823,0,0.055701
test,6824,0,0.874629
test,6825,0,0.285551
test,6826,0,0.382774
test,6827,0,0.098064
test,6828,0,0.267380
test,6829,0,0.514060
test,6830,0,0.100995
test,6831,0,0.047437
test,6832,0,0.111906
test,6833,0,0.447748
test,6834,0,0.062782
test,6835,0,0.325904
test,6836,0,0.756760
test,6837,0,0.485102
test,6838,0,0.164432
test,6839,0,0.021898
test,6840,0,0.127621
test,6841,0,0.026605
test,6842,0,0.326505
test,6843,0,0.165785
test,6844,0,0.930498
test,6845,0,0.605045
test,6846,0,0.117956
test,6847,0,0.655207
test,6848,0,0.597429
test,6849,0,0.164415
test,6850,0,0.009410
test,6851,0,0.000715
test,6852,0,0.696975
test,6853,0,0.760595
test,6854,0,0.095364
test,6855,0,0.202116
test,6856,0,0.076845
test,6857,0,0.172295
test,6858,0,0.315439
test,6859,0,0.051797
test,6860,0,0.497385
test,6861,0,0.322473
test,6862,0,0.484865
test,6863,0,0.106028
test,6864,0,0.230261
test,6865,0,0.083206
test,6866,0,0.117382
test,6867,0,0.215135
test,6868,0,0.021145
test,6869,0,0.144125
test,6870,0,0.844613
test,6871,0,0.290561
test,6872,0,0.371626
test,6873,0,0.586033
test,6874,0,0.522321
test,6875,0,0.601107
test,6876,0,0.044433
test,6877,0,0.094030
test,6878,0,0.477709
test,6879,0,0.218539
test,6880,0,0.215107
test,6881,0,0.836848
test,6882,0,0.368410
test,6883,0,0.020290
test,6884,0,0.079048
test,6885,0,0.180021
test,6886,0,0.678408
test,6887,0,0.046290
test,6888,0,0.939202
test,6889,0,0.643013
test,6890,0,0.277813
test,6891,0,0.193082
test,6892,0,0.487074
test,6893,0,0.105029
test,6894,0,0.325937
test,6895,0,0.370063
test,6896,0,0.666320
test,6897,0,0.208534
test,6898,0,0.299231
test,6899,0,0.157081
test,6900,0,0.183587
test,6901,0,0.032321
test,6902,0,0.070004
test,6903,0,0.063274
test,6904,0,0.352839
test,6905,0,0.066442
test,6906,0,0.493381
test,6907,0,0.814292
test,6908,0,0.297150
test,6909,0,0.492120
test,6910,0,0.584817
test,6911,0,0.931553
test,6912,0,0.373842
test,6913,0,0.555706
test,6914,0,0.078924
test,6915,0,0.079493
test,6916,0,0.000020
test,6917,0,0.314548
test,6918,0,0.017670
test,6919,0,0.707200
test,6920,0,0.130985
test,6921,0,0.523226
test,6922,0,0.107908
test,6923,0,0.231272
test,6924,0,0.090420
test,6925,0,0.172803
test,6926,0,0.600147
test,6927,0,0.009992
test,6928,0,0.114953
test,6929,0,0.716574
test,6930,0,0.642758
test,6931,0,0.052358
test,6932,0,0.856853
test,6933,0,0.232485
test,6934,0,0.768439
test,6935,0,0.541720
test,6936,0,0.735301
test,6937,0,0.261202
test,6938,0,0.097757
test,6939,0,0.018902
test,6940,0,0.216436
test,6941,0,0.226870
test,6942,0,0.108352
test,6943,0,0.617809
test,6944,0,0.626418
test,6945,0,0.042395
test,6946,0,0.189268
test,6947,0,0.108459
test,6948,0,0.281376
test,6949,0,0.213301
test,6950,0,0.182291
test,6951,0,0.423793
test,6952,0,0.713153
test,6953,0,0.358789
test,6954,0,0.185501
test,6955,0,0.328254
test,6956,0,0.456972
test,6957,0,0.613726
test,6958,0,0.031550
test,6959,0,0.123688
test,6960,0,0.598800
test,6961,0,0.308066
test,6962,0,0.072222
test,6963,0,0.030030
test,6964,0,0.026165
test,6965,0,0.076234
test,6966,0,0.069000
test,6967,0,0.059912
test,6968,0,0.247138
test,6969,0,0.273754
test,6970,0,0.012194
test,6971,0,0.068487
test,6972,0,0.598529
test,6973,0,0.045890
test,6974,0,0.149053
test,6975,0,0.244394
test,6976,0,0.154587
test,6977,0,0.117407
test,6978,0,0.076136
test,6979,0,0.417713
test,6980,0,0.277372
test,6981,0,0.103866
test,6982,0,0.147401
test,6983,0,0.089616
test,6984,0,0.247680
test,6985,0,0.256771
test,6986,0,0.118176
test,6987,0,0.065854
test,6988,0,0.047993
test,6989,0,0.178881
test,6990,0,0.295391
test,6991,0,0.319401
test,6992,0,0.230708
test,6993,0,0.279916
test,6994,0,0.080034
test,6995,0,0.388554
test,6996,0,0.524729
test,6997,0,0.099152
test,6998,0,0.290749
test,6999,0,0.082443
test,7000,0,0.279231
test,7001,0,0.087074
test,7002,0,0.029133
test,7003,0,0.001981
test,7004,0,0.030360
test,7005,0,0.021527
test,7006,0,0.056990
test,7007,0,0.518833
test,7008,0,0.513828
test,7009,0,0.549923
test,7010,0,0.308413
test,7011,0,0.204454
test,7012,0,0.058077
test,7013,0,0.251911
test,7014,0,0.270177
test,7015,0,0.436647
test,7016,0,0.782857
test,7017,0,0.627767
test,7018,0,0.407330
test,7019,0,0.532968
test,7020,0,0.011259
test,7021,0,0.047761
test,7022,0,0.311260
test,7023,0,0.564172
test,7024,0,0.609156
test,7025,0,0.489420
test,7026,0,0.140756
test,7027,0,0.354271
test,7028,0,0.539601
test,7029,0,0.045305
test,7030,0,0.440553
test,7031,0,0.000487
test,7032,0,0.206432
test,7033,0,0.317160
test,7034,0,0.079008
test,7035,0,0.283650
test,7036,0,0.165512
test,7037,0,0.548930
test,7038,0,0.079404
test,7039,0,0.039804
test,7040,0,0.022476
test,7041,0,0.438479
test,7042,0,0.428406
test,7043,0,0.044034
test,7044,0,0.220694
test,7045,0,0.610080
test,7046,0,0.372054
test,7047,0,0.173295
test,7048,0,0.596638
test,7049,0,0.508392
test,7050,0,0.069247
test,7051,0,0.072195
test,7052,0,0.053848
test,7053,0,0.046812
test,7054,0,0.187888
test,7055,0,0.200194
test,7056,0,0.031138
test,7057,0,0.213172
test,7058,0,0.761298
test,7059,0,0.402368
test,7060,0,0.507209
test,7061,0,0.632753
test,7062,0,0.114408
test,7063,0,0.901602
test,7064,0,0.106617
test,7065,0,0.209367
test,7066,0,0.169693
test,7067,0,0.254577
test,7068,0,0.166112
test,7069,0,0.046568
test,7070,0,0.338355
test,7071,0,0.047995
test,7072,0,0.525580
test,7073,0,0.139899
test,7074,0,0.173296
test,7075,0,0.090510
test,7076,0,0.005441
test,7077,0,0.003021
test,7078,0,0.088911
test,7079,0,0.033678
test,7080,0,0.150520
test,7081,0,0.162310
test,7082,0,0.192830
test,7083,0,0.554689
test,7084,0,0.053403
test,7085,0,0.046349
test,7086,0,0.368198
test,7087,0,0.052633
test,7088,0,0.501585
test,7089,0,0.017834
test,7090,0,0.017881
test,7091,0,0.583093
test,7092,0,0.379671
test,7093,0,0.060993
test,7094,0,0.579631
test,7095,0,0.713584
test,7096,0,0.053158
test,7097,0,0.256077
test,7098,0,0.054834
test,7099,0,0.136359
test,7100,0,0.608531
test,7101,0,0.151965
test,7102,0,0.010422
test,7103,0,0.044620
test,7104,0,0.473736
test,7105,0,0.071680
test,7106,0,0.139678
test,7107,0,0.022125
test,7108,0,0.635310
test,7109,0,0.683993
test,7110,0,0.310223
test,7111,0,0.152655
test,7112,0,0.048164
test,7113,0,0.304446
test,7114,0,0.064678
test,7115,0,0.330245
test,7116,0,0.476927
test,7117,0,0.283192
test,7118,0,0.525015
test,7119,0,0.376148
test,7120,0,0.398301
test,7121,0,0.905738
test,7122,0,0.012082
test,7123,0,0.681508
test,7124,0,0.261123
test,7125,0,0.481211
test,7126,0,0.618206
test,7127,0,0.285238
test,7128,0,0.334144
test,7129,0,0.347050
test,7130,0,0.391018
test,7131,0,0.263803
test,7132,0,0.371792
test,7133,0,0.036516
test,7134,0,0.181136
test,7135,0,0.129509
test,7136,0,0.040280
test,7137,0,0.112619
test,7138,0,0.444004
test,7139,0,0.033167
test,7140,0,0.181473
test,7141,0,0.143749
test,7142,0,0.378206
test,7143,0,0.654987
test,7144,0,0.641585
test,7145,0,0.706223
test,7146,0,0.197198
test,7147,0,0.201369
test,7148,0,0.304943
test,7149,0,0.049430
test,7150,0,0.839531
test,7151,0,0.183110
test,7152,0,0.064933
test,7153,0,0.094102
test,7154,0,0.148460
test,7155,0,0.255565
test,7156,0,0.646888
test,7157,0,0.301839
test,7158,0,0.555161
test,7159,0,0.139550
test,7160,0,0.129563
test,7161,0,0.038339
test,7162,0,0.041336
test,7163,0,0.088738
test,7164,0,0.130134
test,7165,0,0.001744
test,7166,0,0.122204
test,7167,0,0.360010
test,7168,0,0.130066
test,7169,0,0.335413
test,7170,0,0.122443
test,7171,0,0.404968
test,7172,0,0.786550
test,7173,0,0.145751
test,7174,0,0.108747
test,7175,0,0.093462
test,7176,0,0.115146
test,7177,0,0.273622
test,7178,0,0.120305
test,7179,0,0.351019
test,7180,0,0.320584
test,7181,0,0.493453
test,7182,0,0.147487
test,7183,0,0.149439
test,7184,0,0.293768
test,7185,0,0.066216
test,7186,0,0.088760
test,7187,0,0.148878
test,7188,0,0.491489
test,7189,0,0.301986
test,7190,0,0.233489
test,7191,0,0.204325
test,7192,0,0.015666
test,7193,0,0.056216
test,7194,0,0.169750
test,7195,0,0.149619
test,7196,0,0.192439
test,7197,0,0.126343
test,7198,0,0.208240
test,7199,0,0.730563
test,7200,0,0.888856
test,7201,0,0.518059
test,7202,0,0.302327
test,7203,0,0.281151
test,7204,0,0.093278
test,7205,0,0.227760
test,7206,0,0.639783
test,7207,0,0.541087
test,7208,0,0.324547
test,7209,0,0.521735
test,7210,0,0.034075
test,7211,0,0.275593
test,7212,0,0.168192
test,7213,0,0.016778
test,7214,0,0.066353
test,7215,0,0.556846
test,7216,0,0.678567
test,7217,0,0.180833
test,7218,0,0.399133
test,7219,0,0.013327
test,7220,0,0.014993
test,7221,0,0.047293
test,7222,0,0.021265
test,7223,0,0.063626
test,7224,0,0.595071
test,7225,0,0.068900
test,7226,0,0.232323
test,7227,0,0.182816
test,7228,0,0.300095
test,7229,0,0.413629
test,7230,0,0.064725
test,7231,0,0.190040
test,7232,0,0.059323
test,7233,0,0.167770
test,7234,0,0.188421
test,7235,0,0.277423
test,7236,0,0.863980
test,7237,0,0.739080
test,7238,0,0.116781
test,7239,0,0.038018
test,7240,0,0.349081
test,7241,0,0.069033
test,7242,0,0.180016
test,7243,0,0.300923
test,7244,0,0.098557
test,7245,0,0.245109
test,7246,0,0.178040
test,7247,0,0.234991
test,7248,0,0.095708
test,7249,0,0.258909
test,7250,0,0.255616
test,7251,0,0.210022
test,7252,0,0.124459
test,7253,0,0.257392
test,7254,0,0.057281
test,7255,0,0.033714
test,7256,0,0.059079
test,7257,0,0.074276
test,7258,0,0.047317
test,7259,0,0.025534
test,7260,0,0.030981
test,7261,0,0.011502
test,7262,0,0.002705
test,7263,0,0.255090
test,7264,0,0.316954
test,7265,0,0.044032
test,7266,0,0.078345
test,7267,0,0.270175
test,7268,0,0.148988
test,7269,0,0.110485
test,7270,0,0.016112
test,7271,0,0.418592
test,7272,0,0.609510
test,7273,0,0.416994
test,7274,0,0.603065
test,7275,0,0.180069
test,7276,0,0.160249
test,7277,0,0.154279
test,7278,0,0.024581
test,7279,0,0.059301
test,7280,0,0.162631
test,7281,0,0.538521
test,7282,0,0.892099
test,7283,0,0.310941
test,7284,0,0.052446
test,7285,0,0.070437
test,7286,0,0.471131
test,7287,0,0.293630
test,7288,0,0.076655
test,7289,0,0.417459
test,7290,0,0.524915
test,7291,0,0.251897
test,7292,0,0.240983
test,7293,0,0.369830
test,7294,0,0.604088
test,7295,0,0.199757
test,7296,0,0.226709
test,7297,0,0.014119
test,7298,0,0.307025
test,7299,0,0.271165
test,7300,0,0.395829
test,7301,0,0.032951
test,7302,0,0.005716
test,7303,0,0.376849
test,7304,0,0.215686
test,7305,0,0.080195
test,7306,0,0.205864
test,7307,0,0.247464
test,7308,0,0.103037
test,7309,0,0.061468
test,7310,0,0.259871
test,7311,0,0.336484
test,7312,0,0.393738
test,7313,0,0.147108
test,7314,0,0.255107
test,7315,0,0.245279
test,7316,0,0.220479
test,7317,0,0.174960
test,7318,0,0.172321
test,7319,0,0.204823
test,7320,0,0.148202
test,7321,0,0.437302
test,7322,0,0.429275
test,7323,0,0.043129
test,7324,0,0.505845
test,7325,0,0.328238
test,7326,0,0.712803
test,7327,0,0.601515
test,7328,0,0.026622
test,7329,0,0.011924
test,7330,0,0.422458
test,7331,0,0.087790
test,7332,0,0.706155
test,7333,0,0.063643
test,7334,0,0.016164
test,7335,0,0.046522
test,7336,0,0.629407
test,7337,0,0.037959
test,7338,0,0.223044
test,7339,0,0.610145
test,7340,0,0.000945
test,7341,0,0.567189
test,7342,0,0.544887
test,7343,0,0.183125
test,7344,0,0.201341
test,7345,0,0.257492
test,7346,0,0.280659
test,7347,0,0.176044
test,7348,0,0.017658
test,7349,0,0.517716
test,7350,0,0.383267
test,7351,0,0.248188
test,7352,0,0.279298
test,7353,0,0.139420
test,7354,0,0.290655
test,7355,0,0.311504
test,7356,0,0.847204
test,7357,0,0.151846
test,7358,0,0.005613
test,7359,0,0.273617
test,7360,0,0.501620
test,7361,0,0.100818
test,7362,0,0.557859
test,7363,0,0.483717
test,7364,0,0.237113
test,7365,0,0.042477
test,7366,0,0.392697
test,7367,0,0.035509
test,7368,0,0.206550
test,7369,0,0.712264
test,7370,0,0.217906
test,7371,0,0.094353
test,7372,0,0.355656
test,7373,0,0.471740
test,7374,0,0.099412
test,7375,0,0.024763
test,7376,0,0.342674
test,7377,0,0.011555
test,7378,0,0.501604
test,7379,0,0.059882
test,7380,0,0.275647
test,7381,0,0.099852
test,7382,0,0.472431
test,7383,0,0.584581
test,7384,0,0.415141
test,7385,0,0.232578
test,7386,0,0.217095
test,7387,0,0.122215
test,7388,0,0.170910
test,7389,0,0.023386
test,7390,0,0.124518
test,7391,0,0.039722
test,7392,0,0.177476
test,7393,0,0.042370
test,7394,0,0.747196
test,7395,0,0.071598
test,7396,0,0.331589
test,7397,0,0.825756
test,7398,0,0.179127
test,7399,0,0.018623
test,7400,0,0.185996
test,7401,0,0.305270
test,7402,0,0.457061
test,7403,0,0.605753
test,7404,0,0.142618
test,7405,0,0.405654
test,7406,0,0.243905
test,7407,0,0.050029
test,7408,0,0.094448
test,7409,0,0.427954
test,7410,0,0.758358
test,7411,0,0.455461
test,7412,0,0.153001
test,7413,0,0.263656
test,7414,0,0.071165
test,7415,0,0.064006
test,7416,0,0.088760
test,7417,0,0.124785
test,7418,0,0.123067
test,7419,0,0.145949
test,7420,0,0.058737
test,7421,0,0.027449
test,7422,0,0.113341
test,7423,0,0.040853
test,7424,0,0.080237
test,7425,0,0.506472
test,7426,0,0.236856
test,7427,0,0.133881
test,7428,0,0.256440
test,7429,0,0.283156
test,7430,0,0.130915
test,7431,0,0.102210
test,7432,0,0.074405
test,7433,0,0.025157
test,7434,0,0.338356
test,7435,0,0.042048
test,7436,0,0.079891
test,7437,0,0.367740
test,7438,0,0.320229
test,7439,0,0.713865
test,7440,0,0.646336
test,7441,0,0.171064
test,7442,0,0.066940
test,7443,0,0.019721
test,7444,0,0.014099
test,7445,0,0.012870
test,7446,0,0.321656
test,7447,0,0.162853
test,7448,0,0.183108
test,7449,0,0.336752
test,7450,0,0.180667
test,7451,0,0.187834
test,7452,0,0.090629
test,7453,0,0.098374
test,7454,0,0.069091
test,7455,0,0.012106
test,7456,0,0.034728
test,7457,0,0.447775
test,7458,0,0.307093
test,7459,0,0.313010
test,7460,0,0.091062
test,7461,0,0.062489
test,7462,0,0.279672
test,7463,0,0.037707
test,7464,0,0.658324
test,7465,0,0.028226
test,7466,0,0.153563
test,7467,0,0.042050
test,7468,0,0.061036
test,7469,0,0.078140
test,7470,0,0.063567
test,7471,0,0.444350
test,7472,0,0.122130
test,7473,0,0.149788
test,7474,0,0.225165
test,7475,0,0.119759
test,7476,0,0.036486
test,7477,0,0.244366
test,7478,0,0.002524
test,7479,0,0.059585
test,7480,0,0.326135
test,7481,0,0.195963
test,7482,0,0.395835
test,7483,0,0.013951
test,7484,0,0.063636
test,7485,0,0.141890
test,7486,0,0.025441
test,7487,0,0.057621
test,7488,0,0.098371
test,7489,0,0.161655
test,7490,0,0.242907
test,7491,0,0.029433
test,7492,0,0.575405
test,7493,0,0.088427
test,7494,0,0.083629
test,7495,0,0.682316
test,7496,0,0.263535
test,7497,0,0.223057
test,7498,0,0.624943
test,7499,0,0.622103
test,7500,0,0.099706
test,7501,0,0.486422
test,7502,0,0.030783
test,7503,0,0.244688
test,7504,0,0.200536
test,7505,0,0.029195
test,7506,0,0.226786
test,7507,0,0.306063
test,7508,0,0.568078
test,7509,0,0.311920
test,7510,0,0.050381
test,7511,0,0.650147
test,7512,0,0.238141
test,7513,0,0.375404
test,7514,0,0.057428
test,7515,0,0.028248
test,7516,0,0.451683
test,7517,0,0.001716
test,7518,0,0.125522
test,7519,0,0.119353
test,7520,0,0.167927
test,7521,0,0.097449
test,7522,0,0.065473
test,7523,0,0.575949
test,7524,0,0.283468
test,7525,0,0.943442
test,7526,0,0.152209
test,7527,0,0.410071
test,7528,0,0.215304
test,7529,0,0.239879
test,7530,0,0.021172
test,7531,0,0.600895
test,7532,0,0.372078
test,7533,0,0.372492
test,7534,0,0.063530
test,7535,0,0.123887
test,7536,0,0.026033
test,7537,0,0.215658
test,7538,0,0.244427
test,7539,0,0.141651
test,7540,0,0.117489
test,7541,0,0.675821
test,7542,0,0.334085
test,7543,0,0.446472
test,7544,0,0.280757
test,7545,0,0.042632
test,7546,0,0.141246
test,7547,0,0.199706
test,7548,0,0.117880
test,7549,0,0.355269
test,7550,0,0.529975
test,7551,0,0.082350
test,7552,0,0.232453
test,7553,0,0.469008
test,7554,0,0.046984
test,7555,0,0.634422
test,7556,0,0.243014
test,7557,0,0.083594
test,7558,0,0.106984
test,7559,0,0.142467
test,7560,0,0.150824
test,7561,0,0.292018
test,7562,0,0.123599
test,7563,0,0.093611
test,7564,0,0.663896
test,7565,0,0.244527
test,7566,0,0.318753
test,7567,0,0.002327
test,7568,0,0.135649
test,7569,0,0.095765
test,7570,0,0.052998
test,7571,0,0.379846
test,7572,0,0.052684
test,7573,0,0.011952
test,7574,0,0.197503
test,7575,0,0.137412
test,7576,0,0.455664
test,7577,0,0.463741
test,7578,0,0.247547
test,7579,0,0.953880
test,7580,0,0.359094
test,7581,0,0.344640
test,7582,0,0.244641
test,7583,0,0.176563
test,7584,0,0.279128
test,7585,0,0.066388
test,7586,0,0.012206
test,7587,0,0.324810
test,7588,0,0.520720
test,7589,0,0.122999
test,7590,0,0.407739
test,7591,0,0.167493
test,7592,0,0.035393
test,7593,0,0.367515
test,7594,0,0.517269
test,7595,0,0.131332
test,7596,0,0.310699
test,7597,0,0.562021
test,7598,0,0.577045
test,7599,0,0.025571
test,7600,0,0.103211
test,7601,0,0.018914
test,7602,0,0.693821
test,7603,0,0.009395
test,7604,0,0.158552
test,7605,0,0.014000
test,7606,0,0.206933
test,7607,0,0.196915
test,7608,0,0.428989
test,7609,0,0.251337
test,7610,0,0.417500
test,7611,0,0.153001
test,7612,0,0.646127
test,7613,0,0.677240
test,7614,0,0.484148
test,7615,0,0.074020
test,7616,0,0.259580
test,7617,0,0.515320
test,7618,0,0.900430
test,7619,0,0.406844
test,7620,0,0.116768
test,7621,0,0.024318
test,7622,0,0.003113
test,7623,0,0.036825
test,7624,0,0.064163
test,7625,0,0.102267
test,7626,0,0.084727
test,7627,0,0.377515
test,7628,0,0.026879
test,7629,0,0.282134
test,7630,0,0.735488
test,7631,0,0.370740
test,7632,0,0.085224
test,7633,0,0.073907
test,7634,0,0.170666
test,7635,0,0.052839
test,7636,0,0.035959
test,7637,0,0.311276
test,7638,0,0.434072
test,7639,0,0.138872
test,7640,0,0.201600
test,7641,0,0.165752
test,7642,0,0.483396
test,7643,0,0.373542
test,7644,0,0.687890
test,7645,0,0.152302
test,7646,0,0.275124
test,7647,0,0.226808
test,7648,0,0.770734
test,7649,0,0.200801
test,7650,0,0.013231
test,7651,0,0.479756
test,7652,0,0.326671
test,7653,0,0.772287
test,7654,0,0.417008
test,7655,0,0.173927
test,7656,0,0.273294
test,7657,0,0.155933
test,7658,0,0.340991
test,7659,0,0.027878
test,7660,0,0.023629
test,7661,0,0.221841
test,7662,0,0.665994
test,7663,0,0.249359
test,7664,0,0.192188
test,7665,0,0.106227
test,7666,0,0.104059
test,7667,0,0.277219
test,7668,0,0.037758
test,7669,0,0.433453
test,7670,0,0.784011
test,7671,0,0.677192
test,7672,0,0.839440
test,7673,0,0.040450
test,7674,0,0.436231
test,7675,0,0.173475
test,7676,0,0.534392
test,7677,0,0.076432
test,7678,0,0.112263
test,7679,0,0.513113
test,7680,0,0.188809
test,7681,0,0.207862
test,7682,0,0.072805
test,7683,0,0.608451
test,7684,0,0.037048
test,7685,0,0.372096
test,7686,0,0.380255
test,7687,0,0.369354
test,7688,0,0.858813
test,7689,0,0.058872
test,7690,0,0.514176
test,7691,0,0.173754
test,7692,0,0.380911
test,7693,0,0.072368
test,7694,0,0.448443
test,7695,0,0.158172
test,7696,0,0.328324
test,7697,0,0.526252
test,7698,0,0.812525
test,7699,0,0.176655
test,7700,0,0.131358
test,7701,0,0.341026
test,7702,0,0.202493
test,7703,0,0.087420
test,7704,0,0.004944
test,7705,0,0.091474
test,7706,0,0.116833
test,7707,0,0.027216
test,7708,0,0.114970
test,7709,0,0.020598
test,7710,0,0.242649
test,7711,0,0.276436
test,7712,0,0.295379
test,7713,0,0.015118
test,7714,0,0.125346
test,7715,0,0.044532
test,7716,0,0.474807
test,7717,0,0.098864
test,7718,0,0.192687
test,7719,0,0.241887
test,7720,0,0.154836
test,7721,0,0.077973
test,7722,0,0.506769
test,7723,0,0.452988
test,7724,0,0.320216
test,7725,0,0.097464
test,7726,0,0.408810
test,7727,0,0.076585
test,7728,0,0.010056
test,7729,0,0.679323
test,7730,0,0.081988
test,7731,0,0.080362
test,7732,0,0.380212
test,7733,0,0.193117
test,7734,0,0.261552
test,7735,0,0.156528
test,7736,0,0.130149
test,7737,0,0.113126
test,7738,0,0.174999
test,7739,0,0.045877
test,7740,0,0.140237
test,7741,0,0.764125
test,7742,0,0.057727
test,7743,0,0.139087
test,7744,0,0.229662
test,7745,0,0.018417
test,7746,0,0.081973
test,7747,0,0.028849
test,7748,0,0.225949
test,7749,0,0.256703
test,7750,0,0.478651
test,7751,0,0.573113
test,7752,0,0.906179
test,7753,0,0.673935
test,7754,0,0.425879
test,7755,0,0.617939
test,7756,0,0.191512
test,7757,0,0.215502
test,7758,0,0.019094
test,7759,0,0.106995
test,7760,0,0.013299
test,7761,0,0.328951
test,7762,0,0.065970
test,7763,0,0.189404
test,7764,0,0.009551
test,7765,0,0.183166
test,7766,0,0.238795
test,7767,0,0.084645
test,7768,0,0.023021
test,7769,0,0.035719
test,7770,0,0.015050
test,7771,0,0.124817
test,7772,0,0.086921
test,7773,0,0.078671
test,7774,0,0.070030
test,7775,0,0.095391
test,7776,0,0.016786
test,7777,0,0.067947
test,7778,0,0.048587
test,7779,0,0.053674
test,7780,0,0.092420
test,7781,0,0.044909
test,7782,0,0.235115
test,7783,0,0.367395
test,7784,0,0.078060
test,7785,0,0.146838
test,7786,0,0.041596
test,7787,0,0.426368
test,7788,0,0.125288
test,7789,0,0.803557
test,7790,0,0.230288
test,7791,0,0.708991
test,7792,0,0.219080
test,7793,0,0.091017
test,7794,0,0.407469
test,7795,0,0.306253
test,7796,0,0.147558
test,7797,0,0.390602
test,7798,0,0.053314
test,7799,0,0.455346
test,7800,0,0.044071
test,7801,0,0.061358
test,7802,0,0.516970
test,7803,0,0.111881
test,7804,0,0.920098
test,7805,0,0.333933
test,7806,0,0.115753
test,7807,0,0.132628
test,7808,0,0.236889
test,7809,0,0.154981
test,7810,0,0.173439
test,7811,0,0.453293
test,7812,0,0.076115
test,7813,0,0.076115
test,7814,0,0.003388
test,7815,0,0.095551
test,7816,0,0.102022
test,7817,0,0.385025
test,7818,0,0.011103
test,7819,0,0.530137
test,7820,0,0.024307
test,7821,0,0.326822
test,7822,0,0.062368
test,7823,0,0.149482
test,7824,0,0.071682
test,7825,0,0.305193
test,7826,0,0.249107
test,7827,0,0.100484
test,7828,0,0.129304
test,7829,0,0.404715
test,7830,0,0.404715
test,7831,0,0.409539
test,7832,0,0.073139
test,7833,0,0.104148
test,7834,0,0.213325
test,7835,0,0.110035
test,7836,0,0.060477
test,7837,0,0.015044
test,7838,0,0.765636
test,7839,0,0.046910
test,7840,0,0.091027
test,7841,0,0.123997
test,7842,0,0.187943
test,7843,0,0.006182
test,7844,0,0.062736
test,7845,0,0.211004
test,7846,0,0.043970
test,7847,0,0.117706
test,7848,0,0.029833
test,7849,0,0.019444
test,7850,0,0.000982
test,7851,0,0.092792
test,7852,0,0.035234
test,7853,0,0.246363
test,7854,0,0.450277
test,7855,0,0.744542
test,7856,0,0.837515
test,7857,0,0.328071
test,7858,0,0.134523
test,7859,0,0.302197
test,7860,0,0.038726
test,7861,0,0.506468
test,7862,0,0.452360
test,7863,0,0.167457
test,7864,0,0.218145
test,7865,0,0.179353
test,7866,0,0.004172
test,7867,0,0.010026
test,7868,0,0.087965
test,7869,0,0.014781
test,7870,0,0.045146
test,7871,0,0.045365
test,7872,0,0.029744
test,7873,0,0.003372
test,7874,0,0.100710
test,7875,0,0.030728
test,7876,0,0.207805
test,7877,0,0.291949
test,7878,0,0.388516
test,7879,0,0.034971
test,7880,0,0.046209
test,7881,0,0.076513
test,7882,0,0.084366
test,7883,0,0.697267
test,7884,0,0.231148
test,7885,0,0.595253
test,7886,0,0.695165
test,7887,0,0.071029
test,7888,0,0.062673
test,7889,0,0.256598
test,7890,0,0.063733
test,7891,0,0.392023
test,7892,0,0.530496
test,7893,0,0.702970
test,7894,0,0.781643
test,7895,0,0.616455
test,7896,0,0.745120
test,7897,0,0.558654
test,7898,0,0.220212
test,7899,0,0.809600
test,7900,0,0.117886
test,7901,0,0.336645
test,7902,0,0.375307
test,7903,0,0.040233
test,7904,0,0.055807
test,7905,0,0.440445
test,7906,0,0.566640
test,7907,0,0.536887
test,7908,0,0.789856
test,7909,0,0.307985
test,7910,0,0.039480
test,7911,0,0.015233
test,7912,0,0.151319
test,7913,0,0.093928
test,7914,0,0.644137
test,7915,0,0.004130
test,7916,0,0.171445
test,7917,0,0.020769
test,7918,0,0.164287
test,7919,0,0.012309
test,7920,0,0.042774
test,7921,0,0.160366
test,7922,0,0.033882
test,7923,0,0.003360
test,7924,0,0.020548
test,7925,0,0.312032
test,7926,0,0.073345
test,7927,0,0.130125
test,7928,0,0.023699
test,7929,0,0.036181
test,7930,0,0.322422
test,7931,0,0.183684
test,7932,0,0.122771
test,7933,0,0.282873
test,7934,0,0.426633
test,7935,0,0.244212
test,7936,0,0.106794
test,7937,0,0.256704
test,7938,0,0.225580
test,7939,0,0.184954
test,7940,0,0.130238
test,7941,0,0.002926
test,7942,0,0.477984
test,7943,0,0.216314
test,7944,0,0.088867
test,7945,0,0.142857
test,7946,0,0.187046
test,7947,0,0.896302
test,7948,0,0.239004
test,7949,0,0.450301
test,7950,0,0.165975
test,7951,0,0.127985
test,7952,0,0.115852
test,7953,0,0.029675
test,7954,0,0.126801
test,7955,0,0.431413
test,7956,0,0.059873
test,7957,0,0.028602
test,7958,0,0.402360
test,7959,0,0.678163
test,7960,0,0.292177
test,7961,0,0.771219
test,7962,0,0.470964
test,7963,0,0.378898
test,7964,0,0.164292
test,7965,0,0.158976
test,7966,0,0.037661
test,7967,0,0.042784
test,7968,0,0.172170
test,7969,0,0.181993
test,7970,0,0.059641
test,7971,0,0.166107
test,7972,0,0.162538
test,7973,0,0.300882
test,7974,0,0.021450
test,7975,0,0.104350
test,7976,0,0.179727
test,7977,0,0.502455
test,7978,0,0.026427
test,7979,0,0.274270
test,7980,0,0.189805
test,7981,0,0.412383
test,7982,0,0.109587
test,7983,0,0.068328
test,7984,0,0.096239
test,7985,0,0.765745
test,7986,0,0.341350
test,7987,0,0.621618
test,7988,0,0.325196
test,7989,0,0.401997
test,7990,0,0.066916
test,7991,0,0.073863
test,7992,0,0.012622
test,7993,0,0.676992
test,7994,0,0.331184
test,7995,0,0.122507
test,7996,0,0.010348
test,7997,0,0.262703
test,7998,0,0.002565
test,7999,0,0.669718
test,8000,0,0.077751
test,8001,0,0.614212
test,8002,0,0.502657
test,8003,0,0.579662
test,8004,0,0.466827
test,8005,0,0.729771
test,8006,0,0.110926
test,8007,0,0.109925
test,8008,0,0.060163
test,8009,0,0.173920
test,8010,0,0.529810
test,8011,0,0.564098
test,8012,0,0.241499
test,8013,0,0.125939
test,8014,0,0.499678
test,8015,0,0.072756
test,8016,0,0.583043
test,8017,0,0.649521
test,8018,0,0.280143
test,8019,0,0.232194
test,8020,0,0.627541
test,8021,0,0.048861
test,8022,0,0.098845
test,8023,0,0.162959
test,8024,0,0.042866
test,8025,0,0.096616
test,8026,0,0.240564
test,8027,0,0.163762
test,8028,0,0.331682
test,8029,0,0.316245
test,8030,0,0.397227
test,8031,0,0.522656
test,8032,0,0.280647
test,8033,0,0.098561
test,8034,0,0.259227
test,8035,0,0.210068
test,8036,0,0.398921
test,8037,0,0.205818
test,8038,0,0.556190
test,8039,0,0.692896
test,8040,0,0.305151
test,8041,0,0.391276
test,8042,0,0.214539
test,8043,0,0.482722
test,8044,0,0.496213
test,8045,0,0.039203
test,8046,0,0.283817
test,8047,0,0.181027
test,8048,0,0.286236
test,8049,0,0.008342
test,8050,0,0.172937
test,8051,0,0.210637
test,8052,0,0.516022
test,8053,0,0.271001
test,8054,0,0.517690
test,8055,0,0.032741
test,8056,0,0.455086
test,8057,0,0.105601
test,8058,0,0.058910
test,8059,0,0.154255
test,8060,0,0.059908
test,8061,0,0.167365
test,8062,0,0.128784
test,8063,0,0.222189
test,8064,0,0.221838
test,8065,0,0.117636
test,8066,0,0.243184
test,8067,0,0.105608
test,8068,0,0.029094
test,8069,0,0.453631
test,8070,0,0.432102
test,8071,0,0.084318
test,8072,0,0.933715
test,8073,0,0.495389
test,8074,0,0.614337
test,8075,0,0.395740
test,8076,0,0.822787
test,8077,0,0.331193
test,8078,0,0.164258
test,8079,0,0.340977
test,8080,0,0.066156
test,8081,0,0.703313
test,8082,0,0.565505
test,8083,0,0.447826
test,8084,0,0.886760
test,8085,0,0.767877
test,8086,0,0.397394
test,8087,0,0.151072
test,8088,0,0.099921
test,8089,0,0.342683
test,8090,0,0.170165
test,8091,0,0.259837
test,8092,0,0.263178
test,8093,0,0.000182
test,8094,0,0.353244
test,8095,0,0.251736
test,8096,0,0.672142
test,8097,0,0.192359
test,8098,0,0.492623
test,8099,0,0.367228
test,8100,0,0.100304
test,8101,0,0.050104
test,8102,0,0.018470
test,8103,0,0.040498
test,8104,0,0.145089
test,8105,0,0.132067
test,8106,0,0.592339
test,8107,0,0.179607
test,8108,0,0.152354
test,8109,0,0.692855
test,8110,0,0.527406
test,8111,0,0.074988
test,8112,0,0.027277
test,8113,0,0.160311
test,8114,0,0.299835
test,8115,0,0.381824
test,8116,0,0.486044
test,8117,0,0.041439
test,8118,0,0.120043
test,8119,0,0.634042
test,8120,0,0.377565
test,8121,0,0.015255
test,8122,0,0.392693
test,8123,0,0.131077
test,8124,0,0.075889
test,8125,0,0.645925
test,8126,0,0.279920
test,8127,0,0.316217
test,8128,0,0.158506
test,8129,0,0.301832
test,8130,0,0.285496
test,8131,0,0.183097
test,8132,0,0.254559
test,8133,0,0.331142
test,8134,0,0.372246
test,8135,0,0.655890
test,8136,0,0.698283
test,8137,0,0.072826
test,8138,0,0.393855
test,8139,0,0.776610
test,8140,0,0.554147
test,8141,0,0.113769
test,8142,0,0.170004
test,8143,0,0.058442
test,8144,0,0.189898
test,8145,0,0.104689
test,8146,0,0.058755
test,8147,0,0.208739
test,8148,0,0.216994
test,8149,0,0.412588
test,8150,0,0.405160
test,8151,0,0.139800
test,8152,0,0.230965
test,8153,0,0.484582
test,8154,0,0.669612
test,8155,0,0.119844
test,8156,0,0.055687
test,8157,0,0.237945
test,8158,0,0.690036
test,8159,0,0.122194
test,8160,0,0.132761
test,8161,0,0.049474
test,8162,0,0.100004
test,8163,0,0.034210
test,8164,0,0.094097
test,8165,0,0.001566
test,8166,0,0.390552
test,8167,0,0.271966
test,8168,0,0.550281
test,8169,0,0.009811
test,8170,0,0.050058
test,8171,0,0.035729
test,8172,0,0.282907
test,8173,0,0.188731
test,8174,0,0.115980
test,8175,0,0.105156
test,8176,0,0.102020
test,8177,0,0.085921
test,8178,0,0.035550
test,8179,0,0.012638
test,8180,0,0.465342
test,8181,0,0.862519
test,8182,0,0.181338
test,8183,0,0.599701
test,8184,0,0.689366
test,8185,0,0.017048
test,8186,0,0.045953
test,8187,0,0.170571
test,8188,0,0.203770
test,8189,0,0.167736
test,8190,0,0.123943
test,8191,0,0.056635
test,8192,0,0.648343
test,8193,0,0.355062
test,8194,0,0.097521
test,8195,0,0.465501
test,8196,0,0.092983
test,8197,0,0.122452
test,8198,0,0.021326
test,8199,0,0.202926
test,8200,0,0.088588
test,8201,0,0.201850
test,8202,0,0.104395
test,8203,0,0.149099
test,8204,0,0.165855
test,8205,0,0.632567
test,8206,0,0.903948
test,8207,0,0.104114
test,8208,0,0.075513
test,8209,0,0.054550
test,8210,0,0.549986
test,8211,0,0.037952
test,8212,0,0.159674
test,8213,0,0.141367
test,8214,0,0.086988
test,8215,0,0.072089
test,8216,0,0.053402
test,8217,0,0.016567
test,8218,0,0.082474
test,8219,0,0.090036
test,8220,0,0.194792
test,8221,0,0.583498
test,8222,0,0.423029
test,8223,0,0.256826
test,8224,0,0.142241
test,8225,0,0.403368
test,8226,0,0.176506
test,8227,0,0.120412
test,8228,0,0.309004
test,8229,0,0.231750
test,8230,0,0.010620
test,8231,0,0.651370
test,8232,0,0.293622
test,8233,0,0.449820
test,8234,0,0.113003
test,8235,0,0.134181
test,8236,0,0.142113
test,8237,0,0.141654
test,8238,0,0.158470
test,8239,0,0.087022
test,8240,0,0.087022
test,8241,0,0.084760
test,8242,0,0.224656
test,8243,0,0.071755
test,8244,0,0.654371
test,8245,0,0.272801
test,8246,0,0.178761
test,8247,0,0.288007
test,8248,0,0.425206
test,8249,0,0.042754
test,8250,0,0.032420
test,8251,0,0.147900
test,8252,0,0.019429
test,8253,0,0.017255
test,8254,0,0.292787
test,8255,0,0.302579
test,8256,0,0.155008
test,8257,0,0.067170
test,8258,0,0.359633
test,8259,0,0.463986
test,8260,0,0.147227
test,8261,0,0.621684
test,8262,0,0.304818
test,8263,0,0.169725
test,8264,0,0.124463
test,8265,0,0.175379
test,8266,0,0.341785
test,8267,0,0.080839
test,8268,0,0.553242
test,8269,0,0.572078
test,8270,0,0.170777
test,8271,0,0.559009
test,8272,0,0.204117
test,8273,0,0.400531
test,8274,0,0.018442
test,8275,0,0.179517
test,8276,0,0.033141
test,8277,0,0.319788
test,8278,0,0.733088
test,8279,0,0.202303
test,8280,0,0.013371
test,8281,0,0.077240
test,8282,0,0.183703
test,8283,0,0.260895
test,8284,0,0.263344
test,8285,0,0.242340
test,8286,0,0.099941
test,8287,0,0.365575
test,8288,0,0.538148
test,8289,0,0.178514
test,8290,0,0.512559
test,8291,0,0.526831
test,8292,0,0.200961
test,8293,0,0.528375
test,8294,0,0.165315
test,8295,0,0.294029
test,8296,0,0.540673
test,8297,0,0.261651
test,8298,0,0.037837
test,8299,0,0.073024
test,8300,0,0.670784
test,8301,0,0.427593
test,8302,0,0.082386
test,8303,0,0.042453
test,8304,0,0.087173
test,8305,0,0.146020
test,8306,0,0.064390
test,8307,0,0.055928
test,8308,0,0.392113
test,8309,0,0.135208
test,8310,0,0.369623
test,8311,0,0.462728
test,8312,0,0.258299
test,8313,0,0.484425
test,8314,0,0.022008
test,8315,0,0.005522
test,8316,0,0.122591
test,8317,0,0.082730
test,8318,0,0.058542
test,8319,0,0.864490
test,8320,0,0.264399
test,8321,0,0.738385
test,8322,0,0.020364
test,8323,0,0.179744
test,8324,0,0.086330
test,8325,0,0.244859
test,8326,0,0.666735
test,8327,0,0.113663
test,8328,0,0.008359
test,8329,0,0.040622
test,8330,0,0.487606
test,8331,0,0.111260
test,8332,0,0.487606
test,8333,0,0.369069
test,8334,0,0.056051
test,8335,0,0.549239
test,8336,0,0.372050
test,8337,0,0.296359
test,8338,0,0.563234
test,8339,0,0.122105
test,8340,0,0.679927
test,8341,0,0.485945
test,8342,0,0.521148
test,8343,0,0.071018
test,8344,0,0.436324
test,8345,0,0.412383
test,8346,0,0.065883
test,8347,0,0.548860
test,8348,0,0.199239
test,8349,0,0.009383
test,8350,0,0.195756
test,8351,0,0.872412
test,8352,0,0.670740
test,8353,0,0.495827
test,8354,0,0.138580
test,8355,0,0.205209
test,8356,0,0.157619
test,8357,0,0.426938
test,8358,0,0.737015
test,8359,0,0.288647
test,8360,0,0.218606
test,8361,0,0.036238
test,8362,0,0.376490
test,8363,0,0.007079
test,8364,0,0.552062
test,8365,0,0.402032
test,8366,0,0.260364
test,8367,0,0.315177
test,8368,0,0.752266
test,8369,0,0.047741
test,8370,0,0.167294
test,8371,0,0.153832
test,8372,0,0.069140
test,8373,0,0.094526
test,8374,0,0.186115
test,8375,0,0.294608
test,8376,0,0.014476
test,8377,0,0.058079
test,8378,0,0.278313
test,8379,0,0.061158
test,8380,0,0.035338
test,8381,0,0.126513
test,8382,0,0.061673
test,8383,0,0.079986
test,8384,0,0.038116
test,8385,0,0.244469
test,8386,0,0.235218
test,8387,0,0.459648
test,8388,0,0.206382
test,8389,0,0.038714
test,8390,0,0.010450
test,8391,0,0.235236
test,8392,0,0.221363
test,8393,0,0.063119
test,8394,0,0.288926
test,8395,0,0.085289
test,8396,0,0.260897
test,8397,0,0.153356
test,8398,0,0.132898
test,8399,0,0.222977
test,8400,0,0.362807
test,8401,0,0.237716
test,8402,0,0.094396
test,8403,0,0.893133
test,8404,0,0.022793
test,8405,0,0.417554
test,8406,0,0.251099
test,8407,0,0.143219
test,8408,0,0.133729
test,8409,0,0.018710
test,8410,0,0.359436
test,8411,0,0.368394
test,8412,0,0.447769
test,8413,0,0.348555
test,8414,0,0.229598
test,8415,0,0.194340
test,8416,0,0.174901
test,8417,0,0.085810
test,8418,0,0.050866
test,8419,0,0.073767
test,8420,0,0.034747
test,8421,0,0.226010
test,8422,0,0.316361
test,8423,0,0.050580
test,8424,0,0.144534
test,8425,0,0.541291
test,8426,0,0.031626
test,8427,0,0.236517
test,8428,0,0.061073
test,8429,0,0.010197
test,8430,0,0.013615
test,8431,0,0.015213
test,8432,0,0.454338
test,8433,0,0.289231
test,8434,0,0.327560
test,8435,0,0.322197
test,8436,0,0.215859
test,8437,0,0.759302
test,8438,0,0.142564
test,8439,0,0.543038
test,8440,0,0.604764
test,8441,0,0.839544
test,8442,0,0.396377
test,8443,0,0.113543
test,8444,0,0.205008
test,8445,0,0.475190
test,8446,0,0.070402
test,8447,0,0.171667
test,8448,0,0.026085
test,8449,0,0.218658
test,8450,0,0.209213
test,8451,0,0.074568
test,8452,0,0.149089
test,8453,0,0.036182
test,8454,0,0.041736
test,8455,0,0.073046
test,8456,0,0.085785
test,8457,0,0.019775
test,8458,0,0.132341
test,8459,0,0.011320
test,8460,0,0.039682
test,8461,0,0.079609
test,8462,0,0.301382
test,8463,0,0.057725
test,8464,0,0.151067
test,8465,0,0.159555
test,8466,0,0.237110
test,8467,0,0.108602
test,8468,0,0.196546
test,8469,0,0.312386
test,8470,0,0.077193
test,8471,0,0.779572
test,8472,0,0.149466
test,8473,0,0.430780
test,8474,0,0.436809
test,8475,0,0.424418
test,8476,0,0.197723
test,8477,0,0.324819
test,8478,0,0.033065
test,8479,0,0.055176
test,8480,0,0.424420
test,8481,0,0.101191
test,8482,0,0.230601
test,8483,0,0.232245
test,8484,0,0.130510
test,8485,0,0.355687
test,8486,0,0.259755
test,8487,0,0.166481
test,8488,0,0.145620
test,8489,0,0.312298
test,8490,0,0.187780
test,8491,0,0.091058
test,8492,0,0.404077
test,8493,0,0.672323
test,8494,0,0.198480
test,8495,0,0.063035
test,8496,0,0.340305
test,8497,0,0.067236
test,8498,0,0.222680
test,8499,0,0.338100
test,8500,0,0.006933
test,8501,0,0.035956
test,8502,0,0.000625
test,8503,0,0.063408
test,8504,0,0.257058
test,8505,0,0.064688
test,8506,0,0.149859
test,8507,0,0.531642
test,8508,0,0.120713
test,8509,0,0.167370
test,8510,0,0.357894
test,8511,0,0.662531
test,8512,0,0.829383
test,8513,0,0.776535
test,8514,0,0.760539
test,8515,0,0.619510
test,8516,0,0.187950
test,8517,0,0.256666
test,8518,0,0.100400
test,8519,0,0.029921
test,8520,0,0.261368
test,8521,0,0.573960
test,8522,0,0.310360
test,8523,0,0.053199
test,8524,0,0.193146
test,8525,0,0.058341
test,8526,0,0.050014
test,8527,0,0.194358
test,8528,0,0.047225
test,8529,0,0.055857
test,8530,0,0.150249
test,8531,0,0.221971
test,8532,0,0.522395
test,8533,0,0.163505
test,8534,0,0.079734
test,8535,0,0.080221
test,8536,0,0.216933
test,8537,0,0.138198
test,8538,0,0.018831
test,8539,0,0.129231
test,8540,0,0.213703
test,8541,0,0.282194
test,8542,0,0.002163
test,8543,0,0.096569
test,8544,0,0.158820
test,8545,0,0.045857
test,8546,0,0.007346
test,8547,0,0.095810
test,8548,0,0.358722
test,8549,0,0.464049
test,8550,0,0.837329
test,8551,0,0.157264
test,8552,0,0.258359
test,8553,0,0.129535
test,8554,0,0.726329
test,8555,0,0.095593
test,8556,0,0.443819
test,8557,0,0.113162
test,8558,0,0.041488
test,8559,0,0.129394
test,8560,0,0.133516
test,8561,0,0.578631
test,8562,0,0.420080
test,8563,0,0.001852
test,8564,0,0.247990
test,8565,0,0.477897
test,8566,0,0.798520
test,8567,0,0.219572
test,8568,0,0.112832
test,8569,0,0.475884
test,8570,0,0.501467
test,8571,0,0.173388
test,8572,0,0.435017
test,8573,0,0.007227
test,8574,0,0.024865
test,8575,0,0.171943
test,8576,0,0.502827
test,8577,0,0.104838
test,8578,0,0.346823
test,8579,0,0.031528
test,8580,0,0.232644
test,8581,0,0.207846
test,8582,0,0.297817
test,8583,0,0.090031
test,8584,0,0.062203
test,8585,0,0.370489
test,8586,0,0.366770
test,8587,0,0.007781
test,8588,0,0.083747
test,8589,0,0.220429
test,8590,0,0.400271
test,8591,0,0.109478
test,8592,0,0.286146
test,8593,0,0.400218
test,8594,0,0.245800
test,8595,0,0.275489
test,8596,0,0.824329
test,8597,0,0.075673
test,8598,0,0.229781
test,8599,0,0.158312
test,8600,0,0.911763
test,8601,0,0.183501
test,8602,0,0.557451
test,8603,0,0.588630
test,8604,0,0.610750
test,8605,0,0.079672
test,8606,0,0.289507
test,8607,0,0.095160
test,8608,0,0.114632
test,8609,0,0.412828
test,8610,0,0.371435
test,8611,0,0.050606
test,8612,0,0.350479
test,8613,0,0.294801
test,8614,0,0.461919
test,8615,0,0.598945
test,8616,0,0.535867
test,8617,0,0.780770
test,8618,0,0.398887
test,8619,0,0.102277
test,8620,0,0.458180
test,8621,0,0.556813
test,8622,0,0.035604
test,8623,0,0.126144
test,8624,0,0.388524
test,8625,0,0.419396
test,8626,0,0.098271
test,8627,0,0.022005
test,8628,0,0.034606
test,8629,0,0.112042
test,8630,0,0.033085
test,8631,0,0.257033
test,8632,0,0.256510
test,8633,0,0.202163
test,8634,0,0.319927
test,8635,0,0.704782
test,8636,0,0.255126
test,8637,0,0.110884
test,8638,0,0.001925
test,8639,0,0.061449
test,8640,0,0.124880
test,8641,0,0.015542
test,8642,0,0.451076
test,8643,0,0.086489
test,8644,0,0.352032
test,8645,0,0.481717
test,8646,0,0.179477
test,8647,0,0.500456
test,8648,0,0.734482
test,8649,0,0.125997
test,8650,0,0.580162
test,8651,0,0.289696
test,8652,0,0.263234
test,8653,0,0.087142
test,8654,0,0.104131
test,8655,0,0.025058
test,8656,0,0.100300
test,8657,0,0.166890
test,8658,0,0.999941
test,8659,0,0.207729
test,8660,0,0.349658
test,8661,0,0.054006
test,8662,0,0.205389
test,8663,0,0.140208
test,8664,0,0.177464
test,8665,0,0.121003
test,8666,0,0.655631
test,8667,0,0.472249
test,8668,0,0.236923
test,8669,0,0.040428
test,8670,0,0.114555
test,8671,0,0.178853
test,8672,0,0.540188
test,8673,0,0.591281
test,8674,0,0.101956
test,8675,0,0.093751
test,8676,0,0.137850
test,8677,0,0.003881
test,8678,0,0.156213
test,8679,0,0.188769
test,8680,0,0.079704
test,8681,0,0.113716
test,8682,0,0.349184
test,8683,0,0.504153
test,8684,0,0.455812
test,8685,0,0.015821
test,8686,0,0.007850
test,8687,0,0.298884
test,8688,0,0.755103
test,8689,0,0.470615
test,8690,0,0.043877
test,8691,0,0.054351
test,8692,0,0.863964
test,8693,0,0.182678
test,8694,0,0.872302
test,8695,0,0.020128
test,8696,0,0.028540
test,8697,0,0.387836
test,8698,0,0.258827
test,8699,0,0.503996
test,8700,0,0.051758
test,8701,0,0.335367
test,8702,0,0.283330
test,8703,0,0.289386
test,8704,0,0.428277
test,8705,0,0.402020
test,8706,0,0.564468
test,8707,0,0.627780
test,8708,0,0.162153
test,8709,0,0.479644
test,8710,0,0.510766
test,8711,0,0.155514
test,8712,0,0.698031
test,8713,0,0.398886
test,8714,0,0.197149
test,8715,0,0.620402
test,8716,0,0.062568
test,8717,0,0.072203
test,8718,0,0.049108
test,8719,0,0.156154
test,8720,0,0.458780
test,8721,0,0.122522
test,8722,0,0.130780
test,8723,0,0.065849
test,8724,0,0.240414
test,8725,0,0.057825
test,8726,0,0.063228
test,8727,0,0.027387
test,8728,0,0.239358
test,8729,0,0.039172
test,8730,0,0.004286
test,8731,0,0.275299
test,8732,0,0.445459
test,8733,0,0.124221
test,8734,0,0.727817
test,8735,0,0.617031
test,8736,0,0.405537
test,8737,0,0.093567
test,8738,0,0.129669
test,8739,0,0.014590
test,8740,0,0.140277
test,8741,0,0.148563
test,8742,0,0.195199
test,8743,0,0.412306
test,8744,0,0.389147
test,8745,0,0.015526
test,8746,0,0.300234
test,8747,0,0.180415
test,8748,0,0.675974
test,8749,0,0.527574
test,8750,0,0.772022
test,8751,0,0.044058
test,8752,0,0.062404
test,8753,0,0.175994
test,8754,0,0.113043
test,8755,0,0.277179
test,8756,0,0.361275
test,8757,0,0.157402
test,8758,0,0.095273
test,8759,0,0.762907
test,8760,0,0.256533
test,8761,0,0.331975
test,8762,0,0.340307
test,8763,0,0.059716
test,8764,0,0.140948
test,8765,0,0.036697
test,8766,0,0.189664
test,8767,0,0.028015
test,8768,0,0.083601
test,8769,0,0.023623
test,8770,0,0.035494
test,8771,0,0.075869
test,8772,0,0.231641
test,8773,0,0.508945
test,8774,0,0.388098
test,8775,0,0.851668
test,8776,0,0.338257
test,8777,0,0.073712
test,8778,0,0.105655
test,8779,0,0.019203
test,8780,0,0.003406
test,8781,0,0.836208
test,8782,0,0.859352
test,8783,0,0.111674
test,8784,0,0.353108
test,8785,0,0.353667
test,8786,0,0.662948
test,8787,0,0.460025
test,8788,0,0.606588
test,8789,0,0.623965
test,8790,0,0.008273
test,8791,0,0.063649
test,8792,0,0.126396
test,8793,0,0.641089
test,8794,0,0.576392
test,8795,0,0.028618
test,8796,0,0.080483
test,8797,0,0.439546
test,8798,0,0.166592
test,8799,0,0.523978
test,8800,0,0.303267
test,8801,0,0.299352
test,8802,0,0.634439
test,8803,0,0.493999
test,8804,0,0.586911
test,8805,0,0.006792
test,8806,0,0.431821
test,8807,0,0.246891
test,8808,0,0.221665
test,8809,0,0.035374
test,8810,0,0.256475
test,8811,0,0.120313
test,8812,0,0.076088
test,8813,0,0.044660
test,8814,0,0.069037
test,8815,0,0.236236
test,8816,0,0.426475
test,8817,0,0.132743
test,8818,0,0.103560
test,8819,0,0.301194
test,8820,0,0.063999
test,8821,0,0.198832
test,8822,0,0.169309
test,8823,0,0.318299
test,8824,0,0.308168
test,8825,0,0.531272
test,8826,0,0.341348
test,8827,0,0.362406
test,8828,0,0.312973
test,8829,0,0.302548
test,8830,0,0.643391
test,8831,0,0.101711
test,8832,0,0.101978
test,8833,0,0.254190
test,8834,0,0.107639
test,8835,0,0.157081
test,8836,0,0.183587
test,8837,0,0.032321
test,8838,0,0.070004
test,8839,0,0.063274
test,8840,0,0.352839
test,8841,0,0.066442
test,8842,0,0.493381
test,8843,0,0.814292
test,8844,0,0.515809
test,8845,0,0.108023
test,8846,0,0.547454
test,8847,0,0.213168
test,8848,0,0.554719
test,8849,0,0.037927
test,8850,0,0.650466
test,8851,0,0.587428
test,8852,0,0.011976
test,8853,0,0.550041
test,8854,0,0.112686
test,8855,0,0.093950
test,8856,0,0.139877
test,8857,0,0.229676
test,8858,0,0.596258
test,8859,0,0.004473
test,8860,0,0.180312
test,8861,0,0.198473
test,8862,0,0.325952
test,8863,0,0.438173
test,8864,0,0.572722
test,8865,0,0.186659
test,8866,0,0.088836
test,8867,0,0.016134
test,8868,0,0.034889
test,8869,0,0.175513
test,8870,0,0.117907
test,8871,0,0.251531
test,8872,0,0.246454
test,8873,0,0.065569
test,8874,0,0.048321
test,8875,0,0.634733
test,8876,0,0.314969
test,8877,0,0.531266
test,8878,0,0.126221
test,8879,0,0.175513
test,8880,0,0.137869
test,8881,0,0.027277
test,8882,0,0.052414
test,8883,0,0.023326
test,8884,0,0.137204
test,8885,0,0.161450
test,8886,0,0.076019
test,8887,0,0.254141
test,8888,0,0.274400
test,8889,0,0.058921
test,8890,0,0.299410
test,8891,0,0.016718
test,8892,0,0.237600
test,8893,0,0.094269
test,8894,0,0.075651
test,8895,0,0.220317
test,8896,0,0.083723
test,8897,0,0.219669
test,8898,0,0.146274
test,8899,0,0.043096
test,8900,0,0.176173
test,8901,0,0.112390
test,8902,0,0.006175
test,8903,0,0.323677
test,8904,0,0.055232
test,8905,0,0.013003
test,8906,0,0.026741
test,8907,0,0.105645
test,8908,0,0.081337
test,8909,0,0.523770
test,8910,0,0.645868
test,8911,0,0.247781
test,8912,0,0.882227
test,8913,0,0.162700
test,8914,0,0.298810
test,8915,0,0.032912
test,8916,0,0.100325
test,8917,0,0.622229
test,8918,0,0.314928
test,8919,0,0.491156
test,8920,0,0.082554
test,8921,0,0.740657
test,8922,0,0.109973
test,8923,0,0.481451
test,8924,0,0.017709
test,8925,0,0.071614
test,8926,0,0.083862
test,8927,0,0.105831
test,8928,0,0.044497
test,8929,0,0.341666
test,8930,0,0.027413
test,8931,0,0.142579
test,8932,0,0.179633
test,8933,0,0.019021
test,8934,0,0.008759
test,8935,0,0.206213
test,8936,0,0.453042
test,8937,0,0.398576
test,8938,0,0.089115
test,8939,0,0.175607
test,8940,0,0.280011
test,8941,0,0.047650
test,8942,0,0.067487
test,8943,0,0.003302
test,8944,0,0.013999
test,8945,0,0.048203
test,8946,0,0.609193
test,8947,0,0.330952
test,8948,0,0.295265
test,8949,0,0.187873
test,8950,0,0.133988
test,8951,0,0.087882
test,8952,0,0.366874
test,8953,0,0.206241
test,8954,0,0.536707
test,8955,0,0.236036
test,8956,0,0.245091
test,8957,0,0.188999
test,8958,0,0.169199
test,8959,0,0.511314
test,8960,0,0.382371
test,8961,0,0.284700
test,8962,0,0.615703
test,8963,0,0.520616
test,8964,0,0.640534
test,8965,0,0.434590
test,8966,0,0.605535
test,8967,0,0.285677
test,8968,0,0.121339
test,8969,0,0.210486
test,8970,0,0.265062
test,8971,0,0.184852
test,8972,0,0.676025
test,8973,0,0.308449
test,8974,0,0.404729
test,8975,0,0.658494
test,8976,0,0.797160
test,8977,0,0.877931
test,8978,0,0.298664
test,8979,0,0.045032
test,8980,0,0.573927
test,8981,0,0.221939
test,8982,0,0.124623
test,8983,0,0.381013
test,8984,0,0.392399
test,8985,0,0.440744
test,8986,0,0.265556
test,8987,0,0.196394
test,8988,0,0.096031
test,8989,0,0.095290
test,8990,0,0.761194
test,8991,0,0.284329
test,8992,0,0.501930
test,8993,0,0.204335
test,8994,0,0.384655
test,8995,0,0.291785
test,8996,0,0.212053
test,8997,0,0.161075
test,8998,0,0.025849
test,8999,0,0.099052
test,9000,0,0.065780
test,9001,0,0.015434
test,9002,0,0.364709
test,9003,0,0.179148
test,9004,0,0.064286
test,9005,0,0.037126
test,9006,0,0.218853
test,9007,0,0.179974
test,9008,0,0.593351
test,9009,0,0.397176
test,9010,0,0.594428
test,9011,0,0.076006
test,9012,0,0.038109
test,9013,0,0.159675
test,9014,0,0.192136
test,9015,0,0.251179
test,9016,0,0.124902
test,9017,0,0.005129
test,9018,0,0.171771
test,9019,0,0.553071
test,9020,0,0.245924
test,9021,0,0.358726
test,9022,0,0.239986
test,9023,0,0.231694
test,9024,0,0.031415
test,9025,0,0.155678
test,9026,0,0.562407
test,9027,0,0.166095
test,9028,0,0.228694
test,9029,0,0.262839
test,9030,0,0.365451
test,9031,0,0.185936
test,9032,0,0.648563
test,9033,0,0.039915
test,9034,0,0.300229
test,9035,0,0.251874
test,9036,0,0.082258
test,9037,0,0.280335
test,9038,0,0.033025
test,9039,0,0.414549
test,9040,0,0.007663
test,9041,0,0.471566
test,9042,0,0.478669
test,9043,0,0.498304
test,9044,0,0.227168
test,9045,0,0.026469
test,9046,0,0.486568
test,9047,0,0.669306
test,9048,0,0.055192
test,9049,0,0.127657
test,9050,0,0.039734
test,9051,0,0.319235
test,9052,0,0.374328
test,9053,0,0.070498
test,9054,0,0.136948
test,9055,0,0.295250
test,9056,0,0.507162
test,9057,0,0.192855
test,9058,0,0.233634
test,9059,0,0.050865
test,9060,0,0.235512
test,9061,0,0.196515
test,9062,0,0.001270
test,9063,0,0.101345
test,9064,0,0.662172
test,9065,0,0.322468
test,9066,0,0.882804
test,9067,0,0.833843
test,9068,0,0.292500
test,9069,0,0.323703
test,9070,0,0.390888
test,9071,0,0.086315
test,9072,0,0.776812
test,9073,0,0.639127
test,9074,0,0.183394
test,9075,0,0.209504
test,9076,0,0.636757
test,9077,0,0.235572
test,9078,0,0.619415
test,9079,0,0.444778
test,9080,0,0.237334
test,9081,0,0.685427
test,9082,0,0.212671
test,9083,0,0.119368
test,9084,0,0.018484
test,9085,0,0.047129
test,9086,0,0.378186
test,9087,0,0.020439
test,9088,0,0.401668
test,9089,0,0.510125
test,9090,0,0.579042
test,9091,0,0.022861
test,9092,0,0.114689
test,9093,0,0.085800
test,9094,0,0.663430
test,9095,0,0.523254
test,9096,0,0.190842
test,9097,0,0.018169
test,9098,0,0.012537
test,9099,0,0.111587
test,9100,0,0.116272
test,9101,0,0.023654
test,9102,0,0.259080
test,9103,0,0.843532
test,9104,0,0.477211
test,9105,0,0.070424
test,9106,0,0.116039
test,9107,0,0.058985
test,9108,0,0.074870
test,9109,0,0.284892
test,9110,0,0.011862
test,9111,0,0.341573
test,9112,0,0.122392
test,9113,0,0.234854
test,9114,0,0.212320
test,9115,0,0.765856
test,9116,0,0.616883
test,9117,0,0.625327
test,9118,0,0.228512
test,9119,0,0.205457
test,9120,0,0.445024
test,9121,0,0.730764
test,9122,0,0.494104
test,9123,0,0.299858
test,9124,0,0.281525
test,9125,0,0.570252
test,9126,0,0.181023
test,9127,0,0.031835
test,9128,0,0.187086
test,9129,0,0.558293
test,9130,0,0.088795
test,9131,0,0.026203
test,9132,0,0.108163
test,9133,0,0.412681
test,9134,0,0.267487
test,9135,0,0.019112
test,9136,0,0.203251
test,9137,0,0.477399
test,9138,0,0.202450
test,9139,0,0.358167
test,9140,0,0.078164
test,9141,0,0.159569
test,9142,0,0.244098
test,9143,0,0.387539
test,9144,0,0.883132
test,9145,0,0.250189
test,9146,0,0.234556
test,9147,0,0.817057
test,9148,0,0.006107
test,9149,0,0.541654
test,9150,0,0.210318
test,9151,0,0.236881
test,9152,0,0.637764
test,9153,0,0.623536
test,9154,0,0.381604
test,9155,0,0.034963
test,9156,0,0.217609
test,9157,0,0.195224
test,9158,0,0.530947
test,9159,0,0.308788
test,9160,0,0.188374
test,9161,0,0.434654
test,9162,0,0.148511
test,9163,0,0.167637
test,9164,0,0.711288
test,9165,0,0.247967
test,9166,0,0.250930
test,9167,0,0.255430
test,9168,0,0.217325
test,9169,0,0.088865
test,9170,0,0.728585
test,9171,0,0.419537
test,9172,0,0.549923
test,9173,0,0.492387
test,9174,0,0.584546
test,9175,0,0.382159
test,9176,0,0.379236
test,9177,0,0.199734
test,9178,0,0.514760
test,9179,0,0.070853
test,9180,0,0.374888
test,9181,0,0.791427
test,9182,0,0.752156
test,9183,0,0.139646
test,9184,0,0.032896
test,9185,0,0.372398
test,9186,0,0.908532
test,9187,0,0.478599
test,9188,0,0.266903
test,9189,0,0.098057
test,9190,0,0.112193
test,9191,0,0.353845
test,9192,0,0.125891
test,9193,0,0.208669
test,9194,0,0.051984
test,9195,0,0.096508
test,9196,0,0.108995
test,9197,0,0.040337
test,9198,0,0.051459
test,9199,0,0.233167
test,9200,0,0.053634
test,9201,0,0.390695
test,9202,0,0.144146
test,9203,0,0.662058
test,9204,0,0.042121
test,9205,0,0.200246
test,9206,0,0.197499
test,9207,0,0.856496
test,9208,0,0.205161
test,9209,0,0.874950
test,9210,0,0.067826
test,9211,0,0.238318
test,9212,0,0.864360
test,9213,0,0.077616
test,9214,0,0.121287
test,9215,0,0.620797
test,9216,0,0.308630
test,9217,0,0.153130
test,9218,0,0.254035
test,9219,0,0.344511
test,9220,0,0.395336
test,9221,0,0.008871
test,9222,0,0.799746
test,9223,0,0.562807
test,9224,0,0.459233
test,9225,0,0.731807
test,9226,0,0.603422
test,9227,0,0.009278
test,9228,0,0.111206
test,9229,0,0.176193
test,9230,0,0.076332
test,9231,0,0.078042
test,9232,0,0.119803
test,9233,0,0.126145
test,9234,0,0.199509
test,9235,0,0.498337
test,9236,0,0.298107
test,9237,0,0.295913
test,9238,0,0.398568
test,9239,0,0.171835
test,9240,0,0.119562
test,9241,0,0.132805
test,9242,0,0.261675
test,9243,0,0.401787
test,9244,0,0.933821
test,9245,0,0.136157
test,9246,0,0.614068
test,9247,0,0.006279
test,9248,0,0.155051
test,9249,0,0.134307
test,9250,0,0.001758
test,9251,0,0.300783
test,9252,0,0.689574
test,9253,0,0.014521
test,9254,0,0.334454
test,9255,0,0.347183
test,9256,0,0.194866
test,9257,0,0.304405
test,9258,0,0.355801
test,9259,0,0.246272
test,9260,0,0.075979
test,9261,0,0.139220
test,9262,0,0.017907
test,9263,0,0.004578
test,9264,0,0.370492
test,9265,0,0.316439
test,9266,0,0.363972
test,9267,0,0.334523
test,9268,0,0.278781
test,9269,0,0.198536
test,9270,0,0.348066
test,9271,0,0.231220
test,9272,0,0.390320
test,9273,0,0.256123
test,9274,0,0.213803
test,9275,0,0.180291
test,9276,0,0.327868
test,9277,0,0.514149
test,9278,0,0.208572
test,9279,0,0.262428
test,9280,0,0.652600
test,9281,0,0.023594
test,9282,0,0.084593
test,9283,0,0.269178
test,9284,0,0.154280
test,9285,0,0.398505
test,9286,0,0.171702
test,9287,0,0.312749
test,9288,0,0.022223
test,9289,0,0.266642
test,9290,0,0.111847
test,9291,0,0.017467
test,9292,0,0.388706
test,9293,0,0.119488
test,9294,0,0.390058
test,9295,0,0.130051
test,9296,0,0.668376
test,9297,0,0.338132
test,9298,0,0.156168
test,9299,0,0.867032
test,9300,0,0.315935
test,9301,0,0.040492
test,9302,0,0.564207
test,9303,0,0.258579
test,9304,0,0.334215
test,9305,0,0.260386
test,9306,0,0.754082
test,9307,0,0.528730
test,9308,0,0.454057
test,9309,0,0.026881
test,9310,0,0.004511
test,9311,0,0.015864
test,9312,0,0.090546
test,9313,0,0.039839
test,9314,0,0.007787
test,9315,0,0.599379
test,9316,0,0.640464
test,9317,0,0.117484
test,9318,0,0.312169
test,9319,0,0.209994
test,9320,0,0.442722
test,9321,0,0.317600
test,9322,0,0.267453
test,9323,0,0.077918
test,9324,0,0.628531
test,9325,0,0.479554
test,9326,0,0.224587
test,9327,0,0.006579
test,9328,0,0.166801
test,9329,0,0.367942
test,9330,0,0.123546
test,9331,0,0.573480
test,9332,0,0.314308
test,9333,0,0.031042
test,9334,0,0.093156
test,9335,0,0.044189
test,9336,0,0.008721
test,9337,0,0.361514
test,9338,0,0.593991
test,9339,0,0.696640
test,9340,0,0.170248
test,9341,0,0.465405
test,9342,0,0.001401
test,9343,0,0.088711
test,9344,0,0.133219
test,9345,0,0.600153
test,9346,0,0.498568
test,9347,0,0.144316
test,9348,0,0.267736
test,9349,0,0.747942
test,9350,0,0.166441
test,9351,0,0.112390
test,9352,0,0.039309
test,9353,0,0.258391
test,9354,0,0.292485
test,9355,0,0.161802
test,9356,0,0.137844
test,9357,0,0.231839
test,9358,0,0.004833
test,9359,0,0.065111
test,9360,0,0.012658
test,9361,0,0.222712
test,9362,0,0.103803
test,9363,0,0.003134
test,9364,0,0.076799
test,9365,0,0.087263
test,9366,0,0.407085
test,9367,0,0.071742
test,9368,0,0.474815
test,9369,0,0.098190
test,9370,0,0.092836
test,9371,0,0.111536
test,9372,0,0.060094
test,9373,0,0.034258
test,9374,0,0.008269
test,9375,0,0.030763
test,9376,0,0.015734
test,9377,0,0.342307
test,9378,0,0.576891
test,9379,0,0.100404
test,9380,0,0.161691
test,9381,0,0.093443
test,9382,0,0.712969
test,9383,0,0.722916
test,9384,0,0.382237
test,9385,0,0.840736
test,9386,0,0.718571
test,9387,0,0.637166
test,9388,0,0.261278
test,9389,0,0.029740
test,9390,0,0.154286
test,9391,0,0.139519
test,9392,0,0.409299
test,9393,0,0.145986
test,9394,0,0.046504
test,9395,0,0.242602
test,9396,0,0.013783
test,9397,0,0.090907
test,9398,0,0.079999
test,9399,0,0.018512
test,9400,0,0.556250
test,9401,0,0.035367
test,9402,0,0.035913
test,9403,0,0.169992
test,9404,0,0.126935
test,9405,0,0.028586
test,9406,0,0.065833
test,9407,0,0.186570
test,9408,0,0.675516
test,9409,0,0.509105
test,9410,0,0.205593
test,9411,0,0.025768
test,9412,0,0.163293
test,9413,0,0.049758
test,9414,0,0.143288
test,9415,0,0.353898
test,9416,0,0.035377
test,9417,0,0.337850
test,9418,0,0.477070
test,9419,0,0.451375
test,9420,0,0.411800
test,9421,0,0.854796
test,9422,0,0.035488
test,9423,0,0.016496
test,9424,0,0.014137
test,9425,0,0.001940
test,9426,0,0.054818
test,9427,0,0.128409
test,9428,0,0.194561
test,9429,0,0.123873
test,9430,0,0.208303
test,9431,0,0.251802
test,9432,0,0.522888
test,9433,0,0.413387
test,9434,0,0.850537
test,9435,0,0.781435
test,9436,0,0.491189
test,9437,0,0.152447
test,9438,0,0.020514
test,9439,0,0.183949
test,9440,0,0.080396
test,9441,0,0.206214
test,9442,0,0.112180
test,9443,0,0.102258
test,9444,0,0.223531
test,9445,0,0.124670
test,9446,0,0.260139
test,9447,0,0.121205
test,9448,0,0.369094
test,9449,0,0.002212
test,9450,0,0.011845
test,9451,0,0.440333
test,9452,0,0.364843
test,9453,0,0.203878
test,9454,0,0.437480
test,9455,0,0.010437
test,9456,0,0.406596
test,9457,0,0.579271
test,9458,0,0.458441
test,9459,0,0.023396
test,9460,0,0.357091
test,9461,0,0.789341
test,9462,0,0.690255
test,9463,0,0.474475
test,9464,0,0.475533
test,9465,0,0.116036
test,9466,0,0.140475
test,9467,0,0.010928
test,9468,0,0.585903
test,9469,0,0.084433
test,9470,0,0.467854
test,9471,0,0.323345
test,9472,0,0.304028
test,9473,0,0.290826
test,9474,0,0.541843
test,9475,0,0.162645
test,9476,0,0.371916
test,9477,0,0.040131
test,9478,0,0.062900
test,9479,0,0.212927
test,9480,0,0.140173
test,9481,0,0.789992
test,9482,0,0.387839
test,9483,0,0.125723
test,9484,0,0.378257
test,9485,0,0.560979
test,9486,0,0.599583
test,9487,0,0.005291
test,9488,0,0.161869
test,9489,0,0.253269
test,9490,0,0.634525
test,9491,0,0.438915
test,9492,0,0.046153
test,9493,0,0.186746
test,9494,0,0.364350
test,9495,0,0.113018
test,9496,0,0.284283
test,9497,0,0.010118
test,9498,0,0.599074
test,9499,0,0.164246
test,9500,0,0.067403
test,9501,0,0.245329
test,9502,0,0.238983
test,9503,0,0.395979
test,9504,0,0.049806
test,9505,0,0.538803
test,9506,0,0.185247
test,9507,0,0.127316
test,9508,0,0.244832
test,9509,0,0.820323
test,9510,0,0.154187
test,9511,0,0.271124
test,9512,0,0.195887
test,9513,0,0.196489
test,9514,0,0.335831
test,9515,0,0.165652
test,9516,0,0.401042
test,9517,0,0.042214
test,9518,0,0.134942
test,9519,0,0.367759
test,9520,0,0.027638
test,9521,0,0.287163
test,9522,0,0.042697
test,9523,0,0.114860
test,9524,0,0.215994
test,9525,0,0.119269
test,9526,0,0.595911
test,9527,0,0.212696
test,9528,0,0.007955
test,9529,0,0.062798
test,9530,0,0.185944
test,9531,0,0.017588
test,9532,0,0.073919
test,9533,0,0.032104
test,9534,0,0.001061
test,9535,0,0.045734
test,9536,0,0.216777
test,9537,0,0.370713
test,9538,0,0.012040
test,9539,0,0.814841
test,9540,0,0.226896
test,9541,0,0.700130
test,9542,0,0.450070
test,9543,0,0.737434
test,9544,0,0.157514
test,9545,0,0.341199
test,9546,0,0.001950
test,9547,0,0.747900
test,9548,0,0.248828
test,9549,0,0.226974
test,9550,0,0.448888
test,9551,0,0.139600
test,9552,0,0.163123
test,9553,0,0.049028
test,9554,0,0.181384
test,9555,0,0.081018
test,9556,0,0.009821
test,9557,0,0.021703
test,9558,0,0.111942
test,9559,0,0.286716
test,9560,0,0.188519
test,9561,0,0.641415
test,9562,0,0.509144
test,9563,0,0.077289
test,9564,0,0.683404
test,9565,0,0.610858
test,9566,0,0.192545
test,9567,0,0.210639
test,9568,0,0.148717
test,9569,0,0.100658
test,9570,0,0.035063
test,9571,0,0.006523
test,9572,0,0.055689
test,9573,0,0.007950
test,9574,0,0.708009
test,9575,0,0.699194
test,9576,0,0.198537
test,9577,0,0.018996
test,9578,0,0.178091
test,9579,0,0.628592
test,9580,0,0.336608
test,9581,0,0.331838
test,9582,0,0.631157
test,9583,0,0.218808
test,9584,0,0.300566
test,9585,0,0.292998
test,9586,0,0.222254
test,9587,0,0.267751
test,9588,0,0.269880
test,9589,0,0.113317
test,9590,0,0.367452
test,9591,0,0.013428
test,9592,0,0.207121
test,9593,0,0.032866
test,9594,0,0.110429
test,9595,0,0.608803
test,9596,0,0.246434
test,9597,0,0.201863
test,9598,0,0.261408
test,9599,0,0.602678
test,9600,0,0.236371
test,9601,0,0.069345
test,9602,0,0.097092
test,9603,0,0.134920
test,9604,0,0.123458
test,9605,0,0.167735
test,9606,0,0.212006
test,9607,0,0.024936
test,9608,0,0.083914
test,9609,0,0.133686
test,9610,0,0.570863
test,9611,0,0.052466
test,9612,0,0.293356
test,9613,0,0.388488
test,9614,0,0.155272
test,9615,0,0.420966
test,9616,0,0.064593
test,9617,0,0.336082
test,9618,0,0.344899
test,9619,0,0.183049
test,9620,0,0.060747
test,9621,0,0.064166
test,9622,0,0.172798
test,9623,0,0.384816
test,9624,0,0.407877
test,9625,0,0.152903
test,9626,0,0.399961
test,9627,0,0.657649
test,9628,0,0.007983
test,9629,0,0.213683
test,9630,0,0.007057
test,9631,0,0.204329
test,9632,0,0.039303
test,9633,0,0.138938
test,9634,0,0.747337
test,9635,0,0.016066
test,9636,0,0.044153
test,9637,0,0.249828
test,9638,0,0.006309
test,9639,0,0.155519
test,9640,0,0.045732
test,9641,0,0.221500
test,9642,0,0.036549
test,9643,0,0.056121
test,9644,0,0.111118
test,9645,0,0.334929
test,9646,0,0.026173
test,9647,0,0.070307
test,9648,0,0.022715
test,9649,0,0.400943
test,9650,0,0.138433
test,9651,0,0.065431
test,9652,0,0.049366
test,9653,0,0.260622
test,9654,0,0.387791
test,9655,0,0.081292
test,9656,0,0.015326
test,9657,0,0.253296
test,9658,0,0.729470
test,9659,0,0.641610
test,9660,0,0.339226
test,9661,0,0.047676
test,9662,0,0.257301
test,9663,0,0.068202
test,9664,0,0.174749
test,9665,0,0.026607
test,9666,0,0.046212
test,9667,0,0.112747
test,9668,0,0.043906
test,9669,0,0.046691
test,9670,0,0.064560
test,9671,0,0.209482
test,9672,0,0.448209
test,9673,0,0.083902
test,9674,0,0.558790
test,9675,0,0.169996
test,9676,0,0.191357
test,9677,0,0.240255
test,9678,0,0.540973
test,9679,0,0.344453
test,9680,0,0.207721
test,9681,0,0.005377
test,9682,0,0.559205
test,9683,0,0.616626
test,9684,0,0.147221
test,9685,0,0.230593
test,9686,0,0.306424
test,9687,0,0.236998
test,9688,0,0.199683
test,9689,0,0.773879
test,9690,0,0.344295
test,9691,0,0.199547
test,9692,0,0.181406
test,9693,0,0.718737
test,9694,0,0.754355
test,9695,0,0.251296
test,9696,0,0.271312
test,9697,0,0.004780
test,9698,0,0.204859
test,9699,0,0.544113
test,9700,0,0.435260
test,9701,0,0.793980
test,9702,0,0.092084
test,9703,0,0.066201
test,9704,0,0.319592
test,9705,0,0.299433
test,9706,0,0.380508
test,9707,0,0.619668
test,9708,0,0.671493
test,9709,0,0.071860
test,9710,0,0.525436
test,9711,0,0.178049
test,9712,0,0.080937
test,9713,0,0.045166
test,9714,0,0.472259
test,9715,0,0.446956
test,9716,0,0.510727
test,9717,0,0.240909
test,9718,0,0.267681
test,9719,0,0.112635
test,9720,0,0.569098
test,9721,0,0.375772
test,9722,0,0.189128
test,9723,0,0.221722
test,9724,0,0.011295
test,9725,0,0.001198
test,9726,0,0.056582
test,9727,0,0.115264
test,9728,0,0.128314
test,9729,0,0.510368
test,9730,0,0.019903
test,9731,0,0.123627
test,9732,0,0.185837
test,9733,0,0.314430
test,9734,0,0.129324
test,9735,0,0.373559
test,9736,0,0.107942
test,9737,0,0.019561
test,9738,0,0.051710
test,9739,0,0.104917
test,9740,0,0.163682
test,9741,0,0.156232
test,9742,0,0.585182
test,9743,0,0.612046
test,9744,0,0.442395
test,9745,0,0.247368
test,9746,0,0.422744
test,9747,0,0.613831
test,9748,0,0.312595
test,9749,0,0.222501
test,9750,0,0.498062
test,9751,0,0.490214
test,9752,0,0.358489
test,9753,0,0.274663
test,9754,0,0.281017
test,9755,0,0.379546
test,9756,0,0.374743
test,9757,0,0.131349
test,9758,0,0.281819
test,9759,0,0.466900
test,9760,0,0.311177
test,9761,0,0.073655
test,9762,0,0.544645
test,9763,0,0.505020
test,9764,0,0.922657
test,9765,0,0.250407
test,9766,0,0.110249
test,9767,0,0.079209
test,9768,0,0.075056
test,9769,0,0.229373
test,9770,0,0.035573
test,9771,0,0.400867
test,9772,0,0.280375
test,9773,0,0.280370
test,9774,0,0.386764
test,9775,0,0.194580
test,9776,0,0.001466
test,9777,0,0.121812
test,9778,0,0.035025
test,9779,0,0.000572
test,9780,0,0.262652
test,9781,0,0.043710
test,9782,0,0.344164
test,9783,0,0.405209
test,9784,0,0.143371
test,9785,0,0.109698
test,9786,0,0.320033
test,9787,0,0.192030
test,9788,0,0.030282
test,9789,0,0.793647
test,9790,0,0.387607
test,9791,0,0.513931
test,9792,0,0.433042
test,9793,0,0.243137
test,9794,0,0.499884
test,9795,0,0.023167
test,9796,0,0.105825
test,9797,0,0.089136
test,9798,0,0.016094
test,9799,0,0.205739
test,9800,0,0.113653
test,9801,0,0.301469
test,9802,0,0.100947
test,9803,0,0.073171
test,9804,0,0.113869
test,9805,0,0.026127
test,9806,0,0.378829
test,9807,0,0.085325
test,9808,0,0.417793
test,9809,0,0.090194
test,9810,0,0.259489
test,9811,0,0.232534
test,9812,0,0.289563
test,9813,0,0.850549
test,9814,0,0.107036
test,9815,0,0.250369
test,9816,0,0.561239
test,9817,0,0.686322
test,9818,0,0.076694
test,9819,0,0.461419
test,9820,0,0.423850
test,9821,0,0.314683
test,9822,0,0.283925
test,9823,0,0.537242
test,9824,0,0.006142
test,9825,0,0.017387
test,9826,0,0.368171
test,9827,0,0.720493
test,9828,0,0.296416
test,9829,0,0.675625
test,9830,0,0.237605
test,9831,0,0.338873
test,9832,0,0.010578
test,9833,0,0.288373
test,9834,0,0.226434
test,9835,0,0.178858
test,9836,0,0.065912
test,9837,0,0.012832
test,9838,0,0.050486
test,9839,0,0.052489
test,9840,0,0.228552
test,9841,0,0.034760
test,9842,0,0.171428
test,9843,0,0.344167
test,9844,0,0.252718
test,9845,0,0.362426
test,9846,0,0.470274
test,9847,0,0.472840
test,9848,0,0.378042
test,9849,0,0.339045
test,9850,0,0.155015
test,9851,0,0.249181
test,9852,0,0.183601
test,9853,0,0.041783
test,9854,0,0.005299
test,9855,0,0.189740
test,9856,0,0.035684
test,9857,0,0.097787
test,9858,0,0.140880
test,9859,0,0.195075
test,9860,0,0.739256
test,9861,0,0.467385
test,9862,0,0.049277
test,9863,0,0.353658
test,9864,0,0.564645
test,9865,0,0.492154
test,9866,0,0.133698
test,9867,0,0.045376
test,9868,0,0.407948
test,9869,0,0.334472
test,9870,0,0.194937
test,9871,0,0.048319
test,9872,0,0.052588
test,9873,0,0.047723
test,9874,0,0.101619
test,9875,0,0.149636
test,9876,0,0.371960
test,9877,0,0.301608
test,9878,0,0.310663
test,9879,0,0.042194
test,9880,0,0.090144
test,9881,0,0.302634
test,9882,0,0.451971
test,9883,0,0.477585
test,9884,0,0.209180
test,9885,0,0.023608
test,9886,0,0.059899
test,9887,0,0.441983
test,9888,0,0.112468
test,9889,0,0.048922
test,9890,0,0.282493
test,9891,0,0.371077
test,9892,0,0.762945
test,9893,0,0.118739
test,9894,0,0.012897
test,9895,0,0.044377
test,9896,0,0.042584
test,9897,0,0.708536
test,9898,0,0.752117
test,9899,0,0.638364
test,9900,0,0.240664
test,9901,0,0.042113
test,9902,0,0.213641
test,9903,0,0.468360
test,9904,0,0.645906
test,9905,0,0.179498
test,9906,0,0.424412
test,9907,0,0.117430
test,9908,0,0.573301
test,9909,0,0.456727
test,9910,0,0.086554
test,9911,0,0.384149
test,9912,0,0.390032
test,9913,0,0.020417
test,9914,0,0.272031
test,9915,0,0.216376
test,9916,0,0.035245
test,9917,0,0.067650
test,9918,0,0.545726
test,9919,0,0.807505
test,9920,0,0.194527
test,9921,0,0.068547
test,9922,0,0.405035
test,9923,0,0.148919
test,9924,0,0.115956
test,9925,0,0.018047
test,9926,0,0.018554
test,9927,0,0.008967
test,9928,0,0.116410
test,9929,0,0.140873
test,9930,0,0.207198
test,9931,0,0.084997
test,9932,0,0.185131
test,9933,0,0.177924
test,9934,0,0.132288
test,9935,0,0.086992
test,9936,0,0.075229
test,9937,0,0.082312
test,9938,0,0.069375
test,9939,0,0.093421
test,9940,0,0.141222
test,9941,0,0.086194
test,9942,0,0.022358
test,9943,0,0.607092
test,9944,0,0.850539
test,9945,0,0.523880
test,9946,0,0.346964
test,9947,0,0.312105
test,9948,0,0.026318
test,9949,0,0.352406
test,9950,0,0.220053
test,9951,0,0.054046
test,9952,0,0.460273
test,9953,0,0.197387
test,9954,0,0.408158
test,9955,0,0.018428
test,9956,0,0.087828
test,9957,0,0.053701
test,9958,0,0.322713
test,9959,0,0.175905
test,9960,0,0.231487
test,9961,0,0.405458
test,9962,0,0.286172
test,9963,0,0.046963
test,9964,0,0.266995
test,9965,0,0.303876
test,9966,0,0.004629
test,9967,0,0.261719
test,9968,0,0.062503
test,9969,0,0.357130
test,9970,0,0.235420
test,9971,0,0.081883
test,9972,0,0.040261
test,9973,0,0.242476
test,9974,0,0.672148
test,9975,0,0.404437
test,9976,0,0.564274
test,9977,0,0.636018
test,9978,0,0.461109
test,9979,0,0.753516
test,9980,0,0.399442
test,9981,0,0.554853
test,9982,0,0.361823
test,9983,0,0.248093
test,9984,0,0.153357
test,9985,0,0.066498
test,9986,0,0.206024
test,9987,0,0.179091
test,9988,0,0.041622
test,9989,0,0.048165
test,9990,0,0.258106
test,9991,0,0.010470
test,9992,0,0.007397
test,9993,0,0.425826
test,9994,0,0.032545
test,9995,0,0.804098
test,9996,0,0.400138
test,9997,0,0.255953
test,9998,0,0.202792
test,9999,0,0.015926
test,10000,0,0.661195
test,10001,0,0.215226
test,10002,0,0.004084
test,10003,0,0.458276
test,10004,0,0.036766
test,10005,0,0.528108
test,10006,0,0.102373
test,10007,0,0.016306
test,10008,0,0.181287
test,10009,0,0.577088
test,10010,0,0.184899
test,10011,0,0.305905
test,10012,0,0.755660
test,10013,0,0.251081
test,10014,0,0.241032
test,10015,0,0.090892
test,10016,0,0.005561
test,10017,0,0.016337
test,10018,0,0.145724
test,10019,0,0.069999
test,10020,0,0.117560
test,10021,0,0.312495
test,10022,0,0.220815
test,10023,0,0.003539
test,10024,0,0.643030
test,10025,0,0.495627
test,10026,0,0.202374
test,10027,0,0.048345
test,10028,0,0.464137
test,10029,0,0.434185
test,10030,0,0.095883
test,10031,0,0.223492
test,10032,0,0.001291
test,10033,0,0.631491
test,10034,0,0.396977
test,10035,0,0.082143
test,10036,0,0.149417
test,10037,0,0.356802
test,10038,0,0.465209
test,10039,0,0.337266
test,10040,0,0.463444
test,10041,0,0.213640
test,10042,0,0.338556
test,10043,0,0.228535
test,10044,0,0.007046
test,10045,0,0.778430
test,10046,0,0.030676
test,10047,0,0.002921
test,10048,0,0.228439
test,10049,0,0.551704
test,10050,0,0.014372
test,10051,0,0.024421
test,10052,0,0.441779
test,10053,0,0.128744
test,10054,0,0.253617
test,10055,0,0.419640
test,10056,0,0.131148
test,10057,0,0.020643
test,10058,0,0.064945
test,10059,0,0.018110
test,10060,0,0.044172
test,10061,0,0.161078
test,10062,0,0.039373
test,10063,0,0.254482
test,10064,0,0.116094
test,10065,0,0.368928
test,10066,0,0.064528
test,10067,0,0.192533
test,10068,0,0.095759
test,10069,0,0.178144
test,10070,0,0.129391
test,10071,0,0.111460
test,10072,0,0.453857
test,10073,0,0.055613
test,10074,0,0.362331
test,10075,0,0.153973
test,10076,0,0.017812
test,10077,0,0.063114
test,10078,0,0.935956
test,10079,0,0.323113
test,10080,0,0.731498
test,10081,0,0.256016
test,10082,0,0.451295
test,10083,0,0.012392
test,10084,0,0.137107
test,10085,0,0.076010
test,10086,0,0.105465
test,10087,0,0.320653
test,10088,0,0.011543
test,10089,0,0.066731
test,10090,0,0.316434
test,10091,0,0.127640
test,10092,0,0.713402
test,10093,0,0.335322
test,10094,0,0.016331
test,10095,0,0.161111
test,10096,0,0.380596
test,10097,0,0.031902
test,10098,0,0.042630
test,10099,0,0.212555
test,10100,0,0.508233
test,10101,0,0.304469
test,10102,0,0.092490
test,10103,0,0.452199
test,10104,0,0.049147
test,10105,0,0.599499
test,10106,0,0.365192
test,10107,0,0.457515
test,10108,0,0.065454
test,10109,0,0.729603
test,10110,0,0.277905
test,10111,0,0.462028
test,10112,0,0.207157
test,10113,0,0.673189
test,10114,0,0.332460
test,10115,0,0.451855
test,10116,0,0.273655
test,10117,0,0.138297
test,10118,0,0.196650
test,10119,0,0.231474
test,10120,0,0.639064
test,10121,0,0.568674
test,10122,0,0.480719
test,10123,0,0.204270
test,10124,0,0.193201
test,10125,0,0.465384
test,10126,0,0.123248
test,10127,0,0.131665
test,10128,0,0.376847
test,10129,0,0.404459
test,10130,0,0.216562
test,10131,0,0.298316
test,10132,0,0.189809
test,10133,0,0.247175
test,10134,0,0.273834
test,10135,0,0.079716
test,10136,0,0.238186
test,10137,0,0.243406
test,10138,0,0.380202
test,10139,0,0.208062
test,10140,0,0.296256
test,10141,0,0.367263
test,10142,0,0.490469
test,10143,0,0.155204
test,10144,0,0.340349
test,10145,0,0.627721
test,10146,0,0.089311
test,10147,0,0.019961
test,10148,0,0.081836
test,10149,0,0.127149
test,10150,0,0.617401
test,10151,0,0.333818
test,10152,0,0.028045
test,10153,0,0.667512
test,10154,0,0.206592
test,10155,0,0.033229
test,10156,0,0.034467
test,10157,0,0.047849
test,10158,0,0.111417
test,10159,0,0.067204
test,10160,0,0.320242
test,10161,0,0.117367
test,10162,0,0.140676
test,10163,0,0.430679
test,10164,0,0.009432
test,10165,0,0.144236
test,10166,0,0.260398
test,10167,0,0.073305
test,10168,0,0.120106
test,10169,0,0.190186
test,10170,0,0.088816
test,10171,0,0.089304
test,10172,0,0.155641
test,10173,0,0.096946
test,10174,0,0.257161
test,10175,0,0.071316
test,10176,0,0.053126
test,10177,0,0.039487
test,10178,0,0.106737
test,10179,0,0.226369
test,10180,0,0.124125
test,10181,0,0.038177
test,10182,0,0.240888
test,10183,0,0.078824
test,10184,0,0.493162
test,10185,0,0.546070
test,10186,0,0.651530
test,10187,0,0.635483
test,10188,0,0.345880
test,10189,0,0.564588
test,10190,0,0.006556
test,10191,0,0.104734
test,10192,0,0.431850
test,10193,0,0.216514
test,10194,0,0.189133
test,10195,0,0.060277
test,10196,0,0.078027
test,10197,0,0.732067
test,10198,0,0.256014
test,10199,0,0.067291
test,10200,0,0.075884
test,10201,0,0.032415
test,10202,0,0.114362
test,10203,0,0.036532
test,10204,0,0.026967
test,10205,0,0.697458
test,10206,0,0.299485
test,10207,0,0.113498
test,10208,0,0.075513
test,10209,0,0.328777
test,10210,0,0.459988
test,10211,0,0.079212
test,10212,0,0.159640
test,10213,0,0.065710
test,10214,0,0.589294
test,10215,0,0.195264
test,10216,0,0.238637
test,10217,0,0.505308
test,10218,0,0.216526
test,10219,0,0.177944
test,10220,0,0.197045
test,10221,0,0.285374
test,10222,0,0.290525
test,10223,0,0.029092
test,10224,0,0.108649
test,10225,0,0.327035
test,10226,0,0.235366
test,10227,0,0.629398
test,10228,0,0.659813
test,10229,0,0.420197
test,10230,0,0.066896
test,10231,0,0.034698
test,10232,0,0.178983
test,10233,0,0.138016
test,10234,0,0.015405
test,10235,0,0.031549
test,10236,0,0.145360
test,10237,0,0.030771
test,10238,0,0.036858
test,10239,0,0.033562
test,10240,0,0.557276
test,10241,0,0.344457
test,10242,0,0.015489
test,10243,0,0.427544
test,10244,0,0.411032
test,10245,0,0.003086
test,10246,0,0.011973
test,10247,0,0.193112
test,10248,0,0.043658
test,10249,0,0.164632
test,10250,0,0.146448
test,10251,0,0.424172
test,10252,0,0.555440
test,10253,0,0.295910
test,10254,0,0.065459
test,10255,0,0.178504
test,10256,0,0.018386
test,10257,0,0.071398
test,10258,0,0.202473
test,10259,0,0.020025
test,10260,0,0.031195
test,10261,0,0.043921
test,10262,0,0.047925
test,10263,0,0.613606
test,10264,0,0.130996
test,10265,0,0.014072
test,10266,0,0.080807
test,10267,0,0.979715
test,10268,0,0.549813
test,10269,0,0.239628
test,10270,0,0.056502
test,10271,0,0.086519
test,10272,0,0.324995
test,10273,0,0.038309
test,10274,0,0.058296
test,10275,0,0.070892
test,10276,0,0.015971
test,10277,0,0.046080
test,10278,0,0.025173
test,10279,0,0.136720
test,10280,0,0.037425
test,10281,0,0.090806
test,10282,0,0.132931
test,10283,0,0.180820
test,10284,0,0.690086
test,10285,0,0.129951
test,10286,0,0.137859
test,10287,0,0.026693
test,10288,0,0.045698
test,10289,0,0.055911
test,10290,0,0.118719
test,10291,0,0.155510
test,10292,0,0.468873
test,10293,0,0.432454
test,10294,0,0.168328
test,10295,0,0.234783
test,10296,0,0.625045
test,10297,0,0.019454
test,10298,0,0.141685
test,10299,0,0.005015
test,10300,0,0.709705
test,10301,0,0.317010
test,10302,0,0.714983
test,10303,0,0.075149
test,10304,0,0.484333
test,10305,0,0.504814
test,10306,0,0.123973
test,10307,0,0.076967
test,10308,0,0.015509
test,10309,0,0.039553
test,10310,0,0.135838
test,10311,0,0.176059
test,10312,0,0.688501
test,10313,0,0.218002
test,10314,0,0.121118
test,10315,0,0.288747
test,10316,0,0.034508
test,10317,0,0.154716
test,10318,0,0.158773
test,10319,0,0.505732
test,10320,0,0.072607
test,10321,0,0.108009
test,10322,0,0.499545
test,10323,0,0.035497
test,10324,0,0.318067
test,10325,0,0.044060
test,10326,0,0.251485
test,10327,0,0.458233
test,10328,0,0.484733
test,10329,0,0.305950
test,10330,0,0.071084
test,10331,0,0.004657
test,10332,0,0.524617
test,10333,0,0.103479
test,10334,0,0.170870
test,10335,0,0.165728
test,10336,0,0.860932
test,10337,0,0.106064
test,10338,0,0.310952
test,10339,0,0.087675
test,10340,0,0.655754
test,10341,0,0.029097
test,10342,0,0.228486
test,10343,0,0.064027
test,10344,0,0.417693
test,10345,0,0.243268
test,10346,0,0.128781
test,10347,0,0.877493
test,10348,0,0.267938
test,10349,0,0.032964
test,10350,0,0.111223
test,10351,0,0.025801
test,10352,0,0.896703
test,10353,0,0.163059
test,10354,0,0.269905
test,10355,0,0.011503
test,10356,0,0.518627
test,10357,0,0.026591
test,10358,0,0.125068
test,10359,0,0.361565
test,10360,0,0.401533
test,10361,0,0.241222
test,10362,0,0.123165
test,10363,0,0.426925
test,10364,0,0.082807
test,10365,0,0.331939
test,10366,0,0.084838
test,10367,0,0.032708
test,10368,0,0.150906
test,10369,0,0.025850
test,10370,0,0.077899
test,10371,0,0.007593
test,10372,0,0.155467
test,10373,0,0.049143
test,10374,0,0.041837
test,10375,0,0.088337
test,10376,0,0.157617
test,10377,0,0.254812
test,10378,0,0.240929
test,10379,0,0.047064
test,10380,0,0.097684
test,10381,0,0.147364
test,10382,0,0.546802
test,10383,0,0.201558
test,10384,0,0.617826
test,10385,0,0.153680
test,10386,0,0.152373
test,10387,0,0.266349
test,10388,0,0.184480
test,10389,0,0.374520
test,10390,0,0.050135
test,10391,0,0.080939
test,10392,0,0.153554
test,10393,0,0.165443
test,10394,0,0.083856
test,10395,0,0.324090
test,10396,0,0.211815
test,10397,0,0.151284
test,10398,0,0.076748
test,10399,0,0.039586
test,10400,0,0.136584
test,10401,0,0.261812
test,10402,0,0.019601
test,10403,0,0.099195
test,10404,0,0.108187
test,10405,0,0.187442
test,10406,0,0.036823
test,10407,0,0.099562
test,10408,0,0.087000
test,10409,0,0.228906
test,10410,0,0.246622
test,10411,0,0.236555
test,10412,0,0.316655
test,10413,0,0.153495
test,10414,0,0.083178
test,10415,0,0.024369
test,10416,0,0.058917
test,10417,0,0.211524
test,10418,0,0.009435
test,10419,0,0.012594
test,10420,0,0.352148
test,10421,0,0.373568
test,10422,0,0.552103
test,10423,0,0.009932
test,10424,0,0.936772
test,10425,0,0.278063
test,10426,0,0.374329
test,10427,0,0.096956
test,10428,0,0.018933
test,10429,0,0.027969
test,10430,0,0.015947
test,10431,0,0.394716
test,10432,0,0.013075
test,10433,0,0.254790
test,10434,0,0.129918
test,10435,0,0.706372
test,10436,0,0.395525
test,10437,0,0.425400
test,10438,0,0.123390
test,10439,0,0.214412
test,10440,0,0.551027
test,10441,0,0.564938
test,10442,0,0.319996
test,10443,0,0.068743
test,10444,0,0.734986
test,10445,0,0.091972
test,10446,0,0.089322
test,10447,0,0.317659
test,10448,0,0.258467
test,10449,0,0.074071
test,10450,0,0.460205
test,10451,0,0.005360
test,10452,0,0.088416
test,10453,0,0.081624
test,10454,0,0.726079
test,10455,0,0.208406
test,10456,0,0.406788
test,10457,0,0.157780
test,10458,0,0.356903
test,10459,0,0.632503
test,10460,0,0.400527
test,10461,0,0.281216
test,10462,0,0.453727
test,10463,0,0.654869
test,10464,0,0.040281
test,10465,0,0.066928
test,10466,0,0.022753
test,10467,0,0.711587
test,10468,0,0.339722
test,10469,0,0.444893
test,10470,0,0.160854
test,10471,0,0.030507
test,10472,0,0.146214
test,10473,0,0.030445
test,10474,0,0.086784
test,10475,0,0.119276
test,10476,0,0.057404
test,10477,0,0.128724
test,10478,0,0.013807
test,10479,0,0.297459
test,10480,0,0.125711
test,10481,0,0.018735
test,10482,0,0.031394
test,10483,0,0.355746
test,10484,0,0.047171
test,10485,0,0.108442
test,10486,0,0.679014
test,10487,0,0.214662
test,10488,0,0.235321
test,10489,0,0.232172
test,10490,0,0.713413
test,10491,0,0.282229
test,10492,0,0.334237
test,10493,0,0.102867
test,10494,0,0.385739
test,10495,0,0.393088
test,10496,0,0.194092
test,10497,0,0.187355
test,10498,0,0.085823
test,10499,0,0.095122
test,10500,0,0.602030
test,10501,0,0.207613
test,10502,0,0.186553
test,10503,0,0.005967
test,10504,0,0.309170
test,10505,0,0.115559
test,10506,0,0.108322
test,10507,0,0.232767
test,10508,0,0.196699
test,10509,0,0.020325
test,10510,0,0.205268
test,10511,0,0.266395
test,10512,0,0.027312
test,10513,0,0.115930
test,10514,0,0.073210
test,10515,0,0.054412
test,10516,0,0.202992
test,10517,0,0.000426
test,10518,0,0.335345
test,10519,0,0.022198
test,10520,0,0.042535
test,10521,0,0.133918
test,10522,0,0.001413
test,10523,0,0.670147
test,10524,0,0.292252
test,10525,0,0.081124
test,10526,0,0.228499
test,10527,0,0.069592
test,10528,0,0.072202
test,10529,0,0.156899
test,10530,0,0.513561
test,10531,0,0.367841
test,10532,0,0.187402
test,10533,0,0.067537
test,10534,0,0.244381
test,10535,0,0.020393
test,10536,0,0.266061
test,10537,0,0.183754
test,10538,0,0.266362
test,10539,0,0.138643
test,10540,0,0.409602
test,10541,0,0.297711
test,10542,0,0.183099
test,10543,0,0.108008
test,10544,0,0.134181
test,10545,0,0.250848
test,10546,0,0.498926
test,10547,0,0.309003
test,10548,0,0.113175
test,10549,0,0.018473
test,10550,0,0.003677
test,10551,0,0.038077
test,10552,0,0.055163
test,10553,0,0.155535
test,10554,0,0.030779
test,10555,0,0.137071
test,10556,0,0.244403
test,10557,0,0.358831
test,10558,0,0.513027
test,10559,0,0.403099
test,10560,0,0.268299
test,10561,0,0.239283
test,10562,0,0.084249
test,10563,0,0.228571
test,10564,0,0.306323
test,10565,0,0.283135
test,10566,0,0.353661
test,10567,0,0.390687
test,10568,0,0.136613
test,10569,0,0.115682
test,10570,0,0.053129
test,10571,0,0.038128
test,10572,0,0.061160
test,10573,0,0.005019
test,10574,0,0.231333
test,10575,0,0.154364
test,10576,0,0.180941
test,10577,0,0.109859
test,10578,0,0.250368
test,10579,0,0.088841
test,10580,0,0.168323
test,10581,0,0.107375
test,10582,0,0.058417
test,10583,0,0.553764
test,10584,0,0.193509
test,10585,0,0.029725
test,10586,0,0.438815
test,10587,0,0.042687
test,10588,0,0.348567
test,10589,0,0.020021
test,10590,0,0.659030
test,10591,0,0.578261
test,10592,0,0.098176
test,10593,0,0.156375
test,10594,0,0.138906
test,10595,0,0.014482
test,10596,0,0.509558
test,10597,0,0.052791
test,10598,0,0.150924
test,10599,0,0.258951
test,10600,0,0.127940
test,10601,0,0.079816
test,10602,0,0.265995
test,10603,0,0.103650
test,10604,0,0.117339
test,10605,0,0.169412
test,10606,0,0.069492
test,10607,0,0.019378
test,10608,0,0.081324
test,10609,0,0.151728
test,10610,0,0.167464
test,10611,0,0.234622
test,10612,0,0.024843
test,10613,0,0.019599
test,10614,0,0.093605
test,10615,0,0.010710
test,10616,0,0.128435
test,10617,0,0.158822
test,10618,0,0.077151
test,10619,0,0.055786
test,10620,0,0.201259
test,10621,0,0.286272
test,10622,0,0.071428
test,10623,0,0.078856
test,10624,0,0.177210
test,10625,0,0.188261
test,10626,0,0.559517
test,10627,0,0.218707
test,10628,0,0.137030
test,10629,0,0.085642
test,10630,0,0.238108
test,10631,0,0.016069
test,10632,0,0.334026
test,10633,0,0.056688
test,10634,0,0.076059
test,10635,0,0.327165
test,10636,0,0.275396
test,10637,0,0.257814
test,10638,0,0.360816
test,10639,0,0.276161
test,10640,0,0.275707
test,10641,0,0.113015
test,10642,0,0.339922
test,10643,0,0.453109
test,10644,0,0.283699
test,10645,0,0.308698
test,10646,0,0.446190
test,10647,0,0.088865
test,10648,0,0.573134
test,10649,0,0.118252
test,10650,0,0.311746
test,10651,0,0.082222
test,10652,0,0.278941
test,10653,0,0.278489
test,10654,0,0.475154
test,10655,0,0.211987
test,10656,0,0.252570
test,10657,0,0.046120
test,10658,0,0.381130
test,10659,0,0.025999
test,10660,0,0.112202
test,10661,0,0.147917
test,10662,0,0.079916
test,10663,0,0.092002
test,10664,0,0.374128
test,10665,0,0.378512
test,10666,0,0.194564
test,10667,0,0.061832
test,10668,0,0.171464
test,10669,0,0.460501
test,10670,0,0.085537
test,10671,0,0.007603
test,10672,0,0.656298
test,10673,0,0.228468
test,10674,0,0.041454
test,10675,0,0.027201
test,10676,0,0.522393
test,10677,0,0.069325
test,10678,0,0.008006
test,10679,0,0.273278
test,10680,0,0.135623
test,10681,0,0.122740
test,10682,0,0.301392
test,10683,0,0.133147
test,10684,0,0.082886
test,10685,0,0.033999
test,10686,0,0.234490
test,10687,0,0.011760
test,10688,0,0.522503
test,10689,0,0.173310
test,10690,0,0.144482
test,10691,0,0.283860
test,10692,0,0.241262
test,10693,0,0.291915
test,10694,0,0.016863
test,10695,0,0.063542
test,10696,0,0.105654
test,10697,0,0.652015
test,10698,0,0.078344
test,10699,0,0.200855
test,10700,0,0.378608
test,10701,0,0.184096
test,10702,0,0.383228
test,10703,0,0.223144
test,10704,0,0.041598
test,10705,0,0.302287
test,10706,0,0.433477
test,10707,0,0.162097
test,10708,0,0.406375
test,10709,0,0.134741
test,10710,0,0.070239
test,10711,0,0.108529
test,10712,0,0.059734
test,10713,0,0.186255
test,10714,0,0.247947
test,10715,0,0.232855
test,10716,0,0.696891
test,10717,0,0.049043
test,10718,0,0.125808
test,10719,0,0.389298
test,10720,0,0.193119
test,10721,0,0.041913
test,10722,0,0.538270
test,10723,0,0.304969
test,10724,0,0.057224
test,10725,0,0.568527
test,10726,0,0.171707
test,10727,0,0.069242
test,10728,0,0.212187
test,10729,0,0.099236
test,10730,0,0.057685
test,10731,0,0.153755
test,10732,0,0.172593
test,10733,0,0.044189
test,10734,0,0.008365
test,10735,0,0.350957
test,10736,0,0.042800
test,10737,0,0.094490
test,10738,0,0.259325
test,10739,0,0.276538
test,10740,0,0.346959
test,10741,0,0.103610
test,10742,0,0.160027
test,10743,0,0.200323
test,10744,0,0.070627
test,10745,0,0.269131
test,10746,0,0.251811
test,10747,0,0.040271
test,10748,0,0.159097
test,10749,0,0.235344
test,10750,0,0.504051
test,10751,0,0.320395
test,10752,0,0.080667
test,10753,0,0.011461
test,10754,0,0.218529
test,10755,0,0.102913
test,10756,0,0.021537
test,10757,0,0.049221
test,10758,0,0.164180
test,10759,0,0.052648
test,10760,0,0.045506
test,10761,0,0.065933
test,10762,0,0.112004
test,10763,0,0.271977
test,10764,0,0.018763
test,10765,0,0.078907
test,10766,0,0.107371
test,10767,0,0.040946
test,10768,0,0.073333
test,10769,0,0.199805
test,10770,0,0.232640
test,10771,0,0.228021
test,10772,0,0.047974
test,10773,0,0.090895
test,10774,0,0.213452
test,10775,0,0.081320
test,10776,0,0.145395
test,10777,0,0.081562
test,10778,0,0.277869
test,10779,0,0.400208
test,10780,0,0.245163
test,10781,0,0.657359
test,10782,0,0.067482
test,10783,0,0.186730
test,10784,0,0.090206
test,10785,0,0.123226
test,10786,0,0.005991
test,10787,0,0.019909
test,10788,0,0.009560
test,10789,0,0.345901
test,10790,0,0.456088
test,10791,0,0.089536
test,10792,0,0.261949
test,10793,0,0.315379
test,10794,0,0.010775
test,10795,0,0.089032
test,10796,0,0.032250
test,10797,0,0.008530
test,10798,0,0.060005
test,10799,0,0.009487
test,10800,0,0.100590
test,10801,0,0.022272
test,10802,0,0.013499
test,10803,0,0.117182
test,10804,0,0.282157
test,10805,0,0.154486
test,10806,0,0.116615
test,10807,0,0.614494
test,10808,0,0.191200
test,10809,0,0.051024
test,10810,0,0.271918
test,10811,0,0.191045
test,10812,0,0.163500
test,10813,0,0.062927
test,10814,0,0.099786
test,10815,0,0.057147
test,10816,0,0.190678
test,10817,0,0.029809
test,10818,0,0.267779
test,10819,0,0.143774
test,10820,0,0.112883
test,10821,0,0.170233
test,10822,0,0.143757
test,10823,0,0.019670
test,10824,0,0.320254
test,10825,0,0.092768
test,10826,0,0.270410
test,10827,0,0.250350
test,10828,0,0.245110
test,10829,0,0.726815
test,10830,0,0.100302
test,10831,0,0.109548
test,10832,0,0.235730
test,10833,0,0.013766
test,10834,0,0.318034
test,10835,0,0.155028
test,10836,0,0.402395
test,10837,0,0.746647
test,10838,0,0.153524
test,10839,0,0.066430
test,10840,0,0.068142
test,10841,0,0.059177
test,10842,0,0.531095
test,10843,0,0.811270
test,10844,0,0.073520
test,10845,0,0.234356
test,10846,0,0.022671
test,10847,0,0.804215
test,10848,0,0.726952
test,10849,0,0.704227
test,10850,0,0.371921
test,10851,0,0.136769
test,10852,0,0.233587
test,10853,0,0.151209
test,10854,0,0.339771
test,10855,0,0.194947
test,10856,0,0.482204
test,10857,0,0.314757
test,10858,0,0.224421
test,10859,0,0.048531
test,10860,0,0.641349
test,10861,0,0.144138
test,10862,0,0.388149
test,10863,0,0.045164
test,10864,0,0.545225
test,10865,0,0.455308
test,10866,0,0.016129
test,10867,0,0.542099
test,10868,0,0.148729
test,10869,0,0.268768
test,10870,0,0.396329
test,10871,0,0.067428
test,10872,0,0.679429
test,10873,0,0.278030
test,10874,0,0.221899
test,10875,0,0.222639
test,10876,0,0.734948
test,10877,0,0.357141
test,10878,0,0.185972
test,10879,0,0.536527
test,10880,0,0.373215
test,10881,0,0.857182
test,10882,0,0.180149
test,10883,0,0.032275
test,10884,0,0.013203
test,10885,0,0.114657
test,10886,0,0.052500
test,10887,0,0.007665
test,10888,0,0.323164
test,10889,0,0.046081
test,10890,0,0.158331
test,10891,0,0.008005
test,10892,0,0.006252
test,10893,0,0.039887
test,10894,0,0.197559
test,10895,0,0.366327
test,10896,0,0.706338
test,10897,0,0.027625
test,10898,0,0.026996
test,10899,0,0.225122
test,10900,0,0.003852
test,10901,0,0.044415
test,10902,0,0.422035
test,10903,0,0.464563
test,10904,0,0.048581
test,10905,0,0.128696
test,10906,0,0.221735
test,10907,0,0.359488
test,10908,0,0.065352
test,10909,0,0.074287
test,10910,0,0.517503
test,10911,0,0.022810
test,10912,0,0.382996
test,10913,0,0.379475
test,10914,0,0.296416
test,10915,0,0.204125
test,10916,0,0.403429
test,10917,0,0.952456
test,10918,0,0.096141
test,10919,0,0.057439
test,10920,0,0.006637
test,10921,0,0.161570
test,10922,0,0.034713
test,10923,0,0.019295
test,10924,0,0.261243
test,10925,0,0.084104
test,10926,0,0.205125
test,10927,0,0.087745
test,10928,0,0.078779
test,10929,0,0.023047
test,10930,0,0.058518
test,10931,0,0.076480
test,10932,0,0.349499
test,10933,0,0.116318
test,10934,0,0.094544
test,10935,0,0.046736
test,10936,0,0.022122
test,10937,0,0.605438
test,10938,0,0.230272
test,10939,0,0.005209
test,10940,0,0.310681
test,10941,0,0.084499
test,10942,0,0.504802
test,10943,0,0.266622
test,10944,0,0.075042
test,10945,0,0.513771
test,10946,0,0.170215
test,10947,0,0.105693
test,10948,0,0.070080
test,10949,0,0.041068
test,10950,0,0.025606
test,10951,0,0.043397
test,10952,0,0.327980
test,10953,0,0.077535
test,10954,0,0.229853
test,10955,0,0.023375
test,10956,0,0.000492
test,10957,0,0.110617
test,10958,0,0.940127
test,10959,0,0.054047
test,10960,0,0.220396
test,10961,0,0.285308
test,10962,0,0.286586
test,10963,0,0.245398
test,10964,0,0.086834
test,10965,0,0.368076
test,10966,0,0.382446
test,10967,0,0.181316
test,10968,0,0.060398
test,10969,0,0.280838
test,10970,0,0.027688
test,10971,0,0.170428
test,10972,0,0.104999
test,10973,0,0.061282
test,10974,0,0.091899
test,10975,0,0.200755
test,10976,0,0.177908
test,10977,0,0.094592
test,10978,0,0.349726
test,10979,0,0.513933
test,10980,0,0.364660
test,10981,0,0.077908
test,10982,0,0.015310
test,10983,0,0.101474
test,10984,0,0.047177
test,10985,0,0.095770
test,10986,0,0.039589
test,10987,0,0.191090
test,10988,0,0.033399
test,10989,0,0.049781
test,10990,0,0.168789
test,10991,0,0.286518
test,10992,0,0.078116
test,10993,0,0.061708
test,10994,0,0.491925
test,10995,0,0.429184
test,10996,0,0.008226
test,10997,0,0.091081
test,10998,0,0.087574
test,10999,0,0.069369
test,11000,0,0.022885
test,11001,0,0.041341
test,11002,0,0.082033
test,11003,0,0.060497
test,11004,0,0.071996
test,11005,0,0.101824
test,11006,0,0.229322
test,11007,0,0.018200
test,11008,0,0.086492
test,11009,0,0.111061
test,11010,0,0.101061
test,11011,0,0.177630
test,11012,0,0.069758
test,11013,0,0.000234
test,11014,0,0.039981
test,11015,0,0.535003
test,11016,0,0.044614
test,11017,0,0.147692
test,11018,0,0.169212
test,11019,0,0.054888
test,11020,0,0.073768
test,11021,0,0.036189
test,11022,0,0.082861
test,11023,0,0.154971
test,11024,0,0.115195
test,11025,0,0.469982
test,11026,0,0.005046
test,11027,0,0.096779
test,11028,0,0.217981
test,11029,0,0.065127
test,11030,0,0.014902
test,11031,0,0.035277
test,11032,0,0.015189
test,11033,0,0.198145
test,11034,0,0.070659
test,11035,0,0.200035
test,11036,0,0.212041
test,11037,0,0.062180
test,11038,0,0.125992
test,11039,0,0.060430
test,11040,0,0.580756
test,11041,0,0.182037
test,11042,0,0.556558
test,11043,0,0.035441
test,11044,0,0.356999
test,11045,0,0.201287
test,11046,0,0.000007
test,11047,0,0.331170
test,11048,0,0.710631
test,11049,0,0.004421
test,11050,0,0.074342
test,11051,0,0.021393
test,11052,0,0.009288
test,11053,0,0.867214
test,11054,0,0.065372
test,11055,0,0.740354
test,11056,0,0.744056
test,11057,0,0.032047
test,11058,0,0.022608
test,11059,0,0.231730
test,11060,0,0.173949
test,11061,0,0.195584
test,11062,0,0.132637
test,11063,0,0.340721
test,11064,0,0.113219
test,11065,0,0.195783
test,11066,0,0.132742
test,11067,0,0.197443
test,11068,0,0.095350
test,11069,0,0.089842
test,11070,0,0.051217
test,11071,0,0.047192
test,11072,0,0.090899
test,11073,0,0.089406
test,11074,0,0.358391
test,11075,0,0.291640
test,11076,0,0.206778
test,11077,0,0.609126
test,11078,0,0.323628
test,11079,0,0.035050
test,11080,0,0.307305
test,11081,0,0.008766
test,11082,0,0.021085
test,11083,0,0.047192
test,11084,0,0.248625
test,11085,0,0.245874
test,11086,0,0.324071
test,11087,0,0.049304
test,11088,0,0.026868
test,11089,0,0.031334
test,11090,0,0.093397
test,11091,0,0.542847
test,11092,0,0.277994
test,11093,0,0.115514
test,11094,0,0.209367
test,11095,0,0.072342
test,11096,0,0.076467
test,11097,0,0.201003
test,11098,0,0.159748
test,11099,0,0.035348
test,11100,0,0.436328
test,11101,0,0.048115
test,11102,0,0.261783
test,11103,0,0.078472
test,11104,0,0.310598
test,11105,0,0.198043
test,11106,0,0.372039
test,11107,0,0.220007
test,11108,0,0.040263
test,11109,0,0.327078
test,11110,0,0.037701
test,11111,0,0.118889
test,11112,0,0.578132
test,11113,0,0.682201
test,11114,0,0.580660
test,11115,0,0.560646
test,11116,0,0.786762
test,11117,0,0.220079
test,11118,0,0.604074
test,11119,0,0.039392
test,11120,0,0.393128
test,11121,0,0.148507
test,11122,0,0.158242
test,11123,0,0.101257
test,11124,0,0.733520
test,11125,0,0.020388
test,11126,0,0.037887
test,11127,0,0.094150
test,11128,0,0.492700
test,11129,0,0.253209
test,11130,0,0.135022
test,11131,0,0.167092
test,11132,0,0.000177
test,11133,0,0.412889
test,11134,0,0.046039
test,11135,0,0.536566
test,11136,0,0.105199
test,11137,0,0.462264
test,11138,0,0.450956
test,11139,0,0.328783
test,11140,0,0.478355
test,11141,0,0.422550
test,11142,0,0.191867
test,11143,0,0.192284
test,11144,0,0.070399
test,11145,0,0.357378
test,11146,0,0.252979
test,11147,0,0.008840
test,11148,0,0.491405
test,11149,0,0.454828
test,11150,0,0.042700
test,11151,0,0.005245
test,11152,0,0.523120
test,11153,0,0.315566
test,11154,0,0.014646
test,11155,0,0.327426
test,11156,0,0.666908
test,11157,0,0.642148
test,11158,0,0.174375
test,11159,0,0.368331
test,11160,0,0.385247
test,11161,0,0.551127
test,11162,0,0.409242
test,11163,0,0.351893
test,11164,0,0.516628
test,11165,0,0.621349
test,11166,0,0.022020
test,11167,0,0.002796
test,11168,0,0.701327
test,11169,0,0.444416
test,11170,0,0.189264
test,11171,0,0.472342
test,11172,0,0.033704
test,11173,0,0.062073
test,11174,0,0.266710
test,11175,0,0.246814
test,11176,0,0.012396
test,11177,0,0.031325
test,11178,0,0.165180
test,11179,0,0.507150
test,11180,0,0.211629
test,11181,0,0.482568
test,11182,0,0.460476
test,11183,0,0.398541
test,11184,0,0.168864
test,11185,0,0.058494
test,11186,0,0.911192
test,11187,0,0.772898
test,11188,0,0.753249
test,11189,0,0.371170
test,11190,0,0.355141
test,11191,0,0.188273
test,11192,0,0.400449
test,11193,0,0.073129
test,11194,0,0.048488
test,11195,0,0.134703
test,11196,0,0.085986
test,11197,0,0.019326
test,11198,0,0.352273
test,11199,0,0.501483
test,11200,0,0.129328
test,11201,0,0.300602
test,11202,0,0.194104
test,11203,0,0.074688
test,11204,0,0.136188
test,11205,0,0.275960
test,11206,0,0.418996
test,11207,0,0.072086
test,11208,0,0.817520
test,11209,0,0.565177
test,11210,0,0.291474
test,11211,0,0.433256
test,11212,0,0.253645
test,11213,0,0.105413
test,11214,0,0.565499
test,11215,0,0.068411
test,11216,0,0.785013
test,11217,0,0.530820
test,11218,0,0.774361
test,11219,0,0.402614
test,11220,0,0.499594
test,11221,0,0.281181
test,11222,0,0.090676
test,11223,0,0.646660
test,11224,0,0.408499
test,11225,0,0.280657
test,11226,0,0.331181
test,11227,0,0.088792
test,11228,0,0.165269
test,11229,0,0.357398
test,11230,0,0.063140
test,11231,0,0.313480
test,11232,0,0.137200
test,11233,0,0.171948
test,11234,0,0.905211
test,11235,0,0.248259
test,11236,0,0.173538
test,11237,0,0.029500
test,11238,0,0.078574
test,11239,0,0.179414
test,11240,0,0.306265
test,11241,0,0.058507
test,11242,0,0.185293
test,11243,0,0.555067
test,11244,0,0.384759
test,11245,0,0.020132
test,11246,0,0.020401
test,11247,0,0.059934
test,11248,0,0.674067
test,11249,0,0.187090
test,11250,0,0.116194
test,11251,0,0.002417
test,11252,0,0.108197
test,11253,0,0.099202
test,11254,0,0.321770
test,11255,0,0.788356
test,11256,0,0.475722
test,11257,0,0.220757
test,11258,0,0.004210
test,11259,0,0.643972
test,11260,0,0.132221
test,11261,0,0.237591
test,11262,0,0.001798
test,11263,0,0.014511
test,11264,0,0.188942
test,11265,0,0.491261
test,11266,0,0.316655
test,11267,0,0.013910
test,11268,0,0.025608
test,11269,0,0.782641
test,11270,0,0.585215
test,11271,0,0.740999
test,11272,0,0.218662
test,11273,0,0.312065
test,11274,0,0.453740
test,11275,0,0.521268
test,11276,0,0.233845
test,11277,0,0.495176
test,11278,0,0.379020
test,11279,0,0.209135
test,11280,0,0.003826
test,11281,0,0.380488
test,11282,0,0.217623
test,11283,0,0.353934
test,11284,0,0.091114
test,11285,0,0.048162
test,11286,0,0.055459
test,11287,0,0.095907
test,11288,0,0.345218
test,11289,0,0.327810
test,11290,0,0.215891
test,11291,0,0.144545
test,11292,0,0.036422
test,11293,0,0.501028
test,11294,0,0.007325
test,11295,0,0.045963
test,11296,0,0.125490
test,11297,0,0.042616
test,11298,0,0.011945
test,11299,0,0.132079
test,11300,0,0.081121
test,11301,0,0.066381
test,11302,0,0.391552
test,11303,0,0.168106
test,11304,0,0.429807
test,11305,0,0.093102
test,11306,0,0.067446
test,11307,0,0.035771
test,11308,0,0.041173
test,11309,0,0.326119
test,11310,0,0.017811
test,11311,0,0.181431
test,11312,0,0.603828
test,11313,0,0.648028
test,11314,0,0.870123
test,11315,0,0.091430
test,11316,0,0.087410
test,11317,0,0.077500
test,11318,0,0.104727
test,11319,0,0.690259
test,11320,0,0.112817
test,11321,0,0.228616
test,11322,0,0.341534
test,11323,0,0.968446
test,11324,0,0.155707
test,11325,0,0.843850
test,11326,0,0.875599
test,11327,0,0.029336
test,11328,0,0.012247
test,11329,0,0.428387
test,11330,0,0.332637
test,11331,0,0.421929
test,11332,0,0.489786
test,11333,0,0.171650
test,11334,0,0.146258
test,11335,0,0.220205
test,11336,0,0.780951
test,11337,0,0.023846
test,11338,0,0.154496
test,11339,0,0.200486
test,11340,0,0.931280
test,11341,0,0.021631
test,11342,0,0.583126
test,11343,0,0.020777
test,11344,0,0.180681
test,11345,0,0.552171
test,11346,0,0.148095
test,11347,0,0.356135
test,11348,0,0.028455
test,11349,0,0.562671
test,11350,0,0.074391
test,11351,0,0.215043
test,11352,0,0.028842
test,11353,0,0.136041
test,11354,0,0.012101
test,11355,0,0.084509
test,11356,0,0.051165
test,11357,0,0.043252
test,11358,0,0.087141
test,11359,0,0.090057
test,11360,0,0.310711
test,11361,0,0.099374
test,11362,0,0.458936
test,11363,0,0.008223
test,11364,0,0.003494
test,11365,0,0.061954
test,11366,0,0.288648
test,11367,0,0.058174
test,11368,0,0.227456
test,11369,0,0.496303
test,11370,0,0.717095
test,11371,0,0.348936
test,11372,0,0.259639
test,11373,0,0.353716
test,11374,0,0.673142
test,11375,0,0.372132
test,11376,0,0.459435
test,11377,0,0.338171
test,11378,0,0.401487
test,11379,0,0.455594
test,11380,0,0.441079
test,11381,0,0.191083
test,11382,0,0.492427
test,11383,0,0.710702
test,11384,0,0.826804
test,11385,0,0.270579
test,11386,0,0.089934
test,11387,0,0.024735
test,11388,0,0.075934
test,11389,0,0.075934
test,11390,0,0.075934
test,11391,0,0.248061
test,11392,0,0.535381
test,11393,0,0.009769
test,11394,0,0.490015
test,11395,0,0.177669
test,11396,0,0.319087
test,11397,0,0.424912
test,11398,0,0.156858
test,11399,0,0.558476
test,11400,0,0.083267
test,11401,0,0.258313
test,11402,0,0.003683
test,11403,0,0.046802
test,11404,0,0.183645
test,11405,0,0.704120
test,11406,0,0.009806
test,11407,0,0.540656
test,11408,0,0.378566
test,11409,0,0.722587
test,11410,0,0.320628
test,11411,0,0.371918
test,11412,0,0.675642
test,11413,0,0.306037
test,11414,0,0.239151
test,11415,0,0.173945
test,11416,0,0.192276
test,11417,0,0.233619
test,11418,0,0.067756
test,11419,0,0.085469
test,11420,0,0.648804
test,11421,0,0.105530
test,11422,0,0.191241
test,11423,0,0.203048
test,11424,0,0.084244
test,11425,0,0.099182
test,11426,0,0.445944
test,11427,0,0.630735
test,11428,0,0.182533
test,11429,0,0.287860
test,11430,0,0.598116
test,11431,0,0.105304
test,11432,0,0.529720
test,11433,0,0.653224
test,11434,0,0.041540
test,11435,0,0.026890
test,11436,0,0.154710
test,11437,0,0.006350
test,11438,0,0.511452
test,11439,0,0.030572
test,11440,0,0.438489
test,11441,0,0.179149
test,11442,0,0.207571
test,11443,0,0.217840
test,11444,0,0.185364
test,11445,0,0.749193
test,11446,0,0.069464
test,11447,0,0.500304
test,11448,0,0.117536
test,11449,0,0.170422
test,11450,0,0.579720
test,11451,0,0.089400
test,11452,0,0.367422
test,11453,0,0.105918
test,11454,0,0.273280
test,11455,0,0.431965
test,11456,0,0.106205
test,11457,0,0.518457
test,11458,0,0.139156
test,11459,0,0.112148
test,11460,0,0.538457
test,11461,0,0.198115
test,11462,0,0.116780
test,11463,0,0.382733
test,11464,0,0.141930
test,11465,0,0.291165
test,11466,0,0.627124
test,11467,0,0.203565
test,11468,0,0.393938
test,11469,0,0.256432
test,11470,0,0.018993
test,11471,0,0.267025
test,11472,0,0.096027
test,11473,0,0.068715
test,11474,0,0.060939
test,11475,0,0.010975
test,11476,0,0.444015
test,11477,0,0.010822
test,11478,0,0.538788
test,11479,0,0.432139
test,11480,0,0.154269
test,11481,0,0.923202
test,11482,0,0.225740
test,11483,0,0.057456
test,11484,0,0.369042
test,11485,0,0.096768
test,11486,0,0.030929
test,11487,0,0.459823
test,11488,0,0.070999
test,11489,0,0.150676
test,11490,0,0.240774
test,11491,0,0.109990
test,11492,0,0.078993
test,11493,0,0.377463
test,11494,0,0.088165
test,11495,0,0.112583
test,11496,0,0.642295
test,11497,0,0.254591
test,11498,0,0.445896
test,11499,0,0.272304
test,11500,0,0.178547
test,11501,0,0.455594
test,11502,0,0.057134
test,11503,0,0.345833
test,11504,0,0.211170
test,11505,0,0.094747
test,11506,0,0.347799
test,11507,0,0.384028
test,11508,0,0.375500
test,11509,0,0.340920
test,11510,0,0.125238
test,11511,0,0.490732
test,11512,0,0.246986
test,11513,0,0.305248
test,11514,0,0.191045
test,11515,0,0.629035
test,11516,0,0.913467
test,11517,0,0.840599
test,11518,0,0.236190
test,11519,0,0.211087
test,11520,0,0.111156
test,11521,0,0.007978
test,11522,0,0.640434
test,11523,0,0.431055
test,11524,0,0.142517
test,11525,0,0.629366
test,11526,0,0.092080
test,11527,0,0.688125
test,11528,0,0.498696
test,11529,0,0.453502
test,11530,0,0.772199
test,11531,0,0.291196
test,11532,0,0.265802
test,11533,0,0.064545
test,11534,0,0.047259
test,11535,0,0.016292
test,11536,0,0.091496
test,11537,0,0.229809
test,11538,0,0.475589
test,11539,0,0.494183
test,11540,0,0.229223
test,11541,0,0.238442
test,11542,0,0.662529
test,11543,0,0.274865
test,11544,0,0.293295
test,11545,0,0.070379
test,11546,0,0.279571
test,11547,0,0.341426
test,11548,0,0.041550
test,11549,0,0.179921
test,11550,0,0.028206
test,11551,0,0.055109
test,11552,0,0.056729
test,11553,0,0.249456
test,11554,0,0.101248
test,11555,0,0.211797
test,11556,0,0.072981
test,11557,0,0.065774
test,11558,0,0.119018
test,11559,0,0.094536
test,11560,0,0.414325
test,11561,0,0.723905
test,11562,0,0.223913
test,11563,0,0.351341
test,11564,0,0.324323
test,11565,0,0.718478
test,11566,0,0.020158
test,11567,0,0.353948
test,11568,0,0.481785
test,11569,0,0.297592
test,11570,0,0.259643
test,11571,0,0.114904
test,11572,0,0.111700
test,11573,0,0.136976
test,11574,0,0.174244
test,11575,0,0.072945
test,11576,0,0.015556
test,11577,0,0.007330
test,11578,0,0.192206
test,11579,0,0.233600
test,11580,0,0.100893
test,11581,0,0.154097
test,11582,0,0.192384
test,11583,0,0.069565
test,11584,0,0.109939
test,11585,0,0.050609
test,11586,0,0.054529
test,11587,0,0.160991
test,11588,0,0.089030
test,11589,0,0.065447
test,11590,0,0.286146
test,11591,0,0.042721
test,11592,0,0.015225
test,11593,0,0.243717
test,11594,0,0.015347
test,11595,0,0.173311
test,11596,0,0.691133
test,11597,0,0.438437
test,11598,0,0.400357
test,11599,0,0.223388
test,11600,0,0.022590
test,11601,0,0.065537
test,11602,0,0.228820
test,11603,0,0.092173
test,11604,0,0.002132
test,11605,0,0.153319
test,11606,0,0.084717
test,11607,0,0.077360
test,11608,0,0.019630
test,11609,0,0.609749
test,11610,0,0.052642
test,11611,0,0.584817
test,11612,0,0.306571
test,11613,0,0.622067
test,11614,0,0.376108
test,11615,0,0.019384
test,11616,0,0.020525
test,11617,0,0.512191
test,11618,0,0.170694
test,11619,0,0.246972
test,11620,0,0.392586
test,11621,0,0.061048
test,11622,0,0.704629
test,11623,0,0.106119
test,11624,0,0.041942
test,11625,0,0.152213
test,11626,0,0.505751
test,11627,0,0.001094
test,11628,0,0.071480
test,11629,0,0.089120
test,11630,0,0.113328
test,11631,0,0.067289
test,11632,0,0.051138
test,11633,0,0.182239
test,11634,0,0.146452
test,11635,0,0.054137
test,11636,0,0.095213
test,11637,0,0.106973
test,11638,0,0.187374
test,11639,0,0.018154
test,11640,0,0.374651
test,11641,0,0.279907
test,11642,0,0.013299
test,11643,0,0.044504
test,11644,0,0.265068
test,11645,0,0.082683
test,11646,0,0.002136
test,11647,0,0.132898
test,11648,0,0.240331
test,11649,0,0.329427
test,11650,0,0.193299
test,11651,0,0.497743
test,11652,0,0.099455
test,11653,0,0.244086
test,11654,0,0.203468
test,11655,0,0.036412
test,11656,0,0.937404
test,11657,0,0.787730
test,11658,0,0.334626
test,11659,0,0.348223
test,11660,0,0.424600
test,11661,0,0.251141
test,11662,0,0.323349
test,11663,0,0.417679
test,11664,0,0.457858
test,11665,0,0.001591
test,11666,0,0.205782
test,11667,0,0.240745
test,11668,0,0.113927
test,11669,0,0.355528
test,11670,0,0.549780
test,11671,0,0.209575
test,11672,0,0.181358
test,11673,0,0.083018
test,11674,0,0.243829
test,11675,0,0.135918
test,11676,0,0.008412
test,11677,0,0.074388
test,11678,0,0.028507
test,11679,0,0.382001
test,11680,0,0.141928
test,11681,0,0.323432
test,11682,0,0.030028
test,11683,0,0.644955
test,11684,0,0.420828
test,11685,0,0.120416
test,11686,0,0.279374
test,11687,0,0.126272
test,11688,0,0.096552
test,11689,0,0.418557
test,11690,0,0.298518
test,11691,0,0.225886
test,11692,0,0.536332
test,11693,0,0.302080
test,11694,0,0.072831
test,11695,0,0.680806
test,11696,0,0.115286
test,11697,0,0.277783
test,11698,0,0.517250
test,11699,0,0.536856
test,11700,0,0.307916
test,11701,0,0.170512
test,11702,0,0.034579
test,11703,0,0.197424
test,11704,0,0.008056
test,11705,0,0.015424
test,11706,0,0.046595
test,11707,0,0.748951
test,11708,0,0.570262
test,11709,0,0.059849
test,11710,0,0.009961
test,11711,0,0.052599
test,11712,0,0.527340
test,11713,0,0.166491
test,11714,0,0.169601
test,11715,0,0.112342
test,11716,0,0.199373
test,11717,0,0.032626
test,11718,0,0.121097
test,11719,0,0.055025
test,11720,0,0.465520
test,11721,0,0.717219
test,11722,0,0.387149
test,11723,0,0.612461
test,11724,0,0.639494
test,11725,0,0.403714
test,11726,0,0.389952
test,11727,0,0.298288
test,11728,0,0.448181
test,11729,0,0.173338
test,11730,0,0.289042
test,11731,0,0.407660
test,11732,0,0.025749
test,11733,0,0.010860
test,11734,0,0.224561
test,11735,0,0.435065
test,11736,0,0.023138
test,11737,0,0.041693
test,11738,0,0.105857
test,11739,0,0.144553
test,11740,0,0.295020
test,11741,0,0.278824
test,11742,0,0.470966
test,11743,0,0.057237
test,11744,0,0.213396
test,11745,0,0.055022
test,11746,0,0.484536
test,11747,0,0.081055
test,11748,0,0.452838
test,11749,0,0.680480
test,11750,0,0.150416
test,11751,0,0.005436
test,11752,0,0.276692
test,11753,0,0.154441
test,11754,0,0.468582
test,11755,0,0.245525
test,11756,0,0.058313
test,11757,0,0.335466
test,11758,0,0.062288
test,11759,0,0.141961
test,11760,0,0.007698
test,11761,0,0.362203
test,11762,0,0.186868
test,11763,0,0.225588
test,11764,0,0.527972
test,11765,0,0.042704
test,11766,0,0.042704
test,11767,0,0.170206
test,11768,0,0.412033
test,11769,0,0.182487
test,11770,0,0.878317
test,11771,0,0.186382
test,11772,0,0.030408
test,11773,0,0.014418
test,11774,0,0.072084
test,11775,0,0.011660
test,11776,0,0.055048
test,11777,0,0.327126
test,11778,0,0.498352
test,11779,0,0.283459
test,11780,0,0.094269
test,11781,0,0.563691
test,11782,0,0.685092
test,11783,0,0.939102
test,11784,0,0.252978
test,11785,0,0.180277
test,11786,0,0.378779
test,11787,0,0.180759
test,11788,0,0.297692
test,11789,0,0.329969
test,11790,0,0.384024
test,11791,0,0.668492
test,11792,0,0.078614
test,11793,0,0.400278
test,11794,0,0.103072
test,11795,0,0.385920
test,11796,0,0.348858
test,11797,0,0.518499
test,11798,0,0.092904
test,11799,0,0.059300
test,11800,0,0.172084
test,11801,0,0.144964
test,11802,0,0.010359
test,11803,0,0.235512
test,11804,0,0.112814
test,11805,0,0.100207
test,11806,0,0.086263
test,11807,0,0.164172
test,11808,0,0.103019
test,11809,0,0.412512
test,11810,0,0.090816
test,11811,0,0.121679
test,11812,0,0.265974
test,11813,0,0.215001
test,11814,0,0.274036
test,11815,0,0.093711
test,11816,0,0.059210
test,11817,0,0.270426
test,11818,0,0.021051
test,11819,0,0.189674
test,11820,0,0.443021
test,11821,0,0.138620
test,11822,0,0.240056
test,11823,0,0.133381
test,11824,0,0.266834
test,11825,0,0.102598
test,11826,0,0.230867
test,11827,0,0.040497
test,11828,0,0.058687
test,11829,0,0.114088
test,11830,0,0.123762
test,11831,0,0.010724
test,11832,0,0.048133
test,11833,0,0.257720
test,11834,0,0.191649
test,11835,0,0.101135
test,11836,0,0.094632
test,11837,0,0.085588
test,11838,0,0.057695
test,11839,0,0.009480
test,11840,0,0.059316
test,11841,0,0.126945
test,11842,0,0.078409
test,11843,0,0.083607
test,11844,0,0.042896
test,11845,0,0.480797
test,11846,0,0.720750
test,11847,0,0.802852
test,11848,0,0.706828
test,11849,0,0.390518
test,11850,0,0.167910
test,11851,0,0.133338
test,11852,0,0.278401
test,11853,0,0.132599
test,11854,0,0.269890
test,11855,0,0.014482
test,11856,0,0.261286
test,11857,0,0.089531
test,11858,0,0.390341
test,11859,0,0.442670
test,11860,0,0.243766
test,11861,0,0.682529
test,11862,0,0.223870
test,11863,0,0.172761
test,11864,0,0.467995
test,11865,0,0.023409
test,11866,0,0.175537
test,11867,0,0.852433
test,11868,0,0.104765
test,11869,0,0.813827
test,11870,0,0.138562
test,11871,0,0.109824
test,11872,0,0.219205
test,11873,0,0.049518
test,11874,0,0.044957
test,11875,0,0.113790
test,11876,0,0.168519
test,11877,0,0.193122
test,11878,0,0.177935
test,11879,0,0.007935
test,11880,0,0.435419
test,11881,0,0.090967
test,11882,0,0.221799
test,11883,0,0.186253
test,11884,0,0.110647
test,11885,0,0.042618
test,11886,0,0.150361
test,11887,0,0.012575
test,11888,0,0.692987
test,11889,0,0.062465
test,11890,0,0.194379
test,11891,0,0.169661
test,11892,0,0.269408
test,11893,0,0.119916
test,11894,0,0.081006
test,11895,0,0.779420
test,11896,0,0.807168
test,11897,0,0.027349
test,11898,0,0.478349
test,11899,0,0.079829
test,11900,0,0.600527
test,11901,0,0.438437
test,11902,0,0.049435
test,11903,0,0.119869
test,11904,0,0.110029
test,11905,0,0.139937
test,11906,0,0.157135
test,11907,0,0.092853
test,11908,0,0.002516
test,11909,0,0.050206
test,11910,0,0.064815
test,11911,0,0.010060
test,11912,0,0.329479
test,11913,0,0.413554
test,11914,0,0.077566
test,11915,0,0.310421
test,11916,0,0.137903
test,11917,0,0.082165
test,11918,0,0.167154
test,11919,0,0.232366
test,11920,0,0.546806
test,11921,0,0.420774
test,11922,0,0.000856
test,11923,0,0.394572
test,11924,0,0.099181
test,11925,0,0.045273
test,11926,0,0.018703
test,11927,0,0.080403
test,11928,0,0.048123
test,11929,0,0.060487
test,11930,0,0.147618
test,11931,0,0.548590
test,11932,0,0.012087
test,11933,0,0.108737
test,11934,0,0.072936
test,11935,0,0.172569
test,11936,0,0.081913
test,11937,0,0.124462
test,11938,0,0.659117
test,11939,0,0.009535
test,11940,0,0.017492
test,11941,0,0.263495
test,11942,0,0.532016
test,11943,0,0.293550
test,11944,0,0.571357
test,11945,0,0.332004
test,11946,0,0.109150
test,11947,0,0.123080
test,11948,0,0.168159
test,11949,0,0.153121
test,11950,0,0.066944
test,11951,0,0.623695
test,11952,0,0.475951
test,11953,0,0.199410
test,11954,0,0.473696
test,11955,0,0.502897
test,11956,0,0.316994
test,11957,0,0.677329
test,11958,0,0.251449
test,11959,0,0.029642
test,11960,0,0.699654
test,11961,0,0.014443
test,11962,0,0.205861
test,11963,0,0.293204
test,11964,0,0.052139
test,11965,0,0.341134
test,11966,0,0.072033
test,11967,0,0.018647
test,11968,0,0.060390
test,11969,0,0.020153
test,11970,0,0.128314
test,11971,0,0.220720
test,11972,0,0.338793
test,11973,0,0.123905
test,11974,0,0.026963
test,11975,0,0.080014
test,11976,0,0.200310
test,11977,0,0.046462
test,11978,0,0.087573
test,11979,0,0.112268
test,11980,0,0.539834
test,11981,0,0.107491
test,11982,0,0.177745
test,11983,0,0.360568
test,11984,0,0.372541
test,11985,0,0.316542
test,11986,0,0.697129
test,11987,0,0.084895
test,11988,0,0.282676
test,11989,0,0.272720
test,11990,0,0.764238
test,11991,0,0.648324
test,11992,0,0.219033
test,11993,0,0.026168
test,11994,0,0.053161
test,11995,0,0.117760
test,11996,0,0.014953
test,11997,0,0.421341
test,11998,0,0.234783
test,11999,0,0.476293
test,12000,0,0.305526
test,12001,0,0.530561
test,12002,0,0.108273
test,12003,0,0.035427
test,12004,0,0.234066
test,12005,0,0.581777
test,12006,0,0.505191
test,12007,0,0.213815
test,12008,0,0.511461
test,12009,0,0.083016
test,12010,0,0.330514
test,12011,0,0.123183
test,12012,0,0.218773
test,12013,0,0.221350
test,12014,0,0.148116
test,12015,0,0.351243
test,12016,0,0.116251
test,12017,0,0.117226
test,12018,0,0.504024
test,12019,0,0.291014
test,12020,0,0.612367
test,12021,0,0.172681
test,12022,0,0.376984
test,12023,0,0.343921
test,12024,0,0.443097
test,12025,0,0.562855
test,12026,0,0.502561
test,12027,0,0.449501
test,12028,0,0.329856
test,12029,0,0.106066
test,12030,0,0.808259
test,12031,0,0.010576
test,12032,0,0.205822
test,12033,0,0.018755
test,12034,0,0.538563
test,12035,0,0.537222
test,12036,0,0.365020
test,12037,0,0.112981
test,12038,0,0.279131
test,12039,0,0.093501
test,12040,0,0.258541
test,12041,0,0.112423
test,12042,0,0.366788
test,12043,0,0.001947
test,12044,0,0.059394
test,12045,0,0.028778
test,12046,0,0.805651
test,12047,0,0.883842
test,12048,0,0.256675
test,12049,0,0.207279
test,12050,0,0.648636
test,12051,0,0.209524
test,12052,0,0.283670
test,12053,0,0.524941
test,12054,0,0.557830
test,12055,0,0.454146
test,12056,0,0.533370
test,12057,0,0.469076
test,12058,0,0.235333
test,12059,0,0.637532
test,12060,0,0.237968
test,12061,0,0.931600
test,12062,0,0.086374
test,12063,0,0.733103
test,12064,0,0.022828
test,12065,0,0.058256
test,12066,0,0.486549
test,12067,0,0.183536
test,12068,0,0.521041
test,12069,0,0.523202
test,12070,0,0.147037
test,12071,0,0.121131
test,12072,0,0.630871
test,12073,0,0.268606
test,12074,0,0.365745
test,12075,0,0.522853
test,12076,0,0.032265
test,12077,0,0.345745
test,12078,0,0.349406
test,12079,0,0.084501
test,12080,0,0.152529
test,12081,0,0.417987
test,12082,0,0.174810
test,12083,0,0.698453
test,12084,0,0.060832
test,12085,0,0.024844
test,12086,0,0.215402
test,12087,0,0.201991
test,12088,0,0.014601
test,12089,0,0.099823
test,12090,0,0.033249
test,12091,0,0.019099
test,12092,0,0.047347
test,12093,0,0.157981
test,12094,0,0.048884
test,12095,0,0.014355
test,12096,0,0.028105
test,12097,0,0.069775
test,12098,0,0.887136
test,12099,0,0.259184
test,12100,0,0.150614
test,12101,0,0.232743
test,12102,0,0.442085
test,12103,0,0.053374
test,12104,0,0.524496
test,12105,0,0.537940
test,12106,0,0.278343
test,12107,0,0.419604
test,12108,0,0.205164
test,12109,0,0.342042
test,12110,0,0.342571
test,12111,0,0.598358
test,12112,0,0.033106
test,12113,0,0.144615
test,12114,0,0.777488
test,12115,0,0.182591
test,12116,0,0.181478
test,12117,0,0.142857
test,12118,0,0.269047
test,12119,0,0.635066
test,12120,0,0.844594
test,12121,0,0.715433
test,12122,0,0.186297
test,12123,0,0.039895
test,12124,0,0.032153
test,12125,0,0.156775
test,12126,0,0.193599
test,12127,0,0.449993
test,12128,0,0.592040
test,12129,0,0.006526
test,12130,0,0.056075
test,12131,0,0.102075
test,12132,0,0.048226
test,12133,0,0.044102
test,12134,0,0.012365
test,12135,0,0.270524
test,12136,0,0.018303
test,12137,0,0.029987
test,12138,0,0.026092
test,12139,0,0.097413
test,12140,0,0.086850
test,12141,0,0.740758
test,12142,0,0.700951
test,12143,0,0.257666
test,12144,0,0.093189
test,12145,0,0.703593
test,12146,0,0.827014
test,12147,0,0.825978
test,12148,0,0.060114
test,12149,0,0.040723
test,12150,0,0.161167
test,12151,0,0.191589
test,12152,0,0.458678
test,12153,0,0.570302
test,12154,0,0.149518
test,12155,0,0.061139
test,12156,0,0.122651
test,12157,0,0.102486
test,12158,0,0.179279
test,12159,0,0.006768
test,12160,0,0.022054
test,12161,0,0.051739
test,12162,0,0.087358
test,12163,0,0.017290
test,12164,0,0.039882
test,12165,0,0.000331
test,12166,0,0.075219
test,12167,0,0.125793
test,12168,0,0.856800
test,12169,0,0.197311
test,12170,0,0.744030
test,12171,0,0.385533
test,12172,0,0.399488
test,12173,0,0.046027
test,12174,0,0.154311
test,12175,0,0.438461
test,12176,0,0.135871
test,12177,0,0.069817
test,12178,0,0.110129
test,12179,0,0.077237
test,12180,0,0.115098
test,12181,0,0.296681
test,12182,0,0.343382
test,12183,0,0.120243
test,12184,0,0.015128
test,12185,0,0.055477
test,12186,0,0.128974
test,12187,0,0.077057
test,12188,0,0.423715
test,12189,0,0.593344
test,12190,0,0.312017
test,12191,0,0.868286
test,12192,0,0.047521
test,12193,0,0.668819
test,12194,0,0.948935
test,12195,0,0.118337
test,12196,0,0.506755
test,12197,0,0.631833
test,12198,0,0.133383
test,12199,0,0.011523
test,12200,0,0.148050
test,12201,0,0.236935
test,12202,0,0.285564
test,12203,0,0.347274
test,12204,0,0.492668
test,12205,0,0.034787
test,12206,0,0.200897
test,12207,0,0.407643
test,12208,0,0.236079
test,12209,0,0.115690
test,12210,0,0.535649
test,12211,0,0.033734
test,12212,0,0.066233
test,12213,0,0.112559
test,12214,0,0.022501
test,12215,0,0.285299
test,12216,0,0.077942
test,12217,0,0.060601
test,12218,0,0.258403
test,12219,0,0.224780
test,12220,0,0.392477
test,12221,0,0.890455
test,12222,0,0.004325
test,12223,0,0.601647
test,12224,0,0.089936
test,12225,0,0.154907
test,12226,0,0.080297
test,12227,0,0.065834
test,12228,0,0.352013
test,12229,0,0.384884
test,12230,0,0.583417
test,12231,0,0.172635
test,12232,0,0.053924
test,12233,0,0.072904
test,12234,0,0.258931
test,12235,0,0.501641
test,12236,0,0.313148
test,12237,0,0.145400
test,12238,0,0.409433
test,12239,0,0.200021
test,12240,0,0.166180
test,12241,0,0.420974
test,12242,0,0.320664
test,12243,0,0.038357
test,12244,0,0.014387
test,12245,0,0.067528
test,12246,0,0.020029
test,12247,0,0.028246
test,12248,0,0.041526
test,12249,0,0.206453
test,12250,0,0.081376
test,12251,0,0.402928
test,12252,0,0.180297
test,12253,0,0.081233
test,12254,0,0.042963
test,12255,0,0.100317
test,12256,0,0.079131
test,12257,0,0.350223
test,12258,0,0.671304
test,12259,0,0.137353
test,12260,0,0.857018
test,12261,0,0.076900
test,12262,0,0.504554
test,12263,0,0.576395
test,12264,0,0.183455
test,12265,0,0.003778
test,12266,0,0.229203
test,12267,0,0.145257
test,12268,0,0.456480
test,12269,0,0.033876
test,12270,0,0.272406
test,12271,0,0.026886
test,12272,0,0.104609
test,12273,0,0.347592
test,12274,0,0.115133
test,12275,0,0.408204
test,12276,0,0.296149
test,12277,0,0.327007
test,12278,0,0.062098
test,12279,0,0.014068
test,12280,0,0.059610
test,12281,0,0.181818
test,12282,0,0.423376
test,12283,0,0.004475
test,12284,0,0.150733
test,12285,0,0.301169
test,12286,0,0.515154
test,12287,0,0.557233
test,12288,0,0.395979
test,12289,0,0.321682
test,12290,0,0.123731
test,12291,0,0.139355
test,12292,0,0.102714
test,12293,0,0.242067
test,12294,0,0.470104
test,12295,0,0.587071
test,12296,0,0.240649
test,12297,0,0.118024
test,12298,0,0.851980
test,12299,0,0.666117
test,12300,0,0.117918
test,12301,0,0.094577
test,12302,0,0.187302
test,12303,0,0.008417
test,12304,0,0.163815
test,12305,0,0.022494
test,12306,0,0.041090
test,12307,0,0.051160
test,12308,0,0.279084
test,12309,0,0.033406
test,12310,0,0.319859
test,12311,0,0.171330
test,12312,0,0.445927
test,12313,0,0.473537
test,12314,0,0.690128
test,12315,0,0.097341
test,12316,0,0.017458
test,12317,0,0.097216
test,12318,0,0.072614
test,12319,0,0.130119
test,12320,0,0.216147
test,12321,0,0.439288
test,12322,0,0.369827
test,12323,0,0.027387
test,12324,0,0.090788
test,12325,0,0.116695
test,12326,0,0.508024
test,12327,0,0.470613
test,12328,0,0.099421
test,12329,0,0.043487
test,12330,0,0.119360
test,12331,0,0.017714
test,12332,0,0.011020
test,12333,0,0.009952
test,12334,0,0.099997
test,12335,0,0.120446
test,12336,0,0.062624
test,12337,0,0.038346
test,12338,0,0.062908
test,12339,0,0.101499
test,12340,0,0.497629
test,12341,0,0.040268
test,12342,0,0.872252
test,12343,0,0.010070
test,12344,0,0.501787
test,12345,0,0.478313
test,12346,0,0.112784
test,12347,0,0.037428
test,12348,0,0.403882
test,12349,0,0.800842
test,12350,0,0.248684
test,12351,0,0.646778
test,12352,0,0.036806
test,12353,0,0.295244
test,12354,0,0.295259
test,12355,0,0.462642
test,12356,0,0.428082
test,12357,0,0.428082
test,12358,0,0.497405
test,12359,0,0.524085
test,12360,0,0.031626
test,12361,0,0.087398
test,12362,0,0.290813
test,12363,0,0.831075
test,12364,0,0.556876
test,12365,0,0.215173
test,12366,0,0.349321
test,12367,0,0.028569
test,12368,0,0.020626
test,12369,0,0.716552
test,12370,0,0.018286
test,12371,0,0.413949
test,12372,0,0.243621
test,12373,0,0.131660
test,12374,0,0.063470
test,12375,0,0.537126
test,12376,0,0.811226
test,12377,0,0.088656
test,12378,0,0.475849
test,12379,0,0.192281
test,12380,0,0.162103
test,12381,0,0.249517
test,12382,0,0.116001
test,12383,0,0.251765
test,12384,0,0.006254
test,12385,0,0.561842
test,12386,0,0.051481
test,12387,0,0.084791
test,12388,0,0.035227
test,12389,0,0.302464
test,12390,0,0.086463
test,12391,0,0.153955
test,12392,0,0.214983
test,12393,0,0.764271
test,12394,0,0.012116
test,12395,0,0.143503
test,12396,0,0.061421
test,12397,0,0.436468
test,12398,0,0.045975
test,12399,0,0.169886
test,12400,0,0.404440
test,12401,0,0.029791
test,12402,0,0.245448
test,12403,0,0.273131
test,12404,0,0.342013
test,12405,0,0.002248
test,12406,0,0.023874
test,12407,0,0.343858
test,12408,0,0.036107
test,12409,0,0.086373
test,12410,0,0.125520
test,12411,0,0.102198
test,12412,0,0.159075
test,12413,0,0.089293
test,12414,0,0.637936
test,12415,0,0.218377
test,12416,0,0.355930
test,12417,0,0.032293
test,12418,0,0.400822
test,12419,0,0.042605
test,12420,0,0.401471
test,12421,0,0.118856
test,12422,0,0.612404
test,12423,0,0.496185
test,12424,0,0.153306
test,12425,0,0.490029
test,12426,0,0.451890
test,12427,0,0.323376
test,12428,0,0.229070
test,12429,0,0.783202
test,12430,0,0.422294
test,12431,0,0.172885
test,12432,0,0.140027
test,12433,0,0.090996
test,12434,0,0.095171
test,12435,0,0.125208
test,12436,0,0.175129
test,12437,0,0.366236
test,12438,0,0.104635
test,12439,0,0.382107
test,12440,0,0.483378
test,12441,0,0.503530
test,12442,0,0.128955
test,12443,0,0.019898
test,12444,0,0.343303
test,12445,0,0.209485
test,12446,0,0.101000
test,12447,0,0.160035
test,12448,0,0.380574
test,12449,0,0.113299
test,12450,0,0.075687
test,12451,0,0.009822
test,12452,0,0.075978
test,12453,0,0.018538
test,12454,0,0.105503
test,12455,0,0.446144
test,12456,0,0.042638
test,12457,0,0.033977
test,12458,0,0.169955
test,12459,0,0.022172
test,12460,0,0.129293
test,12461,0,0.265460
test,12462,0,0.514253
test,12463,0,0.310264
test,12464,0,0.271593
test,12465,0,0.540626
test,12466,0,0.075015
test,12467,0,0.011355
test,12468,0,0.128118
test,12469,0,0.013961
test,12470,0,0.003183
test,12471,0,0.148773
test,12472,0,0.041553
test,12473,0,0.109022
test,12474,0,0.049169
test,12475,0,0.239198
test,12476,0,0.021132
test,12477,0,0.015388
test,12478,0,0.073625
test,12479,0,0.025810
test,12480,0,0.269846
test,12481,0,0.148083
test,12482,0,0.061412
test,12483,0,0.064735
test,12484,0,0.200098
test,12485,0,0.293282
test,12486,0,0.056810
test,12487,0,0.109641
test,12488,0,0.264731
test,12489,0,0.122278
test,12490,0,0.143031
test,12491,0,0.276107
test,12492,0,0.068217
test,12493,0,0.121686
test,12494,0,0.183756
test,12495,0,0.080287
test,12496,0,0.298557
test,12497,0,0.199193
test,12498,0,0.325864
test,12499,0,0.127425
test,12500,1,0.914061
test,12501,1,0.839520
test,12502,1,0.542642
test,12503,1,0.485150
test,12504,1,0.516744
test,12505,1,0.532181
test,12506,1,0.588847
test,12507,1,0.784465
test,12508,1,0.748008
test,12509,1,0.893826
test,12510,1,0.950274
test,12511,1,0.383251
test,12512,1,0.501157
test,12513,1,0.797732
test,12514,1,0.647605
test,12515,1,0.808155
test,12516,1,0.842624
test,12517,1,0.717239
test,12518,1,0.017114
test,12519,1,0.781618
test,12520,1,0.836091
test,12521,1,0.821535
test,12522,1,0.764660
test,12523,1,0.983780
test,12524,1,0.940086
test,12525,1,0.173462
test,12526,1,0.299650
test,12527,1,0.837553
test,12528,1,0.967382
test,12529,1,0.766072
test,12530,1,0.784966
test,12531,1,0.958763
test,12532,1,0.844073
test,12533,1,0.754221
test,12534,1,0.928306
test,12535,1,0.799936
test,12536,1,0.894965
test,12537,1,0.676364
test,12538,1,0.819074
test,12539,1,0.788077
test,12540,1,0.665654
test,12541,1,0.200190
test,12542,1,0.484738
test,12543,1,0.892310
test,12544,1,0.977430
test,12545,1,0.823793
test,12546,1,0.814997
test,12547,1,0.598651
test,12548,1,0.922742
test,12549,1,0.750432
test,12550,1,0.947423
test,12551,1,0.891730
test,12552,1,0.807791
test,12553,1,0.963114
test,12554,1,0.934579
test,12555,1,0.792485
test,12556,1,0.987612
test,12557,1,0.953382
test,12558,1,0.779692
test,12559,1,0.995915
test,12560,1,0.892181
test,12561,1,0.809273
test,12562,1,0.439960
test,12563,1,0.906691
test,12564,1,0.676089
test,12565,1,0.773106
test,12566,1,0.951004
test,12567,1,0.867835
test,12568,1,0.959890
test,12569,1,0.994190
test,12570,1,0.967925
test,12571,1,0.988105
test,12572,1,0.786349
test,12573,1,0.741672
test,12574,1,0.531706
test,12575,1,0.869298
test,12576,1,0.990590
test,12577,1,0.968304
test,12578,1,0.986581
test,12579,1,0.878795
test,12580,1,0.933399
test,12581,1,0.913078
test,12582,1,0.969410
test,12583,1,0.821622
test,12584,1,0.958109
test,12585,1,0.957898
test,12586,1,0.997428
test,12587,1,0.897613
test,12588,1,0.916857
test,12589,1,0.994302
test,12590,1,0.909611
test,12591,1,0.975178
test,12592,1,0.965592
test,12593,1,0.868361
test,12594,1,0.653768
test,12595,1,0.951218
test,12596,1,0.574935
test,12597,1,0.881202
test,12598,1,0.986770
test,12599,1,0.748783
test,12600,1,0.896570
test,12601,1,0.965946
test,12602,1,0.944260
test,12603,1,0.814983
test,12604,1,0.949627
test,12605,1,0.485543
test,12606,1,0.816299
test,12607,1,0.884168
test,12608,1,0.983478
test,12609,1,0.921707
test,12610,1,0.999993
test,12611,1,0.682776
test,12612,1,0.685390
test,12613,1,0.968967
test,12614,1,0.859172
test,12615,1,0.888298
test,12616,1,0.602383
test,12617,1,0.750771
test,12618,1,0.822140
test,12619,1,0.151046
test,12620,1,0.927316
test,12621,1,0.674580
test,12622,1,0.729985
test,12623,1,0.956188
test,12624,1,0.652181
test,12625,1,0.537108
test,12626,1,0.903156
test,12627,1,0.843388
test,12628,1,0.974947
test,12629,1,0.417302
test,12630,1,0.669943
test,12631,1,0.888139
test,12632,1,0.751799
test,12633,1,0.857388
test,12634,1,0.751965
test,12635,1,0.965092
test,12636,1,0.780138
test,12637,1,0.885496
test,12638,1,0.864390
test,12639,1,0.957059
test,12640,1,0.852614
test,12641,1,0.914007
test,12642,1,0.893113
test,12643,1,0.806309
test,12644,1,0.948633
test,12645,1,0.824687
test,12646,1,0.967962
test,12647,1,0.833772
test,12648,1,0.946449
test,12649,1,0.954093
test,12650,1,0.965858
test,12651,1,0.892638
test,12652,1,0.815804
test,12653,1,0.681563
test,12654,1,0.245853
test,12655,1,0.397070
test,12656,1,0.859897
test,12657,1,0.522217
test,12658,1,0.789631
test,12659,1,0.575222
test,12660,1,0.911330
test,12661,1,0.577823
test,12662,1,0.774367
test,12663,1,0.768050
test,12664,1,0.624561
test,12665,1,0.817150
test,12666,1,0.903491
test,12667,1,0.819579
test,12668,1,0.753130
test,12669,1,0.795207
test,12670,1,0.752100
test,12671,1,0.372265
test,12672,1,0.775843
test,12673,1,0.346566
test,12674,1,0.808091
test,12675,1,0.357434
test,12676,1,0.938020
test,12677,1,0.954368
test,12678,1,0.954423
test,12679,1,0.533823
test,12680,1,0.923186
test,12681,1,0.942758
test,12682,1,0.909351
test,12683,1,0.907624
test,12684,1,0.649818
test,12685,1,0.889362
test,12686,1,0.922783
test,12687,1,0.902800
test,12688,1,0.821290
test,12689,1,0.778848
test,12690,1,0.786498
test,12691,1,0.891950
test,12692,1,0.934704
test,12693,1,0.871496
test,12694,1,0.954244
test,12695,1,0.965208
test,12696,1,0.975335
test,12697,1,0.881219
test,12698,1,0.876086
test,12699,1,0.818929
test,12700,1,0.984882
test,12701,1,0.623769
test,12702,1,0.971607
test,12703,1,0.989318
test,12704,1,0.955742
test,12705,1,0.934601
test,12706,1,0.819575
test,12707,1,0.816499
test,12708,1,0.661150
test,12709,1,0.598046
test,12710,1,0.453963
test,12711,1,0.758622
test,12712,1,0.924395
test,12713,1,0.614126
test,12714,1,0.596816
test,12715,1,0.586828
test,12716,1,0.911319
test,12717,1,0.249676
test,12718,1,0.825278
test,12719,1,0.557195
test,12720,1,0.378584
test,12721,1,0.506231
test,12722,1,0.310431
test,12723,1,0.623520
test,12724,1,0.987239
test,12725,1,0.891208
test,12726,1,0.898045
test,12727,1,0.869788
test,12728,1,0.668580
test,12729,1,0.936044
test,12730,1,0.827786
test,12731,1,0.529171
test,12732,1,0.862749
test,12733,1,0.745775
test,12734,1,0.893318
test,12735,1,0.440769
test,12736,1,0.853847
test,12737,1,0.778111
test,12738,1,0.365016
test,12739,1,0.919699
test,12740,1,0.536383
test,12741,1,0.797124
test,12742,1,0.854465
test,12743,1,0.350165
test,12744,1,0.598400
test,12745,1,0.723241
test,12746,1,0.896050
test,12747,1,0.815163
test,12748,1,0.811940
test,12749,1,0.839618
test,12750,1,0.824986
test,12751,1,0.963217
test,12752,1,0.856088
test,12753,1,0.845250
test,12754,1,0.884796
test,12755,1,0.967945
test,12756,1,0.708012
test,12757,1,0.504657
test,12758,1,0.910218
test,12759,1,0.493848
test,12760,1,0.915062
test,12761,1,0.692079
test,12762,1,0.883821
test,12763,1,0.574461
test,12764,1,0.662434
test,12765,1,0.933994
test,12766,1,0.899188
test,12767,1,0.947712
test,12768,1,0.933007
test,12769,1,0.918295
test,12770,1,0.822506
test,12771,1,0.995651
test,12772,1,0.655187
test,12773,1,0.978553
test,12774,1,0.987064
test,12775,1,0.772494
test,12776,1,0.767403
test,12777,1,0.330474
test,12778,1,0.330474
test,12779,1,0.947499
test,12780,1,0.870656
test,12781,1,0.723841
test,12782,1,0.580564
test,12783,1,0.854150
test,12784,1,0.940900
test,12785,1,0.900859
test,12786,1,0.952240
test,12787,1,0.954439
test,12788,1,0.978166
test,12789,1,0.775543
test,12790,1,0.952703
test,12791,1,0.371594
test,12792,1,0.554617
test,12793,1,0.105389
test,12794,1,0.643104
test,12795,1,0.896554
test,12796,1,0.952828
test,12797,1,0.359314
test,12798,1,0.863156
test,12799,1,0.688226
test,12800,1,0.578490
test,12801,1,0.566424
test,12802,1,0.914317
test,12803,1,0.985266
test,12804,1,0.891956
test,12805,1,0.581524
test,12806,1,0.804245
test,12807,1,0.992486
test,12808,1,0.806176
test,12809,1,0.848540
test,12810,1,0.916690
test,12811,1,0.867633
test,12812,1,0.962464
test,12813,1,0.829313
test,12814,1,0.969599
test,12815,1,0.844712
test,12816,1,0.873096
test,12817,1,0.478425
test,12818,1,0.973294
test,12819,1,0.708216
test,12820,1,0.617531
test,12821,1,0.637974
test,12822,1,0.666923
test,12823,1,0.783228
test,12824,1,0.801265
test,12825,1,0.898646
test,12826,1,0.622212
test,12827,1,0.872042
test,12828,1,0.961269
test,12829,1,0.462903
test,12830,1,0.756108
test,12831,1,0.735210
test,12832,1,0.556952
test,12833,1,0.647682
test,12834,1,0.734498
test,12835,1,0.671600
test,12836,1,0.965971
test,12837,1,0.587305
test,12838,1,0.879180
test,12839,1,0.710940
test,12840,1,0.849733
test,12841,1,0.501211
test,12842,1,0.865945
test,12843,1,0.630686
test,12844,1,0.597774
test,12845,1,0.511023
test,12846,1,0.175236
test,12847,1,0.930112
test,12848,1,0.801385
test,12849,1,0.949449
test,12850,1,0.628244
test,12851,1,0.126606
test,12852,1,0.470228
test,12853,1,0.504078
test,12854,1,0.931249
test,12855,1,0.816072
test,12856,1,0.643548
test,12857,1,0.774504
test,12858,1,0.949755
test,12859,1,0.733788
test,12860,1,0.500503
test,12861,1,0.800330
test,12862,1,0.902079
test,12863,1,0.946156
test,12864,1,0.470779
test,12865,1,0.829189
test,12866,1,0.638012
test,12867,1,0.610827
test,12868,1,0.671179
test,12869,1,0.976352
test,12870,1,0.985496
test,12871,1,0.699529
test,12872,1,0.889266
test,12873,1,0.790061
test,12874,1,0.622743
test,12875,1,0.964323
test,12876,1,0.947606
test,12877,1,0.788969
test,12878,1,0.919144
test,12879,1,0.940103
test,12880,1,0.904953
test,12881,1,0.467215
test,12882,1,0.843303
test,12883,1,0.827792
test,12884,1,0.721551
test,12885,1,0.777603
test,12886,1,0.546413
test,12887,1,0.546437
test,12888,1,0.613685
test,12889,1,0.803315
test,12890,1,0.799978
test,12891,1,0.730273
test,12892,1,0.951412
test,12893,1,0.957355
test,12894,1,0.751697
test,12895,1,0.520306
test,12896,1,0.435715
test,12897,1,0.917185
test,12898,1,0.532785
test,12899,1,0.996802
test,12900,1,0.618991
test,12901,1,0.678763
test,12902,1,0.503304
test,12903,1,0.726874
test,12904,1,0.854351
test,12905,1,0.437072
test,12906,1,0.985969
test,12907,1,0.889654
test,12908,1,0.605672
test,12909,1,0.665949
test,12910,1,0.561503
test,12911,1,0.636376
test,12912,1,0.533629
test,12913,1,0.541424
test,12914,1,0.756822
test,12915,1,0.705880
test,12916,1,0.898404
test,12917,1,0.528117
test,12918,1,0.814173
test,12919,1,0.456249
test,12920,1,0.954451
test,12921,1,0.947966
test,12922,1,0.703029
test,12923,1,0.648448
test,12924,1,0.853592
test,12925,1,0.971299
test,12926,1,0.632066
test,12927,1,0.966197
test,12928,1,0.292971
test,12929,1,0.954067
test,12930,1,0.820909
test,12931,1,0.975093
test,12932,1,0.819519
test,12933,1,0.847086
test,12934,1,0.945445
test,12935,1,0.860001
test,12936,1,0.460965
test,12937,1,0.418445
test,12938,1,0.906887
test,12939,1,0.898656
test,12940,1,0.926382
test,12941,1,0.945500
test,12942,1,0.600041
test,12943,1,0.962273
test,12944,1,0.687658
test,12945,1,0.771553
test,12946,1,0.783439
test,12947,1,0.917927
test,12948,1,0.950182
test,12949,1,0.171483
test,12950,1,0.982483
test,12951,1,0.967587
test,12952,1,0.991144
test,12953,1,0.874228
test,12954,1,0.976137
test,12955,1,0.883802
test,12956,1,0.997895
test,12957,1,0.985021
test,12958,1,0.773204
test,12959,1,0.946622
test,12960,1,0.887680
test,12961,1,0.846131
test,12962,1,0.829500
test,12963,1,0.868973
test,12964,1,0.329508
test,12965,1,0.839027
test,12966,1,0.504112
test,12967,1,0.625193
test,12968,1,0.841107
test,12969,1,0.338482
test,12970,1,0.574294
test,12971,1,0.905113
test,12972,1,0.714865
test,12973,1,0.811691
test,12974,1,0.989615
test,12975,1,0.898667
test,12976,1,0.968466
test,12977,1,0.614581
test,12978,1,0.815804
test,12979,1,0.311357
test,12980,1,0.903179
test,12981,1,0.171814
test,12982,1,0.822048
test,12983,1,0.754052
test,12984,1,0.263079
test,12985,1,0.958061
test,12986,1,0.983889
test,12987,1,0.927883
test,12988,1,0.641519
test,12989,1,0.394676
test,12990,1,0.439112
test,12991,1,0.882775
test,12992,1,0.463651
test,12993,1,0.826442
test,12994,1,0.922103
test,12995,1,0.920102
test,12996,1,0.954755
test,12997,1,0.848211
test,12998,1,0.646947
test,12999,1,0.812546
test,13000,1,0.772200
test,13001,1,0.878001
test,13002,1,0.977135
test,13003,1,0.967673
test,13004,1,0.739800
test,13005,1,0.969965
test,13006,1,0.798543
test,13007,1,0.801905
test,13008,1,0.903061
test,13009,1,0.839726
test,13010,1,0.560245
test,13011,1,0.636944
test,13012,1,0.631318
test,13013,1,0.461140
test,13014,1,0.588781
test,13015,1,0.724391
test,13016,1,0.770988
test,13017,1,0.766428
test,13018,1,0.710623
test,13019,1,0.643876
test,13020,1,0.953098
test,13021,1,0.598656
test,13022,1,0.064782
test,13023,1,0.341056
test,13024,1,0.166043
test,13025,1,0.950256
test,13026,1,0.793336
test,13027,1,0.738903
test,13028,1,0.969965
test,13029,1,0.879178
test,13030,1,0.811935
test,13031,1,0.850362
test,13032,1,0.446038
test,13033,1,0.894398
test,13034,1,0.746394
test,13035,1,0.813300
test,13036,1,0.836043
test,13037,1,0.985205
test,13038,1,0.921201
test,13039,1,0.893416
test,13040,1,0.669084
test,13041,1,0.532772
test,13042,1,0.546482
test,13043,1,0.902608
test,13044,1,0.878511
test,13045,1,0.808769
test,13046,1,0.818705
test,13047,1,0.986960
test,13048,1,0.841818
test,13049,1,0.894852
test,13050,1,0.702846
test,13051,1,0.849019
test,13052,1,0.897342
test,13053,1,0.810088
test,13054,1,0.922117
test,13055,1,0.751873
test,13056,1,0.932369
test,13057,1,0.721146
test,13058,1,0.561944
test,13059,1,0.993729
test,13060,1,0.720160
test,13061,1,0.768701
test,13062,1,0.836502
test,13063,1,0.792316
test,13064,1,0.717192
test,13065,1,0.736585
test,13066,1,0.820127
test,13067,1,0.956675
test,13068,1,0.947477
test,13069,1,0.784877
test,13070,1,0.927051
test,13071,1,0.666638
test,13072,1,0.954003
test,13073,1,0.685911
test,13074,1,0.690622
test,13075,1,0.885024
test,13076,1,0.176220
test,13077,1,0.334445
test,13078,1,0.458030
test,13079,1,0.631875
test,13080,1,0.870696
test,13081,1,0.544948
test,13082,1,0.605221
test,13083,1,0.496129
test,13084,1,0.291040
test,13085,1,0.790563
test,13086,1,0.361341
test,13087,1,0.272907
test,13088,1,0.316054
test,13089,1,0.253999
test,13090,1,0.940574
test,13091,1,0.878463
test,13092,1,0.892544
test,13093,1,0.643623
test,13094,1,0.735430
test,13095,1,0.731618
test,13096,1,0.803032
test,13097,1,0.982531
test,13098,1,0.860299
test,13099,1,0.521871
test,13100,1,0.811411
test,13101,1,0.688209
test,13102,1,0.790558
test,13103,1,0.895277
test,13104,1,0.199477
test,13105,1,0.950531
test,13106,1,0.585058
test,13107,1,0.741201
test,13108,1,0.662019
test,13109,1,0.767411
test,13110,1,0.695999
test,13111,1,0.462919
test,13112,1,0.547611
test,13113,1,0.875973
test,13114,1,0.975759
test,13115,1,0.478036
test,13116,1,0.990978
test,13117,1,0.910816
test,13118,1,0.811386
test,13119,1,0.209218
test,13120,1,0.948907
test,13121,1,0.807411
test,13122,1,0.927289
test,13123,1,0.984291
test,13124,1,0.838944
test,13125,1,0.660257
test,13126,1,0.953377
test,13127,1,0.618970
test,13128,1,0.698748
test,13129,1,0.484817
test,13130,1,0.444473
test,13131,1,0.839732
test,13132,1,0.142812
test,13133,1,0.828010
test,13134,1,0.777160
test,13135,1,0.567837
test,13136,1,0.390524
test,13137,1,0.936055
test,13138,1,0.986567
test,13139,1,0.755043
test,13140,1,0.870324
test,13141,1,0.981549
test,13142,1,0.830013
test,13143,1,0.864139
test,13144,1,0.922694
test,13145,1,0.569455
test,13146,1,0.909879
test,13147,1,0.658450
test,13148,1,0.842786
test,13149,1,0.947771
test,13150,1,0.418905
test,13151,1,0.532917
test,13152,1,0.341655
test,13153,1,0.383682
test,13154,1,0.307024
test,13155,1,0.904049
test,13156,1,0.607302
test,13157,1,0.537664
test,13158,1,0.779823
test,13159,1,0.922189
test,13160,1,0.609356
test,13161,1,0.112070
test,13162,1,0.810890
test,13163,1,0.309073
test,13164,1,0.639861
test,13165,1,0.330657
test,13166,1,0.465302
test,13167,1,0.557334
test,13168,1,0.828348
test,13169,1,0.238802
test,13170,1,0.356041
test,13171,1,0.271866
test,13172,1,0.431697
test,13173,1,0.369090
test,13174,1,0.314773
test,13175,1,0.829409
test,13176,1,0.514964
test,13177,1,0.916819
test,13178,1,0.512994
test,13179,1,0.653538
test,13180,1,0.774348
test,13181,1,0.395400
test,13182,1,0.731017
test,13183,1,0.661182
test,13184,1,0.933180
test,13185,1,0.469068
test,13186,1,0.744501
test,13187,1,0.742231
test,13188,1,0.420538
test,13189,1,0.988262
test,13190,1,0.684270
test,13191,1,0.887785
test,13192,1,0.688124
test,13193,1,0.944093
test,13194,1,0.746376
test,13195,1,0.736941
test,13196,1,0.390769
test,13197,1,0.781932
test,13198,1,0.934987
test,13199,1,0.813119
test,13200,1,0.910980
test,13201,1,0.920962
test,13202,1,0.999138
test,13203,1,0.794608
test,13204,1,0.716188
test,13205,1,0.735515
test,13206,1,0.832092
test,13207,1,0.674297
test,13208,1,0.918402
test,13209,1,0.494931
test,13210,1,0.975546
test,13211,1,0.912662
test,13212,1,0.134389
test,13213,1,0.450112
test,13214,1,0.922982
test,13215,1,0.456576
test,13216,1,0.543114
test,13217,1,0.328060
test,13218,1,0.898178
test,13219,1,0.159358
test,13220,1,0.574461
test,13221,1,0.413941
test,13222,1,0.342137
test,13223,1,0.718885
test,13224,1,0.477752
test,13225,1,0.693676
test,13226,1,0.993192
test,13227,1,0.763566
test,13228,1,0.865840
test,13229,1,0.782534
test,13230,1,0.776743
test,13231,1,0.934731
test,13232,1,0.663801
test,13233,1,0.862771
test,13234,1,0.431300
test,13235,1,0.942919
test,13236,1,0.802389
test,13237,1,0.784836
test,13238,1,0.463661
test,13239,1,0.669175
test,13240,1,0.196202
test,13241,1,0.557682
test,13242,1,0.228622
test,13243,1,0.612698
test,13244,1,0.564162
test,13245,1,0.301997
test,13246,1,0.180144
test,13247,1,0.787898
test,13248,1,0.909963
test,13249,1,0.457523
test,13250,1,0.956600
test,13251,1,0.843971
test,13252,1,0.906867
test,13253,1,0.870473
test,13254,1,0.885269
test,13255,1,0.948277
test,13256,1,0.948423
test,13257,1,0.906562
test,13258,1,0.760292
test,13259,1,0.838017
test,13260,1,0.109461
test,13261,1,0.956493
test,13262,1,0.989468
test,13263,1,0.400563
test,13264,1,0.658690
test,13265,1,0.771311
test,13266,1,0.374951
test,13267,1,0.879955
test,13268,1,0.764328
test,13269,1,0.357633
test,13270,1,0.907240
test,13271,1,0.675710
test,13272,1,0.663449
test,13273,1,0.633494
test,13274,1,0.729890
test,13275,1,0.730494
test,13276,1,0.897259
test,13277,1,0.854885
test,13278,1,0.908895
test,13279,1,0.911419
test,13280,1,0.964598
test,13281,1,0.754613
test,13282,1,0.932087
test,13283,1,0.765408
test,13284,1,0.928298
test,13285,1,0.881252
test,13286,1,0.140250
test,13287,1,0.669938
test,13288,1,0.892904
test,13289,1,0.784731
test,13290,1,0.702356
test,13291,1,0.542497
test,13292,1,0.856026
test,13293,1,0.723592
test,13294,1,0.960459
test,13295,1,0.355028
test,13296,1,0.982138
test,13297,1,0.744482
test,13298,1,0.696205
test,13299,1,0.750812
test,13300,1,0.867628
test,13301,1,0.944110
test,13302,1,0.788150
test,13303,1,0.853359
test,13304,1,0.524338
test,13305,1,0.556232
test,13306,1,0.893528
test,13307,1,0.597092
test,13308,1,0.892805
test,13309,1,0.366154
test,13310,1,0.711140
test,13311,1,0.944773
test,13312,1,0.354841
test,13313,1,0.851787
test,13314,1,0.755302
test,13315,1,0.814808
test,13316,1,0.496108
test,13317,1,0.278626
test,13318,1,0.484245
test,13319,1,0.538703
test,13320,1,0.803108
test,13321,1,0.967901
test,13322,1,0.805865
test,13323,1,0.651328
test,13324,1,0.724726
test,13325,1,0.773828
test,13326,1,0.365581
test,13327,1,0.782668
test,13328,1,0.550400
test,13329,1,0.825796
test,13330,1,0.545366
test,13331,1,0.543931
test,13332,1,0.673085
test,13333,1,0.831860
test,13334,1,0.782440
test,13335,1,0.733203
test,13336,1,0.518945
test,13337,1,0.698188
test,13338,1,0.864841
test,13339,1,0.840335
test,13340,1,0.849614
test,13341,1,0.583168
test,13342,1,0.897140
test,13343,1,0.310414
test,13344,1,0.356244
test,13345,1,0.638836
test,13346,1,0.635447
test,13347,1,0.845602
test,13348,1,0.740554
test,13349,1,0.472751
test,13350,1,0.637267
test,13351,1,0.695367
test,13352,1,0.782365
test,13353,1,0.935913
test,13354,1,0.960444
test,13355,1,0.954127
test,13356,1,0.870316
test,13357,1,0.676440
test,13358,1,0.874580
test,13359,1,0.744532
test,13360,1,0.692060
test,13361,1,0.692060
test,13362,1,0.971696
test,13363,1,0.456452
test,13364,1,0.810362
test,13365,1,0.843023
test,13366,1,0.386847
test,13367,1,0.640521
test,13368,1,0.499386
test,13369,1,0.911498
test,13370,1,0.821619
test,13371,1,0.618798
test,13372,1,0.695061
test,13373,1,0.569172
test,13374,1,0.386205
test,13375,1,0.702589
test,13376,1,0.795602
test,13377,1,0.971267
test,13378,1,0.727990
test,13379,1,0.937066
test,13380,1,0.901371
test,13381,1,0.941474
test,13382,1,0.950175
test,13383,1,0.754997
test,13384,1,0.983704
test,13385,1,0.895041
test,13386,1,0.624954
test,13387,1,0.879275
test,13388,1,0.919604
test,13389,1,0.982183
test,13390,1,0.967877
test,13391,1,0.933433
test,13392,1,0.823780
test,13393,1,0.830740
test,13394,1,0.912579
test,13395,1,0.990458
test,13396,1,0.815076
test,13397,1,0.879287
test,13398,1,0.398798
test,13399,1,0.393300
test,13400,1,0.732791
test,13401,1,0.947128
test,13402,1,0.422021
test,13403,1,0.210694
test,13404,1,0.717031
test,13405,1,0.337239
test,13406,1,0.911421
test,13407,1,0.342630
test,13408,1,0.717031
test,13409,1,0.873571
test,13410,1,0.825646
test,13411,1,0.425331
test,13412,1,0.423010
test,13413,1,0.360734
test,13414,1,0.378918
test,13415,1,0.925484
test,13416,1,0.799398
test,13417,1,0.738379
test,13418,1,0.919601
test,13419,1,0.738379
test,13420,1,0.856511
test,13421,1,0.966079
test,13422,1,0.890666
test,13423,1,0.651462
test,13424,1,0.895006
test,13425,1,0.852350
test,13426,1,0.409808
test,13427,1,0.940582
test,13428,1,0.729817
test,13429,1,0.736031
test,13430,1,0.605769
test,13431,1,0.967712
test,13432,1,0.572921
test,13433,1,0.520292
test,13434,1,0.819825
test,13435,1,0.949147
test,13436,1,0.167084
test,13437,1,0.899955
test,13438,1,0.315761
test,13439,1,0.474357
test,13440,1,0.970463
test,13441,1,0.922709
test,13442,1,0.382390
test,13443,1,0.467993
test,13444,1,0.826398
test,13445,1,0.322035
test,13446,1,0.167950
test,13447,1,0.813964
test,13448,1,0.686850
test,13449,1,0.226647
test,13450,1,0.647311
test,13451,1,0.924975
test,13452,1,0.079864
test,13453,1,0.382211
test,13454,1,0.302300
test,13455,1,0.589175
test,13456,1,0.996688
test,13457,1,0.954202
test,13458,1,0.908143
test,13459,1,0.547944
test,13460,1,0.699745
test,13461,1,0.208592
test,13462,1,0.680568
test,13463,1,0.895500
test,13464,1,0.701611
test,13465,1,0.766826
test,13466,1,0.538563
test,13467,1,0.436123
test,13468,1,0.698207
test,13469,1,0.699595
test,13470,1,0.113441
test,13471,1,0.118969
test,13472,1,0.077033
test,13473,1,0.228659
test,13474,1,0.068395
test,13475,1,0.917342
test,13476,1,0.793799
test,13477,1,0.871297
test,13478,1,0.989930
test,13479,1,0.647374
test,13480,1,0.821187
test,13481,1,0.680068
test,13482,1,0.580955
test,13483,1,0.807104
test,13484,1,0.968688
test,13485,1,0.878267
test,13486,1,0.963883
test,13487,1,0.936974
test,13488,1,0.743612
test,13489,1,0.896694
test,13490,1,0.822885
test,13491,1,0.265061
test,13492,1,0.897810
test,13493,1,0.823885
test,13494,1,0.884567
test,13495,1,0.710295
test,13496,1,0.968326
test,13497,1,0.921871
test,13498,1,0.854424
test,13499,1,0.863575
test,13500,1,0.642354
test,13501,1,0.039420
test,13502,1,0.986453
test,13503,1,0.902714
test,13504,1,0.887683
test,13505,1,0.859931
test,13506,1,0.757035
test,13507,1,0.915911
test,13508,1,0.997253
test,13509,1,0.931082
test,13510,1,0.885135
test,13511,1,0.764952
test,13512,1,0.807069
test,13513,1,0.958037
test,13514,1,0.815901
test,13515,1,0.231971
test,13516,1,0.415306
test,13517,1,0.546192
test,13518,1,0.964946
test,13519,1,0.717430
test,13520,1,0.750921
test,13521,1,0.709490
test,13522,1,0.446353
test,13523,1,0.693577
test,13524,1,0.928355
test,13525,1,0.923443
test,13526,1,0.765215
test,13527,1,0.630520
test,13528,1,0.528614
test,13529,1,0.926313
test,13530,1,0.942400
test,13531,1,0.977022
test,13532,1,0.879499
test,13533,1,0.543209
test,13534,1,0.777928
test,13535,1,0.695394
test,13536,1,0.398392
test,13537,1,0.794968
test,13538,1,0.798203
test,13539,1,0.678069
test,13540,1,0.905795
test,13541,1,0.595497
test,13542,1,0.857801
test,13543,1,0.669064
test,13544,1,0.440666
test,13545,1,0.661201
test,13546,1,0.468686
test,13547,1,0.660657
test,13548,1,0.699734
test,13549,1,0.803211
test,13550,1,0.892961
test,13551,1,0.929276
test,13552,1,0.749104
test,13553,1,0.666817
test,13554,1,0.679902
test,13555,1,0.813681
test,13556,1,0.795435
test,13557,1,0.907315
test,13558,1,0.966359
test,13559,1,0.967122
test,13560,1,0.137507
test,13561,1,0.934083
test,13562,1,0.592104
test,13563,1,0.954227
test,13564,1,0.753365
test,13565,1,0.997467
test,13566,1,0.914319
test,13567,1,0.414270
test,13568,1,0.912292
test,13569,1,0.802464
test,13570,1,0.704575
test,13571,1,0.671352
test,13572,1,0.402634
test,13573,1,0.681613
test,13574,1,0.397738
test,13575,1,0.768558
test,13576,1,0.891625
test,13577,1,0.872425
test,13578,1,0.894881
test,13579,1,0.890081
test,13580,1,0.987809
test,13581,1,0.742070
test,13582,1,0.675477
test,13583,1,0.683826
test,13584,1,0.816203
test,13585,1,0.703145
test,13586,1,0.809500
test,13587,1,0.760037
test,13588,1,0.944738
test,13589,1,0.640464
test,13590,1,0.336978
test,13591,1,0.820540
test,13592,1,0.584042
test,13593,1,0.935931
test,13594,1,0.908054
test,13595,1,0.633797
test,13596,1,0.814310
test,13597,1,0.498951
test,13598,1,0.675262
test,13599,1,0.697669
test,13600,1,0.853295
test,13601,1,0.496426
test,13602,1,0.645309
test,13603,1,0.796587
test,13604,1,0.859224
test,13605,1,0.903150
test,13606,1,0.832130
test,13607,1,0.944927
test,13608,1,0.954966
test,13609,1,0.839259
test,13610,1,0.838900
test,13611,1,0.997450
test,13612,1,0.851316
test,13613,1,0.665564
test,13614,1,0.714318
test,13615,1,0.915253
test,13616,1,0.962378
test,13617,1,0.775404
test,13618,1,0.900564
test,13619,1,0.845191
test,13620,1,0.964724
test,13621,1,0.965176
test,13622,1,0.977637
test,13623,1,0.856288
test,13624,1,0.989555
test,13625,1,0.461712
test,13626,1,0.997193
test,13627,1,0.775861
test,13628,1,0.938806
test,13629,1,0.896399
test,13630,1,0.884412
test,13631,1,0.963547
test,13632,1,0.976696
test,13633,1,0.701341
test,13634,1,0.449763
test,13635,1,0.941894
test,13636,1,0.752910
test,13637,1,0.707893
test,13638,1,0.899581
test,13639,1,0.793021
test,13640,1,0.917689
test,13641,1,0.874638
test,13642,1,0.903208
test,13643,1,0.912077
test,13644,1,0.513241
test,13645,1,0.877357
test,13646,1,0.826161
test,13647,1,0.787803
test,13648,1,0.875359
test,13649,1,0.687322
test,13650,1,0.940539
test,13651,1,0.820809
test,13652,1,0.440284
test,13653,1,0.661164
test,13654,1,0.817682
test,13655,1,0.565445
test,13656,1,0.887882
test,13657,1,0.589583
test,13658,1,0.699964
test,13659,1,0.662896
test,13660,1,0.886570
test,13661,1,0.662702
test,13662,1,0.355283
test,13663,1,0.745686
test,13664,1,0.665823
test,13665,1,0.533963
test,13666,1,0.655551
test,13667,1,0.787569
test,13668,1,0.114186
test,13669,1,0.795314
test,13670,1,0.321273
test,13671,1,0.865775
test,13672,1,0.108534
test,13673,1,0.957840
test,13674,1,0.615326
test,13675,1,0.802941
test,13676,1,0.896877
test,13677,1,0.908921
test,13678,1,0.754060
test,13679,1,0.864399
test,13680,1,0.981732
test,13681,1,0.991210
test,13682,1,0.935924
test,13683,1,0.956536
test,13684,1,0.990645
test,13685,1,0.328507
test,13686,1,0.979083
test,13687,1,0.873836
test,13688,1,0.789083
test,13689,1,0.577602
test,13690,1,0.488726
test,13691,1,0.603035
test,13692,1,0.480516
test,13693,1,0.742252
test,13694,1,0.778092
test,13695,1,0.514929
test,13696,1,0.514921
test,13697,1,0.985294
test,13698,1,0.992811
test,13699,1,0.616300
test,13700,1,0.424267
test,13701,1,0.375531
test,13702,1,0.324061
test,13703,1,0.202521
test,13704,1,0.048952
test,13705,1,0.693947
test,13706,1,0.661032
test,13707,1,0.690197
test,13708,1,0.804244
test,13709,1,0.577768
test,13710,1,0.943286
test,13711,1,0.841163
test,13712,1,0.985367
test,13713,1,0.967807
test,13714,1,0.967847
test,13715,1,0.734926
test,13716,1,0.639183
test,13717,1,0.687350
test,13718,1,0.581674
test,13719,1,0.733707
test,13720,1,0.428528
test,13721,1,0.888467
test,13722,1,0.836163
test,13723,1,0.907333
test,13724,1,0.906149
test,13725,1,0.875517
test,13726,1,0.926078
test,13727,1,0.598821
test,13728,1,0.796480
test,13729,1,0.889590
test,13730,1,0.900381
test,13731,1,0.679846
test,13732,1,0.916478
test,13733,1,0.747393
test,13734,1,0.963391
test,13735,1,0.842552
test,13736,1,0.739289
test,13737,1,0.712961
test,13738,1,0.672339
test,13739,1,0.677073
test,13740,1,0.936998
test,13741,1,0.779268
test,13742,1,0.911515
test,13743,1,0.957707
test,13744,1,0.456698
test,13745,1,0.410916
test,13746,1,0.772819
test,13747,1,0.738919
test,13748,1,0.822106
test,13749,1,0.736354
test,13750,1,0.840905
test,13751,1,0.804631
test,13752,1,0.279819
test,13753,1,0.971996
test,13754,1,0.787315
test,13755,1,0.948902
test,13756,1,0.924884
test,13757,1,0.910585
test,13758,1,0.948134
test,13759,1,0.863001
test,13760,1,0.876693
test,13761,1,0.547301
test,13762,1,0.974026
test,13763,1,0.920404
test,13764,1,0.801803
test,13765,1,0.501302
test,13766,1,0.821239
test,13767,1,0.949856
test,13768,1,0.987341
test,13769,1,0.977349
test,13770,1,0.870559
test,13771,1,0.816843
test,13772,1,0.911021
test,13773,1,0.801836
test,13774,1,0.195631
test,13775,1,0.921851
test,13776,1,0.971256
test,13777,1,0.644918
test,13778,1,0.599014
test,13779,1,0.666004
test,13780,1,0.702618
test,13781,1,0.990226
test,13782,1,0.882059
test,13783,1,0.973449
test,13784,1,0.748420
test,13785,1,0.540638
test,13786,1,0.818551
test,13787,1,0.634257
test,13788,1,0.585168
test,13789,1,0.528797
test,13790,1,0.651966
test,13791,1,0.546710
test,13792,1,0.464283
test,13793,1,0.898133
test,13794,1,0.137277
test,13795,1,0.441840
test,13796,1,0.603833
test,13797,1,0.981609
test,13798,1,0.513089
test,13799,1,0.641030
test,13800,1,0.557927
test,13801,1,0.742760
test,13802,1,0.672270
test,13803,1,0.657996
test,13804,1,0.462582
test,13805,1,0.101000
test,13806,1,0.078526
test,13807,1,0.238054
test,13808,1,0.342064
test,13809,1,0.289726
test,13810,1,0.692020
test,13811,1,0.113554
test,13812,1,0.816601
test,13813,1,0.341573
test,13814,1,0.095547
test,13815,1,0.488805
test,13816,1,0.198037
test,13817,1,0.143097
test,13818,1,0.317218
test,13819,1,0.135473
test,13820,1,0.070111
test,13821,1,0.947186
test,13822,1,0.827878
test,13823,1,0.456737
test,13824,1,0.640141
test,13825,1,0.491048
test,13826,1,0.951890
test,13827,1,0.751838
test,13828,1,0.514980
test,13829,1,0.910497
test,13830,1,0.604273
test,13831,1,0.882842
test,13832,1,0.492475
test,13833,1,0.888128
test,13834,1,0.834167
test,13835,1,0.881725
test,13836,1,0.953300
test,13837,1,0.795404
test,13838,1,0.687220
test,13839,1,0.572912
test,13840,1,0.836974
test,13841,1,0.639150
test,13842,1,0.859129
test,13843,1,0.939167
test,13844,1,0.977567
test,13845,1,0.850699
test,13846,1,0.963232
test,13847,1,0.899547
test,13848,1,0.406921
test,13849,1,0.595857
test,13850,1,0.527670
test,13851,1,0.545652
test,13852,1,0.571519
test,13853,1,0.751808
test,13854,1,0.290197
test,13855,1,0.525060
test,13856,1,0.375078
test,13857,1,0.580677
test,13858,1,0.386683
test,13859,1,0.487806
test,13860,1,0.274251
test,13861,1,0.695002
test,13862,1,0.591987
test,13863,1,0.950472
test,13864,1,0.938121
test,13865,1,0.912749
test,13866,1,0.895824
test,13867,1,0.941494
test,13868,1,0.855179
test,13869,1,0.838570
test,13870,1,0.933961
test,13871,1,0.942493
test,13872,1,0.582067
test,13873,1,0.962197
test,13874,1,0.854062
test,13875,1,0.988393
test,13876,1,0.743649
test,13877,1,0.857612
test,13878,1,0.785952
test,13879,1,0.913748
test,13880,1,0.922278
test,13881,1,0.838398
test,13882,1,0.660550
test,13883,1,0.615274
test,13884,1,0.878453
test,13885,1,0.664284
test,13886,1,0.686909
test,13887,1,0.897227
test,13888,1,0.588446
test,13889,1,0.686992
test,13890,1,0.581490
test,13891,1,0.520653
test,13892,1,0.794479
test,13893,1,0.969798
test,13894,1,0.831522
test,13895,1,0.838322
test,13896,1,0.853459
test,13897,1,0.845724
test,13898,1,0.813222
test,13899,1,0.730500
test,13900,1,0.714180
test,13901,1,0.635764
test,13902,1,0.526096
test,13903,1,0.534221
test,13904,1,0.708403
test,13905,1,0.693535
test,13906,1,0.626013
test,13907,1,0.820674
test,13908,1,0.930109
test,13909,1,0.492609
test,13910,1,0.922060
test,13911,1,0.873795
test,13912,1,0.222626
test,13913,1,0.218982
test,13914,1,0.798582
test,13915,1,0.891003
test,13916,1,0.841647
test,13917,1,0.684523
test,13918,1,0.709330
test,13919,1,0.904916
test,13920,1,0.930255
test,13921,1,0.921261
test,13922,1,0.761691
test,13923,1,0.698570
test,13924,1,0.721268
test,13925,1,0.627307
test,13926,1,0.953974
test,13927,1,0.408061
test,13928,1,0.194630
test,13929,1,0.183312
test,13930,1,0.339642
test,13931,1,0.740683
test,13932,1,0.341641
test,13933,1,0.098196
test,13934,1,0.391533
test,13935,1,0.204959
test,13936,1,0.821519
test,13937,1,0.199636
test,13938,1,0.415313
test,13939,1,0.685811
test,13940,1,0.093319
test,13941,1,0.181890
test,13942,1,0.791612
test,13943,1,0.505951
test,13944,1,0.881455
test,13945,1,0.919313
test,13946,1,0.720243
test,13947,1,0.968929
test,13948,1,0.873603
test,13949,1,0.793686
test,13950,1,0.674688
test,13951,1,0.719590
test,13952,1,0.950055
test,13953,1,0.604702
test,13954,1,0.738098
test,13955,1,0.859296
test,13956,1,0.950729
test,13957,1,0.493935
test,13958,1,0.832929
test,13959,1,0.963233
test,13960,1,0.939382
test,13961,1,0.736664
test,13962,1,0.888280
test,13963,1,0.178224
test,13964,1,0.351363
test,13965,1,0.463185
test,13966,1,0.825248
test,13967,1,0.917154
test,13968,1,0.731268
test,13969,1,0.446407
test,13970,1,0.447475
test,13971,1,0.541612
test,13972,1,0.898572
test,13973,1,0.775400
test,13974,1,0.969883
test,13975,1,0.869259
test,13976,1,0.841622
test,13977,1,0.828740
test,13978,1,0.849732
test,13979,1,0.717154
test,13980,1,0.708316
test,13981,1,0.934997
test,13982,1,0.390656
test,13983,1,0.957269
test,13984,1,0.277501
test,13985,1,0.964231
test,13986,1,0.619766
test,13987,1,0.802380
test,13988,1,0.889790
test,13989,1,0.882072
test,13990,1,0.876843
test,13991,1,0.939355
test,13992,1,0.617042
test,13993,1,0.752249
test,13994,1,0.986681
test,13995,1,0.402820
test,13996,1,0.899779
test,13997,1,0.668178
test,13998,1,0.705447
test,13999,1,0.750076
test,14000,1,0.496116
test,14001,1,0.869852
test,14002,1,0.852433
test,14003,1,0.964277
test,14004,1,0.261693
test,14005,1,0.892233
test,14006,1,0.546110
test,14007,1,0.747754
test,14008,1,0.925818
test,14009,1,0.793338
test,14010,1,0.852433
test,14011,1,0.729124
test,14012,1,0.626455
test,14013,1,0.929692
test,14014,1,0.137807
test,14015,1,0.883423
test,14016,1,0.970531
test,14017,1,0.920324
test,14018,1,0.636962
test,14019,1,0.524172
test,14020,1,0.524172
test,14021,1,0.524172
test,14022,1,0.566633
test,14023,1,0.645827
test,14024,1,0.765747
test,14025,1,0.839819
test,14026,1,0.813963
test,14027,1,0.904231
test,14028,1,0.592571
test,14029,1,0.767425
test,14030,1,0.476212
test,14031,1,0.940034
test,14032,1,0.980822
test,14033,1,0.874391
test,14034,1,0.662157
test,14035,1,0.918642
test,14036,1,0.885334
test,14037,1,0.741089
test,14038,1,0.597396
test,14039,1,0.765530
test,14040,1,0.556277
test,14041,1,0.523205
test,14042,1,0.868622
test,14043,1,0.671239
test,14044,1,0.832080
test,14045,1,0.950906
test,14046,1,0.700300
test,14047,1,0.448460
test,14048,1,0.792728
test,14049,1,0.067889
test,14050,1,0.887800
test,14051,1,0.776391
test,14052,1,0.643753
test,14053,1,0.228396
test,14054,1,0.559383
test,14055,1,0.772573
test,14056,1,0.721394
test,14057,1,0.345712
test,14058,1,0.979272
test,14059,1,0.781685
test,14060,1,0.737800
test,14061,1,0.865227
test,14062,1,0.581303
test,14063,1,0.508963
test,14064,1,0.664325
test,14065,1,0.591172
test,14066,1,0.499137
test,14067,1,0.649176
test,14068,1,0.592853
test,14069,1,0.571166
test,14070,1,0.624185
test,14071,1,0.446137
test,14072,1,0.943036
test,14073,1,0.876303
test,14074,1,0.742206
test,14075,1,0.632341
test,14076,1,0.779089
test,14077,1,0.553327
test,14078,1,0.671088
test,14079,1,0.443352
test,14080,1,0.352675
test,14081,1,0.086855
test,14082,1,0.104154
test,14083,1,0.846600
test,14084,1,0.854231
test,14085,1,0.960035
test,14086,1,0.722551
test,14087,1,0.840723
test,14088,1,0.825159
test,14089,1,0.947701
test,14090,1,0.879632
test,14091,1,0.890696
test,14092,1,0.729642
test,14093,1,0.651006
test,14094,1,0.849692
test,14095,1,0.964159
test,14096,1,0.566649
test,14097,1,0.666032
test,14098,1,0.777165
test,14099,1,0.864367
test,14100,1,0.354639
test,14101,1,0.461051
test,14102,1,0.417537
test,14103,1,0.969514
test,14104,1,0.576293
test,14105,1,0.923263
test,14106,1,0.813448
test,14107,1,0.999718
test,14108,1,0.923230
test,14109,1,0.968006
test,14110,1,0.916312
test,14111,1,0.890430
test,14112,1,0.818391
test,14113,1,0.389420
test,14114,1,0.304765
test,14115,1,0.665470
test,14116,1,0.505108
test,14117,1,0.099580
test,14118,1,0.162391
test,14119,1,0.433015
test,14120,1,0.276670
test,14121,1,0.264845
test,14122,1,0.140849
test,14123,1,0.501036
test,14124,1,0.639548
test,14125,1,0.682124
test,14126,1,0.869402
test,14127,1,0.621720
test,14128,1,0.838797
test,14129,1,0.712361
test,14130,1,0.877787
test,14131,1,0.539078
test,14132,1,0.236735
test,14133,1,0.659692
test,14134,1,0.672822
test,14135,1,0.801809
test,14136,1,0.853559
test,14137,1,0.912580
test,14138,1,0.602017
test,14139,1,0.931994
test,14140,1,0.920404
test,14141,1,0.879642
test,14142,1,0.352602
test,14143,1,0.684777
test,14144,1,0.923625
test,14145,1,0.641999
test,14146,1,0.884695
test,14147,1,0.986383
test,14148,1,0.810697
test,14149,1,0.922658
test,14150,1,0.929562
test,14151,1,0.696596
test,14152,1,0.821325
test,14153,1,0.742498
test,14154,1,0.764042
test,14155,1,0.869080
test,14156,1,0.724758
test,14157,1,0.374747
test,14158,1,0.875686
test,14159,1,0.901442
test,14160,1,0.749866
test,14161,1,0.608722
test,14162,1,0.932414
test,14163,1,0.845631
test,14164,1,0.398677
test,14165,1,0.968420
test,14166,1,0.606984
test,14167,1,0.831412
test,14168,1,0.905308
test,14169,1,0.893049
test,14170,1,0.855850
test,14171,1,0.339724
test,14172,1,0.464263
test,14173,1,0.616985
test,14174,1,0.771216
test,14175,1,0.324024
test,14176,1,0.724913
test,14177,1,0.023858
test,14178,1,0.560249
test,14179,1,0.956752
test,14180,1,0.479316
test,14181,1,0.458909
test,14182,1,0.791027
test,14183,1,0.855981
test,14184,1,0.718999
test,14185,1,0.991469
test,14186,1,0.983047
test,14187,1,0.766160
test,14188,1,0.860350
test,14189,1,0.724680
test,14190,1,0.922564
test,14191,1,0.953835
test,14192,1,0.907003
test,14193,1,0.941815
test,14194,1,0.830200
test,14195,1,0.801973
test,14196,1,0.844309
test,14197,1,0.777115
test,14198,1,0.943914
test,14199,1,0.788499
test,14200,1,0.961309
test,14201,1,0.748886
test,14202,1,0.898667
test,14203,1,0.881193
test,14204,1,0.912726
test,14205,1,0.910557
test,14206,1,0.549334
test,14207,1,0.793450
test,14208,1,0.930707
test,14209,1,0.770160
test,14210,1,0.793472
test,14211,1,0.936739
test,14212,1,0.822928
test,14213,1,0.391417
test,14214,1,0.542564
test,14215,1,0.824064
test,14216,1,0.788772
test,14217,1,0.825829
test,14218,1,0.484307
test,14219,1,0.648163
test,14220,1,0.577005
test,14221,1,0.754766
test,14222,1,0.807393
test,14223,1,0.771997
test,14224,1,0.895276
test,14225,1,0.726690
test,14226,1,0.697238
test,14227,1,0.545286
test,14228,1,0.987492
test,14229,1,0.736629
test,14230,1,0.930376
test,14231,1,0.752425
test,14232,1,0.836676
test,14233,1,0.974772
test,14234,1,0.814424
test,14235,1,0.751252
test,14236,1,0.599694
test,14237,1,0.814207
test,14238,1,0.450816
test,14239,1,0.799168
test,14240,1,0.576436
test,14241,1,0.248678
test,14242,1,0.960500
test,14243,1,0.712477
test,14244,1,0.667735
test,14245,1,0.740141
test,14246,1,0.465239
test,14247,1,0.413467
test,14248,1,0.480852
test,14249,1,0.777207
test,14250,1,0.594284
test,14251,1,0.944479
test,14252,1,0.250382
test,14253,1,0.613443
test,14254,1,0.640085
test,14255,1,0.663067
test,14256,1,0.151200
test,14257,1,0.567009
test,14258,1,0.306705
test,14259,1,0.495950
test,14260,1,0.942532
test,14261,1,0.986802
test,14262,1,0.938468
test,14263,1,0.602645
test,14264,1,0.939192
test,14265,1,0.994136
test,14266,1,0.777712
test,14267,1,0.931021
test,14268,1,0.762933
test,14269,1,0.814564
test,14270,1,0.963157
test,14271,1,0.825837
test,14272,1,0.684179
test,14273,1,0.696082
test,14274,1,0.861967
test,14275,1,0.831753
test,14276,1,0.970958
test,14277,1,0.661538
test,14278,1,0.653655
test,14279,1,0.972312
test,14280,1,0.494975
test,14281,1,0.803456
test,14282,1,0.918445
test,14283,1,0.864628
test,14284,1,0.728171
test,14285,1,0.876749
test,14286,1,0.886272
test,14287,1,0.716502
test,14288,1,0.633415
test,14289,1,0.856202
test,14290,1,0.933568
test,14291,1,0.780626
test,14292,1,0.955053
test,14293,1,0.977571
test,14294,1,0.834193
test,14295,1,0.234080
test,14296,1,0.451580
test,14297,1,0.723666
test,14298,1,0.520294
test,14299,1,0.717195
test,14300,1,0.406683
test,14301,1,0.610208
test,14302,1,0.206138
test,14303,1,0.691109
test,14304,1,0.883398
test,14305,1,0.471990
test,14306,1,0.303308
test,14307,1,0.214082
test,14308,1,0.798915
test,14309,1,0.901102
test,14310,1,0.282429
test,14311,1,0.666401
test,14312,1,0.361239
test,14313,1,0.728548
test,14314,1,0.741926
test,14315,1,0.635529
test,14316,1,0.596961
test,14317,1,0.545516
test,14318,1,0.713194
test,14319,1,0.663482
test,14320,1,0.900535
test,14321,1,0.349499
test,14322,1,0.370914
test,14323,1,0.797393
test,14324,1,0.657018
test,14325,1,0.852984
test,14326,1,0.506411
test,14327,1,0.776367
test,14328,1,0.764750
test,14329,1,0.842296
test,14330,1,0.215436
test,14331,1,0.396413
test,14332,1,0.361501
test,14333,1,0.661357
test,14334,1,0.150596
test,14335,1,0.472613
test,14336,1,0.687503
test,14337,1,0.678462
test,14338,1,0.478122
test,14339,1,0.897135
test,14340,1,0.949373
test,14341,1,0.814324
test,14342,1,0.818169
test,14343,1,0.854707
test,14344,1,0.956185
test,14345,1,0.942594
test,14346,1,0.681701
test,14347,1,0.970283
test,14348,1,0.817727
test,14349,1,0.596432
test,14350,1,0.908457
test,14351,1,0.869063
test,14352,1,0.933287
test,14353,1,0.713473
test,14354,1,0.907278
test,14355,1,0.660339
test,14356,1,0.985773
test,14357,1,0.905993
test,14358,1,0.779371
test,14359,1,0.772786
test,14360,1,0.682046
test,14361,1,0.890398
test,14362,1,0.939099
test,14363,1,0.968440
test,14364,1,0.898561
test,14365,1,0.980912
test,14366,1,0.895757
test,14367,1,0.999070
test,14368,1,0.841505
test,14369,1,0.966153
test,14370,1,0.779042
test,14371,1,0.930170
test,14372,1,0.611340
test,14373,1,0.970458
test,14374,1,0.707160
test,14375,1,0.642805
test,14376,1,0.883126
test,14377,1,0.751266
test,14378,1,0.976899
test,14379,1,0.973906
test,14380,1,0.992910
test,14381,1,0.968485
test,14382,1,0.942204
test,14383,1,0.971080
test,14384,1,0.509922
test,14385,1,0.952688
test,14386,1,0.849875
test,14387,1,0.915863
test,14388,1,0.981200
test,14389,1,0.812214
test,14390,1,0.923001
test,14391,1,0.818652
test,14392,1,0.912337
test,14393,1,0.891451
test,14394,1,0.938791
test,14395,1,0.908204
test,14396,1,0.871904
test,14397,1,0.967129
test,14398,1,0.794012
test,14399,1,0.737455
test,14400,1,0.993096
test,14401,1,0.685416
test,14402,1,0.491300
test,14403,1,0.212462
test,14404,1,0.392064
test,14405,1,0.783624
test,14406,1,0.903874
test,14407,1,0.418112
test,14408,1,0.853751
test,14409,1,0.946612
test,14410,1,0.910188
test,14411,1,0.676313
test,14412,1,0.819236
test,14413,1,0.959647
test,14414,1,0.956691
test,14415,1,0.584654
test,14416,1,0.684450
test,14417,1,0.795576
test,14418,1,0.723678
test,14419,1,0.554805
test,14420,1,0.404939
test,14421,1,0.911764
test,14422,1,0.941010
test,14423,1,0.832370
test,14424,1,0.790468
test,14425,1,0.876869
test,14426,1,0.558684
test,14427,1,0.992899
test,14428,1,0.972947
test,14429,1,0.623000
test,14430,1,0.885700
test,14431,1,0.812222
test,14432,1,0.893701
test,14433,1,0.360660
test,14434,1,0.407153
test,14435,1,0.568226
test,14436,1,0.689032
test,14437,1,0.820333
test,14438,1,0.574240
test,14439,1,0.847611
test,14440,1,0.673273
test,14441,1,0.722550
test,14442,1,0.781997
test,14443,1,0.751851
test,14444,1,0.648458
test,14445,1,0.696179
test,14446,1,0.640416
test,14447,1,0.901439
test,14448,1,0.893596
test,14449,1,0.717742
test,14450,1,0.717742
test,14451,1,0.610667
test,14452,1,0.769315
test,14453,1,0.756752
test,14454,1,0.573610
test,14455,1,0.694008
test,14456,1,0.390453
test,14457,1,0.977183
test,14458,1,0.991413
test,14459,1,0.978679
test,14460,1,0.904928
test,14461,1,0.977675
test,14462,1,0.756375
test,14463,1,0.453743
test,14464,1,0.906216
test,14465,1,0.400097
test,14466,1,0.513104
test,14467,1,0.739440
test,14468,1,0.927973
test,14469,1,0.520146
test,14470,1,0.852809
test,14471,1,0.750248
test,14472,1,0.352215
test,14473,1,0.819015
test,14474,1,0.300615
test,14475,1,0.774291
test,14476,1,0.806166
test,14477,1,0.815618
test,14478,1,0.515386
test,14479,1,0.952420
test,14480,1,0.714799
test,14481,1,0.727276
test,14482,1,0.778012
test,14483,1,0.532955
test,14484,1,0.381047
test,14485,1,0.795836
test,14486,1,0.889804
test,14487,1,0.731189
test,14488,1,0.858369
test,14489,1,0.839144
test,14490,1,0.956949
test,14491,1,0.838600
test,14492,1,0.169553
test,14493,1,0.313682
test,14494,1,0.754055
test,14495,1,0.383043
test,14496,1,0.907622
test,14497,1,0.970801
test,14498,1,0.547346
test,14499,1,0.636041
test,14500,1,0.146375
test,14501,1,0.932714
test,14502,1,0.711565
test,14503,1,0.907632
test,14504,1,0.816387
test,14505,1,0.657557
test,14506,1,0.926825
test,14507,1,0.489846
test,14508,1,0.426463
test,14509,1,0.919862
test,14510,1,0.379539
test,14511,1,0.715218
test,14512,1,0.859030
test,14513,1,0.543026
test,14514,1,0.544778
test,14515,1,0.509258
test,14516,1,0.966521
test,14517,1,0.696934
test,14518,1,0.811596
test,14519,1,0.683941
test,14520,1,0.709888
test,14521,1,0.843089
test,14522,1,0.654414
test,14523,1,0.725520
test,14524,1,0.404929
test,14525,1,0.936417
test,14526,1,0.103517
test,14527,1,0.555522
test,14528,1,0.500803
test,14529,1,0.867578
test,14530,1,0.789726
test,14531,1,0.826614
test,14532,1,0.399595
test,14533,1,0.681408
test,14534,1,0.891780
test,14535,1,0.907281
test,14536,1,0.947222
test,14537,1,0.820453
test,14538,1,0.671851
test,14539,1,0.831290
test,14540,1,0.691004
test,14541,1,0.778757
test,14542,1,0.686187
test,14543,1,0.672448
test,14544,1,0.830068
test,14545,1,0.604635
test,14546,1,0.834085
test,14547,1,0.958818
test,14548,1,0.860580
test,14549,1,0.278232
test,14550,1,0.859890
test,14551,1,0.899903
test,14552,1,0.849988
test,14553,1,0.907659
test,14554,1,0.522317
test,14555,1,0.847342
test,14556,1,0.504093
test,14557,1,0.504093
test,14558,1,0.780943
test,14559,1,0.875628
test,14560,1,0.629233
test,14561,1,0.816472
test,14562,1,0.882905
test,14563,1,0.308946
test,14564,1,0.361619
test,14565,1,0.127772
test,14566,1,0.871002
test,14567,1,0.609480
test,14568,1,0.770261
test,14569,1,0.988826
test,14570,1,0.915472
test,14571,1,0.705167
test,14572,1,0.747281
test,14573,1,0.913535
test,14574,1,0.965080
test,14575,1,0.944629
test,14576,1,0.615903
test,14577,1,0.724925
test,14578,1,0.765619
test,14579,1,0.687980
test,14580,1,0.553974
test,14581,1,0.608713
test,14582,1,0.763260
test,14583,1,0.368252
test,14584,1,0.753246
test,14585,1,0.840127
test,14586,1,0.945480
test,14587,1,0.655728
test,14588,1,0.537550
test,14589,1,0.479905
test,14590,1,0.784389
test,14591,1,0.457934
test,14592,1,0.905811
test,14593,1,0.238662
test,14594,1,0.804539
test,14595,1,0.766462
test,14596,1,0.740107
test,14597,1,0.804895
test,14598,1,0.900816
test,14599,1,0.946435
test,14600,1,0.946435
test,14601,1,0.974035
test,14602,1,0.956217
test,14603,1,0.870106
test,14604,1,0.909798
test,14605,1,0.839193
test,14606,1,0.972294
test,14607,1,0.565529
test,14608,1,0.848808
test,14609,1,0.872643
test,14610,1,0.949726
test,14611,1,0.873662
test,14612,1,0.871882
test,14613,1,0.304940
test,14614,1,0.994715
test,14615,1,0.390716
test,14616,1,0.477176
test,14617,1,0.711529
test,14618,1,0.944120
test,14619,1,0.979853
test,14620,1,0.619355
test,14621,1,0.981183
test,14622,1,0.551716
test,14623,1,0.725319
test,14624,1,0.615794
test,14625,1,0.932996
test,14626,1,0.830968
test,14627,1,0.554992
test,14628,1,0.772561
test,14629,1,0.883536
test,14630,1,0.896104
test,14631,1,0.648686
test,14632,1,0.748810
test,14633,1,0.217005
test,14634,1,0.954005
test,14635,1,0.917259
test,14636,1,0.759172
test,14637,1,0.963592
test,14638,1,0.838363
test,14639,1,0.648380
test,14640,1,0.818543
test,14641,1,0.473664
test,14642,1,0.922819
test,14643,1,0.827569
test,14644,1,0.835973
test,14645,1,0.942349
test,14646,1,0.824385
test,14647,1,0.978839
test,14648,1,0.725551
test,14649,1,0.483420
test,14650,1,0.755035
test,14651,1,0.554368
test,14652,1,0.951437
test,14653,1,0.158301
test,14654,1,0.968976
test,14655,1,0.908097
test,14656,1,0.662867
test,14657,1,0.878215
test,14658,1,0.763010
test,14659,1,0.464394
test,14660,1,0.643603
test,14661,1,0.774756
test,14662,1,0.711157
test,14663,1,0.250105
test,14664,1,0.786319
test,14665,1,0.826510
test,14666,1,0.800605
test,14667,1,0.664283
test,14668,1,0.522525
test,14669,1,0.680847
test,14670,1,0.985751
test,14671,1,0.947918
test,14672,1,0.526367
test,14673,1,0.823399
test,14674,1,0.976766
test,14675,1,0.734646
test,14676,1,0.698755
test,14677,1,0.727459
test,14678,1,0.981250
test,14679,1,0.744373
test,14680,1,0.934165
test,14681,1,0.903630
test,14682,1,0.073601
test,14683,1,0.640919
test,14684,1,0.942867
test,14685,1,0.869206
test,14686,1,0.996962
test,14687,1,0.656465
test,14688,1,0.957832
test,14689,1,0.867419
test,14690,1,0.895650
test,14691,1,0.911609
test,14692,1,0.949475
test,14693,1,0.895798
test,14694,1,0.618216
test,14695,1,0.871330
test,14696,1,0.999258
test,14697,1,0.902394
test,14698,1,0.681567
test,14699,1,0.856637
test,14700,1,0.944249
test,14701,1,0.993828
test,14702,1,0.989454
test,14703,1,0.558702
test,14704,1,0.874624
test,14705,1,0.634436
test,14706,1,0.975799
test,14707,1,0.939745
test,14708,1,0.821855
test,14709,1,0.892189
test,14710,1,0.875305
test,14711,1,0.910509
test,14712,1,0.986059
test,14713,1,0.942535
test,14714,1,0.946159
test,14715,1,0.940341
test,14716,1,0.705322
test,14717,1,0.913924
test,14718,1,0.492185
test,14719,1,0.794562
test,14720,1,0.972631
test,14721,1,0.935549
test,14722,1,0.885957
test,14723,1,0.497780
test,14724,1,0.861252
test,14725,1,0.918564
test,14726,1,0.953169
test,14727,1,0.942747
test,14728,1,0.877107
test,14729,1,0.653773
test,14730,1,0.966617
test,14731,1,0.918371
test,14732,1,0.777297
test,14733,1,0.528439
test,14734,1,0.707590
test,14735,1,0.598401
test,14736,1,0.654137
test,14737,1,0.440089
test,14738,1,0.745503
test,14739,1,0.230442
test,14740,1,0.610711
test,14741,1,0.597513
test,14742,1,0.248450
test,14743,1,0.816615
test,14744,1,0.337577
test,14745,1,0.946709
test,14746,1,0.621024
test,14747,1,0.796695
test,14748,1,0.339164
test,14749,1,0.453675
test,14750,1,0.821603
test,14751,1,0.785653
test,14752,1,0.857551
test,14753,1,0.308513
test,14754,1,0.438500
test,14755,1,0.670464
test,14756,1,0.428473
test,14757,1,0.846643
test,14758,1,0.551767
test,14759,1,0.845194
test,14760,1,0.914978
test,14761,1,0.670151
test,14762,1,0.625073
test,14763,1,0.683066
test,14764,1,0.421958
test,14765,1,0.945120
test,14766,1,0.745710
test,14767,1,0.927756
test,14768,1,0.670415
test,14769,1,0.610104
test,14770,1,0.323581
test,14771,1,0.583456
test,14772,1,0.876459
test,14773,1,0.975560
test,14774,1,0.962234
test,14775,1,0.968592
test,14776,1,0.971505
test,14777,1,0.971796
test,14778,1,0.947949
test,14779,1,0.937450
test,14780,1,0.843663
test,14781,1,0.916982
test,14782,1,0.950778
test,14783,1,0.853327
test,14784,1,0.942764
test,14785,1,0.847540
test,14786,1,0.882224
test,14787,1,0.811226
test,14788,1,0.671189
test,14789,1,0.985852
test,14790,1,0.841377
test,14791,1,0.824739
test,14792,1,0.877775
test,14793,1,0.940574
test,14794,1,0.989209
test,14795,1,0.361221
test,14796,1,0.655738
test,14797,1,0.672804
test,14798,1,0.316726
test,14799,1,0.548003
test,14800,1,0.680952
test,14801,1,0.693041
test,14802,1,0.749890
test,14803,1,0.703026
test,14804,1,0.850002
test,14805,1,0.565272
test,14806,1,0.823476
test,14807,1,0.812495
test,14808,1,0.818338
test,14809,1,0.726140
test,14810,1,0.967403
test,14811,1,0.606411
test,14812,1,0.826829
test,14813,1,0.607354
test,14814,1,0.770848
test,14815,1,0.850096
test,14816,1,0.943921
test,14817,1,0.945455
test,14818,1,0.644131
test,14819,1,0.792261
test,14820,1,0.956538
test,14821,1,0.317055
test,14822,1,0.816846
test,14823,1,0.743442
test,14824,1,0.431729
test,14825,1,0.842591
test,14826,1,0.550211
test,14827,1,0.919297
test,14828,1,0.931326
test,14829,1,0.681179
test,14830,1,0.572544
test,14831,1,0.907114
test,14832,1,0.940747
test,14833,1,0.798250
test,14834,1,0.540586
test,14835,1,0.996808
test,14836,1,0.892259
test,14837,1,0.920281
test,14838,1,0.845850
test,14839,1,0.776372
test,14840,1,0.940892
test,14841,1,0.925780
test,14842,1,0.900623
test,14843,1,0.951157
test,14844,1,0.985702
test,14845,1,0.757777
test,14846,1,0.912896
test,14847,1,0.916082
test,14848,1,0.974067
test,14849,1,0.899071
test,14850,1,0.844807
test,14851,1,0.833582
test,14852,1,0.541997
test,14853,1,0.855428
test,14854,1,0.759363
test,14855,1,0.457038
test,14856,1,0.787679
test,14857,1,0.888304
test,14858,1,0.869094
test,14859,1,0.677908
test,14860,1,0.659692
test,14861,1,0.746654
test,14862,1,0.529376
test,14863,1,0.636694
test,14864,1,0.893203
test,14865,1,0.771317
test,14866,1,0.773345
test,14867,1,0.655770
test,14868,1,0.944700
test,14869,1,0.666100
test,14870,1,0.792203
test,14871,1,0.789170
test,14872,1,0.569975
test,14873,1,0.894960
test,14874,1,0.964853
test,14875,1,0.740784
test,14876,1,0.380961
test,14877,1,0.829009
test,14878,1,0.911385
test,14879,1,0.305341
test,14880,1,0.911026
test,14881,1,0.754345
test,14882,1,0.616861
test,14883,1,0.700159
test,14884,1,0.762722
test,14885,1,0.890669
test,14886,1,0.836009
test,14887,1,0.527246
test,14888,1,0.743440
test,14889,1,0.911434
test,14890,1,0.812124
test,14891,1,0.239605
test,14892,1,0.783677
test,14893,1,0.969015
test,14894,1,0.737177
test,14895,1,0.995477
test,14896,1,0.840903
test,14897,1,0.945355
test,14898,1,0.936889
test,14899,1,0.813801
test,14900,1,0.554509
test,14901,1,0.926659
test,14902,1,0.451134
test,14903,1,0.452657
test,14904,1,0.826625
test,14905,1,0.487478
test,14906,1,0.327514
test,14907,1,0.666388
test,14908,1,0.948972
test,14909,1,0.877839
test,14910,1,0.476299
test,14911,1,0.879544
test,14912,1,0.408406
test,14913,1,0.085228
test,14914,1,0.781892
test,14915,1,0.404927
test,14916,1,0.586653
test,14917,1,0.775346
test,14918,1,0.478193
test,14919,1,0.240863
test,14920,1,0.903394
test,14921,1,0.351251
test,14922,1,0.455003
test,14923,1,0.926029
test,14924,1,0.851998
test,14925,1,0.978994
test,14926,1,0.329919
test,14927,1,0.891564
test,14928,1,0.994097
test,14929,1,0.821529
test,14930,1,0.621783
test,14931,1,0.943885
test,14932,1,0.723945
test,14933,1,0.526547
test,14934,1,0.841629
test,14935,1,0.693316
test,14936,1,0.775728
test,14937,1,0.872374
test,14938,1,0.717255
test,14939,1,0.557686
test,14940,1,0.788196
test,14941,1,0.784018
test,14942,1,0.459361
test,14943,1,0.554408
test,14944,1,0.412264
test,14945,1,0.660270
test,14946,1,0.984841
test,14947,1,0.703924
test,14948,1,0.919718
test,14949,1,0.700771
test,14950,1,0.872706
test,14951,1,0.506633
test,14952,1,0.774782
test,14953,1,0.779597
test,14954,1,0.574504
test,14955,1,0.583204
test,14956,1,0.750552
test,14957,1,0.940195
test,14958,1,0.816934
test,14959,1,0.838359
test,14960,1,0.670962
test,14961,1,0.844628
test,14962,1,0.431558
test,14963,1,0.657594
test,14964,1,0.608253
test,14965,1,0.762879
test,14966,1,0.823477
test,14967,1,0.962675
test,14968,1,0.974751
test,14969,1,0.658892
test,14970,1,0.993067
test,14971,1,0.575353
test,14972,1,0.678348
test,14973,1,0.272878
test,14974,1,0.432243
test,14975,1,0.323377
test,14976,1,0.801954
test,14977,1,0.732424
test,14978,1,0.801587
test,14979,1,0.940959
test,14980,1,0.941617
test,14981,1,0.746925
test,14982,1,0.874225
test,14983,1,0.943198
test,14984,1,0.580024
test,14985,1,0.873519
test,14986,1,0.972043
test,14987,1,0.827061
test,14988,1,0.912005
test,14989,1,0.922435
test,14990,1,0.992282
test,14991,1,0.774192
test,14992,1,0.592953
test,14993,1,0.874240
test,14994,1,0.906387
test,14995,1,0.424507
test,14996,1,0.943479
test,14997,1,0.688048
test,14998,1,0.615962
test,14999,1,0.717205
test,15000,1,0.390715
test,15001,1,0.264813
test,15002,1,0.506560
test,15003,1,0.597774
test,15004,1,0.356715
test,15005,1,0.881683
test,15006,1,0.742714
test,15007,1,0.460683
test,15008,1,0.760658
test,15009,1,0.927921
test,15010,1,0.625880
test,15011,1,0.477243
test,15012,1,0.122247
test,15013,1,0.745180
test,15014,1,0.914359
test,15015,1,0.871277
test,15016,1,0.854749
test,15017,1,0.531149
test,15018,1,0.180161
test,15019,1,0.817604
test,15020,1,0.465489
test,15021,1,0.926924
test,15022,1,0.965522
test,15023,1,0.830186
test,15024,1,0.738327
test,15025,1,0.689739
test,15026,1,0.518838
test,15027,1,0.688165
test,15028,1,0.754238
test,15029,1,0.818518
test,15030,1,0.850946
test,15031,1,0.859267
test,15032,1,0.842610
test,15033,1,0.938275
test,15034,1,0.775054
test,15035,1,0.818634
test,15036,1,0.844053
test,15037,1,0.854223
test,15038,1,0.866522
test,15039,1,0.657055
test,15040,1,0.536862
test,15041,1,0.988169
test,15042,1,0.628328
test,15043,1,0.856558
test,15044,1,0.316865
test,15045,1,0.535080
test,15046,1,0.985813
test,15047,1,0.944009
test,15048,1,0.937478
test,15049,1,0.761738
test,15050,1,0.897110
test,15051,1,0.994224
test,15052,1,0.989204
test,15053,1,0.951607
test,15054,1,0.699584
test,15055,1,0.804537
test,15056,1,0.664612
test,15057,1,0.981890
test,15058,1,0.859219
test,15059,1,0.968915
test,15060,1,0.751661
test,15061,1,0.764037
test,15062,1,0.933948
test,15063,1,0.771680
test,15064,1,0.668870
test,15065,1,0.908018
test,15066,1,0.918913
test,15067,1,0.951880
test,15068,1,0.845609
test,15069,1,0.630369
test,15070,1,0.311378
test,15071,1,0.537633
test,15072,1,0.315557
test,15073,1,0.319167
test,15074,1,0.067847
test,15075,1,0.875204
test,15076,1,0.825026
test,15077,1,0.812604
test,15078,1,0.846077
test,15079,1,0.675103
test,15080,1,0.507299
test,15081,1,0.768005
test,15082,1,0.806702
test,15083,1,0.796502
test,15084,1,0.886759
test,15085,1,0.776450
test,15086,1,0.795450
test,15087,1,0.941695
test,15088,1,0.352238
test,15089,1,0.747346
test,15090,1,0.660121
test,15091,1,0.781894
test,15092,1,0.844194
test,15093,1,0.282377
test,15094,1,0.835128
test,15095,1,0.785469
test,15096,1,0.797004
test,15097,1,0.852546
test,15098,1,0.757595
test,15099,1,0.678420
test,15100,1,0.521486
test,15101,1,0.463192
test,15102,1,0.963543
test,15103,1,0.787589
test,15104,1,0.880926
test,15105,1,0.689672
test,15106,1,0.680158
test,15107,1,0.942890
test,15108,1,0.629229
test,15109,1,0.168250
test,15110,1,0.651140
test,15111,1,0.494147
test,15112,1,0.108766
test,15113,1,0.614949
test,15114,1,0.922963
test,15115,1,0.948458
test,15116,1,0.968313
test,15117,1,0.983771
test,15118,1,0.991129
test,15119,1,0.919145
test,15120,1,0.898260
test,15121,1,0.931331
test,15122,1,0.921612
test,15123,1,0.782801
test,15124,1,0.872351
test,15125,1,0.464655
test,15126,1,0.341718
test,15127,1,0.529961
test,15128,1,0.413434
test,15129,1,0.294687
test,15130,1,0.493696
test,15131,1,0.094193
test,15132,1,0.737439
test,15133,1,0.303207
test,15134,1,0.474002
test,15135,1,0.583549
test,15136,1,0.440747
test,15137,1,0.709622
test,15138,1,0.371051
test,15139,1,0.887401
test,15140,1,0.941160
test,15141,1,0.869071
test,15142,1,0.918835
test,15143,1,0.467626
test,15144,1,0.862502
test,15145,1,0.954915
test,15146,1,0.433099
test,15147,1,0.923490
test,15148,1,0.936391
test,15149,1,0.988991
test,15150,1,0.886367
test,15151,1,0.895090
test,15152,1,0.873261
test,15153,1,0.971421
test,15154,1,0.814582
test,15155,1,0.703732
test,15156,1,0.976475
test,15157,1,0.374299
test,15158,1,0.735367
test,15159,1,0.636546
test,15160,1,0.870577
test,15161,1,0.785541
test,15162,1,0.387019
test,15163,1,0.872401
test,15164,1,0.696590
test,15165,1,0.708095
test,15166,1,0.876775
test,15167,1,0.805561
test,15168,1,0.873768
test,15169,1,0.812783
test,15170,1,0.671528
test,15171,1,0.896536
test,15172,1,0.847835
test,15173,1,0.864588
test,15174,1,0.530896
test,15175,1,0.837474
test,15176,1,0.704109
test,15177,1,0.798091
test,15178,1,0.964877
test,15179,1,0.665291
test,15180,1,0.729917
test,15181,1,0.919780
test,15182,1,0.868855
test,15183,1,0.839884
test,15184,1,0.692222
test,15185,1,0.382724
test,15186,1,0.804378
test,15187,1,0.556779
test,15188,1,0.557580
test,15189,1,0.576653
test,15190,1,0.388233
test,15191,1,0.468359
test,15192,1,0.440310
test,15193,1,0.751332
test,15194,1,0.479026
test,15195,1,0.203256
test,15196,1,0.684283
test,15197,1,0.846218
test,15198,1,0.930790
test,15199,1,0.965656
test,15200,1,0.911019
test,15201,1,0.889872
test,15202,1,0.768320
test,15203,1,0.784441
test,15204,1,0.391842
test,15205,1,0.854197
test,15206,1,0.862619
test,15207,1,0.809066
test,15208,1,0.137556
test,15209,1,0.726422
test,15210,1,0.536023
test,15211,1,0.948827
test,15212,1,0.870565
test,15213,1,0.828339
test,15214,1,0.989348
test,15215,1,0.965919
test,15216,1,0.992656
test,15217,1,0.804352
test,15218,1,0.979801
test,15219,1,0.219987
test,15220,1,0.773646
test,15221,1,0.947696
test,15222,1,0.776842
test,15223,1,0.317026
test,15224,1,0.965777
test,15225,1,0.907962
test,15226,1,0.456472
test,15227,1,0.928261
test,15228,1,0.263080
test,15229,1,0.938620
test,15230,1,0.895919
test,15231,1,0.646634
test,15232,1,0.391056
test,15233,1,0.214720
test,15234,1,0.533119
test,15235,1,0.690370
test,15236,1,0.721354
test,15237,1,0.914612
test,15238,1,0.169821
test,15239,1,0.861234
test,15240,1,0.658082
test,15241,1,0.504269
test,15242,1,0.854653
test,15243,1,0.919358
test,15244,1,0.840878
test,15245,1,0.749873
test,15246,1,0.765804
test,15247,1,0.764747
test,15248,1,0.606778
test,15249,1,0.763940
test,15250,1,0.462879
test,15251,1,0.993353
test,15252,1,0.949053
test,15253,1,0.984582
test,15254,1,0.365869
test,15255,1,0.877168
test,15256,1,0.485922
test,15257,1,0.742139
test,15258,1,0.863335
test,15259,1,0.769207
test,15260,1,0.880759
test,15261,1,0.924855
test,15262,1,0.905126
test,15263,1,0.716020
test,15264,1,0.827827
test,15265,1,0.801493
test,15266,1,0.952044
test,15267,1,0.841291
test,15268,1,0.685834
test,15269,1,0.898521
test,15270,1,0.562453
test,15271,1,0.642060
test,15272,1,0.895158
test,15273,1,0.536421
test,15274,1,0.639546
test,15275,1,0.485190
test,15276,1,0.445393
test,15277,1,0.807739
test,15278,1,0.966070
test,15279,1,0.565118
test,15280,1,0.896505
test,15281,1,0.786429
test,15282,1,0.764408
test,15283,1,0.845350
test,15284,1,0.671053
test,15285,1,0.503000
test,15286,1,0.771055
test,15287,1,0.941455
test,15288,1,0.819528
test,15289,1,0.445803
test,15290,1,0.926526
test,15291,1,0.810686
test,15292,1,0.778162
test,15293,1,0.890856
test,15294,1,0.679063
test,15295,1,0.799854
test,15296,1,0.913372
test,15297,1,0.820831
test,15298,1,0.350773
test,15299,1,0.887512
test,15300,1,0.626501
test,15301,1,0.973613
test,15302,1,0.873051
test,15303,1,0.603640
test,15304,1,0.724002
test,15305,1,0.847094
test,15306,1,0.872693
test,15307,1,0.504210
test,15308,1,0.829986
test,15309,1,0.941841
test,15310,1,0.434390
test,15311,1,0.659061
test,15312,1,0.593163
test,15313,1,0.650590
test,15314,1,0.900795
test,15315,1,0.754727
test,15316,1,0.838577
test,15317,1,0.976545
test,15318,1,0.876068
test,15319,1,0.653801
test,15320,1,0.908767
test,15321,1,0.507961
test,15322,1,0.698064
test,15323,1,0.647224
test,15324,1,0.481566
test,15325,1,0.907472
test,15326,1,0.760689
test,15327,1,0.508267
test,15328,1,0.705654
test,15329,1,0.579460
test,15330,1,0.150589
test,15331,1,0.652270
test,15332,1,0.323012
test,15333,1,0.202854
test,15334,1,0.901751
test,15335,1,0.806078
test,15336,1,0.948416
test,15337,1,0.883548
test,15338,1,0.831714
test,15339,1,0.995510
test,15340,1,0.962025
test,15341,1,0.603636
test,15342,1,0.875153
test,15343,1,0.773348
test,15344,1,0.573075
test,15345,1,0.972069
test,15346,1,0.830058
test,15347,1,0.557178
test,15348,1,0.946345
test,15349,1,0.741022
test,15350,1,0.594796
test,15351,1,0.972904
test,15352,1,0.836286
test,15353,1,0.716278
test,15354,1,0.575414
test,15355,1,0.925497
test,15356,1,0.912105
test,15357,1,0.574427
test,15358,1,0.870186
test,15359,1,0.552587
test,15360,1,0.907699
test,15361,1,0.458349
test,15362,1,0.920239
test,15363,1,0.924200
test,15364,1,0.753197
test,15365,1,0.942656
test,15366,1,0.856184
test,15367,1,0.462307
test,15368,1,0.228894
test,15369,1,0.911996
test,15370,1,0.959108
test,15371,1,0.895637
test,15372,1,0.859365
test,15373,1,0.278631
test,15374,1,0.929496
test,15375,1,0.899122
test,15376,1,0.963525
test,15377,1,0.872359
test,15378,1,0.433772
test,15379,1,0.497919
test,15380,1,0.628863
test,15381,1,0.399122
test,15382,1,0.270448
test,15383,1,0.384929
test,15384,1,0.701895
test,15385,1,0.275212
test,15386,1,0.850289
test,15387,1,0.470870
test,15388,1,0.422050
test,15389,1,0.271028
test,15390,1,0.833112
test,15391,1,0.565764
test,15392,1,0.696501
test,15393,1,0.451561
test,15394,1,0.514629
test,15395,1,0.404725
test,15396,1,0.353542
test,15397,1,0.716229
test,15398,1,0.538492
test,15399,1,0.379009
test,15400,1,0.839664
test,15401,1,0.714662
test,15402,1,0.745339
test,15403,1,0.588629
test,15404,1,0.454636
test,15405,1,0.662665
test,15406,1,0.561689
test,15407,1,0.496681
test,15408,1,0.753275
test,15409,1,0.704317
test,15410,1,0.678613
test,15411,1,0.435473
test,15412,1,0.587430
test,15413,1,0.412191
test,15414,1,0.853256
test,15415,1,0.923976
test,15416,1,0.080691
test,15417,1,0.699491
test,15418,1,0.955150
test,15419,1,0.667106
test,15420,1,0.892373
test,15421,1,0.786185
test,15422,1,0.708078
test,15423,1,0.807305
test,15424,1,0.886729
test,15425,1,0.776373
test,15426,1,0.948759
test,15427,1,0.779709
test,15428,1,0.737801
test,15429,1,0.715956
test,15430,1,0.172813
test,15431,1,0.250266
test,15432,1,0.987090
test,15433,1,0.938183
test,15434,1,0.972594
test,15435,1,0.632509
test,15436,1,0.438109
test,15437,1,0.450587
test,15438,1,0.958691
test,15439,1,0.964814
test,15440,1,0.274923
test,15441,1,0.804422
test,15442,1,0.142636
test,15443,1,0.741230
test,15444,1,0.706308
test,15445,1,0.887197
test,15446,1,0.964397
test,15447,1,0.755273
test,15448,1,0.553447
test,15449,1,0.901994
test,15450,1,0.498300
test,15451,1,0.950705
test,15452,1,0.949748
test,15453,1,0.601043
test,15454,1,0.817277
test,15455,1,0.779297
test,15456,1,0.777703
test,15457,1,0.854776
test,15458,1,0.971028
test,15459,1,0.569805
test,15460,1,0.880996
test,15461,1,0.711983
test,15462,1,0.935873
test,15463,1,0.869480
test,15464,1,0.941834
test,15465,1,0.660720
test,15466,1,0.896635
test,15467,1,0.980681
test,15468,1,0.914851
test,15469,1,0.865291
test,15470,1,0.952323
test,15471,1,0.872350
test,15472,1,0.777859
test,15473,1,0.890163
test,15474,1,0.919368
test,15475,1,0.921964
test,15476,1,0.890731
test,15477,1,0.463406
test,15478,1,0.750578
test,15479,1,0.534164
test,15480,1,0.754748
test,15481,1,0.655372
test,15482,1,0.959656
test,15483,1,0.716409
test,15484,1,0.752773
test,15485,1,0.660424
test,15486,1,0.816054
test,15487,1,0.413018
test,15488,1,0.815566
test,15489,1,0.513621
test,15490,1,0.883085
test,15491,1,0.746700
test,15492,1,0.575835
test,15493,1,0.306084
test,15494,1,0.622442
test,15495,1,0.352890
test,15496,1,0.840905
test,15497,1,0.965653
test,15498,1,0.772308
test,15499,1,0.230056
test,15500,1,0.403372
test,15501,1,0.760584
test,15502,1,0.606421
test,15503,1,0.744203
test,15504,1,0.924117
test,15505,1,0.267814
test,15506,1,0.906175
test,15507,1,0.876733
test,15508,1,0.721857
test,15509,1,0.755222
test,15510,1,0.962496
test,15511,1,0.860437
test,15512,1,0.968460
test,15513,1,0.685511
test,15514,1,0.843598
test,15515,1,0.753488
test,15516,1,0.598358
test,15517,1,0.399141
test,15518,1,0.474582
test,15519,1,0.766527
test,15520,1,0.898707
test,15521,1,0.835426
test,15522,1,0.869312
test,15523,1,0.650984
test,15524,1,0.241453
test,15525,1,0.870803
test,15526,1,0.617819
test,15527,1,0.757071
test,15528,1,0.227678
test,15529,1,0.970098
test,15530,1,0.242687
test,15531,1,0.950636
test,15532,1,0.879108
test,15533,1,0.893481
test,15534,1,0.902350
test,15535,1,0.847314
test,15536,1,0.910632
test,15537,1,0.664269
test,15538,1,0.834616
test,15539,1,0.877732
test,15540,1,0.728447
test,15541,1,0.892146
test,15542,1,0.880023
test,15543,1,0.977792
test,15544,1,0.728447
test,15545,1,0.990216
test,15546,1,0.958873
test,15547,1,0.473766
test,15548,1,0.866467
test,15549,1,0.929204
test,15550,1,0.478983
test,15551,1,0.345627
test,15552,1,0.958873
test,15553,1,0.473766
test,15554,1,0.833253
test,15555,1,0.946482
test,15556,1,0.789979
test,15557,1,0.850638
test,15558,1,0.597484
test,15559,1,0.556768
test,15560,1,0.981311
test,15561,1,0.848326
test,15562,1,0.922483
test,15563,1,0.960505
test,15564,1,0.554827
test,15565,1,0.859731
test,15566,1,0.954992
test,15567,1,0.949572
test,15568,1,0.217200
test,15569,1,0.958138
test,15570,1,0.457110
test,15571,1,0.847154
test,15572,1,0.611930
test,15573,1,0.904561
test,15574,1,0.850945
test,15575,1,0.408048
test,15576,1,0.838226
test,15577,1,0.765064
test,15578,1,0.923652
test,15579,1,0.882575
test,15580,1,0.640919
test,15581,1,0.918930
test,15582,1,0.557913
test,15583,1,0.962503
test,15584,1,0.398771
test,15585,1,0.974286
test,15586,1,0.731591
test,15587,1,0.900784
test,15588,1,0.738464
test,15589,1,0.933860
test,15590,1,0.916996
test,15591,1,0.905548
test,15592,1,0.893462
test,15593,1,0.952381
test,15594,1,0.741369
test,15595,1,0.761755
test,15596,1,0.851452
test,15597,1,0.953605
test,15598,1,0.732044
test,15599,1,0.902693
test,15600,1,0.774711
test,15601,1,0.921516
test,15602,1,0.814459
test,15603,1,0.914655
test,15604,1,0.602258
test,15605,1,0.362441
test,15606,1,0.312236
test,15607,1,0.332879
test,15608,1,0.533565
test,15609,1,0.791143
test,15610,1,0.791143
test,15611,1,0.533565
test,15612,1,0.679508
test,15613,1,0.845890
test,15614,1,0.784646
test,15615,1,0.634752
test,15616,1,0.745531
test,15617,1,0.797012
test,15618,1,0.842325
test,15619,1,0.753545
test,15620,1,0.876587
test,15621,1,0.769811
test,15622,1,0.284902
test,15623,1,0.892998
test,15624,1,0.368193
test,15625,1,0.914934
test,15626,1,0.874493
test,15627,1,0.682428
test,15628,1,0.589078
test,15629,1,0.932710
test,15630,1,0.867678
test,15631,1,0.817030
test,15632,1,0.850713
test,15633,1,0.903737
test,15634,1,0.836955
test,15635,1,0.874489
test,15636,1,0.939362
test,15637,1,0.974144
test,15638,1,0.725277
test,15639,1,0.890289
test,15640,1,0.966415
test,15641,1,0.907676
test,15642,1,0.707792
test,15643,1,0.905361
test,15644,1,0.979969
test,15645,1,0.904699
test,15646,1,0.769710
test,15647,1,0.714992
test,15648,1,0.793166
test,15649,1,0.846005
test,15650,1,0.801289
test,15651,1,0.636296
test,15652,1,0.932560
test,15653,1,0.964085
test,15654,1,0.691563
test,15655,1,0.963535
test,15656,1,0.988220
test,15657,1,0.969539
test,15658,1,0.944749
test,15659,1,0.620118
test,15660,1,0.842797
test,15661,1,0.779781
test,15662,1,0.923590
test,15663,1,0.835972
test,15664,1,0.842010
test,15665,1,0.569899
test,15666,1,0.834360
test,15667,1,0.295614
test,15668,1,0.298812
test,15669,1,0.742106
test,15670,1,0.756886
test,15671,1,0.808518
test,15672,1,0.905946
test,15673,1,0.715740
test,15674,1,0.640237
test,15675,1,0.813419
test,15676,1,0.700192
test,15677,1,0.746556
test,15678,1,0.687416
test,15679,1,0.854429
test,15680,1,0.726105
test,15681,1,0.880874
test,15682,1,0.680547
test,15683,1,0.842922
test,15684,1,0.690423
test,15685,1,0.879179
test,15686,1,0.525652
test,15687,1,0.598207
test,15688,1,0.922435
test,15689,1,0.768243
test,15690,1,0.822488
test,15691,1,0.658613
test,15692,1,0.908611
test,15693,1,0.923793
test,15694,1,0.779699
test,15695,1,0.964076
test,15696,1,0.342357
test,15697,1,0.924735
test,15698,1,0.588985
test,15699,1,0.960701
test,15700,1,0.745191
test,15701,1,0.295866
test,15702,1,0.873834
test,15703,1,0.341335
test,15704,1,0.905041
test,15705,1,0.479563
test,15706,1,0.803256
test,15707,1,0.592451
test,15708,1,0.519779
test,15709,1,0.725301
test,15710,1,0.378917
test,15711,1,0.580767
test,15712,1,0.592334
test,15713,1,0.611350
test,15714,1,0.912338
test,15715,1,0.957384
test,15716,1,0.316576
test,15717,1,0.695863
test,15718,1,0.521597
test,15719,1,0.812261
test,15720,1,0.478976
test,15721,1,0.975233
test,15722,1,0.939479
test,15723,1,0.981721
test,15724,1,0.925039
test,15725,1,0.748635
test,15726,1,0.618289
test,15727,1,0.901584
test,15728,1,0.972241
test,15729,1,0.712474
test,15730,1,0.899629
test,15731,1,0.871762
test,15732,1,0.847504
test,15733,1,0.865561
test,15734,1,0.908708
test,15735,1,0.579198
test,15736,1,0.898695
test,15737,1,0.898457
test,15738,1,0.994491
test,15739,1,0.731055
test,15740,1,0.352558
test,15741,1,0.684914
test,15742,1,0.634918
test,15743,1,0.367094
test,15744,1,0.411325
test,15745,1,0.657156
test,15746,1,0.628104
test,15747,1,0.818989
test,15748,1,0.958578
test,15749,1,0.966436
test,15750,1,0.879576
test,15751,1,0.969601
test,15752,1,0.261880
test,15753,1,0.913682
test,15754,1,0.691051
test,15755,1,0.700679
test,15756,1,0.848255
test,15757,1,0.881343
test,15758,1,0.729155
test,15759,1,0.742505
test,15760,1,0.792352
test,15761,1,0.810093
test,15762,1,0.849926
test,15763,1,0.839651
test,15764,1,0.794949
test,15765,1,0.524683
test,15766,1,0.860289
test,15767,1,0.932585
test,15768,1,0.893614
test,15769,1,0.815976
test,15770,1,0.950390
test,15771,1,0.231294
test,15772,1,0.690123
test,15773,1,0.378744
test,15774,1,0.666392
test,15775,1,0.747495
test,15776,1,0.756012
test,15777,1,0.908483
test,15778,1,0.936998
test,15779,1,0.997190
test,15780,1,0.285951
test,15781,1,0.817759
test,15782,1,0.984021
test,15783,1,0.175500
test,15784,1,0.864732
test,15785,1,0.784155
test,15786,1,0.812405
test,15787,1,0.637994
test,15788,1,0.803788
test,15789,1,0.915844
test,15790,1,0.397264
test,15791,1,0.701386
test,15792,1,0.775198
test,15793,1,0.914815
test,15794,1,0.939189
test,15795,1,0.318595
test,15796,1,0.791978
test,15797,1,0.802861
test,15798,1,0.516099
test,15799,1,0.931160
test,15800,1,0.921927
test,15801,1,0.983809
test,15802,1,0.719598
test,15803,1,0.823282
test,15804,1,0.228535
test,15805,1,0.715088
test,15806,1,0.672292
test,15807,1,0.940409
test,15808,1,0.888702
test,15809,1,0.964051
test,15810,1,0.528490
test,15811,1,0.831042
test,15812,1,0.794162
test,15813,1,0.930588
test,15814,1,0.369391
test,15815,1,0.864937
test,15816,1,0.786031
test,15817,1,0.970146
test,15818,1,0.977755
test,15819,1,0.929106
test,15820,1,0.831959
test,15821,1,0.947263
test,15822,1,0.617711
test,15823,1,0.888951
test,15824,1,0.717214
test,15825,1,0.935330
test,15826,1,0.577953
test,15827,1,0.964155
test,15828,1,0.808818
test,15829,1,0.958316
test,15830,1,0.836603
test,15831,1,0.942463
test,15832,1,0.995183
test,15833,1,0.759072
test,15834,1,0.232703
test,15835,1,0.992374
test,15836,1,0.628851
test,15837,1,0.985366
test,15838,1,0.910221
test,15839,1,0.978061
test,15840,1,0.859815
test,15841,1,0.868081
test,15842,1,0.801174
test,15843,1,0.973798
test,15844,1,0.710223
test,15845,1,0.412900
test,15846,1,0.583930
test,15847,1,0.459307
test,15848,1,0.674263
test,15849,1,0.936230
test,15850,1,0.656270
test,15851,1,0.814418
test,15852,1,0.801530
test,15853,1,0.892381
test,15854,1,0.664511
test,15855,1,0.418161
test,15856,1,0.830444
test,15857,1,0.980465
test,15858,1,0.254226
test,15859,1,0.877672
test,15860,1,0.808482
test,15861,1,0.690600
test,15862,1,0.353626
test,15863,1,0.737616
test,15864,1,0.860935
test,15865,1,0.274639
test,15866,1,0.781305
test,15867,1,0.750801
test,15868,1,0.763391
test,15869,1,0.739628
test,15870,1,0.671598
test,15871,1,0.435397
test,15872,1,0.824195
test,15873,1,0.939485
test,15874,1,0.965815
test,15875,1,0.965164
test,15876,1,0.942356
test,15877,1,0.587479
test,15878,1,0.989551
test,15879,1,0.886548
test,15880,1,0.942030
test,15881,1,0.798033
test,15882,1,0.841858
test,15883,1,0.981005
test,15884,1,0.960116
test,15885,1,0.958853
test,15886,1,0.934611
test,15887,1,0.889572
test,15888,1,0.985979
test,15889,1,0.968198
test,15890,1,0.925698
test,15891,1,0.969724
test,15892,1,0.951563
test,15893,1,0.908478
test,15894,1,0.848263
test,15895,1,0.790503
test,15896,1,0.957230
test,15897,1,0.989658
test,15898,1,0.990214
test,15899,1,0.946363
test,15900,1,0.970494
test,15901,1,0.979151
test,15902,1,0.945927
test,15903,1,0.847424
test,15904,1,0.928280
test,15905,1,0.599891
test,15906,1,0.913913
test,15907,1,0.637705
test,15908,1,0.655873
test,15909,1,0.132346
test,15910,1,0.668062
test,15911,1,0.575493
test,15912,1,0.291906
test,15913,1,0.578725
test,15914,1,0.441919
test,15915,1,0.719661
test,15916,1,0.431248
test,15917,1,0.675187
test,15918,1,0.956378
test,15919,1,0.781112
test,15920,1,0.828097
test,15921,1,0.877627
test,15922,1,0.972324
test,15923,1,0.949820
test,15924,1,0.462538
test,15925,1,0.491067
test,15926,1,0.824272
test,15927,1,0.573828
test,15928,1,0.527563
test,15929,1,0.703334
test,15930,1,0.545760
test,15931,1,0.736009
test,15932,1,0.731951
test,15933,1,0.475642
test,15934,1,0.995165
test,15935,1,0.518755
test,15936,1,0.850470
test,15937,1,0.583109
test,15938,1,0.994742
test,15939,1,0.724608
test,15940,1,0.902940
test,15941,1,0.883728
test,15942,1,0.336428
test,15943,1,0.876938
test,15944,1,0.759034
test,15945,1,0.557510
test,15946,1,0.440477
test,15947,1,0.777398
test,15948,1,0.454811
test,15949,1,0.865303
test,15950,1,0.776375
test,15951,1,0.640902
test,15952,1,0.581107
test,15953,1,0.368781
test,15954,1,0.858277
test,15955,1,0.968911
test,15956,1,0.892437
test,15957,1,0.905369
test,15958,1,0.686741
test,15959,1,0.938887
test,15960,1,0.631192
test,15961,1,0.927905
test,15962,1,0.880217
test,15963,1,0.706438
test,15964,1,0.705454
test,15965,1,0.792159
test,15966,1,0.567854
test,15967,1,0.878148
test,15968,1,0.714311
test,15969,1,0.202810
test,15970,1,0.942168
test,15971,1,0.543096
test,15972,1,0.889136
test,15973,1,0.697440
test,15974,1,0.933392
test,15975,1,0.535763
test,15976,1,0.908254
test,15977,1,0.710593
test,15978,1,0.912743
test,15979,1,0.615086
test,15980,1,0.951620
test,15981,1,0.792689
test,15982,1,0.816402
test,15983,1,0.706213
test,15984,1,0.726479
test,15985,1,0.870484
test,15986,1,0.675755
test,15987,1,0.822115
test,15988,1,0.762205
test,15989,1,0.902902
test,15990,1,0.875226
test,15991,1,0.459281
test,15992,1,0.504659
test,15993,1,0.688096
test,15994,1,0.744740
test,15995,1,0.848644
test,15996,1,0.730542
test,15997,1,0.606764
test,15998,1,0.989131
test,15999,1,0.829731
test,16000,1,0.694708
test,16001,1,0.218464
test,16002,1,0.569364
test,16003,1,0.908923
test,16004,1,0.764713
test,16005,1,0.982172
test,16006,1,0.875813
test,16007,1,0.693376
test,16008,1,0.786311
test,16009,1,0.654323
test,16010,1,0.239432
test,16011,1,0.652653
test,16012,1,0.982096
test,16013,1,0.590986
test,16014,1,0.717936
test,16015,1,0.788474
test,16016,1,0.843808
test,16017,1,0.294309
test,16018,1,0.285783
test,16019,1,0.633102
test,16020,1,0.893138
test,16021,1,0.889471
test,16022,1,0.843457
test,16023,1,0.191376
test,16024,1,0.463946
test,16025,1,0.792956
test,16026,1,0.832941
test,16027,1,0.639706
test,16028,1,0.562207
test,16029,1,0.573754
test,16030,1,0.928306
test,16031,1,0.835189
test,16032,1,0.928678
test,16033,1,0.953839
test,16034,1,0.872984
test,16035,1,0.274430
test,16036,1,0.696288
test,16037,1,0.271745
test,16038,1,0.914971
test,16039,1,0.374705
test,16040,1,0.347972
test,16041,1,0.550964
test,16042,1,0.698665
test,16043,1,0.355222
test,16044,1,0.200758
test,16045,1,0.388845
test,16046,1,0.184357
test,16047,1,0.328467
test,16048,1,0.100140
test,16049,1,0.537382
test,16050,1,0.620792
test,16051,1,0.773236
test,16052,1,0.897849
test,16053,1,0.808920
test,16054,1,0.291452
test,16055,1,0.797972
test,16056,1,0.931617
test,16057,1,0.434245
test,16058,1,0.730328
test,16059,1,0.787772
test,16060,1,0.941097
test,16061,1,0.754392
test,16062,1,0.950736
test,16063,1,0.740965
test,16064,1,0.706065
test,16065,1,0.992785
test,16066,1,0.766221
test,16067,1,0.632336
test,16068,1,0.793515
test,16069,1,0.980669
test,16070,1,0.828187
test,16071,1,0.852472
test,16072,1,0.916983
test,16073,1,0.764765
test,16074,1,0.873929
test,16075,1,0.727077
test,16076,1,0.717844
test,16077,1,0.712897
test,16078,1,0.913319
test,16079,1,0.969514
test,16080,1,0.914159
test,16081,1,0.982937
test,16082,1,0.826470
test,16083,1,0.873929
test,16084,1,0.878173
test,16085,1,0.813852
test,16086,1,0.899335
test,16087,1,0.825807
test,16088,1,0.812111
test,16089,1,0.509650
test,16090,1,0.850829
test,16091,1,0.132161
test,16092,1,0.973405
test,16093,1,0.939817
test,16094,1,0.863475
test,16095,1,0.925011
test,16096,1,0.662705
test,16097,1,0.278775
test,16098,1,0.738084
test,16099,1,0.669897
test,16100,1,0.207933
test,16101,1,0.925893
test,16102,1,0.931549
test,16103,1,0.767529
test,16104,1,0.758524
test,16105,1,0.416417
test,16106,1,0.671143
test,16107,1,0.575388
test,16108,1,0.836491
test,16109,1,0.925702
test,16110,1,0.709279
test,16111,1,0.954653
test,16112,1,0.892043
test,16113,1,0.747186
test,16114,1,0.654458
test,16115,1,0.852492
test,16116,1,0.845898
test,16117,1,0.900635
test,16118,1,0.896215
test,16119,1,0.853495
test,16120,1,0.723294
test,16121,1,0.770946
test,16122,1,0.640821
test,16123,1,0.908852
test,16124,1,0.898321
test,16125,1,0.855974
test,16126,1,0.070962
test,16127,1,0.869374
test,16128,1,0.397362
test,16129,1,0.839062
test,16130,1,0.723392
test,16131,1,0.978497
test,16132,1,0.985640
test,16133,1,0.932767
test,16134,1,0.908920
test,16135,1,0.966173
test,16136,1,0.828685
test,16137,1,0.951916
test,16138,1,0.852246
test,16139,1,0.963334
test,16140,1,0.961317
test,16141,1,0.710765
test,16142,1,0.974118
test,16143,1,0.933841
test,16144,1,0.951929
test,16145,1,0.504022
test,16146,1,0.444657
test,16147,1,0.477623
test,16148,1,0.631446
test,16149,1,0.998555
test,16150,1,0.150981
test,16151,1,0.351890
test,16152,1,0.824356
test,16153,1,0.325671
test,16154,1,0.545550
test,16155,1,0.948813
test,16156,1,0.927123
test,16157,1,0.952755
test,16158,1,0.778235
test,16159,1,0.847358
test,16160,1,0.913850
test,16161,1,0.681225
test,16162,1,0.894727
test,16163,1,0.949619
test,16164,1,0.623417
test,16165,1,0.407194
test,16166,1,0.873682
test,16167,1,0.687222
test,16168,1,0.709275
test,16169,1,0.888296
test,16170,1,0.789612
test,16171,1,0.698170
test,16172,1,0.934335
test,16173,1,0.167498
test,16174,1,0.374194
test,16175,1,0.303329
test,16176,1,0.910026
test,16177,1,0.854557
test,16178,1,0.832718
test,16179,1,0.839115
test,16180,1,0.780021
test,16181,1,0.936369
test,16182,1,0.822996
test,16183,1,0.932497
test,16184,1,0.914439
test,16185,1,0.308836
test,16186,1,0.603839
test,16187,1,0.877003
test,16188,1,0.975016
test,16189,1,0.806762
test,16190,1,0.899613
test,16191,1,0.523005
test,16192,1,0.593653
test,16193,1,0.997319
test,16194,1,0.988844
test,16195,1,0.884766
test,16196,1,0.537773
test,16197,1,0.893897
test,16198,1,0.996012
test,16199,1,0.891574
test,16200,1,0.938930
test,16201,1,0.940813
test,16202,1,0.930008
test,16203,1,0.759480
test,16204,1,0.943138
test,16205,1,0.676658
test,16206,1,0.989592
test,16207,1,0.877794
test,16208,1,0.946518
test,16209,1,0.839054
test,16210,1,0.952591
test,16211,1,0.383959
test,16212,1,0.981076
test,16213,1,0.862489
test,16214,1,0.970236
test,16215,1,0.975322
test,16216,1,0.606615
test,16217,1,0.945502
test,16218,1,0.825110
test,16219,1,0.651568
test,16220,1,0.980448
test,16221,1,0.780254
test,16222,1,0.889973
test,16223,1,0.636346
test,16224,1,0.347010
test,16225,1,0.789948
test,16226,1,0.837586
test,16227,1,0.684624
test,16228,1,0.392087
test,16229,1,0.869184
test,16230,1,0.572354
test,16231,1,0.834566
test,16232,1,0.902922
test,16233,1,0.901402
test,16234,1,0.779443
test,16235,1,0.287812
test,16236,1,0.874775
test,16237,1,0.092364
test,16238,1,0.648031
test,16239,1,0.382242
test,16240,1,0.748382
test,16241,1,0.461488
test,16242,1,0.981257
test,16243,1,0.850172
test,16244,1,0.933228
test,16245,1,0.478329
test,16246,1,0.758549
test,16247,1,0.684740
test,16248,1,0.821158
test,16249,1,0.394163
test,16250,1,0.466541
test,16251,1,0.977107
test,16252,1,0.828050
test,16253,1,0.732388
test,16254,1,0.823828
test,16255,1,0.679602
test,16256,1,0.869444
test,16257,1,0.601309
test,16258,1,0.974733
test,16259,1,0.776378
test,16260,1,0.620382
test,16261,1,0.843689
test,16262,1,0.947591
test,16263,1,0.805340
test,16264,1,0.979959
test,16265,1,0.961771
test,16266,1,0.694781
test,16267,1,0.646013
test,16268,1,0.852731
test,16269,1,0.717546
test,16270,1,0.621116
test,16271,1,0.671386
test,16272,1,0.730700
test,16273,1,0.661383
test,16274,1,0.588647
test,16275,1,0.522883
test,16276,1,0.736657
test,16277,1,0.910640
test,16278,1,0.719987
test,16279,1,0.685108
test,16280,1,0.699801
test,16281,1,0.473420
test,16282,1,0.747198
test,16283,1,0.617108
test,16284,1,0.471519
test,16285,1,0.659380
test,16286,1,0.261103
test,16287,1,0.323170
test,16288,1,0.301207
test,16289,1,0.898822
test,16290,1,0.406414
test,16291,1,0.251336
test,16292,1,0.330988
test,16293,1,0.607495
test,16294,1,0.877937
test,16295,1,0.860028
test,16296,1,0.771172
test,16297,1,0.735346
test,16298,1,0.591657
test,16299,1,0.264379
test,16300,1,0.857997
test,16301,1,0.842706
test,16302,1,0.887876
test,16303,1,0.855729
test,16304,1,0.448490
test,16305,1,0.666783
test,16306,1,0.247002
test,16307,1,0.761782
test,16308,1,0.933322
test,16309,1,0.920919
test,16310,1,0.896731
test,16311,1,0.876212
test,16312,1,0.954211
test,16313,1,0.862776
test,16314,1,0.954151
test,16315,1,0.802622
test,16316,1,0.943043
test,16317,1,0.899619
test,16318,1,0.725284
test,16319,1,0.725216
test,16320,1,0.961046
test,16321,1,0.729484
test,16322,1,0.788450
test,16323,1,0.890212
test,16324,1,0.992364
test,16325,1,0.330721
test,16326,1,0.499392
test,16327,1,0.925483
test,16328,1,0.864455
test,16329,1,0.920764
test,16330,1,0.527153
test,16331,1,0.901606
test,16332,1,0.894620
test,16333,1,0.382087
test,16334,1,0.907363
test,16335,1,0.936036
test,16336,1,0.988035
test,16337,1,0.837956
test,16338,1,0.989175
test,16339,1,0.928169
test,16340,1,0.437266
test,16341,1,0.344777
test,16342,1,0.695979
test,16343,1,0.676610
test,16344,1,0.510062
test,16345,1,0.409416
test,16346,1,0.658993
test,16347,1,0.738412
test,16348,1,0.983556
test,16349,1,0.780142
test,16350,1,0.995426
test,16351,1,0.979979
test,16352,1,0.985093
test,16353,1,0.676926
test,16354,1,0.805482
test,16355,1,0.989426
test,16356,1,0.985929
test,16357,1,0.744314
test,16358,1,0.858652
test,16359,1,0.686085
test,16360,1,0.627151
test,16361,1,0.814067
test,16362,1,0.730393
test,16363,1,0.775136
test,16364,1,0.503136
test,16365,1,0.717407
test,16366,1,0.588944
test,16367,1,0.988194
test,16368,1,0.947879
test,16369,1,0.747051
test,16370,1,0.867053
test,16371,1,0.904874
test,16372,1,0.661375
test,16373,1,0.521770
test,16374,1,0.623612
test,16375,1,0.153295
test,16376,1,0.679454
test,16377,1,0.698038
test,16378,1,0.478280
test,16379,1,0.178062
test,16380,1,0.635915
test,16381,1,0.623944
test,16382,1,0.338090
test,16383,1,0.288172
test,16384,1,0.627006
test,16385,1,0.486766
test,16386,1,0.543004
test,16387,1,0.172673
test,16388,1,0.680010
test,16389,1,0.793170
test,16390,1,0.873496
test,16391,1,0.439848
test,16392,1,0.239264
test,16393,1,0.423710
test,16394,1,0.119976
test,16395,1,0.417607
test,16396,1,0.878989
test,16397,1,0.141577
test,16398,1,0.551536
test,16399,1,0.916846
test,16400,1,0.887205
test,16401,1,0.582162
test,16402,1,0.739687
test,16403,1,0.932229
test,16404,1,0.866706
test,16405,1,0.782912
test,16406,1,0.885128
test,16407,1,0.955937
test,16408,1,0.980066
test,16409,1,0.977516
test,16410,1,0.967560
test,16411,1,0.238692
test,16412,1,0.362347
test,16413,1,0.984202
test,16414,1,0.964678
test,16415,1,0.472849
test,16416,1,0.970260
test,16417,1,0.980840
test,16418,1,0.771142
test,16419,1,0.934080
test,16420,1,0.943984
test,16421,1,0.826517
test,16422,1,0.532278
test,16423,1,0.995433
test,16424,1,0.790617
test,16425,1,0.456635
test,16426,1,0.755265
test,16427,1,0.631974
test,16428,1,0.715708
test,16429,1,0.885423
test,16430,1,0.692474
test,16431,1,0.758133
test,16432,1,0.872388
test,16433,1,0.359664
test,16434,1,0.239206
test,16435,1,0.632009
test,16436,1,0.968791
test,16437,1,0.541171
test,16438,1,0.594527
test,16439,1,0.858042
test,16440,1,0.480096
test,16441,1,0.899883
test,16442,1,0.671239
test,16443,1,0.977990
test,16444,1,0.929595
test,16445,1,0.964691
test,16446,1,0.598405
test,16447,1,0.882319
test,16448,1,0.627502
test,16449,1,0.595787
test,16450,1,0.918355
test,16451,1,0.868206
test,16452,1,0.973363
test,16453,1,0.711187
test,16454,1,0.858680
test,16455,1,0.767535
test,16456,1,0.920334
test,16457,1,0.851972
test,16458,1,0.955417
test,16459,1,0.936447
test,16460,1,0.755974
test,16461,1,0.914379
test,16462,1,0.784773
test,16463,1,0.849732
test,16464,1,0.766916
test,16465,1,0.906496
test,16466,1,0.612609
test,16467,1,0.866296
test,16468,1,0.705696
test,16469,1,0.843319
test,16470,1,0.596224
test,16471,1,0.974111
test,16472,1,0.685188
test,16473,1,0.591476
test,16474,1,0.821062
test,16475,1,0.986079
test,16476,1,0.967045
test,16477,1,0.719529
test,16478,1,0.519145
test,16479,1,0.872755
test,16480,1,0.753450
test,16481,1,0.933996
test,16482,1,0.561374
test,16483,1,0.521093
test,16484,1,0.702786
test,16485,1,0.528689
test,16486,1,0.863543
test,16487,1,0.778466
test,16488,1,0.575576
test,16489,1,0.320670
test,16490,1,0.725218
test,16491,1,0.854639
test,16492,1,0.832553
test,16493,1,0.955684
test,16494,1,0.763254
test,16495,1,0.801436
test,16496,1,0.156831
test,16497,1,0.475199
test,16498,1,0.666384
test,16499,1,0.754582
test,16500,1,0.428275
test,16501,1,0.913211
test,16502,1,0.545592
test,16503,1,0.446518
test,16504,1,0.748729
test,16505,1,0.964059
test,16506,1,0.901527
test,16507,1,0.981859
test,16508,1,0.974840
test,16509,1,0.911513
test,16510,1,0.542449
test,16511,1,0.414872
test,16512,1,0.478110
test,16513,1,0.936680
test,16514,1,0.926932
test,16515,1,0.833688
test,16516,1,0.906005
test,16517,1,0.989865
test,16518,1,0.553948
test,16519,1,0.863084
test,16520,1,0.877056
test,16521,1,0.969667
test,16522,1,0.550911
test,16523,1,0.903446
test,16524,1,0.905733
test,16525,1,0.653699
test,16526,1,0.944384
test,16527,1,0.229785
test,16528,1,0.867806
test,16529,1,0.903267
test,16530,1,0.832260
test,16531,1,0.486560
test,16532,1,0.671947
test,16533,1,0.566791
test,16534,1,0.970357
test,16535,1,0.902693
test,16536,1,0.997856
test,16537,1,0.792273
test,16538,1,0.983259
test,16539,1,0.839447
test,16540,1,0.348883
test,16541,1,0.451786
test,16542,1,0.514142
test,16543,1,0.526332
test,16544,1,0.351026
test,16545,1,0.988935
test,16546,1,0.945349
test,16547,1,0.979705
test,16548,1,0.966817
test,16549,1,0.786091
test,16550,1,0.733173
test,16551,1,0.980136
test,16552,1,0.989581
test,16553,1,0.689283
test,16554,1,0.807996
test,16555,1,0.957653
test,16556,1,0.568038
test,16557,1,0.494165
test,16558,1,0.799573
test,16559,1,0.538452
test,16560,1,0.672681
test,16561,1,0.913632
test,16562,1,0.941866
test,16563,1,0.877245
test,16564,1,0.939304
test,16565,1,0.604314
test,16566,1,0.952919
test,16567,1,0.944400
test,16568,1,0.869792
test,16569,1,0.823207
test,16570,1,0.868624
test,16571,1,0.637165
test,16572,1,0.514518
test,16573,1,0.988160
test,16574,1,0.884361
test,16575,1,0.806394
test,16576,1,0.993650
test,16577,1,0.540877
test,16578,1,0.742020
test,16579,1,0.899632
test,16580,1,0.191772
test,16581,1,0.237136
test,16582,1,0.475015
test,16583,1,0.446589
test,16584,1,0.190586
test,16585,1,0.583645
test,16586,1,0.617443
test,16587,1,0.522077
test,16588,1,0.336096
test,16589,1,0.480979
test,16590,1,0.855305
test,16591,1,0.571049
test,16592,1,0.450290
test,16593,1,0.468192
test,16594,1,0.161826
test,16595,1,0.458384
test,16596,1,0.971214
test,16597,1,0.549620
test,16598,1,0.415271
test,16599,1,0.161316
test,16600,1,0.708762
test,16601,1,0.769333
test,16602,1,0.866558
test,16603,1,0.585741
test,16604,1,0.512230
test,16605,1,0.636927
test,16606,1,0.783830
test,16607,1,0.495494
test,16608,1,0.618915
test,16609,1,0.962217
test,16610,1,0.944395
test,16611,1,0.790879
test,16612,1,0.662292
test,16613,1,0.883413
test,16614,1,0.545743
test,16615,1,0.933728
test,16616,1,0.891400
test,16617,1,0.853613
test,16618,1,0.830077
test,16619,1,0.679152
test,16620,1,0.949536
test,16621,1,0.539622
test,16622,1,0.715179
test,16623,1,0.418120
test,16624,1,0.662612
test,16625,1,0.683201
test,16626,1,0.580454
test,16627,1,0.354301
test,16628,1,0.173887
test,16629,1,0.747838
test,16630,1,0.543276
test,16631,1,0.734686
test,16632,1,0.504302
test,16633,1,0.507286
test,16634,1,0.562382
test,16635,1,0.605606
test,16636,1,0.595908
test,16637,1,0.770535
test,16638,1,0.859081
test,16639,1,0.616019
test,16640,1,0.545747
test,16641,1,0.960049
test,16642,1,0.570471
test,16643,1,0.917391
test,16644,1,0.631073
test,16645,1,0.944968
test,16646,1,0.509351
test,16647,1,0.884541
test,16648,1,0.485502
test,16649,1,0.793009
test,16650,1,0.904972
test,16651,1,0.620762
test,16652,1,0.948627
test,16653,1,0.699113
test,16654,1,0.826536
test,16655,1,0.949929
test,16656,1,0.826910
test,16657,1,0.821421
test,16658,1,0.692293
test,16659,1,0.897877
test,16660,1,0.850554
test,16661,1,0.598819
test,16662,1,0.688077
test,16663,1,0.891696
test,16664,1,0.869019
test,16665,1,0.851017
test,16666,1,0.987283
test,16667,1,0.657089
test,16668,1,0.791442
test,16669,1,0.328761
test,16670,1,0.653615
test,16671,1,0.655364
test,16672,1,0.645425
test,16673,1,0.530135
test,16674,1,0.564479
test,16675,1,0.754195
test,16676,1,0.830060
test,16677,1,0.783196
test,16678,1,0.834875
test,16679,1,0.524344
test,16680,1,0.780397
test,16681,1,0.974460
test,16682,1,0.988181
test,16683,1,0.920006
test,16684,1,0.865070
test,16685,1,0.450451
test,16686,1,0.800148
test,16687,1,0.787151
test,16688,1,0.931676
test,16689,1,0.796428
test,16690,1,0.841295
test,16691,1,0.846726
test,16692,1,0.934263
test,16693,1,0.883471
test,16694,1,0.975204
test,16695,1,0.511111
test,16696,1,0.923498
test,16697,1,0.862950
test,16698,1,0.745257
test,16699,1,0.403343
test,16700,1,0.716354
test,16701,1,0.623853
test,16702,1,0.951064
test,16703,1,0.619621
test,16704,1,0.918846
test,16705,1,0.935030
test,16706,1,0.850104
test,16707,1,0.837389
test,16708,1,0.970853
test,16709,1,0.494420
test,16710,1,0.858403
test,16711,1,0.731812
test,16712,1,0.962119
test,16713,1,0.843375
test,16714,1,0.938976
test,16715,1,0.360433
test,16716,1,0.620888
test,16717,1,0.965548
test,16718,1,0.973830
test,16719,1,0.558406
test,16720,1,0.346350
test,16721,1,0.878736
test,16722,1,0.907372
test,16723,1,0.805965
test,16724,1,0.953395
test,16725,1,0.930245
test,16726,1,0.497673
test,16727,1,0.512467
test,16728,1,0.676640
test,16729,1,0.804041
test,16730,1,0.382940
test,16731,1,0.916351
test,16732,1,0.213244
test,16733,1,0.306570
test,16734,1,0.146650
test,16735,1,0.392552
test,16736,1,0.653054
test,16737,1,0.790205
test,16738,1,0.175051
test,16739,1,0.635911
test,16740,1,0.312254
test,16741,1,0.551466
test,16742,1,0.575270
test,16743,1,0.749742
test,16744,1,0.695991
test,16745,1,0.930853
test,16746,1,0.826879
test,16747,1,0.699324
test,16748,1,0.319758
test,16749,1,0.404739
test,16750,1,0.924576
test,16751,1,0.822039
test,16752,1,0.671798
test,16753,1,0.946715
test,16754,1,0.247074
test,16755,1,0.349626
test,16756,1,0.887237
test,16757,1,0.831698
test,16758,1,0.702065
test,16759,1,0.203457
test,16760,1,0.564480
test,16761,1,0.264355
test,16762,1,0.747730
test,16763,1,0.739661
test,16764,1,0.051702
test,16765,1,0.771603
test,16766,1,0.821137
test,16767,1,0.750242
test,16768,1,0.842300
test,16769,1,0.970565
test,16770,1,0.925801
test,16771,1,0.891309
test,16772,1,0.634050
test,16773,1,0.896230
test,16774,1,0.213112
test,16775,1,0.938035
test,16776,1,0.816782
test,16777,1,0.969952
test,16778,1,0.633138
test,16779,1,0.880869
test,16780,1,0.843209
test,16781,1,0.471299
test,16782,1,0.871004
test,16783,1,0.676986
test,16784,1,0.949853
test,16785,1,0.395465
test,16786,1,0.969145
test,16787,1,0.386001
test,16788,1,0.569152
test,16789,1,0.868291
test,16790,1,0.781219
test,16791,1,0.685065
test,16792,1,0.485264
test,16793,1,0.254624
test,16794,1,0.627727
test,16795,1,0.905753
test,16796,1,0.570389
test,16797,1,0.938350
test,16798,1,0.788914
test,16799,1,0.959538
test,16800,1,0.676816
test,16801,1,0.675994
test,16802,1,0.910266
test,16803,1,0.937656
test,16804,1,0.850190
test,16805,1,0.703659
test,16806,1,0.877526
test,16807,1,0.788695
test,16808,1,0.878074
test,16809,1,0.930268
test,16810,1,0.765916
test,16811,1,0.443160
test,16812,1,0.758394
test,16813,1,0.672498
test,16814,1,0.140697
test,16815,1,0.533371
test,16816,1,0.986951
test,16817,1,0.670376
test,16818,1,0.878362
test,16819,1,0.704057
test,16820,1,0.881551
test,16821,1,0.690511
test,16822,1,0.472999
test,16823,1,0.306327
test,16824,1,0.897658
test,16825,1,0.426263
test,16826,1,0.566528
test,16827,1,0.533457
test,16828,1,0.761702
test,16829,1,0.087211
test,16830,1,0.990042
test,16831,1,0.618166
test,16832,1,0.475092
test,16833,1,0.397440
test,16834,1,0.649261
test,16835,1,0.941829
test,16836,1,0.925853
test,16837,1,0.591065
test,16838,1,0.713067
test,16839,1,0.576065
test,16840,1,0.666823
test,16841,1,0.847359
test,16842,1,0.312219
test,16843,1,0.802783
test,16844,1,0.899748
test,16845,1,0.535520
test,16846,1,0.117663
test,16847,1,0.539725
test,16848,1,0.815439
test,16849,1,0.991897
test,16850,1,0.587662
test,16851,1,0.976147
test,16852,1,0.798294
test,16853,1,0.962297
test,16854,1,0.666357
test,16855,1,0.597970
test,16856,1,0.977353
test,16857,1,0.864700
test,16858,1,0.580696
test,16859,1,0.773749
test,16860,1,0.999889
test,16861,1,0.813293
test,16862,1,0.571652
test,16863,1,0.717690
test,16864,1,0.559983
test,16865,1,0.813928
test,16866,1,0.839050
test,16867,1,0.710648
test,16868,1,0.556857
test,16869,1,0.708426
test,16870,1,0.966632
test,16871,1,0.697160
test,16872,1,0.764350
test,16873,1,0.507828
test,16874,1,0.801070
test,16875,1,0.986570
test,16876,1,0.678835
test,16877,1,0.720417
test,16878,1,0.970188
test,16879,1,0.849287
test,16880,1,0.888776
test,16881,1,0.976006
test,16882,1,0.798661
test,16883,1,0.828638
test,16884,1,0.639540
test,16885,1,0.534198
test,16886,1,0.616046
test,16887,1,0.750666
test,16888,1,0.658492
test,16889,1,0.701589
test,16890,1,0.906536
test,16891,1,0.723937
test,16892,1,0.958547
test,16893,1,0.933916
test,16894,1,0.961613
test,16895,1,0.951438
test,16896,1,0.887426
test,16897,1,0.936970
test,16898,1,0.941324
test,16899,1,0.990145
test,16900,1,0.925054
test,16901,1,0.826346
test,16902,1,0.788528
test,16903,1,0.999931
test,16904,1,0.925388
test,16905,1,0.952396
test,16906,1,0.915920
test,16907,1,0.730831
test,16908,1,0.995497
test,16909,1,0.951827
test,16910,1,0.975787
test,16911,1,0.951827
test,16912,1,0.951827
test,16913,1,0.951827
test,16914,1,0.951827
test,16915,1,0.597648
test,16916,1,0.476647
test,16917,1,0.154908
test,16918,1,0.487765
test,16919,1,0.693553
test,16920,1,0.580373
test,16921,1,0.909401
test,16922,1,0.823921
test,16923,1,0.807076
test,16924,1,0.901356
test,16925,1,0.721462
test,16926,1,0.478874
test,16927,1,0.550476
test,16928,1,0.715303
test,16929,1,0.815646
test,16930,1,0.611512
test,16931,1,0.908422
test,16932,1,0.891707
test,16933,1,0.878959
test,16934,1,0.941068
test,16935,1,0.958466
test,16936,1,0.963718
test,16937,1,0.917522
test,16938,1,0.934528
test,16939,1,0.899492
test,16940,1,0.424680
test,16941,1,0.898975
test,16942,1,0.789571
test,16943,1,0.387749
test,16944,1,0.995733
test,16945,1,0.768292
test,16946,1,0.608075
test,16947,1,0.744347
test,16948,1,0.936955
test,16949,1,0.207934
test,16950,1,0.829756
test,16951,1,0.906139
test,16952,1,0.925814
test,16953,1,0.828311
test,16954,1,0.457179
test,16955,1,0.901586
test,16956,1,0.833701
test,16957,1,0.825923
test,16958,1,0.839521
test,16959,1,0.479376
test,16960,1,0.583109
test,16961,1,0.797523
test,16962,1,0.887309
test,16963,1,0.850626
test,16964,1,0.808758
test,16965,1,0.481993
test,16966,1,0.526985
test,16967,1,0.850151
test,16968,1,0.732164
test,16969,1,0.899851
test,16970,1,0.844310
test,16971,1,0.789448
test,16972,1,0.654438
test,16973,1,0.944725
test,16974,1,0.828657
test,16975,1,0.838619
test,16976,1,0.893731
test,16977,1,0.980292
test,16978,1,0.779063
test,16979,1,0.553949
test,16980,1,0.722997
test,16981,1,0.719873
test,16982,1,0.617517
test,16983,1,0.939278
test,16984,1,0.438969
test,16985,1,0.389109
test,16986,1,0.347080
test,16987,1,0.374682
test,16988,1,0.345634
test,16989,1,0.599446
test,16990,1,0.413456
test,16991,1,0.237599
test,16992,1,0.361363
test,16993,1,0.392571
test,16994,1,0.444536
test,16995,1,0.593278
test,16996,1,0.178134
test,16997,1,0.865569
test,16998,1,0.272430
test,16999,1,0.213442
test,17000,1,0.215126
test,17001,1,0.566390
test,17002,1,0.242668
test,17003,1,0.759087
test,17004,1,0.354316
test,17005,1,0.618852
test,17006,1,0.947095
test,17007,1,0.527590
test,17008,1,0.874758
test,17009,1,0.875868
test,17010,1,0.242336
test,17011,1,0.504399
test,17012,1,0.922135
test,17013,1,0.689490
test,17014,1,0.353529
test,17015,1,0.907484
test,17016,1,0.872768
test,17017,1,0.385933
test,17018,1,0.996490
test,17019,1,0.982241
test,17020,1,0.446202
test,17021,1,0.819619
test,17022,1,0.708836
test,17023,1,0.849309
test,17024,1,0.768237
test,17025,1,0.793760
test,17026,1,0.812180
test,17027,1,0.729057
test,17028,1,0.483931
test,17029,1,0.937843
test,17030,1,0.845508
test,17031,1,0.816974
test,17032,1,0.780271
test,17033,1,0.809709
test,17034,1,0.963694
test,17035,1,0.308645
test,17036,1,0.957077
test,17037,1,0.839018
test,17038,1,0.931318
test,17039,1,0.793934
test,17040,1,0.857414
test,17041,1,0.910580
test,17042,1,0.526370
test,17043,1,0.746100
test,17044,1,0.842932
test,17045,1,0.835310
test,17046,1,0.884082
test,17047,1,0.887818
test,17048,1,0.673321
test,17049,1,0.391692
test,17050,1,0.937595
test,17051,1,0.867946
test,17052,1,0.960264
test,17053,1,0.241968
test,17054,1,0.652214
test,17055,1,0.881894
test,17056,1,0.685575
test,17057,1,0.569275
test,17058,1,0.407785
test,17059,1,0.716319
test,17060,1,0.600785
test,17061,1,0.646081
test,17062,1,0.818174
test,17063,1,0.175486
test,17064,1,0.819630
test,17065,1,0.876273
test,17066,1,0.519963
test,17067,1,0.943746
test,17068,1,0.897298
test,17069,1,0.715768
test,17070,1,0.846781
test,17071,1,0.929555
test,17072,1,0.974727
test,17073,1,0.953901
test,17074,1,0.491255
test,17075,1,0.642817
test,17076,1,0.980233
test,17077,1,0.809043
test,17078,1,0.909771
test,17079,1,0.619248
test,17080,1,0.603684
test,17081,1,0.535701
test,17082,1,0.949929
test,17083,1,0.804039
test,17084,1,0.999236
test,17085,1,0.761379
test,17086,1,0.897857
test,17087,1,0.866600
test,17088,1,0.755754
test,17089,1,0.860288
test,17090,1,0.751582
test,17091,1,0.803018
test,17092,1,0.896529
test,17093,1,0.652552
test,17094,1,0.726506
test,17095,1,0.555802
test,17096,1,0.898883
test,17097,1,0.924540
test,17098,1,0.526410
test,17099,1,0.585203
test,17100,1,0.932963
test,17101,1,0.468731
test,17102,1,0.891954
test,17103,1,0.718962
test,17104,1,0.134413
test,17105,1,0.975698
test,17106,1,0.942120
test,17107,1,0.840578
test,17108,1,0.303339
test,17109,1,0.482127
test,17110,1,0.889684
test,17111,1,0.528502
test,17112,1,0.529586
test,17113,1,0.906732
test,17114,1,0.981716
test,17115,1,0.786038
test,17116,1,0.344419
test,17117,1,0.718710
test,17118,1,0.946131
test,17119,1,0.981468
test,17120,1,0.836434
test,17121,1,0.944153
test,17122,1,0.818467
test,17123,1,0.859400
test,17124,1,0.822232
test,17125,1,0.453033
test,17126,1,0.973450
test,17127,1,0.953397
test,17128,1,0.538552
test,17129,1,0.564313
test,17130,1,0.754014
test,17131,1,0.945599
test,17132,1,0.814519
test,17133,1,0.993018
test,17134,1,0.732045
test,17135,1,0.568926
test,17136,1,0.416354
test,17137,1,0.431326
test,17138,1,0.843603
test,17139,1,0.960841
test,17140,1,0.807951
test,17141,1,0.766622
test,17142,1,0.986813
test,17143,1,0.366387
test,17144,1,0.887044
test,17145,1,0.948142
test,17146,1,0.752414
test,17147,1,0.785370
test,17148,1,0.890356
test,17149,1,0.692963
test,17150,1,0.995041
test,17151,1,0.367497
test,17152,1,0.887044
test,17153,1,0.940732
test,17154,1,0.763802
test,17155,1,0.918539
test,17156,1,0.837951
test,17157,1,0.623684
test,17158,1,0.770312
test,17159,1,0.141924
test,17160,1,0.699409
test,17161,1,0.579372
test,17162,1,0.906381
test,17163,1,0.414409
test,17164,1,0.753607
test,17165,1,0.677146
test,17166,1,0.390135
test,17167,1,0.894938
test,17168,1,0.712540
test,17169,1,0.336931
test,17170,1,0.117963
test,17171,1,0.834835
test,17172,1,0.964896
test,17173,1,0.911302
test,17174,1,0.448650
test,17175,1,0.211453
test,17176,1,0.258340
test,17177,1,0.502467
test,17178,1,0.438594
test,17179,1,0.875898
test,17180,1,0.706386
test,17181,1,0.773215
test,17182,1,0.570174
test,17183,1,0.980350
test,17184,1,0.261996
test,17185,1,0.276737
test,17186,1,0.879076
test,17187,1,0.638017
test,17188,1,0.918019
test,17189,1,0.789129
test,17190,1,0.338894
test,17191,1,0.885174
test,17192,1,0.885174
test,17193,1,0.885174
test,17194,1,0.941216
test,17195,1,0.580688
test,17196,1,0.910688
test,17197,1,0.786146
test,17198,1,0.692232
test,17199,1,0.442805
test,17200,1,0.747625
test,17201,1,0.891794
test,17202,1,0.937083
test,17203,1,0.972326
test,17204,1,0.713815
test,17205,1,0.990778
test,17206,1,0.568090
test,17207,1,0.764318
test,17208,1,0.418454
test,17209,1,0.768618
test,17210,1,0.885174
test,17211,1,0.672908
test,17212,1,0.624332
test,17213,1,0.848862
test,17214,1,0.729661
test,17215,1,0.707922
test,17216,1,0.918065
test,17217,1,0.957513
test,17218,1,0.882863
test,17219,1,0.761919
test,17220,1,0.504747
test,17221,1,0.252949
test,17222,1,0.681471
test,17223,1,0.283428
test,17224,1,0.920651
test,17225,1,0.730576
test,17226,1,0.693124
test,17227,1,0.794730
test,17228,1,0.885295
test,17229,1,0.996083
test,17230,1,0.168884
test,17231,1,0.840584
test,17232,1,0.963707
test,17233,1,0.954529
test,17234,1,0.991917
test,17235,1,0.713924
test,17236,1,0.486473
test,17237,1,0.843066
test,17238,1,0.639809
test,17239,1,0.909159
test,17240,1,0.659874
test,17241,1,0.726397
test,17242,1,0.822550
test,17243,1,0.249161
test,17244,1,0.965668
test,17245,1,0.424026
test,17246,1,0.902294
test,17247,1,0.623474
test,17248,1,0.930584
test,17249,1,0.998061
test,17250,1,0.661937
test,17251,1,0.547493
test,17252,1,0.975468
test,17253,1,0.825383
test,17254,1,0.893716
test,17255,1,0.286933
test,17256,1,0.992905
test,17257,1,0.812538
test,17258,1,0.846871
test,17259,1,0.892116
test,17260,1,0.870520
test,17261,1,0.992660
test,17262,1,0.530359
test,17263,1,0.583788
test,17264,1,0.659298
test,17265,1,0.717733
test,17266,1,0.398803
test,17267,1,0.704775
test,17268,1,0.447462
test,17269,1,0.499313
test,17270,1,0.264870
test,17271,1,0.309913
test,17272,1,0.391274
test,17273,1,0.109831
test,17274,1,0.755239
test,17275,1,0.412349
test,17276,1,0.777884
test,17277,1,0.449757
test,17278,1,0.370293
test,17279,1,0.778001
test,17280,1,0.793195
test,17281,1,0.847911
test,17282,1,0.842845
test,17283,1,0.952377
test,17284,1,0.529617
test,17285,1,0.769839
test,17286,1,0.591230
test,17287,1,0.737751
test,17288,1,0.734994
test,17289,1,0.542361
test,17290,1,0.911434
test,17291,1,0.852036
test,17292,1,0.781653
test,17293,1,0.942155
test,17294,1,0.972286
test,17295,1,0.773767
test,17296,1,0.849141
test,17297,1,0.876058
test,17298,1,0.950542
test,17299,1,0.201887
test,17300,1,0.927773
test,17301,1,0.787651
test,17302,1,0.955290
test,17303,1,0.956157
test,17304,1,0.831318
test,17305,1,0.559035
test,17306,1,0.743778
test,17307,1,0.885270
test,17308,1,0.982762
test,17309,1,0.801348
test,17310,1,0.805464
test,17311,1,0.913654
test,17312,1,0.873181
test,17313,1,0.183245
test,17314,1,0.901771
test,17315,1,0.956236
test,17316,1,0.471761
test,17317,1,0.810966
test,17318,1,0.925713
test,17319,1,0.684851
test,17320,1,0.995568
test,17321,1,0.961570
test,17322,1,0.955141
test,17323,1,0.965192
test,17324,1,0.717419
test,17325,1,0.357396
test,17326,1,0.811781
test,17327,1,0.347199
test,17328,1,0.953734
test,17329,1,0.953470
test,17330,1,0.919142
test,17331,1,0.857221
test,17332,1,0.597767
test,17333,1,0.948568
test,17334,1,0.913769
test,17335,1,0.489450
test,17336,1,0.457517
test,17337,1,0.170206
test,17338,1,0.569517
test,17339,1,0.888115
test,17340,1,0.916791
test,17341,1,0.949812
test,17342,1,0.868969
test,17343,1,0.954910
test,17344,1,0.904446
test,17345,1,0.343138
test,17346,1,0.746594
test,17347,1,0.500804
test,17348,1,0.318844
test,17349,1,0.835377
test,17350,1,0.869202
test,17351,1,0.918458
test,17352,1,0.881715
test,17353,1,0.390888
test,17354,1,0.847136
test,17355,1,0.763339
test,17356,1,0.627319
test,17357,1,0.533912
test,17358,1,0.165453
test,17359,1,0.277022
test,17360,1,0.608409
test,17361,1,0.524226
test,17362,1,0.801305
test,17363,1,0.566383
test,17364,1,0.737348
test,17365,1,0.328130
test,17366,1,0.791306
test,17367,1,0.935134
test,17368,1,0.780807
test,17369,1,0.880979
test,17370,1,0.785511
test,17371,1,0.907489
test,17372,1,0.944960
test,17373,1,0.864562
test,17374,1,0.694530
test,17375,1,0.961493
test,17376,1,0.800326
test,17377,1,0.539250
test,17378,1,0.727511
test,17379,1,0.732701
test,17380,1,0.914919
test,17381,1,0.941565
test,17382,1,0.945276
test,17383,1,0.742958
test,17384,1,0.506543
test,17385,1,0.339535
test,17386,1,0.963005
test,17387,1,0.882248
test,17388,1,0.741856
test,17389,1,0.894980
test,17390,1,0.922456
test,17391,1,0.454540
test,17392,1,0.701899
test,17393,1,0.620402
test,17394,1,0.934148
test,17395,1,0.872994
test,17396,1,0.308024
test,17397,1,0.633995
test,17398,1,0.340706
test,17399,1,0.081286
test,17400,1,0.475079
test,17401,1,0.305301
test,17402,1,0.607004
test,17403,1,0.854215
test,17404,1,0.554102
test,17405,1,0.918770
test,17406,1,0.898533
test,17407,1,0.954038
test,17408,1,0.872828
test,17409,1,0.762224
test,17410,1,0.482559
test,17411,1,0.861281
test,17412,1,0.895370
test,17413,1,0.972046
test,17414,1,0.922214
test,17415,1,0.436638
test,17416,1,0.872862
test,17417,1,0.899456
test,17418,1,0.922276
test,17419,1,0.973093
test,17420,1,0.869004
test,17421,1,0.971361
test,17422,1,0.789719
test,17423,1,0.840203
test,17424,1,0.890060
test,17425,1,0.994324
test,17426,1,0.929300
test,17427,1,0.960709
test,17428,1,0.861783
test,17429,1,0.787452
test,17430,1,0.811846
test,17431,1,0.773725
test,17432,1,0.496394
test,17433,1,0.993053
test,17434,1,0.989176
test,17435,1,0.935318
test,17436,1,0.780798
test,17437,1,0.396746
test,17438,1,0.830257
test,17439,1,0.639727
test,17440,1,0.642415
test,17441,1,0.983636
test,17442,1,0.906291
test,17443,1,0.647286
test,17444,1,0.915711
test,17445,1,0.911991
test,17446,1,0.833689
test,17447,1,0.873851
test,17448,1,0.929560
test,17449,1,0.948566
test,17450,1,0.909172
test,17451,1,0.602429
test,17452,1,0.662276
test,17453,1,0.963810
test,17454,1,0.953962
test,17455,1,0.823566
test,17456,1,0.766439
test,17457,1,0.421409
test,17458,1,0.855166
test,17459,1,0.713559
test,17460,1,0.780778
test,17461,1,0.831871
test,17462,1,0.885310
test,17463,1,0.925954
test,17464,1,0.784022
test,17465,1,0.756972
test,17466,1,0.885293
test,17467,1,0.609692
test,17468,1,0.272529
test,17469,1,0.784537
test,17470,1,0.742716
test,17471,1,0.609625
test,17472,1,0.417132
test,17473,1,0.738684
test,17474,1,0.669096
test,17475,1,0.958406
test,17476,1,0.842085
test,17477,1,0.613473
test,17478,1,0.502357
test,17479,1,0.918827
test,17480,1,0.562723
test,17481,1,0.742009
test,17482,1,0.314637
test,17483,1,0.893571
test,17484,1,0.618733
test,17485,1,0.865496
test,17486,1,0.442893
test,17487,1,0.654277
test,17488,1,0.867935
test,17489,1,0.759148
test,17490,1,0.576512
test,17491,1,0.608653
test,17492,1,0.724357
test,17493,1,0.816422
test,17494,1,0.961260
test,17495,1,0.796585
test,17496,1,0.952811
test,17497,1,0.893630
test,17498,1,0.951755
test,17499,1,0.979148
test,17500,1,0.676346
test,17501,1,0.767834
test,17502,1,0.737865
test,17503,1,0.887416
test,17504,1,0.953825
test,17505,1,0.843217
test,17506,1,0.916849
test,17507,1,0.974490
test,17508,1,0.994061
test,17509,1,0.880282
test,17510,1,0.929988
test,17511,1,0.739336
test,17512,1,0.866767
test,17513,1,0.968505
test,17514,1,0.860137
test,17515,1,0.959466
test,17516,1,0.897812
test,17517,1,0.999255
test,17518,1,0.983636
test,17519,1,0.967804
test,17520,1,0.940690
test,17521,1,0.798586
test,17522,1,0.662505
test,17523,1,0.902561
test,17524,1,0.909732
test,17525,1,0.931249
test,17526,1,0.508002
test,17527,1,0.721142
test,17528,1,0.221610
test,17529,1,0.534151
test,17530,1,0.937197
test,17531,1,0.694855
test,17532,1,0.777529
test,17533,1,0.572863
test,17534,1,0.826678
test,17535,1,0.473455
test,17536,1,0.701706
test,17537,1,0.711458
test,17538,1,0.702741
test,17539,1,0.359326
test,17540,1,0.382530
test,17541,1,0.707354
test,17542,1,0.235299
test,17543,1,0.769817
test,17544,1,0.913970
test,17545,1,0.450858
test,17546,1,0.668770
test,17547,1,0.660651
test,17548,1,0.684250
test,17549,1,0.447185
test,17550,1,0.768185
test,17551,1,0.336478
test,17552,1,0.547272
test,17553,1,0.606708
test,17554,1,0.242710
test,17555,1,0.760324
test,17556,1,0.606978
test,17557,1,0.849091
test,17558,1,0.893642
test,17559,1,0.965982
test,17560,1,0.914724
test,17561,1,0.909292
test,17562,1,0.879843
test,17563,1,0.860998
test,17564,1,0.906715
test,17565,1,0.976475
test,17566,1,0.982052
test,17567,1,0.989931
test,17568,1,0.622026
test,17569,1,0.715116
test,17570,1,0.744267
test,17571,1,0.549637
test,17572,1,0.371460
test,17573,1,0.832466
test,17574,1,0.895911
test,17575,1,0.884819
test,17576,1,0.876473
test,17577,1,0.852867
test,17578,1,0.753225
test,17579,1,0.962604
test,17580,1,0.924951
test,17581,1,0.778919
test,17582,1,0.178877
test,17583,1,0.475992
test,17584,1,0.998931
test,17585,1,0.824864
test,17586,1,0.985303
test,17587,1,0.886041
test,17588,1,0.915112
test,17589,1,0.756354
test,17590,1,0.842486
test,17591,1,0.918367
test,17592,1,0.388435
test,17593,1,0.484504
test,17594,1,0.724236
test,17595,1,0.388767
test,17596,1,0.883238
test,17597,1,0.651136
test,17598,1,0.795575
test,17599,1,0.728509
test,17600,1,0.632588
test,17601,1,0.685069
test,17602,1,0.430417
test,17603,1,0.915560
test,17604,1,0.861909
test,17605,1,0.577500
test,17606,1,0.558871
test,17607,1,0.905176
test,17608,1,0.496841
test,17609,1,0.981709
test,17610,1,0.919821
test,17611,1,0.873195
test,17612,1,0.947376
test,17613,1,0.882175
test,17614,1,0.655038
test,17615,1,0.868762
test,17616,1,0.831309
test,17617,1,0.683547
test,17618,1,0.612815
test,17619,1,0.616235
test,17620,1,0.663003
test,17621,1,0.691712
test,17622,1,0.892204
test,17623,1,0.962660
test,17624,1,0.862243
test,17625,1,0.575062
test,17626,1,0.885284
test,17627,1,0.882601
test,17628,1,0.964395
test,17629,1,0.810582
test,17630,1,0.639641
test,17631,1,0.958042
test,17632,1,0.909520
test,17633,1,0.901535
test,17634,1,0.709125
test,17635,1,0.613937
test,17636,1,0.421111
test,17637,1,0.927129
test,17638,1,0.510715
test,17639,1,0.938146
test,17640,1,0.778660
test,17641,1,0.968734
test,17642,1,0.900654
test,17643,1,0.883639
test,17644,1,0.932375
test,17645,1,0.940326
test,17646,1,0.857741
test,17647,1,0.662510
test,17648,1,0.653060
test,17649,1,0.632705
test,17650,1,0.858253
test,17651,1,0.766734
test,17652,1,0.790875
test,17653,1,0.846557
test,17654,1,0.508209
test,17655,1,0.482013
test,17656,1,0.440475
test,17657,1,0.553410
test,17658,1,0.571576
test,17659,1,0.558034
test,17660,1,0.462434
test,17661,1,0.517039
test,17662,1,0.098089
test,17663,1,0.655425
test,17664,1,0.866066
test,17665,1,0.783906
test,17666,1,0.581746
test,17667,1,0.825669
test,17668,1,0.900467
test,17669,1,0.740628
test,17670,1,0.541115
test,17671,1,0.868070
test,17672,1,0.430569
test,17673,1,0.736196
test,17674,1,0.798553
test,17675,1,0.675697
test,17676,1,0.510017
test,17677,1,0.801054
test,17678,1,0.974955
test,17679,1,0.412226
test,17680,1,0.213822
test,17681,1,0.290122
test,17682,1,0.774708
test,17683,1,0.266045
test,17684,1,0.847743
test,17685,1,0.904928
test,17686,1,0.831322
test,17687,1,0.707442
test,17688,1,0.750275
test,17689,1,0.676804
test,17690,1,0.782711
test,17691,1,0.906491
test,17692,1,0.994445
test,17693,1,0.944138
test,17694,1,0.546257
test,17695,1,0.848378
test,17696,1,0.974755
test,17697,1,0.807783
test,17698,1,0.980895
test,17699,1,0.932446
test,17700,1,0.742552
test,17701,1,0.663170
test,17702,1,0.467960
test,17703,1,0.731651
test,17704,1,0.708923
test,17705,1,0.782031
test,17706,1,0.905871
test,17707,1,0.592697
test,17708,1,0.891375
test,17709,1,0.842187
test,17710,1,0.717402
test,17711,1,0.753589
test,17712,1,0.940863
test,17713,1,0.975798
test,17714,1,0.837662
test,17715,1,0.438623
test,17716,1,0.765021
test,17717,1,0.797822
test,17718,1,0.957458
test,17719,1,0.619945
test,17720,1,0.281429
test,17721,1,0.798340
test,17722,1,0.784486
test,17723,1,0.709063
test,17724,1,0.879401
test,17725,1,0.864595
test,17726,1,0.980602
test,17727,1,0.843749
test,17728,1,0.792424
test,17729,1,0.829284
test,17730,1,0.620939
test,17731,1,0.813190
test,17732,1,0.576279
test,17733,1,0.410036
test,17734,1,0.516176
test,17735,1,0.902001
test,17736,1,0.809048
test,17737,1,0.263759
test,17738,1,0.697882
test,17739,1,0.357051
test,17740,1,0.507857
test,17741,1,0.458686
test,17742,1,0.545028
test,17743,1,0.749126
test,17744,1,0.864101
test,17745,1,0.753187
test,17746,1,0.893041
test,17747,1,0.889708
test,17748,1,0.871553
test,17749,1,0.910313
test,17750,1,0.464819
test,17751,1,0.893077
test,17752,1,0.506689
test,17753,1,0.906666
test,17754,1,0.556335
test,17755,1,0.946252
test,17756,1,0.865718
test,17757,1,0.986953
test,17758,1,0.846568
test,17759,1,0.970932
test,17760,1,0.965386
test,17761,1,0.609549
test,17762,1,0.913703
test,17763,1,0.950839
test,17764,1,0.961790
test,17765,1,0.809958
test,17766,1,0.963650
test,17767,1,0.495064
test,17768,1,0.466816
test,17769,1,0.584673
test,17770,1,0.687050
test,17771,1,0.306691
test,17772,1,0.826545
test,17773,1,0.514247
test,17774,1,0.859344
test,17775,1,0.576029
test,17776,1,0.857825
test,17777,1,0.872929
test,17778,1,0.874156
test,17779,1,0.888992
test,17780,1,0.522063
test,17781,1,0.824639
test,17782,1,0.819058
test,17783,1,0.644603
test,17784,1,0.567172
test,17785,1,0.852532
test,17786,1,0.938669
test,17787,1,0.628239
test,17788,1,0.837295
test,17789,1,0.831233
test,17790,1,0.927901
test,17791,1,0.333832
test,17792,1,0.743812
test,17793,1,0.727982
test,17794,1,0.588155
test,17795,1,0.514866
test,17796,1,0.730081
test,17797,1,0.962344
test,17798,1,0.769984
test,17799,1,0.974928
test,17800,1,0.690966
test,17801,1,0.488321
test,17802,1,0.490043
test,17803,1,0.618124
test,17804,1,0.886400
test,17805,1,0.879614
test,17806,1,0.618162
test,17807,1,0.761754
test,17808,1,0.969102
test,17809,1,0.906467
test,17810,1,0.685040
test,17811,1,0.784338
test,17812,1,0.641077
test,17813,1,0.814934
test,17814,1,0.893402
test,17815,1,0.590441
test,17816,1,0.902907
test,17817,1,0.804012
test,17818,1,0.873069
test,17819,1,0.919346
test,17820,1,0.858241
test,17821,1,0.823830
test,17822,1,0.942036
test,17823,1,0.922252
test,17824,1,0.886329
test,17825,1,0.929889
test,17826,1,0.979689
test,17827,1,0.767694
test,17828,1,0.806131
test,17829,1,0.976432
test,17830,1,0.881210
test,17831,1,0.905434
test,17832,1,0.941033
test,17833,1,0.783955
test,17834,1,0.918631
test,17835,1,0.956630
test,17836,1,0.893926
test,17837,1,0.924919
test,17838,1,0.854262
test,17839,1,0.855755
test,17840,1,0.925367
test,17841,1,0.981136
test,17842,1,0.819496
test,17843,1,0.763035
test,17844,1,0.934656
test,17845,1,0.941757
test,17846,1,0.761526
test,17847,1,0.272190
test,17848,1,0.988614
test,17849,1,0.416154
test,17850,1,0.968605
test,17851,1,0.707057
test,17852,1,0.659245
test,17853,1,0.401643
test,17854,1,0.660141
test,17855,1,0.986417
test,17856,1,0.713634
test,17857,1,0.958840
test,17858,1,0.489147
test,17859,1,0.815768
test,17860,1,0.339279
test,17861,1,0.941109
test,17862,1,0.838564
test,17863,1,0.809499
test,17864,1,0.379820
test,17865,1,0.777153
test,17866,1,0.893269
test,17867,1,0.770481
test,17868,1,0.151114
test,17869,1,0.764358
test,17870,1,0.839944
test,17871,1,0.976253
test,17872,1,0.680628
test,17873,1,0.998797
test,17874,1,0.890387
test,17875,1,0.777833
test,17876,1,0.910996
test,17877,1,0.700061
test,17878,1,0.924556
test,17879,1,0.814437
test,17880,1,0.825243
test,17881,1,0.996908
test,17882,1,0.992050
test,17883,1,0.911557
test,17884,1,0.688701
test,17885,1,0.425267
test,17886,1,0.975608
test,17887,1,0.942696
test,17888,1,0.926269
test,17889,1,0.950331
test,17890,1,0.721026
test,17891,1,0.842815
test,17892,1,0.713331
test,17893,1,0.551155
test,17894,1,0.895305
test,17895,1,0.547654
test,17896,1,0.982661
test,17897,1,0.760851
test,17898,1,0.969262
test,17899,1,0.647204
test,17900,1,0.811113
test,17901,1,0.747428
test,17902,1,0.860548
test,17903,1,0.815657
test,17904,1,0.968505
test,17905,1,0.890202
test,17906,1,0.931058
test,17907,1,0.879466
test,17908,1,0.962441
test,17909,1,0.697499
test,17910,1,0.844145
test,17911,1,0.824027
test,17912,1,0.956862
test,17913,1,0.953189
test,17914,1,0.659447
test,17915,1,0.884389
test,17916,1,0.212706
test,17917,1,0.773714
test,17918,1,0.869167
test,17919,1,0.861323
test,17920,1,0.665075
test,17921,1,0.890214
test,17922,1,0.982321
test,17923,1,0.266499
test,17924,1,0.621013
test,17925,1,0.725730
test,17926,1,0.750066
test,17927,1,0.923176
test,17928,1,0.395116
test,17929,1,0.622641
test,17930,1,0.388489
test,17931,1,0.427675
test,17932,1,0.606545
test,17933,1,0.714172
test,17934,1,0.966525
test,17935,1,0.851255
test,17936,1,0.790047
test,17937,1,0.788703
test,17938,1,0.832310
test,17939,1,0.596395
test,17940,1,0.846512
test,17941,1,0.885879
test,17942,1,0.085589
test,17943,1,0.662805
test,17944,1,0.678795
test,17945,1,0.892097
test,17946,1,0.791960
test,17947,1,0.837408
test,17948,1,0.678048
test,17949,1,0.874556
test,17950,1,0.916003
test,17951,1,0.993895
test,17952,1,0.845220
test,17953,1,0.821850
test,17954,1,0.909756
test,17955,1,0.613548
test,17956,1,0.931613
test,17957,1,0.880993
test,17958,1,0.756274
test,17959,1,0.663804
test,17960,1,0.757826
test,17961,1,0.911232
test,17962,1,0.990678
test,17963,1,0.830581
test,17964,1,0.884525
test,17965,1,0.843665
test,17966,1,0.939903
test,17967,1,0.964443
test,17968,1,0.830025
test,17969,1,0.551697
test,17970,1,0.897203
test,17971,1,0.536870
test,17972,1,0.784821
test,17973,1,0.828503
test,17974,1,0.517810
test,17975,1,0.842953
test,17976,1,0.807688
test,17977,1,0.569175
test,17978,1,0.386531
test,17979,1,0.827794
test,17980,1,0.944589
test,17981,1,0.863355
test,17982,1,0.768775
test,17983,1,0.592785
test,17984,1,0.982215
test,17985,1,0.488837
test,17986,1,0.930364
test,17987,1,0.815938
test,17988,1,0.878100
test,17989,1,0.204959
test,17990,1,0.801276
test,17991,1,0.292668
test,17992,1,0.121693
test,17993,1,0.731380
test,17994,1,0.843358
test,17995,1,0.355476
test,17996,1,0.878824
test,17997,1,0.918881
test,17998,1,0.970540
test,17999,1,0.562973
test,18000,1,0.923759
test,18001,1,0.820082
test,18002,1,0.347249
test,18003,1,0.836751
test,18004,1,0.718080
test,18005,1,0.944694
test,18006,1,0.921581
test,18007,1,0.978519
test,18008,1,0.423406
test,18009,1,0.958502
test,18010,1,0.992559
test,18011,1,0.372062
test,18012,1,0.594596
test,18013,1,0.478964
test,18014,1,0.515801
test,18015,1,0.783575
test,18016,1,0.780540
test,18017,1,0.826405
test,18018,1,0.980944
test,18019,1,0.854810
test,18020,1,0.814651
test,18021,1,0.653309
test,18022,1,0.824822
test,18023,1,0.510410
test,18024,1,0.886244
test,18025,1,0.971188
test,18026,1,0.833322
test,18027,1,0.559639
test,18028,1,0.854399
test,18029,1,0.596649
test,18030,1,0.658240
test,18031,1,0.555763
test,18032,1,0.843987
test,18033,1,0.975248
test,18034,1,0.830590
test,18035,1,0.891876
test,18036,1,0.867495
test,18037,1,0.437157
test,18038,1,0.590014
test,18039,1,0.906585
test,18040,1,0.819728
test,18041,1,0.488025
test,18042,1,0.740708
test,18043,1,0.649337
test,18044,1,0.935991
test,18045,1,0.813736
test,18046,1,0.215466
test,18047,1,0.436028
test,18048,1,0.811875
test,18049,1,0.814094
test,18050,1,0.889116
test,18051,1,0.806949
test,18052,1,0.955929
test,18053,1,0.873856
test,18054,1,0.472773
test,18055,1,0.905340
test,18056,1,0.762065
test,18057,1,0.923871
test,18058,1,0.904857
test,18059,1,0.689570
test,18060,1,0.906784
test,18061,1,0.505640
test,18062,1,0.870880
test,18063,1,0.754347
test,18064,1,0.981184
test,18065,1,0.892171
test,18066,1,0.670728
test,18067,1,0.326437
test,18068,1,0.835368
test,18069,1,0.772997
test,18070,1,0.794365
test,18071,1,0.454686
test,18072,1,0.876787
test,18073,1,0.383040
test,18074,1,0.777712
test,18075,1,0.931332
test,18076,1,0.721973
test,18077,1,0.470502
test,18078,1,0.943418
test,18079,1,0.914799
test,18080,1,0.937297
test,18081,1,0.668489
test,18082,1,0.835901
test,18083,1,0.869051
test,18084,1,0.233564
test,18085,1,0.915813
test,18086,1,0.936963
test,18087,1,0.193705
test,18088,1,0.872596
test,18089,1,0.848191
test,18090,1,0.774336
test,18091,1,0.856638
test,18092,1,0.563435
test,18093,1,0.852132
test,18094,1,0.552858
test,18095,1,0.904219
test,18096,1,0.373180
test,18097,1,0.695484
test,18098,1,0.741061
test,18099,1,0.762709
test,18100,1,0.275815
test,18101,1,0.509700
test,18102,1,0.922999
test,18103,1,0.951488
test,18104,1,0.515165
test,18105,1,0.557479
test,18106,1,0.727907
test,18107,1,0.802985
test,18108,1,0.762460
test,18109,1,0.663398
test,18110,1,0.140995
test,18111,1,0.384262
test,18112,1,0.364221
test,18113,1,0.806086
test,18114,1,0.453675
test,18115,1,0.499518
test,18116,1,0.699462
test,18117,1,0.674852
test,18118,1,0.704198
test,18119,1,0.881807
test,18120,1,0.652916
test,18121,1,0.828891
test,18122,1,0.581809
test,18123,1,0.624915
test,18124,1,0.427118
test,18125,1,0.720558
test,18126,1,0.404582
test,18127,1,0.338929
test,18128,1,0.467620
test,18129,1,0.749040
test,18130,1,0.793061
test,18131,1,0.429883
test,18132,1,0.431845
test,18133,1,0.722217
test,18134,1,0.493798
test,18135,1,0.124453
test,18136,1,0.502919
test,18137,1,0.253505
test,18138,1,0.568996
test,18139,1,0.747173
test,18140,1,0.475618
test,18141,1,0.614562
test,18142,1,0.318268
test,18143,1,0.801041
test,18144,1,0.812544
test,18145,1,0.963589
test,18146,1,0.120925
test,18147,1,0.040239
test,18148,1,0.400326
test,18149,1,0.197074
test,18150,1,0.943457
test,18151,1,0.783048
test,18152,1,0.366671
test,18153,1,0.315408
test,18154,1,0.636373
test,18155,1,0.953314
test,18156,1,0.406560
test,18157,1,0.745123
test,18158,1,0.358749
test,18159,1,0.715535
test,18160,1,0.941594
test,18161,1,0.696312
test,18162,1,0.653362
test,18163,1,0.405361
test,18164,1,0.821768
test,18165,1,0.767094
test,18166,1,0.863011
test,18167,1,0.579251
test,18168,1,0.705844
test,18169,1,0.821512
test,18170,1,0.836438
test,18171,1,0.887343
test,18172,1,0.846056
test,18173,1,0.948713
test,18174,1,0.841947
test,18175,1,0.757117
test,18176,1,0.823596
test,18177,1,0.938611
test,18178,1,0.993885
test,18179,1,0.969483
test,18180,1,0.317158
test,18181,1,0.994539
test,18182,1,0.966349
test,18183,1,0.822279
test,18184,1,0.957057
test,18185,1,0.899923
test,18186,1,0.772046
test,18187,1,0.779306
test,18188,1,0.871743
test,18189,1,0.844076
test,18190,1,0.776239
test,18191,1,0.518351
test,18192,1,0.696001
test,18193,1,0.474264
test,18194,1,0.748907
test,18195,1,0.711823
test,18196,1,0.798199
test,18197,1,0.302657
test,18198,1,0.794891
test,18199,1,0.634933
test,18200,1,0.462819
test,18201,1,0.693052
test,18202,1,0.359656
test,18203,1,0.527835
test,18204,1,0.649813
test,18205,1,0.601109
test,18206,1,0.933060
test,18207,1,0.403332
test,18208,1,0.644877
test,18209,1,0.179653
test,18210,1,0.677481
test,18211,1,0.228396
test,18212,1,0.234542
test,18213,1,0.549629
test,18214,1,0.873691
test,18215,1,0.364563
test,18216,1,0.379737
test,18217,1,0.560690
test,18218,1,0.568477
test,18219,1,0.209818
test,18220,1,0.429806
test,18221,1,0.978580
test,18222,1,0.998860
test,18223,1,0.999806
test,18224,1,0.805607
test,18225,1,0.953967
test,18226,1,0.865922
test,18227,1,0.944529
test,18228,1,0.863284
test,18229,1,0.939562
test,18230,1,0.738913
test,18231,1,0.549068
test,18232,1,0.830827
test,18233,1,0.686547
test,18234,1,0.517461
test,18235,1,0.744863
test,18236,1,0.223764
test,18237,1,0.193304
test,18238,1,0.472483
test,18239,1,0.641418
test,18240,1,0.468610
test,18241,1,0.506148
test,18242,1,0.531909
test,18243,1,0.832908
test,18244,1,0.398448
test,18245,1,0.612686
test,18246,1,0.318512
test,18247,1,0.629236
test,18248,1,0.726723
test,18249,1,0.508995
test,18250,1,0.447125
test,18251,1,0.506199
test,18252,1,0.944058
test,18253,1,0.948573
test,18254,1,0.888608
test,18255,1,0.905218
test,18256,1,0.645734
test,18257,1,0.843266
test,18258,1,0.341642
test,18259,1,0.799865
test,18260,1,0.823279
test,18261,1,0.961898
test,18262,1,0.897363
test,18263,1,0.820159
test,18264,1,0.965287
test,18265,1,0.990486
test,18266,1,0.842033
test,18267,1,0.965292
test,18268,1,0.934211
test,18269,1,0.675394
test,18270,1,0.942906
test,18271,1,0.653157
test,18272,1,0.857446
test,18273,1,0.964837
test,18274,1,0.732662
test,18275,1,0.622606
test,18276,1,0.969270
test,18277,1,0.880784
test,18278,1,0.808283
test,18279,1,0.857879
test,18280,1,0.751198
test,18281,1,0.673453
test,18282,1,0.917111
test,18283,1,0.439194
test,18284,1,0.322802
test,18285,1,0.755291
test,18286,1,0.515839
test,18287,1,0.369177
test,18288,1,0.623923
test,18289,1,0.589213
test,18290,1,0.269620
test,18291,1,0.413596
test,18292,1,0.832409
test,18293,1,0.751474
test,18294,1,0.150721
test,18295,1,0.266910
test,18296,1,0.749042
test,18297,1,0.985749
test,18298,1,0.923822
test,18299,1,0.771111
test,18300,1,0.844768
test,18301,1,0.471008
test,18302,1,0.962821
test,18303,1,0.887388
test,18304,1,0.586344
test,18305,1,0.999074
test,18306,1,0.862420
test,18307,1,0.980135
test,18308,1,0.189782
test,18309,1,0.981988
test,18310,1,0.690219
test,18311,1,0.825733
test,18312,1,0.514959
test,18313,1,0.735533
test,18314,1,0.516188
test,18315,1,0.961034
test,18316,1,0.913065
test,18317,1,0.791768
test,18318,1,0.402317
test,18319,1,0.639121
test,18320,1,0.925059
test,18321,1,0.812400
test,18322,1,0.828835
test,18323,1,0.631496
test,18324,1,0.668781
test,18325,1,0.913133
test,18326,1,0.977140
test,18327,1,0.985579
test,18328,1,0.958759
test,18329,1,0.845771
test,18330,1,0.671130
test,18331,1,0.991764
test,18332,1,0.709150
test,18333,1,0.825916
test,18334,1,0.999313
test,18335,1,0.697209
test,18336,1,0.982656
test,18337,1,0.841751
test,18338,1,0.919730
test,18339,1,0.796160
test,18340,1,0.857952
test,18341,1,0.980808
test,18342,1,0.954457
test,18343,1,0.893312
test,18344,1,0.876596
test,18345,1,0.777996
test,18346,1,0.520001
test,18347,1,0.590791
test,18348,1,0.617424
test,18349,1,0.831983
test,18350,1,0.847372
test,18351,1,0.777256
test,18352,1,0.894748
test,18353,1,0.876505
test,18354,1,0.784319
test,18355,1,0.983477
test,18356,1,0.915063
test,18357,1,0.459504
test,18358,1,0.879360
test,18359,1,0.608311
test,18360,1,0.843189
test,18361,1,0.596740
test,18362,1,0.601989
test,18363,1,0.512504
test,18364,1,0.572975
test,18365,1,0.811573
test,18366,1,0.589930
test,18367,1,0.235255
test,18368,1,0.801250
test,18369,1,0.462040
test,18370,1,0.794886
test,18371,1,0.413254
test,18372,1,0.844426
test,18373,1,0.638770
test,18374,1,0.983879
test,18375,1,0.527086
test,18376,1,0.859058
test,18377,1,0.231494
test,18378,1,0.426263
test,18379,1,0.956926
test,18380,1,0.403431
test,18381,1,0.412422
test,18382,1,0.869439
test,18383,1,0.529573
test,18384,1,0.634470
test,18385,1,0.554991
test,18386,1,0.848731
test,18387,1,0.307859
test,18388,1,0.341805
test,18389,1,0.814819
test,18390,1,0.446132
test,18391,1,0.690673
test,18392,1,0.942255
test,18393,1,0.989213
test,18394,1,0.886157
test,18395,1,0.884263
test,18396,1,0.963428
test,18397,1,0.924397
test,18398,1,0.849432
test,18399,1,0.792289
test,18400,1,0.840910
test,18401,1,0.968638
test,18402,1,0.926412
test,18403,1,0.868526
test,18404,1,0.563475
test,18405,1,0.398079
test,18406,1,0.831079
test,18407,1,0.720524
test,18408,1,0.568931
test,18409,1,0.813244
test,18410,1,0.989319
test,18411,1,0.987198
test,18412,1,0.646833
test,18413,1,0.978908
test,18414,1,0.742778
test,18415,1,0.992758
test,18416,1,0.687581
test,18417,1,0.990164
test,18418,1,0.541797
test,18419,1,0.977823
test,18420,1,0.911422
test,18421,1,0.912365
test,18422,1,0.876862
test,18423,1,0.936710
test,18424,1,0.674035
test,18425,1,0.987991
test,18426,1,0.451854
test,18427,1,0.873877
test,18428,1,0.995576
test,18429,1,0.951614
test,18430,1,0.571800
test,18431,1,0.859912
test,18432,1,0.560535
test,18433,1,0.643672
test,18434,1,0.779667
test,18435,1,0.844421
test,18436,1,0.494557
test,18437,1,0.919266
test,18438,1,0.749984
test,18439,1,0.664149
test,18440,1,0.862659
test,18441,1,0.535877
test,18442,1,0.891814
test,18443,1,0.782173
test,18444,1,0.505027
test,18445,1,0.615516
test,18446,1,0.543098
test,18447,1,0.864985
test,18448,1,0.675045
test,18449,1,0.878379
test,18450,1,0.548973
test,18451,1,0.650493
test,18452,1,0.606563
test,18453,1,0.434126
test,18454,1,0.775061
test,18455,1,0.782250
test,18456,1,0.489515
test,18457,1,0.206514
test,18458,1,0.916265
test,18459,1,0.700369
test,18460,1,0.223578
test,18461,1,0.885001
test,18462,1,0.769592
test,18463,1,0.444291
test,18464,1,0.341292
test,18465,1,0.893488
test,18466,1,0.944530
test,18467,1,0.755728
test,18468,1,0.967557
test,18469,1,0.949485
test,18470,1,0.864221
test,18471,1,0.600523
test,18472,1,0.940303
test,18473,1,0.839651
test,18474,1,0.595484
test,18475,1,0.885256
test,18476,1,0.976644
test,18477,1,0.867808
test,18478,1,0.850849
test,18479,1,0.813542
test,18480,1,0.940047
test,18481,1,0.977901
test,18482,1,0.785488
test,18483,1,0.898746
test,18484,1,0.945874
test,18485,1,0.894673
test,18486,1,0.776872
test,18487,1,0.931740
test,18488,1,0.736391
test,18489,1,0.973968
test,18490,1,0.995921
test,18491,1,0.876723
test,18492,1,0.923699
test,18493,1,0.856574
test,18494,1,0.771112
test,18495,1,0.986623
test,18496,1,0.682578
test,18497,1,0.826751
test,18498,1,0.951987
test,18499,1,0.772057
test,18500,1,0.260386
test,18501,1,0.829770
test,18502,1,0.887089
test,18503,1,0.990254
test,18504,1,0.897871
test,18505,1,0.953822
test,18506,1,0.996435
test,18507,1,0.892574
test,18508,1,0.699768
test,18509,1,0.665517
test,18510,1,0.961326
test,18511,1,0.526837
test,18512,1,0.969935
test,18513,1,0.983135
test,18514,1,0.781674
test,18515,1,0.976420
test,18516,1,0.858377
test,18517,1,0.604016
test,18518,1,0.881316
test,18519,1,0.746331
test,18520,1,0.969656
test,18521,1,0.518994
test,18522,1,0.672075
test,18523,1,0.604850
test,18524,1,0.957615
test,18525,1,0.590476
test,18526,1,0.211758
test,18527,1,0.962287
test,18528,1,0.831593
test,18529,1,0.810201
test,18530,1,0.338631
test,18531,1,0.105433
test,18532,1,0.398941
test,18533,1,0.597358
test,18534,1,0.573513
test,18535,1,0.324580
test,18536,1,0.573307
test,18537,1,0.185625
test,18538,1,0.584918
test,18539,1,0.754488
test,18540,1,0.814838
test,18541,1,0.906597
test,18542,1,0.998809
test,18543,1,0.375021
test,18544,1,0.973626
test,18545,1,0.592736
test,18546,1,0.816600
test,18547,1,0.379010
test,18548,1,0.260098
test,18549,1,0.307567
test,18550,1,0.784974
test,18551,1,0.700441
test,18552,1,0.408366
test,18553,1,0.770825
test,18554,1,0.851392
test,18555,1,0.825639
test,18556,1,0.439259
test,18557,1,0.496721
test,18558,1,0.736230
test,18559,1,0.659223
test,18560,1,0.431993
test,18561,1,0.979642
test,18562,1,0.907865
test,18563,1,0.363337
test,18564,1,0.885736
test,18565,1,0.934404
test,18566,1,0.915112
test,18567,1,0.962225
test,18568,1,0.516094
test,18569,1,0.979203
test,18570,1,0.890720
test,18571,1,0.916711
test,18572,1,0.800394
test,18573,1,0.962113
test,18574,1,0.948040
test,18575,1,0.897505
test,18576,1,0.967748
test,18577,1,0.907765
test,18578,1,0.995417
test,18579,1,0.314464
test,18580,1,0.797795
test,18581,1,0.684154
test,18582,1,0.792355
test,18583,1,0.732389
test,18584,1,0.829495
test,18585,1,0.733525
test,18586,1,0.876777
test,18587,1,0.779835
test,18588,1,0.823486
test,18589,1,0.997603
test,18590,1,0.836324
test,18591,1,0.969442
test,18592,1,0.735106
test,18593,1,0.967375
test,18594,1,0.770933
test,18595,1,0.949436
test,18596,1,0.706378
test,18597,1,0.965074
test,18598,1,0.564314
test,18599,1,0.744420
test,18600,1,0.875584
test,18601,1,0.525072
test,18602,1,0.541464
test,18603,1,0.420253
test,18604,1,0.919592
test,18605,1,0.902745
test,18606,1,0.564354
test,18607,1,0.505746
test,18608,1,0.904504
test,18609,1,0.218811
test,18610,1,0.566639
test,18611,1,0.385502
test,18612,1,0.592000
test,18613,1,0.215655
test,18614,1,0.542739
test,18615,1,0.359866
test,18616,1,0.385325
test,18617,1,0.358762
test,18618,1,0.864708
test,18619,1,0.589686
test,18620,1,0.926843
test,18621,1,0.947323
test,18622,1,0.867288
test,18623,1,0.760792
test,18624,1,0.966121
test,18625,1,0.865410
test,18626,1,0.806522
test,18627,1,0.479612
test,18628,1,0.573955
test,18629,1,0.255450
test,18630,1,0.404011
test,18631,1,0.801810
test,18632,1,0.674153
test,18633,1,0.317301
test,18634,1,0.919072
test,18635,1,0.376036
test,18636,1,0.907663
test,18637,1,0.940182
test,18638,1,0.976772
test,18639,1,0.923161
test,18640,1,0.997471
test,18641,1,0.736935
test,18642,1,0.945454
test,18643,1,0.902378
test,18644,1,0.738874
test,18645,1,0.491846
test,18646,1,0.478924
test,18647,1,0.273587
test,18648,1,0.951044
test,18649,1,0.958542
test,18650,1,0.981887
test,18651,1,0.990531
test,18652,1,0.834725
test,18653,1,0.940664
test,18654,1,0.972900
test,18655,1,0.996037
test,18656,1,0.602098
test,18657,1,0.717175
test,18658,1,0.688827
test,18659,1,0.497999
test,18660,1,0.509348
test,18661,1,0.585932
test,18662,1,0.949384
test,18663,1,0.322628
test,18664,1,0.981785
test,18665,1,0.971061
test,18666,1,0.859448
test,18667,1,0.529671
test,18668,1,0.083257
test,18669,1,0.915273
test,18670,1,0.619630
test,18671,1,0.724045
test,18672,1,0.664213
test,18673,1,0.502577
test,18674,1,0.970404
test,18675,1,0.818637
test,18676,1,0.418029
test,18677,1,0.477416
test,18678,1,0.779223
test,18679,1,0.593041
test,18680,1,0.373692
test,18681,1,0.721562
test,18682,1,0.798548
test,18683,1,0.749798
test,18684,1,0.191446
test,18685,1,0.765199
test,18686,1,0.796001
test,18687,1,0.482779
test,18688,1,0.479513
test,18689,1,0.731283
test,18690,1,0.658630
test,18691,1,0.599008
test,18692,1,0.996359
test,18693,1,0.984932
test,18694,1,0.923231
test,18695,1,0.932277
test,18696,1,0.720668
test,18697,1,0.749154
test,18698,1,0.686172
test,18699,1,0.934957
test,18700,1,0.745780
test,18701,1,0.883984
test,18702,1,0.406436
test,18703,1,0.763411
test,18704,1,0.912153
test,18705,1,0.955758
test,18706,1,0.871768
test,18707,1,0.710632
test,18708,1,0.681519
test,18709,1,0.868824
test,18710,1,0.913152
test,18711,1,0.766065
test,18712,1,0.576927
test,18713,1,0.027656
test,18714,1,0.855187
test,18715,1,0.356038
test,18716,1,0.395774
test,18717,1,0.267512
test,18718,1,0.887322
test,18719,1,0.784303
test,18720,1,0.457311
test,18721,1,0.931869
test,18722,1,0.300569
test,18723,1,0.740425
test,18724,1,0.859854
test,18725,1,0.910106
test,18726,1,0.701758
test,18727,1,0.905068
test,18728,1,0.832787
test,18729,1,0.903579
test,18730,1,0.883472
test,18731,1,0.649349
test,18732,1,0.698690
test,18733,1,0.710325
test,18734,1,0.812633
test,18735,1,0.931978
test,18736,1,0.931428
test,18737,1,0.884727
test,18738,1,0.835439
test,18739,1,0.973330
test,18740,1,0.827365
test,18741,1,0.414603
test,18742,1,0.998174
test,18743,1,0.846079
test,18744,1,0.946430
test,18745,1,0.961090
test,18746,1,0.858012
test,18747,1,0.935605
test,18748,1,0.644610
test,18749,1,0.957614
test,18750,1,0.762024
test,18751,1,0.947732
test,18752,1,0.929683
test,18753,1,0.984375
test,18754,1,0.967491
test,18755,1,0.862641
test,18756,1,0.939178
test,18757,1,0.638173
test,18758,1,0.927322
test,18759,1,0.999720
test,18760,1,0.973625
test,18761,1,0.844638
test,18762,1,0.240449
test,18763,1,0.716600
test,18764,1,0.981658
test,18765,1,0.712983
test,18766,1,0.185121
test,18767,1,0.903709
test,18768,1,0.666826
test,18769,1,0.922356
test,18770,1,0.910396
test,18771,1,0.838183
test,18772,1,0.620277
test,18773,1,0.948530
test,18774,1,0.439724
test,18775,1,0.471075
test,18776,1,0.909292
test,18777,1,0.987589
test,18778,1,0.953676
test,18779,1,0.901617
test,18780,1,0.504197
test,18781,1,0.303271
test,18782,1,0.636690
test,18783,1,0.727051
test,18784,1,0.196486
test,18785,1,0.955486
test,18786,1,0.779944
test,18787,1,0.925663
test,18788,1,0.709981
test,18789,1,0.920394
test,18790,1,0.756204
test,18791,1,0.446216
test,18792,1,0.683116
test,18793,1,0.960742
test,18794,1,0.893320
test,18795,1,0.862703
test,18796,1,0.804456
test,18797,1,0.776472
test,18798,1,0.624790
test,18799,1,0.807771
test,18800,1,0.681629
test,18801,1,0.875029
test,18802,1,0.696949
test,18803,1,0.792005
test,18804,1,0.915946
test,18805,1,0.494422
test,18806,1,0.102374
test,18807,1,0.430522
test,18808,1,0.667691
test,18809,1,0.367976
test,18810,1,0.788358
test,18811,1,0.705866
test,18812,1,0.999232
test,18813,1,0.959664
test,18814,1,0.711399
test,18815,1,0.867411
test,18816,1,0.905420
test,18817,1,0.908645
test,18818,1,0.843834
test,18819,1,0.819005
test,18820,1,0.959425
test,18821,1,0.871492
test,18822,1,0.779963
test,18823,1,0.545466
test,18824,1,0.874223
test,18825,1,0.815421
test,18826,1,0.711526
test,18827,1,0.990840
test,18828,1,0.928291
test,18829,1,0.580857
test,18830,1,0.807750
test,18831,1,0.911660
test,18832,1,0.833557
test,18833,1,0.794798
test,18834,1,0.612148
test,18835,1,0.909423
test,18836,1,0.914503
test,18837,1,0.589704
test,18838,1,0.659807
test,18839,1,0.697011
test,18840,1,0.917902
test,18841,1,0.916475
test,18842,1,0.721947
test,18843,1,0.999260
test,18844,1,0.669855
test,18845,1,0.914664
test,18846,1,0.461515
test,18847,1,0.885552
test,18848,1,0.804289
test,18849,1,0.424779
test,18850,1,0.365372
test,18851,1,0.760260
test,18852,1,0.193554
test,18853,1,0.644293
test,18854,1,0.903080
test,18855,1,0.683457
test,18856,1,0.975972
test,18857,1,0.739029
test,18858,1,0.895406
test,18859,1,0.836798
test,18860,1,0.943387
test,18861,1,0.738578
test,18862,1,0.696264
test,18863,1,0.873986
test,18864,1,0.886824
test,18865,1,0.803247
test,18866,1,0.997000
test,18867,1,0.973176
test,18868,1,0.887248
test,18869,1,0.718616
test,18870,1,0.782404
test,18871,1,0.898235
test,18872,1,0.538345
test,18873,1,0.926267
test,18874,1,0.721117
test,18875,1,0.896767
test,18876,1,0.156037
test,18877,1,0.844416
test,18878,1,0.918475
test,18879,1,0.608249
test,18880,1,0.431333
test,18881,1,0.563057
test,18882,1,0.167018
test,18883,1,0.981114
test,18884,1,0.778526
test,18885,1,0.657712
test,18886,1,0.724347
test,18887,1,0.757275
test,18888,1,0.645728
test,18889,1,0.762927
test,18890,1,0.893287
test,18891,1,0.857285
test,18892,1,0.485336
test,18893,1,0.695439
test,18894,1,0.966401
test,18895,1,0.827911
test,18896,1,0.077352
test,18897,1,0.885830
test,18898,1,0.661702
test,18899,1,0.507491
test,18900,1,0.789671
test,18901,1,0.348287
test,18902,1,0.408879
test,18903,1,0.873174
test,18904,1,0.689648
test,18905,1,0.534145
test,18906,1,0.756076
test,18907,1,0.966542
test,18908,1,0.946054
test,18909,1,0.838320
test,18910,1,0.864004
test,18911,1,0.853146
test,18912,1,0.687172
test,18913,1,0.696452
test,18914,1,0.451738
test,18915,1,0.210769
test,18916,1,0.399293
test,18917,1,0.104382
test,18918,1,0.629101
test,18919,1,0.453474
test,18920,1,0.925797
test,18921,1,0.883685
test,18922,1,0.857942
test,18923,1,0.982321
test,18924,1,0.337124
test,18925,1,0.938205
test,18926,1,0.706672
test,18927,1,0.821163
test,18928,1,0.054069
test,18929,1,0.974551
test,18930,1,0.974551
test,18931,1,0.268082
test,18932,1,0.450137
test,18933,1,0.889512
test,18934,1,0.816701
test,18935,1,0.869631
test,18936,1,0.744865
test,18937,1,0.594411
test,18938,1,0.969317
test,18939,1,0.777872
test,18940,1,0.762326
test,18941,1,0.896910
test,18942,1,0.389021
test,18943,1,0.743025
test,18944,1,0.608464
test,18945,1,0.724010
test,18946,1,0.673918
test,18947,1,0.953418
test,18948,1,0.832762
test,18949,1,0.907455
test,18950,1,0.829061
test,18951,1,0.908334
test,18952,1,0.893433
test,18953,1,0.992135
test,18954,1,0.683641
test,18955,1,0.953688
test,18956,1,0.972387
test,18957,1,0.913202
test,18958,1,0.508868
test,18959,1,0.901147
test,18960,1,0.862783
test,18961,1,0.918409
test,18962,1,0.904183
test,18963,1,0.990636
test,18964,1,0.974495
test,18965,1,0.933158
test,18966,1,0.741005
test,18967,1,0.728520
test,18968,1,0.911779
test,18969,1,0.922118
test,18970,1,0.965984
test,18971,1,0.997977
test,18972,1,0.883482
test,18973,1,0.884972
test,18974,1,0.973570
test,18975,1,0.769587
test,18976,1,0.623081
test,18977,1,0.878406
test,18978,1,0.928347
test,18979,1,0.953754
test,18980,1,0.746028
test,18981,1,0.999276
test,18982,1,0.966242
test,18983,1,0.529607
test,18984,1,0.536720
test,18985,1,0.668224
test,18986,1,0.745029
test,18987,1,0.951941
test,18988,1,0.836491
test,18989,1,0.892558
test,18990,1,0.924404
test,18991,1,0.907954
test,18992,1,0.152228
test,18993,1,0.936495
test,18994,1,0.941232
test,18995,1,0.908409
test,18996,1,0.933308
test,18997,1,0.826454
test,18998,1,0.786536
test,18999,1,0.570440
test,19000,1,0.910417
test,19001,1,0.433405
test,19002,1,0.996420
test,19003,1,0.446916
test,19004,1,0.545454
test,19005,1,0.766734
test,19006,1,0.728120
test,19007,1,0.833916
test,19008,1,0.910417
test,19009,1,0.777121
test,19010,1,0.542110
test,19011,1,0.606626
test,19012,1,0.692516
test,19013,1,0.448371
test,19014,1,0.813437
test,19015,1,0.428864
test,19016,1,0.448487
test,19017,1,0.748779
test,19018,1,0.693948
test,19019,1,0.500948
test,19020,1,0.336205
test,19021,1,0.751493
test,19022,1,0.906844
test,19023,1,0.901379
test,19024,1,0.963781
test,19025,1,0.916150
test,19026,1,0.986280
test,19027,1,0.873725
test,19028,1,0.518658
test,19029,1,0.959645
test,19030,1,0.674612
test,19031,1,0.990169
test,19032,1,0.617480
test,19033,1,0.892800
test,19034,1,0.552055
test,19035,1,0.219545
test,19036,1,0.898251
test,19037,1,0.731158
test,19038,1,0.709275
test,19039,1,0.776699
test,19040,1,0.775311
test,19041,1,0.906602
test,19042,1,0.713913
test,19043,1,0.414905
test,19044,1,0.570798
test,19045,1,0.515231
test,19046,1,0.615330
test,19047,1,0.791982
test,19048,1,0.509441
test,19049,1,0.908246
test,19050,1,0.591144
test,19051,1,0.884991
test,19052,1,0.421523
test,19053,1,0.975917
test,19054,1,0.767162
test,19055,1,0.924263
test,19056,1,0.595768
test,19057,1,0.291637
test,19058,1,0.861118
test,19059,1,0.582587
test,19060,1,0.562377
test,19061,1,0.491779
test,19062,1,0.829873
test,19063,1,0.883454
test,19064,1,0.778002
test,19065,1,0.665088
test,19066,1,0.788481
test,19067,1,0.720819
test,19068,1,0.966834
test,19069,1,0.638279
test,19070,1,0.619217
test,19071,1,0.639505
test,19072,1,0.885396
test,19073,1,0.954138
test,19074,1,0.902880
test,19075,1,0.996650
test,19076,1,0.777484
test,19077,1,0.623448
test,19078,1,0.746418
test,19079,1,0.776465
test,19080,1,0.779077
test,19081,1,0.686865
test,19082,1,0.930364
test,19083,1,0.774275
test,19084,1,0.362993
test,19085,1,0.888936
test,19086,1,0.773937
test,19087,1,0.542361
test,19088,1,0.775083
test,19089,1,0.941851
test,19090,1,0.632775
test,19091,1,0.960331
test,19092,1,0.897656
test,19093,1,0.436303
test,19094,1,0.981953
test,19095,1,0.824427
test,19096,1,0.530838
test,19097,1,0.872855
test,19098,1,0.779781
test,19099,1,0.606993
test,19100,1,0.660886
test,19101,1,0.550011
test,19102,1,0.680237
test,19103,1,0.868417
test,19104,1,0.795569
test,19105,1,0.719202
test,19106,1,0.994624
test,19107,1,0.940822
test,19108,1,0.974557
test,19109,1,0.906136
test,19110,1,0.905909
test,19111,1,0.609182
test,19112,1,0.593269
test,19113,1,0.444774
test,19114,1,0.796347
test,19115,1,0.769709
test,19116,1,0.673158
test,19117,1,0.617929
test,19118,1,0.446010
test,19119,1,0.894930
test,19120,1,0.732641
test,19121,1,0.990067
test,19122,1,0.800774
test,19123,1,0.702636
test,19124,1,0.336012
test,19125,1,0.973058
test,19126,1,0.823429
test,19127,1,0.755655
test,19128,1,0.764463
test,19129,1,0.500369
test,19130,1,0.875787
test,19131,1,0.869489
test,19132,1,0.492278
test,19133,1,0.741939
test,19134,1,0.858970
test,19135,1,0.683977
test,19136,1,0.967880
test,19137,1,0.646883
test,19138,1,0.757895
test,19139,1,0.098097
test,19140,1,0.667018
test,19141,1,0.846817
test,19142,1,0.499107
test,19143,1,0.734568
test,19144,1,0.933590
test,19145,1,0.172298
test,19146,1,0.829322
test,19147,1,0.689461
test,19148,1,0.702385
test,19149,1,0.951905
test,19150,1,0.251926
test,19151,1,0.864283
test,19152,1,0.626159
test,19153,1,0.567046
test,19154,1,0.659915
test,19155,1,0.663258
test,19156,1,0.853162
test,19157,1,0.869336
test,19158,1,0.620992
test,19159,1,0.982476
test,19160,1,0.881699
test,19161,1,0.610440
test,19162,1,0.301811
test,19163,1,0.240416
test,19164,1,0.650263
test,19165,1,0.852512
test,19166,1,0.823541
test,19167,1,0.722098
test,19168,1,0.370318
test,19169,1,0.627530
test,19170,1,0.811230
test,19171,1,0.953073
test,19172,1,0.880969
test,19173,1,0.826415
test,19174,1,0.799820
test,19175,1,0.762670
test,19176,1,0.551379
test,19177,1,0.382615
test,19178,1,0.867882
test,19179,1,0.182093
test,19180,1,0.524322
test,19181,1,0.919529
test,19182,1,0.731707
test,19183,1,0.771267
test,19184,1,0.435867
test,19185,1,0.936513
test,19186,1,0.118185
test,19187,1,0.601920
test,19188,1,0.847937
test,19189,1,0.168529
test,19190,1,0.571535
test,19191,1,0.709561
test,19192,1,0.757615
test,19193,1,0.765104
test,19194,1,0.709189
test,19195,1,0.528574
test,19196,1,0.401328
test,19197,1,0.776674
test,19198,1,0.960981
test,19199,1,0.919501
test,19200,1,0.797805
test,19201,1,0.990110
test,19202,1,0.855307
test,19203,1,0.992964
test,19204,1,0.992508
test,19205,1,0.925977
test,19206,1,0.747472
test,19207,1,0.617792
test,19208,1,0.778911
test,19209,1,0.706536
test,19210,1,0.979508
test,19211,1,0.879753
test,19212,1,0.790860
test,19213,1,0.959135
test,19214,1,0.839765
test,19215,1,0.642454
test,19216,1,0.956142
test,19217,1,0.717579
test,19218,1,0.474421
test,19219,1,0.628096
test,19220,1,0.424831
test,19221,1,0.603318
test,19222,1,0.250601
test,19223,1,0.947761
test,19224,1,0.292885
test,19225,1,0.409475
test,19226,1,0.380699
test,19227,1,0.331587
test,19228,1,0.204160
test,19229,1,0.639123
test,19230,1,0.199354
test,19231,1,0.746974
test,19232,1,0.728940
test,19233,1,0.529020
test,19234,1,0.480105
test,19235,1,0.466171
test,19236,1,0.746520
test,19237,1,0.409269
test,19238,1,0.426891
test,19239,1,0.542484
test,19240,1,0.251587
test,19241,1,0.271656
test,19242,1,0.390509
test,19243,1,0.486074
test,19244,1,0.565143
test,19245,1,0.790702
test,19246,1,0.902749
test,19247,1,0.882924
test,19248,1,0.657536
test,19249,1,0.914981
test,19250,1,0.966504
test,19251,1,0.962311
test,19252,1,0.867049
test,19253,1,0.904160
test,19254,1,0.762348
test,19255,1,0.971312
test,19256,1,0.910131
test,19257,1,0.916462
test,19258,1,0.839651
test,19259,1,0.982605
test,19260,1,0.541627
test,19261,1,0.528497
test,19262,1,0.426624
test,19263,1,0.999915
test,19264,1,0.813971
test,19265,1,0.820168
test,19266,1,0.933093
test,19267,1,0.681531
test,19268,1,0.656194
test,19269,1,0.683178
test,19270,1,0.483038
test,19271,1,0.953338
test,19272,1,0.924508
test,19273,1,0.728755
test,19274,1,0.861112
test,19275,1,0.862921
test,19276,1,0.849948
test,19277,1,0.894537
test,19278,1,0.889014
test,19279,1,0.713562
test,19280,1,0.649529
test,19281,1,0.702228
test,19282,1,0.709475
test,19283,1,0.798169
test,19284,1,0.977882
test,19285,1,0.656622
test,19286,1,0.825831
test,19287,1,0.930008
test,19288,1,0.728446
test,19289,1,0.885385
test,19290,1,0.787426
test,19291,1,0.537162
test,19292,1,0.686970
test,19293,1,0.317826
test,19294,1,0.743374
test,19295,1,0.679017
test,19296,1,0.664923
test,19297,1,0.392435
test,19298,1,0.771739
test,19299,1,0.487176
test,19300,1,0.281260
test,19301,1,0.851439
test,19302,1,0.376216
test,19303,1,0.916644
test,19304,1,0.946905
test,19305,1,0.972256
test,19306,1,0.975154
test,19307,1,0.973081
test,19308,1,0.988946
test,19309,1,0.832544
test,19310,1,0.350190
test,19311,1,0.891750
test,19312,1,0.880379
test,19313,1,0.475747
test,19314,1,0.982243
test,19315,1,0.357298
test,19316,1,0.740088
test,19317,1,0.929536
test,19318,1,0.815398
test,19319,1,0.877829
test,19320,1,0.643281
test,19321,1,0.793611
test,19322,1,0.637892
test,19323,1,0.717991
test,19324,1,0.664603
test,19325,1,0.608382
test,19326,1,0.720210
test,19327,1,0.943887
test,19328,1,0.149125
test,19329,1,0.811687
test,19330,1,0.519225
test,19331,1,0.372074
test,19332,1,0.933689
test,19333,1,0.619381
test,19334,1,0.698256
test,19335,1,0.343729
test,19336,1,0.745268
test,19337,1,0.865480
test,19338,1,0.822937
test,19339,1,0.025219
test,19340,1,0.653414
test,19341,1,0.827205
test,19342,1,0.326557
test,19343,1,0.181323
test,19344,1,0.730275
test,19345,1,0.909557
test,19346,1,0.439688
test,19347,1,0.738850
test,19348,1,0.931693
test,19349,1,0.146201
test,19350,1,0.907135
test,19351,1,0.522624
test,19352,1,0.956887
test,19353,1,0.943974
test,19354,1,0.998331
test,19355,1,0.878443
test,19356,1,0.496700
test,19357,1,0.923629
test,19358,1,0.351259
test,19359,1,0.928863
test,19360,1,0.973472
test,19361,1,0.985709
test,19362,1,0.982669
test,19363,1,0.753829
test,19364,1,0.864315
test,19365,1,0.463783
test,19366,1,0.884144
test,19367,1,0.729295
test,19368,1,0.493148
test,19369,1,0.146476
test,19370,1,0.504685
test,19371,1,0.743635
test,19372,1,0.991105
test,19373,1,0.884830
test,19374,1,0.756948
test,19375,1,0.951953
test,19376,1,0.920144
test,19377,1,0.627519
test,19378,1,0.988393
test,19379,1,0.702462
test,19380,1,0.888436
test,19381,1,0.946643
test,19382,1,0.625995
test,19383,1,0.031923
test,19384,1,0.296665
test,19385,1,0.343497
test,19386,1,0.963084
test,19387,1,0.949786
test,19388,1,0.911048
test,19389,1,0.667818
test,19390,1,0.979580
test,19391,1,0.839144
test,19392,1,0.915866
test,19393,1,0.970370
test,19394,1,0.933964
test,19395,1,0.981213
test,19396,1,0.994298
test,19397,1,0.971650
test,19398,1,0.895471
test,19399,1,0.712047
test,19400,1,0.966122
test,19401,1,0.951808
test,19402,1,0.970368
test,19403,1,0.982808
test,19404,1,0.943324
test,19405,1,0.764085
test,19406,1,0.990194
test,19407,1,0.872637
test,19408,1,0.973649
test,19409,1,0.723332
test,19410,1,0.933992
test,19411,1,0.949547
test,19412,1,0.609397
test,19413,1,0.511110
test,19414,1,0.879857
test,19415,1,0.824023
test,19416,1,0.959154
test,19417,1,0.743920
test,19418,1,0.900395
test,19419,1,0.986500
test,19420,1,0.928309
test,19421,1,0.769536
test,19422,1,0.831738
test,19423,1,0.858117
test,19424,1,0.984657
test,19425,1,0.975358
test,19426,1,0.913919
test,19427,1,0.938432
test,19428,1,0.767893
test,19429,1,0.974601
test,19430,1,0.821020
test,19431,1,0.808481
test,19432,1,0.894669
test,19433,1,0.813148
test,19434,1,0.590658
test,19435,1,0.939816
test,19436,1,0.664372
test,19437,1,0.736250
test,19438,1,0.861906
test,19439,1,0.502811
test,19440,1,0.976628
test,19441,1,0.756507
test,19442,1,0.783144
test,19443,1,0.840580
test,19444,1,0.921655
test,19445,1,0.800751
test,19446,1,0.754939
test,19447,1,0.424940
test,19448,1,0.643605
test,19449,1,0.714553
test,19450,1,0.479640
test,19451,1,0.636673
test,19452,1,0.744471
test,19453,1,0.409508
test,19454,1,0.653343
test,19455,1,0.637796
test,19456,1,0.424829
test,19457,1,0.644765
test,19458,1,0.178874
test,19459,1,0.624142
test,19460,1,0.530319
test,19461,1,0.657633
test,19462,1,0.938886
test,19463,1,0.624347
test,19464,1,0.718642
test,19465,1,0.336600
test,19466,1,0.797990
test,19467,1,0.672612
test,19468,1,0.708715
test,19469,1,0.666476
test,19470,1,0.591107
test,19471,1,0.475838
test,19472,1,0.533707
test,19473,1,0.633556
test,19474,1,0.513716
test,19475,1,0.632242
test,19476,1,0.760453
test,19477,1,0.907435
test,19478,1,0.334036
test,19479,1,0.779441
test,19480,1,0.779251
test,19481,1,0.985377
test,19482,1,0.666640
test,19483,1,0.313401
test,19484,1,0.811573
test,19485,1,0.214260
test,19486,1,0.574982
test,19487,1,0.071786
test,19488,1,0.076372
test,19489,1,0.306063
test,19490,1,0.918918
test,19491,1,0.837543
test,19492,1,0.982031
test,19493,1,0.996876
test,19494,1,0.840339
test,19495,1,0.748933
test,19496,1,0.959169
test,19497,1,0.772154
test,19498,1,0.921549
test,19499,1,0.869389
test,19500,1,0.584998
test,19501,1,0.933363
test,19502,1,0.913622
test,19503,1,0.825089
test,19504,1,0.560799
test,19505,1,0.802766
test,19506,1,0.594417
test,19507,1,0.433492
test,19508,1,0.781715
test,19509,1,0.878843
test,19510,1,0.669944
test,19511,1,0.205861
test,19512,1,0.460698
test,19513,1,0.020371
test,19514,1,0.496710
test,19515,1,0.333386
test,19516,1,0.449191
test,19517,1,0.423083
test,19518,1,0.133140
test,19519,1,0.463188
test,19520,1,0.409281
test,19521,1,0.035179
test,19522,1,0.441838
test,19523,1,0.728804
test,19524,1,0.135006
test,19525,1,0.940792
test,19526,1,0.315814
test,19527,1,0.301241
test,19528,1,0.769981
test,19529,1,0.690549
test,19530,1,0.602839
test,19531,1,0.647459
test,19532,1,0.788456
test,19533,1,0.752528
test,19534,1,0.958196
test,19535,1,0.926137
test,19536,1,0.560333
test,19537,1,0.750707
test,19538,1,0.867927
test,19539,1,0.816324
test,19540,1,0.406569
test,19541,1,0.468535
test,19542,1,0.852851
test,19543,1,0.691197
test,19544,1,0.950853
test,19545,1,0.878719
test,19546,1,0.913113
test,19547,1,0.595096
test,19548,1,0.782768
test,19549,1,0.602484
test,19550,1,0.921054
test,19551,1,0.738269
test,19552,1,0.854387
test,19553,1,0.661285
test,19554,1,0.769648
test,19555,1,0.991523
test,19556,1,0.793431
test,19557,1,0.645777
test,19558,1,0.426938
test,19559,1,0.724936
test,19560,1,0.986842
test,19561,1,0.760125
test,19562,1,0.952740
test,19563,1,0.789909
test,19564,1,0.998044
test,19565,1,0.954228
test,19566,1,0.871214
test,19567,1,0.811530
test,19568,1,0.892583
test,19569,1,0.553862
test,19570,1,0.646508
test,19571,1,0.687858
test,19572,1,0.548480
test,19573,1,0.900740
test,19574,1,0.540316
test,19575,1,0.460344
test,19576,1,0.706937
test,19577,1,0.775903
test,19578,1,0.455299
test,19579,1,0.881986
test,19580,1,0.479232
test,19581,1,0.706994
test,19582,1,0.464615
test,19583,1,0.893064
test,19584,1,0.732968
test,19585,1,0.879291
test,19586,1,0.807092
test,19587,1,0.717967
test,19588,1,0.677783
test,19589,1,0.939313
test,19590,1,0.712358
test,19591,1,0.189683
test,19592,1,0.931366
test,19593,1,0.349296
test,19594,1,0.118224
test,19595,1,0.768148
test,19596,1,0.754002
test,19597,1,0.770418
test,19598,1,0.874107
test,19599,1,0.399723
test,19600,1,0.396205
test,19601,1,0.425524
test,19602,1,0.552889
test,19603,1,0.211112
test,19604,1,0.819895
test,19605,1,0.313012
test,19606,1,0.403354
test,19607,1,0.403354
test,19608,1,0.494167
test,19609,1,0.731316
test,19610,1,0.598324
test,19611,1,0.825832
test,19612,1,0.922540
test,19613,1,0.876223
test,19614,1,0.580035
test,19615,1,0.908022
test,19616,1,0.828361
test,19617,1,0.936107
test,19618,1,0.900609
test,19619,1,0.724914
test,19620,1,0.826928
test,19621,1,0.741177
test,19622,1,0.972751
test,19623,1,0.593745
test,19624,1,0.982284
test,19625,1,0.490500
test,19626,1,0.910323
test,19627,1,0.836036
test,19628,1,0.625457
test,19629,1,0.974646
test,19630,1,0.959128
test,19631,1,0.975012
test,19632,1,0.979657
test,19633,1,0.971893
test,19634,1,0.981619
test,19635,1,0.697995
test,19636,1,0.564877
test,19637,1,0.942574
test,19638,1,0.385413
test,19639,1,0.369862
test,19640,1,0.856396
test,19641,1,0.769785
test,19642,1,0.500901
test,19643,1,0.849424
test,19644,1,0.321180
test,19645,1,0.866112
test,19646,1,0.740774
test,19647,1,0.638196
test,19648,1,0.499610
test,19649,1,0.971828
test,19650,1,0.240791
test,19651,1,0.669776
test,19652,1,0.943129
test,19653,1,0.761456
test,19654,1,0.555657
test,19655,1,0.315482
test,19656,1,0.375311
test,19657,1,0.464355
test,19658,1,0.817118
test,19659,1,0.535360
test,19660,1,0.813651
test,19661,1,0.646545
test,19662,1,0.523084
test,19663,1,0.533977
test,19664,1,0.086935
test,19665,1,0.681641
test,19666,1,0.808437
test,19667,1,0.681288
test,19668,1,0.536056
test,19669,1,0.791450
test,19670,1,0.724830
test,19671,1,0.609048
test,19672,1,0.950505
test,19673,1,0.996346
test,19674,1,0.996918
test,19675,1,0.450701
test,19676,1,0.866795
test,19677,1,0.519319
test,19678,1,0.857445
test,19679,1,0.812649
test,19680,1,0.876856
test,19681,1,0.531962
test,19682,1,0.420874
test,19683,1,0.894154
test,19684,1,0.402925
test,19685,1,0.746960
test,19686,1,0.899659
test,19687,1,0.983966
test,19688,1,0.886011
test,19689,1,0.853088
test,19690,1,0.889288
test,19691,1,0.940785
test,19692,1,0.970049
test,19693,1,0.586798
test,19694,1,0.792345
test,19695,1,0.850017
test,19696,1,0.342261
test,19697,1,0.777162
test,19698,1,0.783336
test,19699,1,0.767104
test,19700,1,0.832019
test,19701,1,0.401280
test,19702,1,0.975633
test,19703,1,0.838640
test,19704,1,0.899451
test,19705,1,0.876870
test,19706,1,0.827359
test,19707,1,0.973610
test,19708,1,0.869530
test,19709,1,0.978161
test,19710,1,0.939209
test,19711,1,0.874151
test,19712,1,0.994592
test,19713,1,0.897001
test,19714,1,0.648020
test,19715,1,0.679915
test,19716,1,0.585636
test,19717,1,0.686476
test,19718,1,0.916911
test,19719,1,0.870849
test,19720,1,0.647400
test,19721,1,0.942407
test,19722,1,0.810374
test,19723,1,0.935599
test,19724,1,0.880316
test,19725,1,0.846378
test,19726,1,0.286120
test,19727,1,0.204841
test,19728,1,0.756159
test,19729,1,0.544315
test,19730,1,0.499736
test,19731,1,0.370126
test,19732,1,0.716430
test,19733,1,0.806605
test,19734,1,0.453662
test,19735,1,0.586557
test,19736,1,0.491195
test,19737,1,0.928683
test,19738,1,0.919146
test,19739,1,0.314495
test,19740,1,0.571681
test,19741,1,0.067724
test,19742,1,0.594125
test,19743,1,0.431132
test,19744,1,0.345763
test,19745,1,0.498506
test,19746,1,0.944259
test,19747,1,0.910559
test,19748,1,0.574107
test,19749,1,0.717188
test,19750,1,0.495169
test,19751,1,0.231531
test,19752,1,0.271155
test,19753,1,0.883562
test,19754,1,0.987350
test,19755,1,0.998395
test,19756,1,0.355492
test,19757,1,0.872363
test,19758,1,0.729797
test,19759,1,0.349154
test,19760,1,0.871428
test,19761,1,0.617614
test,19762,1,0.481040
test,19763,1,0.846609
test,19764,1,0.439820
test,19765,1,0.426312
test,19766,1,0.725551
test,19767,1,0.484796
test,19768,1,0.645164
test,19769,1,0.529002
test,19770,1,0.982692
test,19771,1,0.829745
test,19772,1,0.829425
test,19773,1,0.470727
test,19774,1,0.178426
test,19775,1,0.679628
test,19776,1,0.435458
test,19777,1,0.649144
test,19778,1,0.782616
test,19779,1,0.981001
test,19780,1,0.837460
test,19781,1,0.316738
test,19782,1,0.870548
test,19783,1,0.802181
test,19784,1,0.946117
test,19785,1,0.752819
test,19786,1,0.511451
test,19787,1,0.359158
test,19788,1,0.496791
test,19789,1,0.929403
test,19790,1,0.698648
test,19791,1,0.990901
test,19792,1,0.789332
test,19793,1,0.748154
test,19794,1,0.930237
test,19795,1,0.876688
test,19796,1,0.386499
test,19797,1,0.947593
test,19798,1,0.928255
test,19799,1,0.808707
test,19800,1,0.499085
test,19801,1,0.961626
test,19802,1,0.312446
test,19803,1,0.844895
test,19804,1,0.436438
test,19805,1,0.572915
test,19806,1,0.653910
test,19807,1,0.281908
test,19808,1,0.833598
test,19809,1,0.950638
test,19810,1,0.979646
test,19811,1,0.758649
test,19812,1,0.675431
test,19813,1,0.840716
test,19814,1,0.946037
test,19815,1,0.512255
test,19816,1,0.154744
test,19817,1,0.394768
test,19818,1,0.276225
test,19819,1,0.061961
test,19820,1,0.721259
test,19821,1,0.779784
test,19822,1,0.356394
test,19823,1,0.080765
test,19824,1,0.068546
test,19825,1,0.675481
test,19826,1,0.378705
test,19827,1,0.311264
test,19828,1,0.542960
test,19829,1,0.927025
test,19830,1,0.981048
test,19831,1,0.997457
test,19832,1,0.407690
test,19833,1,0.480117
test,19834,1,0.326030
test,19835,1,0.766244
test,19836,1,0.988855
test,19837,1,0.898187
test,19838,1,0.640357
test,19839,1,0.154183
test,19840,1,0.788015
test,19841,1,0.797001
test,19842,1,0.606888
test,19843,1,0.424635
test,19844,1,0.883503
test,19845,1,0.959633
test,19846,1,0.796580
test,19847,1,0.615025
test,19848,1,0.514616
test,19849,1,0.201015
test,19850,1,0.678880
test,19851,1,0.505562
test,19852,1,0.299206
test,19853,1,0.919806
test,19854,1,0.703001
test,19855,1,0.741903
test,19856,1,0.919968
test,19857,1,0.567984
test,19858,1,0.594450
test,19859,1,0.609822
test,19860,1,0.892216
test,19861,1,0.876880
test,19862,1,0.443647
test,19863,1,0.594100
test,19864,1,0.404260
test,19865,1,0.481495
test,19866,1,0.852450
test,19867,1,0.716328
test,19868,1,0.534570
test,19869,1,0.698608
test,19870,1,0.817103
test,19871,1,0.948032
test,19872,1,0.968881
test,19873,1,0.941513
test,19874,1,0.973507
test,19875,1,0.878732
test,19876,1,0.987617
test,19877,1,0.564363
test,19878,1,0.745827
test,19879,1,0.813182
test,19880,1,0.643088
test,19881,1,0.848966
test,19882,1,0.928876
test,19883,1,0.643224
test,19884,1,0.215963
test,19885,1,0.927823
test,19886,1,0.924513
test,19887,1,0.616074
test,19888,1,0.752108
test,19889,1,0.760904
test,19890,1,0.900679
test,19891,1,0.967839
test,19892,1,0.987219
test,19893,1,0.902915
test,19894,1,0.836074
test,19895,1,0.533195
test,19896,1,0.699952
test,19897,1,0.594771
test,19898,1,0.769759
test,19899,1,0.696983
test,19900,1,0.712955
test,19901,1,0.471297
test,19902,1,0.537136
test,19903,1,0.261579
test,19904,1,0.279712
test,19905,1,0.927524
test,19906,1,0.969516
test,19907,1,0.798984
test,19908,1,0.654111
test,19909,1,0.872370
test,19910,1,0.913912
test,19911,1,0.781876
test,19912,1,0.632836
test,19913,1,0.774830
test,19914,1,0.990472
test,19915,1,0.894642
test,19916,1,0.889896
test,19917,1,0.908719
test,19918,1,0.949187
test,19919,1,0.746916
test,19920,1,0.962678
test,19921,1,0.898531
test,19922,1,0.406506
test,19923,1,0.742823
test,19924,1,0.842957
test,19925,1,0.761268
test,19926,1,0.690229
test,19927,1,0.334744
test,19928,1,0.958546
test,19929,1,0.748050
test,19930,1,0.840069
test,19931,1,0.683949
test,19932,1,0.611560
test,19933,1,0.832726
test,19934,1,0.628048
test,19935,1,0.913741
test,19936,1,0.908111
test,19937,1,0.629705
test,19938,1,0.799579
test,19939,1,0.868990
test,19940,1,0.405441
test,19941,1,0.841924
test,19942,1,0.735929
test,19943,1,0.481471
test,19944,1,0.386838
test,19945,1,0.918362
test,19946,1,0.867641
test,19947,1,0.060851
test,19948,1,0.739228
test,19949,1,0.716917
test,19950,1,0.921545
test,19951,1,0.888128
test,19952,1,0.757030
test,19953,1,0.609015
test,19954,1,0.822605
test,19955,1,0.764433
test,19956,1,0.578042
test,19957,1,0.517615
test,19958,1,0.594696
test,19959,1,0.438105
test,19960,1,0.501520
test,19961,1,0.443898
test,19962,1,0.517338
test,19963,1,0.250991
test,19964,1,0.480807
test,19965,1,0.206517
test,19966,1,0.917631
test,19967,1,0.896942
test,19968,1,0.508626
test,19969,1,0.577920
test,19970,1,0.905175
test,19971,1,0.259069
test,19972,1,0.976418
test,19973,1,0.362944
test,19974,1,0.517862
test,19975,1,0.689095
test,19976,1,0.450501
test,19977,1,0.898165
test,19978,1,0.560839
test,19979,1,0.819856
test,19980,1,0.643255
test,19981,1,0.158677
test,19982,1,0.693857
test,19983,1,0.478616
test,19984,1,0.988348
test,19985,1,0.674604
test,19986,1,0.693501
test,19987,1,0.548421
test,19988,1,0.977824
test,19989,1,0.804500
test,19990,1,0.343967
test,19991,1,0.050220
test,19992,1,0.791479
test,19993,1,0.751795
test,19994,1,0.424802
test,19995,1,0.704754
test,19996,1,0.638985
test,19997,1,0.426011
test,19998,1,0.824537
test,19999,1,0.883437
test,20000,1,0.238420
test,20001,1,0.425618
test,20002,1,0.639835
test,20003,1,0.782889
test,20004,1,0.881318
test,20005,1,0.504542
test,20006,1,0.537839
test,20007,1,0.730900
test,20008,1,0.694740
test,20009,1,0.644702
test,20010,1,0.913663
test,20011,1,0.492623
test,20012,1,0.481480
test,20013,1,0.569281
test,20014,1,0.534567
test,20015,1,0.823784
test,20016,1,0.826572
test,20017,1,0.564128
test,20018,1,0.608085
test,20019,1,0.857426
test,20020,1,0.945251
test,20021,1,0.980612
test,20022,1,0.683349
test,20023,1,0.680093
test,20024,1,0.671644
test,20025,1,0.531368
test,20026,1,0.948248
test,20027,1,0.893435
test,20028,1,0.806332
test,20029,1,0.510102
test,20030,1,0.934901
test,20031,1,0.782045
test,20032,1,0.827527
test,20033,1,0.187694
test,20034,1,0.682052
test,20035,1,0.980696
test,20036,1,0.952667
test,20037,1,0.954158
test,20038,1,0.873284
test,20039,1,0.684769
test,20040,1,0.899626
test,20041,1,0.728111
test,20042,1,0.663177
test,20043,1,0.795021
test,20044,1,0.987155
test,20045,1,0.983836
test,20046,1,0.971670
test,20047,1,0.850615
test,20048,1,0.995343
test,20049,1,0.974217
test,20050,1,0.969541
test,20051,1,0.914777
test,20052,1,0.690133
test,20053,1,0.926600
test,20054,1,0.914983
test,20055,1,0.813748
test,20056,1,0.736440
test,20057,1,0.964109
test,20058,1,0.927508
test,20059,1,0.679113
test,20060,1,0.823149
test,20061,1,0.975308
test,20062,1,0.956201
test,20063,1,0.999023
test,20064,1,0.776046
test,20065,1,0.515892
test,20066,1,0.357413
test,20067,1,0.714629
test,20068,1,0.849465
test,20069,1,0.784989
test,20070,1,0.357472
test,20071,1,0.847388
test,20072,1,0.983950
test,20073,1,0.997307
test,20074,1,0.878050
test,20075,1,0.986274
test,20076,1,0.950952
test,20077,1,0.830856
test,20078,1,0.548333
test,20079,1,0.845875
test,20080,1,0.840634
test,20081,1,0.336180
test,20082,1,0.732576
test,20083,1,0.840156
test,20084,1,0.192577
test,20085,1,0.348347
test,20086,1,0.640825
test,20087,1,0.753308
test,20088,1,0.646837
test,20089,1,0.365709
test,20090,1,0.699740
test,20091,1,0.750620
test,20092,1,0.162660
test,20093,1,0.584684
test,20094,1,0.954785
test,20095,1,0.650412
test,20096,1,0.254545
test,20097,1,0.460958
test,20098,1,0.782523
test,20099,1,0.803192
test,20100,1,0.655828
test,20101,1,0.406132
test,20102,1,0.643814
test,20103,1,0.400569
test,20104,1,0.596060
test,20105,1,0.723884
test,20106,1,0.940719
test,20107,1,0.212838
test,20108,1,0.170414
test,20109,1,0.141196
test,20110,1,0.255843
test,20111,1,0.718601
test,20112,1,0.950964
test,20113,1,0.806745
test,20114,1,0.936622
test,20115,1,0.967886
test,20116,1,0.887438
test,20117,1,0.828095
test,20118,1,0.790649
test,20119,1,0.942930
test,20120,1,0.295026
test,20121,1,0.846085
test,20122,1,0.377621
test,20123,1,0.793715
test,20124,1,0.972924
test,20125,1,0.684365
test,20126,1,0.956182
test,20127,1,0.471851
test,20128,1,0.769486
test,20129,1,0.748729
test,20130,1,0.933811
test,20131,1,0.481293
test,20132,1,0.590447
test,20133,1,0.886887
test,20134,1,0.990006
test,20135,1,0.530515
test,20136,1,0.861668
test,20137,1,0.382056
test,20138,1,0.890515
test,20139,1,0.910742
test,20140,1,0.568793
test,20141,1,0.920250
test,20142,1,0.951992
test,20143,1,0.921538
test,20144,1,0.932511
test,20145,1,0.559908
test,20146,1,0.971788
test,20147,1,0.953245
test,20148,1,0.983565
test,20149,1,0.897903
test,20150,1,0.907421
test,20151,1,0.727787
test,20152,1,0.934932
test,20153,1,0.977266
test,20154,1,0.833135
test,20155,1,0.976847
test,20156,1,0.796886
test,20157,1,0.986036
test,20158,1,0.680121
test,20159,1,0.861255
test,20160,1,0.973034
test,20161,1,0.817892
test,20162,1,0.988606
test,20163,1,0.743016
test,20164,1,0.649147
test,20165,1,0.209109
test,20166,1,0.805703
test,20167,1,0.933047
test,20168,1,0.998387
test,20169,1,0.786102
test,20170,1,0.956829
test,20171,1,0.889320
test,20172,1,0.933047
test,20173,1,0.907290
test,20174,1,0.819444
test,20175,1,0.765695
test,20176,1,0.989016
test,20177,1,0.814868
test,20178,1,0.920081
test,20179,1,0.948072
test,20180,1,0.446761
test,20181,1,0.780879
test,20182,1,0.643054
test,20183,1,0.703942
test,20184,1,0.836770
test,20185,1,0.864308
test,20186,1,0.572461
test,20187,1,0.757352
test,20188,1,0.732130
test,20189,1,0.851928
test,20190,1,0.807583
test,20191,1,0.986950
test,20192,1,0.246483
test,20193,1,0.937272
test,20194,1,0.916323
test,20195,1,0.577712
test,20196,1,0.941973
test,20197,1,0.718881
test,20198,1,0.761765
test,20199,1,0.737164
test,20200,1,0.920268
test,20201,1,0.767604
test,20202,1,0.863349
test,20203,1,0.952819
test,20204,1,0.832184
test,20205,1,0.424220
test,20206,1,0.943523
test,20207,1,0.990092
test,20208,1,0.974302
test,20209,1,0.869098
test,20210,1,0.935360
test,20211,1,0.974899
test,20212,1,0.901703
test,20213,1,0.995912
test,20214,1,0.956832
test,20215,1,0.985545
test,20216,1,0.971007
test,20217,1,0.940778
test,20218,1,0.883583
test,20219,1,0.894597
test,20220,1,0.918423
test,20221,1,0.907336
test,20222,1,0.944548
test,20223,1,0.967001
test,20224,1,0.960313
test,20225,1,0.761184
test,20226,1,0.898290
test,20227,1,0.546786
test,20228,1,0.933534
test,20229,1,0.748590
test,20230,1,0.924122
test,20231,1,0.617903
test,20232,1,0.728877
test,20233,1,0.746917
test,20234,1,0.664968
test,20235,1,0.895631
test,20236,1,0.755654
test,20237,1,0.931447
test,20238,1,0.931937
test,20239,1,0.932927
test,20240,1,0.899329
test,20241,1,0.982885
test,20242,1,0.966723
test,20243,1,0.664448
test,20244,1,0.744405
test,20245,1,0.813274
test,20246,1,0.947991
test,20247,1,0.871197
test,20248,1,0.897560
test,20249,1,0.937183
test,20250,1,0.961266
test,20251,1,0.822455
test,20252,1,0.863767
test,20253,1,0.873032
test,20254,1,0.710494
test,20255,1,0.477340
test,20256,1,0.972923
test,20257,1,0.889932
test,20258,1,0.959931
test,20259,1,0.607185
test,20260,1,0.953442
test,20261,1,0.874513
test,20262,1,0.745566
test,20263,1,0.662395
test,20264,1,0.251744
test,20265,1,0.727025
test,20266,1,0.949404
test,20267,1,0.617362
test,20268,1,0.295842
test,20269,1,0.871791
test,20270,1,0.585478
test,20271,1,0.710630
test,20272,1,0.946469
test,20273,1,0.742966
test,20274,1,0.675922
test,20275,1,0.783820
test,20276,1,0.815617
test,20277,1,0.664695
test,20278,1,0.942466
test,20279,1,0.982534
test,20280,1,0.901510
test,20281,1,0.627465
test,20282,1,0.504043
test,20283,1,0.442245
test,20284,1,0.344872
test,20285,1,0.965037
test,20286,1,0.967229
test,20287,1,0.671770
test,20288,1,0.879905
test,20289,1,0.952368
test,20290,1,0.731677
test,20291,1,0.976455
test,20292,1,0.978016
test,20293,1,0.828381
test,20294,1,0.829993
test,20295,1,0.600709
test,20296,1,0.846335
test,20297,1,0.820902
test,20298,1,0.353057
test,20299,1,0.946774
test,20300,1,0.980702
test,20301,1,0.745323
test,20302,1,0.837559
test,20303,1,0.913046
test,20304,1,0.623895
test,20305,1,0.652171
test,20306,1,0.970884
test,20307,1,0.961667
test,20308,1,0.835081
test,20309,1,0.875219
test,20310,1,0.622209
test,20311,1,0.555258
test,20312,1,0.538082
test,20313,1,0.972925
test,20314,1,0.184143
test,20315,1,0.580646
test,20316,1,0.829931
test,20317,1,0.876129
test,20318,1,0.953592
test,20319,1,0.845014
test,20320,1,0.634893
test,20321,1,0.693017
test,20322,1,0.642164
test,20323,1,0.905348
test,20324,1,0.763913
test,20325,1,0.434688
test,20326,1,0.396973
test,20327,1,0.863309
test,20328,1,0.756543
test,20329,1,0.784143
test,20330,1,0.897102
test,20331,1,0.953065
test,20332,1,0.750840
test,20333,1,0.693237
test,20334,1,0.566282
test,20335,1,0.738659
test,20336,1,0.846329
test,20337,1,0.566876
test,20338,1,0.915962
test,20339,1,0.957728
test,20340,1,0.847939
test,20341,1,0.939512
test,20342,1,0.288769
test,20343,1,0.994031
test,20344,1,0.577936
test,20345,1,0.212160
test,20346,1,0.676089
test,20347,1,0.746427
test,20348,1,0.771962
test,20349,1,0.960786
test,20350,1,0.297903
test,20351,1,0.795461
test,20352,1,0.673278
test,20353,1,0.229636
test,20354,1,0.463524
test,20355,1,0.785227
test,20356,1,0.536380
test,20357,1,0.879623
test,20358,1,0.976842
test,20359,1,0.713253
test,20360,1,0.566716
test,20361,1,0.797635
test,20362,1,0.811779
test,20363,1,0.893713
test,20364,1,0.936834
test,20365,1,0.897859
test,20366,1,0.535241
test,20367,1,0.354205
test,20368,1,0.504449
test,20369,1,0.489934
test,20370,1,0.881901
test,20371,1,0.978264
test,20372,1,0.959314
test,20373,1,0.960695
test,20374,1,0.822845
test,20375,1,0.962270
test,20376,1,0.975657
test,20377,1,0.741407
test,20378,1,0.938968
test,20379,1,0.962451
test,20380,1,0.792592
test,20381,1,0.899875
test,20382,1,0.809129
test,20383,1,0.913028
test,20384,1,0.570583
test,20385,1,0.643372
test,20386,1,0.906445
test,20387,1,0.692978
test,20388,1,0.667879
test,20389,1,0.833939
test,20390,1,0.749322
test,20391,1,0.730204
test,20392,1,0.680616
test,20393,1,0.908517
test,20394,1,0.894287
test,20395,1,0.735853
test,20396,1,0.959832
test,20397,1,0.946278
test,20398,1,0.813839
test,20399,1,0.713324
test,20400,1,0.741407
test,20401,1,0.677044
test,20402,1,0.760162
test,20403,1,0.949852
test,20404,1,0.905279
test,20405,1,0.793384
test,20406,1,0.882491
test,20407,1,0.440610
test,20408,1,0.178969
test,20409,1,0.117123
test,20410,1,0.404577
test,20411,1,0.129088
test,20412,1,0.088358
test,20413,1,0.923613
test,20414,1,0.270985
test,20415,1,0.780564
test,20416,1,0.716564
test,20417,1,0.645459
test,20418,1,0.589737
test,20419,1,0.665434
test,20420,1,0.895347
test,20421,1,0.986375
test,20422,1,0.755174
test,20423,1,0.894984
test,20424,1,0.968505
test,20425,1,0.960150
test,20426,1,0.326004
test,20427,1,0.515375
test,20428,1,0.850891
test,20429,1,0.875217
test,20430,1,0.624664
test,20431,1,0.582970
test,20432,1,0.608567
test,20433,1,0.686656
test,20434,1,0.976427
test,20435,1,0.488745
test,20436,1,0.883749
test,20437,1,0.993337
test,20438,1,0.788386
test,20439,1,0.825138
test,20440,1,0.282851
test,20441,1,0.621695
test,20442,1,0.727974
test,20443,1,0.509352
test,20444,1,0.749917
test,20445,1,0.604583
test,20446,1,0.410998
test,20447,1,0.701850
test,20448,1,0.714980
test,20449,1,0.591987
test,20450,1,0.830316
test,20451,1,0.737286
test,20452,1,0.817769
test,20453,1,0.845835
test,20454,1,0.876530
test,20455,1,0.665303
test,20456,1,0.932895
test,20457,1,0.358701
test,20458,1,0.521827
test,20459,1,0.931612
test,20460,1,0.568735
test,20461,1,0.966349
test,20462,1,0.943876
test,20463,1,0.715642
test,20464,1,0.618549
test,20465,1,0.982015
test,20466,1,0.583745
test,20467,1,0.882937
test,20468,1,0.757934
test,20469,1,0.830674
test,20470,1,0.929571
test,20471,1,0.504274
test,20472,1,0.947482
test,20473,1,0.602219
test,20474,1,0.683581
test,20475,1,0.939998
test,20476,1,0.395657
test,20477,1,0.675308
test,20478,1,0.880660
test,20479,1,0.289702
test,20480,1,0.808742
test,20481,1,0.470678
test,20482,1,0.443385
test,20483,1,0.953728
test,20484,1,0.418820
test,20485,1,0.639349
test,20486,1,0.407436
test,20487,1,0.321459
test,20488,1,0.931287
test,20489,1,0.973914
test,20490,1,0.809430
test,20491,1,0.958378
test,20492,1,0.775251
test,20493,1,0.895786
test,20494,1,0.921555
test,20495,1,0.939103
test,20496,1,0.914091
test,20497,1,0.490705
test,20498,1,0.960580
test,20499,1,0.632513
test,20500,1,0.966394
test,20501,1,0.910580
test,20502,1,0.717534
test,20503,1,0.873412
test,20504,1,0.810258
test,20505,1,0.885770
test,20506,1,0.691355
test,20507,1,0.939431
test,20508,1,0.946918
test,20509,1,0.928441
test,20510,1,0.856779
test,20511,1,0.857653
test,20512,1,0.698385
test,20513,1,0.869855
test,20514,1,0.656495
test,20515,1,0.668910
test,20516,1,0.940644
test,20517,1,0.947222
test,20518,1,0.775827
test,20519,1,0.848133
test,20520,1,0.843579
test,20521,1,0.682195
test,20522,1,0.443607
test,20523,1,0.553299
test,20524,1,0.929641
test,20525,1,0.783541
test,20526,1,0.950965
test,20527,1,0.892119
test,20528,1,0.938505
test,20529,1,0.874867
test,20530,1,0.582606
test,20531,1,0.895483
test,20532,1,0.897563
test,20533,1,0.934993
test,20534,1,0.815006
test,20535,1,0.956176
test,20536,1,0.896255
test,20537,1,0.806514
test,20538,1,0.685126
test,20539,1,0.764638
test,20540,1,0.834519
test,20541,1,0.941420
test,20542,1,0.744081
test,20543,1,0.224056
test,20544,1,0.670714
test,20545,1,0.763622
test,20546,1,0.662637
test,20547,1,0.863789
test,20548,1,0.793672
test,20549,1,0.907152
test,20550,1,0.896809
test,20551,1,0.683561
test,20552,1,0.733793
test,20553,1,0.892334
test,20554,1,0.845648
test,20555,1,0.736563
test,20556,1,0.296966
test,20557,1,0.834743
test,20558,1,0.662322
test,20559,1,0.957375
test,20560,1,0.628429
test,20561,1,0.969137
test,20562,1,0.951534
test,20563,1,0.876176
test,20564,1,0.908565
test,20565,1,0.921269
test,20566,1,0.213836
test,20567,1,0.941637
test,20568,1,0.484338
test,20569,1,0.551127
test,20570,1,0.982765
test,20571,1,0.775178
test,20572,1,0.880115
test,20573,1,0.981794
test,20574,1,0.912948
test,20575,1,0.746019
test,20576,1,0.953818
test,20577,1,0.915433
test,20578,1,0.451229
test,20579,1,0.778758
test,20580,1,0.924648
test,20581,1,0.973579
test,20582,1,0.933309
test,20583,1,0.854840
test,20584,1,0.497144
test,20585,1,0.932662
test,20586,1,0.954494
test,20587,1,0.836048
test,20588,1,0.682382
test,20589,1,0.751128
test,20590,1,0.788840
test,20591,1,0.954687
test,20592,1,0.903538
test,20593,1,0.919919
test,20594,1,0.949347
test,20595,1,0.853849
test,20596,1,0.984291
test,20597,1,0.896718
test,20598,1,0.976239
test,20599,1,0.853819
test,20600,1,0.885482
test,20601,1,0.540775
test,20602,1,0.953580
test,20603,1,0.913921
test,20604,1,0.902360
test,20605,1,0.929093
test,20606,1,0.805539
test,20607,1,0.742759
test,20608,1,0.955375
test,20609,1,0.951736
test,20610,1,0.857676
test,20611,1,0.990644
test,20612,1,0.810450
test,20613,1,0.934537
test,20614,1,0.848655
test,20615,1,0.330459
test,20616,1,0.947860
test,20617,1,0.490140
test,20618,1,0.830796
test,20619,1,0.679846
test,20620,1,0.575854
test,20621,1,0.071670
test,20622,1,0.725720
test,20623,1,0.701996
test,20624,1,0.767586
test,20625,1,0.983646
test,20626,1,0.889205
test,20627,1,0.750690
test,20628,1,0.652898
test,20629,1,0.899236
test,20630,1,0.851539
test,20631,1,0.851539
test,20632,1,0.107582
test,20633,1,0.578471
test,20634,1,0.757270
test,20635,1,0.946421
test,20636,1,0.967552
test,20637,1,0.606635
test,20638,1,0.788342
test,20639,1,0.610132
test,20640,1,0.445276
test,20641,1,0.904904
test,20642,1,0.992257
test,20643,1,0.790175
test,20644,1,0.994422
test,20645,1,0.749413
test,20646,1,0.813051
test,20647,1,0.666923
test,20648,1,0.800035
test,20649,1,0.465440
test,20650,1,0.949917
test,20651,1,0.720656
test,20652,1,0.845235
test,20653,1,0.779092
test,20654,1,0.789450
test,20655,1,0.874011
test,20656,1,0.450738
test,20657,1,0.510012
test,20658,1,0.962328
test,20659,1,0.890608
test,20660,1,0.978578
test,20661,1,0.648022
test,20662,1,0.328270
test,20663,1,0.932273
test,20664,1,0.941313
test,20665,1,0.658107
test,20666,1,0.397957
test,20667,1,0.461075
test,20668,1,0.443432
test,20669,1,0.999406
test,20670,1,0.736840
test,20671,1,0.673165
test,20672,1,0.432110
test,20673,1,0.246350
test,20674,1,0.796958
test,20675,1,0.250249
test,20676,1,0.749335
test,20677,1,0.605413
test,20678,1,0.253819
test,20679,1,0.074514
test,20680,1,0.828594
test,20681,1,0.866322
test,20682,1,0.842879
test,20683,1,0.807666
test,20684,1,0.643342
test,20685,1,0.760190
test,20686,1,0.915620
test,20687,1,0.933246
test,20688,1,0.746978
test,20689,1,0.875611
test,20690,1,0.834797
test,20691,1,0.831195
test,20692,1,0.883990
test,20693,1,0.853507
test,20694,1,0.843095
test,20695,1,0.733309
test,20696,1,0.779262
test,20697,1,0.749465
test,20698,1,0.796599
test,20699,1,0.636796
test,20700,1,0.932311
test,20701,1,0.619323
test,20702,1,0.262930
test,20703,1,0.177076
test,20704,1,0.663089
test,20705,1,0.746408
test,20706,1,0.887061
test,20707,1,0.270910
test,20708,1,0.041390
test,20709,1,0.809897
test,20710,1,0.625266
test,20711,1,0.642438
test,20712,1,0.641033
test,20713,1,0.523839
test,20714,1,0.770253
test,20715,1,0.896975
test,20716,1,0.890654
test,20717,1,0.920179
test,20718,1,0.776898
test,20719,1,0.963437
test,20720,1,0.993868
test,20721,1,0.822670
test,20722,1,0.915153
test,20723,1,0.940980
test,20724,1,0.992148
test,20725,1,0.840709
test,20726,1,0.925161
test,20727,1,0.899153
test,20728,1,0.872248
test,20729,1,0.795781
test,20730,1,0.919547
test,20731,1,0.998553
test,20732,1,0.992682
test,20733,1,0.881943
test,20734,1,0.801416
test,20735,1,0.660974
test,20736,1,0.777946
test,20737,1,0.993980
test,20738,1,0.952593
test,20739,1,0.832872
test,20740,1,0.908821
test,20741,1,0.763538
test,20742,1,0.961639
test,20743,1,0.714560
test,20744,1,0.857763
test,20745,1,0.925220
test,20746,1,0.931702
test,20747,1,0.983035
test,20748,1,0.812800
test,20749,1,0.836406
test,20750,1,0.791389
test,20751,1,0.205953
test,20752,1,0.774884
test,20753,1,0.676176
test,20754,1,0.261715
test,20755,1,0.549989
test,20756,1,0.565601
test,20757,1,0.491305
test,20758,1,0.848244
test,20759,1,0.593217
test,20760,1,0.440918
test,20761,1,0.688636
test,20762,1,0.805722
test,20763,1,0.798869
test,20764,1,0.845184
test,20765,1,0.715489
test,20766,1,0.600100
test,20767,1,0.975043
test,20768,1,0.279604
test,20769,1,0.903084
test,20770,1,0.994866
test,20771,1,0.830458
test,20772,1,0.937196
test,20773,1,0.643558
test,20774,1,0.724660
test,20775,1,0.798771
test,20776,1,0.772501
test,20777,1,0.642028
test,20778,1,0.809999
test,20779,1,0.733867
test,20780,1,0.781624
test,20781,1,0.746463
test,20782,1,0.753547
test,20783,1,0.771173
test,20784,1,0.934491
test,20785,1,0.884523
test,20786,1,0.887800
test,20787,1,0.972242
test,20788,1,0.903935
test,20789,1,0.953996
test,20790,1,0.801858
test,20791,1,0.618324
test,20792,1,0.388788
test,20793,1,0.531071
test,20794,1,0.795928
test,20795,1,0.610028
test,20796,1,0.529040
test,20797,1,0.636416
test,20798,1,0.585969
test,20799,1,0.956865
test,20800,1,0.815059
test,20801,1,0.709570
test,20802,1,0.700793
test,20803,1,0.327316
test,20804,1,0.972146
test,20805,1,0.962985
test,20806,1,0.296776
test,20807,1,0.120904
test,20808,1,0.679796
test,20809,1,0.300302
test,20810,1,0.928728
test,20811,1,0.746216
test,20812,1,0.874036
test,20813,1,0.736014
test,20814,1,0.908699
test,20815,1,0.955982
test,20816,1,0.688935
test,20817,1,0.576311
test,20818,1,0.947901
test,20819,1,0.959183
test,20820,1,0.275405
test,20821,1,0.117586
test,20822,1,0.942989
test,20823,1,0.862975
test,20824,1,0.646438
test,20825,1,0.751720
test,20826,1,0.693376
test,20827,1,0.735549
test,20828,1,0.260153
test,20829,1,0.661686
test,20830,1,0.546656
test,20831,1,0.531614
test,20832,1,0.918509
test,20833,1,0.941019
test,20834,1,0.984943
test,20835,1,0.520341
test,20836,1,0.687201
test,20837,1,0.427848
test,20838,1,0.437380
test,20839,1,0.638687
test,20840,1,0.355115
test,20841,1,0.939123
test,20842,1,0.662477
test,20843,1,0.344421
test,20844,1,0.040058
test,20845,1,0.768735
test,20846,1,0.586002
test,20847,1,0.243214
test,20848,1,0.924436
test,20849,1,0.922389
test,20850,1,0.752901
test,20851,1,0.455325
test,20852,1,0.888189
test,20853,1,0.773877
test,20854,1,0.671561
test,20855,1,0.774874
test,20856,1,0.657744
test,20857,1,0.301091
test,20858,1,0.455767
test,20859,1,0.939449
test,20860,1,0.543167
test,20861,1,0.615719
test,20862,1,0.686941
test,20863,1,0.309778
test,20864,1,0.627494
test,20865,1,0.666600
test,20866,1,0.986995
test,20867,1,0.491346
test,20868,1,0.572591
test,20869,1,0.550661
test,20870,1,0.754736
test,20871,1,0.693506
test,20872,1,0.856550
test,20873,1,0.177295
test,20874,1,0.531661
test,20875,1,0.879949
test,20876,1,0.222502
test,20877,1,0.681156
test,20878,1,0.455806
test,20879,1,0.713429
test,20880,1,0.890465
test,20881,1,0.529639
test,20882,1,0.699383
test,20883,1,0.538137
test,20884,1,0.714319
test,20885,1,0.435683
test,20886,1,0.745457
test,20887,1,0.653965
test,20888,1,0.921758
test,20889,1,0.844001
test,20890,1,0.424568
test,20891,1,0.483001
test,20892,1,0.728646
test,20893,1,0.818914
test,20894,1,0.848560
test,20895,1,0.985266
test,20896,1,0.982678
test,20897,1,0.995331
test,20898,1,0.843749
test,20899,1,0.960612
test,20900,1,0.840205
test,20901,1,0.798260
test,20902,1,0.951082
test,20903,1,0.696063
test,20904,1,0.867442
test,20905,1,0.518925
test,20906,1,0.607092
test,20907,1,0.451983
test,20908,1,0.137011
test,20909,1,0.358638
test,20910,1,0.779615
test,20911,1,0.490059
test,20912,1,0.730220
test,20913,1,0.951708
test,20914,1,0.992178
test,20915,1,0.895433
test,20916,1,0.950849
test,20917,1,0.804036
test,20918,1,0.764229
test,20919,1,0.566673
test,20920,1,0.931304
test,20921,1,0.900105
test,20922,1,0.472161
test,20923,1,0.548939
test,20924,1,0.581214
test,20925,1,0.503033
test,20926,1,0.369383
test,20927,1,0.805539
test,20928,1,0.975465
test,20929,1,0.502408
test,20930,1,0.774516
test,20931,1,0.681506
test,20932,1,0.810616
test,20933,1,0.831123
test,20934,1,0.840312
test,20935,1,0.658851
test,20936,1,0.867788
test,20937,1,0.569462
test,20938,1,0.790237
test,20939,1,0.797905
test,20940,1,0.931122
test,20941,1,0.767866
test,20942,1,0.964087
test,20943,1,0.999339
test,20944,1,0.828014
test,20945,1,0.612587
test,20946,1,0.515844
test,20947,1,0.796113
test,20948,1,0.684148
test,20949,1,0.933282
test,20950,1,0.217084
test,20951,1,0.599480
test,20952,1,0.082576
test,20953,1,0.103836
test,20954,1,0.571609
test,20955,1,0.571564
test,20956,1,0.325038
test,20957,1,0.103836
test,20958,1,0.011944
test,20959,1,0.549173
test,20960,1,0.398137
test,20961,1,0.749080
test,20962,1,0.441040
test,20963,1,0.325199
test,20964,1,0.494661
test,20965,1,0.721922
test,20966,1,0.791288
test,20967,1,0.903386
test,20968,1,0.690783
test,20969,1,0.904450
test,20970,1,0.882532
test,20971,1,0.913259
test,20972,1,0.964021
test,20973,1,0.666157
test,20974,1,0.688222
test,20975,1,0.469763
test,20976,1,0.930593
test,20977,1,0.764780
test,20978,1,0.634852
test,20979,1,0.896217
test,20980,1,0.932138
test,20981,1,0.970537
test,20982,1,0.356878
test,20983,1,0.474139
test,20984,1,0.412263
test,20985,1,0.512426
test,20986,1,0.579455
test,20987,1,0.738634
test,20988,1,0.509474
test,20989,1,0.629408
test,20990,1,0.605824
test,20991,1,0.123848
test,20992,1,0.065104
test,20993,1,0.626216
test,20994,1,0.636238
test,20995,1,0.762524
test,20996,1,0.727385
test,20997,1,0.581789
test,20998,1,0.781381
test,20999,1,0.892344
test,21000,1,0.762376
test,21001,1,0.562146
test,21002,1,0.586202
test,21003,1,0.600154
test,21004,1,0.692521
test,21005,1,0.694630
test,21006,1,0.705096
test,21007,1,0.170876
test,21008,1,0.426332
test,21009,1,0.722654
test,21010,1,0.752299
test,21011,1,0.429413
test,21012,1,0.788981
test,21013,1,0.414519
test,21014,1,0.592290
test,21015,1,0.656010
test,21016,1,0.367961
test,21017,1,0.505898
test,21018,1,0.675706
test,21019,1,0.707436
test,21020,1,0.731122
test,21021,1,0.510248
test,21022,1,0.841784
test,21023,1,0.686651
test,21024,1,0.686857
test,21025,1,0.851855
test,21026,1,0.985859
test,21027,1,0.970928
test,21028,1,0.740796
test,21029,1,0.990051
test,21030,1,0.701042
test,21031,1,0.879788
test,21032,1,0.670163
test,21033,1,0.953477
test,21034,1,0.811443
test,21035,1,0.808149
test,21036,1,0.772062
test,21037,1,0.594204
test,21038,1,0.502643
test,21039,1,0.509094
test,21040,1,0.929010
test,21041,1,0.846373
test,21042,1,0.968258
test,21043,1,0.880203
test,21044,1,0.980464
test,21045,1,0.979715
test,21046,1,0.721896
test,21047,1,0.957958
test,21048,1,0.840410
test,21049,1,0.865960
test,21050,1,0.825523
test,21051,1,0.926086
test,21052,1,0.823466
test,21053,1,0.617866
test,21054,1,0.375039
test,21055,1,0.447823
test,21056,1,0.641578
test,21057,1,0.590771
test,21058,1,0.603319
test,21059,1,0.387836
test,21060,1,0.389341
test,21061,1,0.835637
test,21062,1,0.518440
test,21063,1,0.658015
test,21064,1,0.683205
test,21065,1,0.416122
test,21066,1,0.425298
test,21067,1,0.660254
test,21068,1,0.831111
test,21069,1,0.923312
test,21070,1,0.659213
test,21071,1,0.570865
test,21072,1,0.639683
test,21073,1,0.685406
test,21074,1,0.960473
test,21075,1,0.510785
test,21076,1,0.708195
test,21077,1,0.687219
test,21078,1,0.674538
test,21079,1,0.980967
test,21080,1,0.928340
test,21081,1,0.710460
test,21082,1,0.734818
test,21083,1,0.806570
test,21084,1,0.527208
test,21085,1,0.765252
test,21086,1,0.501575
test,21087,1,0.924367
test,21088,1,0.775510
test,21089,1,0.921796
test,21090,1,0.870805
test,21091,1,0.949000
test,21092,1,0.897415
test,21093,1,0.857392
test,21094,1,0.657725
test,21095,1,0.936374
test,21096,1,0.891674
test,21097,1,0.898439
test,21098,1,0.631773
test,21099,1,0.262306
test,21100,1,0.883168
test,21101,1,0.480622
test,21102,1,0.791222
test,21103,1,0.691155
test,21104,1,0.714232
test,21105,1,0.515889
test,21106,1,0.938433
test,21107,1,0.819114
test,21108,1,0.966964
test,21109,1,0.641427
test,21110,1,0.776802
test,21111,1,0.618467
test,21112,1,0.762940
test,21113,1,0.660307
test,21114,1,0.737896
test,21115,1,0.833959
test,21116,1,0.283872
test,21117,1,0.744756
test,21118,1,0.274191
test,21119,1,0.156632
test,21120,1,0.837559
test,21121,1,0.751274
test,21122,1,0.512035
test,21123,1,0.605902
test,21124,1,0.740972
test,21125,1,0.778684
test,21126,1,0.891489
test,21127,1,0.593845
test,21128,1,0.790136
test,21129,1,0.396233
test,21130,1,0.846477
test,21131,1,0.466692
test,21132,1,0.568768
test,21133,1,0.717774
test,21134,1,0.889152
test,21135,1,0.703329
test,21136,1,0.798455
test,21137,1,0.547973
test,21138,1,0.818719
test,21139,1,0.859321
test,21140,1,0.680437
test,21141,1,0.751819
test,21142,1,0.991780
test,21143,1,0.705799
test,21144,1,0.934795
test,21145,1,0.793321
test,21146,1,0.472503
test,21147,1,0.726524
test,21148,1,0.618552
test,21149,1,0.897508
test,21150,1,0.415612
test,21151,1,0.961202
test,21152,1,0.865801
test,21153,1,0.454054
test,21154,1,0.663213
test,21155,1,0.572104
test,21156,1,0.398621
test,21157,1,0.578657
test,21158,1,0.635641
test,21159,1,0.580320
test,21160,1,0.806676
test,21161,1,0.485729
test,21162,1,0.930724
test,21163,1,0.827970
test,21164,1,0.770909
test,21165,1,0.594652
test,21166,1,0.690605
test,21167,1,0.770916
test,21168,1,0.748380
test,21169,1,0.249693
test,21170,1,0.708967
test,21171,1,0.779426
test,21172,1,0.572985
test,21173,1,0.625842
test,21174,1,0.426841
test,21175,1,0.821254
test,21176,1,0.318789
test,21177,1,0.874973
test,21178,1,0.546917
test,21179,1,0.870232
test,21180,1,0.451841
test,21181,1,0.607277
test,21182,1,0.873613
test,21183,1,0.511336
test,21184,1,0.881036
test,21185,1,0.967199
test,21186,1,0.386140
test,21187,1,0.635688
test,21188,1,0.900740
test,21189,1,0.875883
test,21190,1,0.678199
test,21191,1,0.814554
test,21192,1,0.920693
test,21193,1,0.949480
test,21194,1,0.636215
test,21195,1,0.809421
test,21196,1,0.678356
test,21197,1,0.922261
test,21198,1,0.715127
test,21199,1,0.512444
test,21200,1,0.782222
test,21201,1,0.888718
test,21202,1,0.831635
test,21203,1,0.715127
test,21204,1,0.125286
test,21205,1,0.808570
test,21206,1,0.275317
test,21207,1,0.425987
test,21208,1,0.160978
test,21209,1,0.507720
test,21210,1,0.803731
test,21211,1,0.954448
test,21212,1,0.757799
test,21213,1,0.755638
test,21214,1,0.979624
test,21215,1,0.888070
test,21216,1,0.945758
test,21217,1,0.902907
test,21218,1,0.850136
test,21219,1,0.349521
test,21220,1,0.777108
test,21221,1,0.627412
test,21222,1,0.800081
test,21223,1,0.516853
test,21224,1,0.658928
test,21225,1,0.688253
test,21226,1,0.250106
test,21227,1,0.790682
test,21228,1,0.458489
test,21229,1,0.544460
test,21230,1,0.818764
test,21231,1,0.981246
test,21232,1,0.891278
test,21233,1,0.937353
test,21234,1,0.968099
test,21235,1,0.959821
test,21236,1,0.714028
test,21237,1,0.814472
test,21238,1,0.621729
test,21239,1,0.744696
test,21240,1,0.727764
test,21241,1,0.431890
test,21242,1,0.849145
test,21243,1,0.923370
test,21244,1,0.986491
test,21245,1,0.904122
test,21246,1,0.876735
test,21247,1,0.860125
test,21248,1,0.951459
test,21249,1,0.782353
test,21250,1,0.963657
test,21251,1,0.134305
test,21252,1,0.950494
test,21253,1,0.647748
test,21254,1,0.591180
test,21255,1,0.758023
test,21256,1,0.868400
test,21257,1,0.907729
test,21258,1,0.401359
test,21259,1,0.732794
test,21260,1,0.990518
test,21261,1,0.494144
test,21262,1,0.958352
test,21263,1,0.966981
test,21264,1,0.382245
test,21265,1,0.965074
test,21266,1,0.727000
test,21267,1,0.454188
test,21268,1,0.575205
test,21269,1,0.721069
test,21270,1,0.913747
test,21271,1,0.480753
test,21272,1,0.898973
test,21273,1,0.950157
test,21274,1,0.610643
test,21275,1,0.583292
test,21276,1,0.951888
test,21277,1,0.794714
test,21278,1,0.594147
test,21279,1,0.704832
test,21280,1,0.923096
test,21281,1,0.732085
test,21282,1,0.971465
test,21283,1,0.997346
test,21284,1,0.145101
test,21285,1,0.840821
test,21286,1,0.254219
test,21287,1,0.830896
test,21288,1,0.338819
test,21289,1,0.950197
test,21290,1,0.625894
test,21291,1,0.977673
test,21292,1,0.943663
test,21293,1,0.578941
test,21294,1,0.818274
test,21295,1,0.687892
test,21296,1,0.721101
test,21297,1,0.805983
test,21298,1,0.845792
test,21299,1,0.634242
test,21300,1,0.919730
test,21301,1,0.687119
test,21302,1,0.768859
test,21303,1,0.760192
test,21304,1,0.294298
test,21305,1,0.748633
test,21306,1,0.916799
test,21307,1,0.618447
test,21308,1,0.887277
test,21309,1,0.611965
test,21310,1,0.780573
test,21311,1,0.882956
test,21312,1,0.137447
test,21313,1,0.706937
test,21314,1,0.865006
test,21315,1,0.377190
test,21316,1,0.417761
test,21317,1,0.754772
test,21318,1,0.980035
test,21319,1,0.559063
test,21320,1,0.820209
test,21321,1,0.855358
test,21322,1,0.847482
test,21323,1,0.844471
test,21324,1,0.260986
test,21325,1,0.829402
test,21326,1,0.534408
test,21327,1,0.642619
test,21328,1,0.573556
test,21329,1,0.698251
test,21330,1,0.777949
test,21331,1,0.524903
test,21332,1,0.976254
test,21333,1,0.927889
test,21334,1,0.787437
test,21335,1,0.963736
test,21336,1,0.904372
test,21337,1,0.167718
test,21338,1,0.759999
test,21339,1,0.996624
test,21340,1,0.602040
test,21341,1,0.857468
test,21342,1,0.881476
test,21343,1,0.548123
test,21344,1,0.933017
test,21345,1,0.907218
test,21346,1,0.681232
test,21347,1,0.621201
test,21348,1,0.760840
test,21349,1,0.888431
test,21350,1,0.802064
test,21351,1,0.855430
test,21352,1,0.976169
test,21353,1,0.832267
test,21354,1,0.968319
test,21355,1,0.684714
test,21356,1,0.884931
test,21357,1,0.759837
test,21358,1,0.876124
test,21359,1,0.901051
test,21360,1,0.726383
test,21361,1,0.856391
test,21362,1,0.591965
test,21363,1,0.845920
test,21364,1,0.795178
test,21365,1,0.348070
test,21366,1,0.972187
test,21367,1,0.848519
test,21368,1,0.695746
test,21369,1,0.816882
test,21370,1,0.677465
test,21371,1,0.352859
test,21372,1,0.938912
test,21373,1,0.366756
test,21374,1,0.782204
test,21375,1,0.520303
test,21376,1,0.419694
test,21377,1,0.112199
test,21378,1,0.623469
test,21379,1,0.677851
test,21380,1,0.517703
test,21381,1,0.945338
test,21382,1,0.750809
test,21383,1,0.977351
test,21384,1,0.951772
test,21385,1,0.850133
test,21386,1,0.879951
test,21387,1,0.293497
test,21388,1,0.921254
test,21389,1,0.758907
test,21390,1,0.728391
test,21391,1,0.912279
test,21392,1,0.711537
test,21393,1,0.487624
test,21394,1,0.960278
test,21395,1,0.810235
test,21396,1,0.868087
test,21397,1,0.621721
test,21398,1,0.516026
test,21399,1,0.662475
test,21400,1,0.802378
test,21401,1,0.570511
test,21402,1,0.589207
test,21403,1,0.570941
test,21404,1,0.301536
test,21405,1,0.682145
test,21406,1,0.899744
test,21407,1,0.535324
test,21408,1,0.593629
test,21409,1,0.764320
test,21410,1,0.842513
test,21411,1,0.771668
test,21412,1,0.594841
test,21413,1,0.563088
test,21414,1,0.998713
test,21415,1,0.995987
test,21416,1,0.626091
test,21417,1,0.894763
test,21418,1,0.546300
test,21419,1,0.730478
test,21420,1,0.552710
test,21421,1,0.781064
test,21422,1,0.926840
test,21423,1,0.530193
test,21424,1,0.860286
test,21425,1,0.723298
test,21426,1,0.894105
test,21427,1,0.515460
test,21428,1,0.890504
test,21429,1,0.712008
test,21430,1,0.798861
test,21431,1,0.284412
test,21432,1,0.732812
test,21433,1,0.741844
test,21434,1,0.541651
test,21435,1,0.689265
test,21436,1,0.820954
test,21437,1,0.829154
test,21438,1,0.680029
test,21439,1,0.937379
test,21440,1,0.906314
test,21441,1,0.861704
test,21442,1,0.860288
test,21443,1,0.838061
test,21444,1,0.679631
test,21445,1,0.453953
test,21446,1,0.947043
test,21447,1,0.483027
test,21448,1,0.838765
test,21449,1,0.908089
test,21450,1,0.596305
test,21451,1,0.745860
test,21452,1,0.608710
test,21453,1,0.495011
test,21454,1,0.718326
test,21455,1,0.912092
test,21456,1,0.734992
test,21457,1,0.892113
test,21458,1,0.743405
test,21459,1,0.641068
test,21460,1,0.948347
test,21461,1,0.987633
test,21462,1,0.774226
test,21463,1,0.634342
test,21464,1,0.749315
test,21465,1,0.600009
test,21466,1,0.928524
test,21467,1,0.674207
test,21468,1,0.611031
test,21469,1,0.952927
test,21470,1,0.347613
test,21471,1,0.444695
test,21472,1,0.822198
test,21473,1,0.807987
test,21474,1,0.546646
test,21475,1,0.524271
test,21476,1,0.912579
test,21477,1,0.298139
test,21478,1,0.754229
test,21479,1,0.360473
test,21480,1,0.575909
test,21481,1,0.950292
test,21482,1,0.669037
test,21483,1,0.283399
test,21484,1,0.957526
test,21485,1,0.943018
test,21486,1,0.758027
test,21487,1,0.994302
test,21488,1,0.737246
test,21489,1,0.864074
test,21490,1,0.954966
test,21491,1,0.934114
test,21492,1,0.520409
test,21493,1,0.253587
test,21494,1,0.275728
test,21495,1,0.029002
test,21496,1,0.724763
test,21497,1,0.561040
test,21498,1,0.236850
test,21499,1,0.742973
test,21500,1,0.783911
test,21501,1,0.902673
test,21502,1,0.916807
test,21503,1,0.978628
test,21504,1,0.947532
test,21505,1,0.735103
test,21506,1,0.729524
test,21507,1,0.850175
test,21508,1,0.747446
test,21509,1,0.688234
test,21510,1,0.542248
test,21511,1,0.752351
test,21512,1,0.676982
test,21513,1,0.987647
test,21514,1,0.926032
test,21515,1,0.985304
test,21516,1,0.340845
test,21517,1,0.720019
test,21518,1,0.617635
test,21519,1,0.204518
test,21520,1,0.788141
test,21521,1,0.595133
test,21522,1,0.882231
test,21523,1,0.363438
test,21524,1,0.780914
test,21525,1,0.810827
test,21526,1,0.630442
test,21527,1,0.154573
test,21528,1,0.866630
test,21529,1,0.189624
test,21530,1,0.861705
test,21531,1,0.451959
test,21532,1,0.865971
test,21533,1,0.415168
test,21534,1,0.851736
test,21535,1,0.556964
test,21536,1,0.941782
test,21537,1,0.847589
test,21538,1,0.439832
test,21539,1,0.606309
test,21540,1,0.107885
test,21541,1,0.966327
test,21542,1,0.684963
test,21543,1,0.859610
test,21544,1,0.591152
test,21545,1,0.690615
test,21546,1,0.867340
test,21547,1,0.789222
test,21548,1,0.976218
test,21549,1,0.741624
test,21550,1,0.782856
test,21551,1,0.769216
test,21552,1,0.897663
test,21553,1,0.835884
test,21554,1,0.586049
test,21555,1,0.916914
test,21556,1,0.840247
test,21557,1,0.384895
test,21558,1,0.710001
test,21559,1,0.246343
test,21560,1,0.383062
test,21561,1,0.929083
test,21562,1,0.949859
test,21563,1,0.347836
test,21564,1,0.785890
test,21565,1,0.915295
test,21566,1,0.721068
test,21567,1,0.635951
test,21568,1,0.630262
test,21569,1,0.640614
test,21570,1,0.589688
test,21571,1,0.774518
test,21572,1,0.719836
test,21573,1,0.806528
test,21574,1,0.348967
test,21575,1,0.464313
test,21576,1,0.966246
test,21577,1,0.416207
test,21578,1,0.557551
test,21579,1,0.483687
test,21580,1,0.789845
test,21581,1,0.946572
test,21582,1,0.703864
test,21583,1,0.924533
test,21584,1,0.874115
test,21585,1,0.744556
test,21586,1,0.892382
test,21587,1,0.925841
test,21588,1,0.881096
test,21589,1,0.981175
test,21590,1,0.820655
test,21591,1,0.949521
test,21592,1,0.474691
test,21593,1,0.694982
test,21594,1,0.936289
test,21595,1,0.467314
test,21596,1,0.774717
test,21597,1,0.952198
test,21598,1,0.408141
test,21599,1,0.764597
test,21600,1,0.369092
test,21601,1,0.955698
test,21602,1,0.981401
test,21603,1,0.711265
test,21604,1,0.872380
test,21605,1,0.730350
test,21606,1,0.972666
test,21607,1,0.528576
test,21608,1,0.731460
test,21609,1,0.880667
test,21610,1,0.771667
test,21611,1,0.677447
test,21612,1,0.274221
test,21613,1,0.476595
test,21614,1,0.609527
test,21615,1,0.562787
test,21616,1,0.437614
test,21617,1,0.862336
test,21618,1,0.929378
test,21619,1,0.813685
test,21620,1,0.804385
test,21621,1,0.913279
test,21622,1,0.509886
test,21623,1,0.849265
test,21624,1,0.832044
test,21625,1,0.888008
test,21626,1,0.628550
test,21627,1,0.862618
test,21628,1,0.753409
test,21629,1,0.863938
test,21630,1,0.721372
test,21631,1,0.640231
test,21632,1,0.837582
test,21633,1,0.732194
test,21634,1,0.717840
test,21635,1,0.822354
test,21636,1,0.736163
test,21637,1,0.708105
test,21638,1,0.773064
test,21639,1,0.707712
test,21640,1,0.578250
test,21641,1,0.625885
test,21642,1,0.247876
test,21643,1,0.238277
test,21644,1,0.531033
test,21645,1,0.948500
test,21646,1,0.845997
test,21647,1,0.833363
test,21648,1,0.767042
test,21649,1,0.929801
test,21650,1,0.774421
test,21651,1,0.937819
test,21652,1,0.801381
test,21653,1,0.815761
test,21654,1,0.772168
test,21655,1,0.999946
test,21656,1,0.677642
test,21657,1,0.643571
test,21658,1,0.634212
test,21659,1,0.242788
test,21660,1,0.736777
test,21661,1,0.884831
test,21662,1,0.751660
test,21663,1,0.237134
test,21664,1,0.929322
test,21665,1,0.878568
test,21666,1,0.880129
test,21667,1,0.213203
test,21668,1,0.749522
test,21669,1,0.938582
test,21670,1,0.473971
test,21671,1,0.745153
test,21672,1,0.996145
test,21673,1,0.753533
test,21674,1,0.618087
test,21675,1,0.634549
test,21676,1,0.885445
test,21677,1,0.649393
test,21678,1,0.880632
test,21679,1,0.678615
test,21680,1,0.996512
test,21681,1,0.780867
test,21682,1,0.668557
test,21683,1,0.837064
test,21684,1,0.759741
test,21685,1,0.829879
test,21686,1,0.878189
test,21687,1,0.724881
test,21688,1,0.972673
test,21689,1,0.972975
test,21690,1,0.878522
test,21691,1,0.767262
test,21692,1,0.780697
test,21693,1,0.936138
test,21694,1,0.544821
test,21695,1,0.693119
test,21696,1,0.910884
test,21697,1,0.699538
test,21698,1,0.303120
test,21699,1,0.497304
test,21700,1,0.797637
test,21701,1,0.850253
test,21702,1,0.629646
test,21703,1,0.716780
test,21704,1,0.897302
test,21705,1,0.738671
test,21706,1,0.939629
test,21707,1,0.548891
test,21708,1,0.635526
test,21709,1,0.451063
test,21710,1,0.649950
test,21711,1,0.812343
test,21712,1,0.940078
test,21713,1,0.987159
test,21714,1,0.467202
test,21715,1,0.771993
test,21716,1,0.588933
test,21717,1,0.738235
test,21718,1,0.910067
test,21719,1,0.906914
test,21720,1,0.577355
test,21721,1,0.677405
test,21722,1,0.645409
test,21723,1,0.692244
test,21724,1,0.820111
test,21725,1,0.797506
test,21726,1,0.960776
test,21727,1,0.866364
test,21728,1,0.790399
test,21729,1,0.737750
test,21730,1,0.971797
test,21731,1,0.593390
test,21732,1,0.889855
test,21733,1,0.908368
test,21734,1,0.828151
test,21735,1,0.725783
test,21736,1,0.984480
test,21737,1,0.989537
test,21738,1,0.949083
test,21739,1,0.990440
test,21740,1,0.850373
test,21741,1,0.895320
test,21742,1,0.910354
test,21743,1,0.279873
test,21744,1,0.401066
test,21745,1,0.871970
test,21746,1,0.923388
test,21747,1,0.209471
test,21748,1,0.769303
test,21749,1,0.362399
test,21750,1,0.864899
test,21751,1,0.900704
test,21752,1,0.843267
test,21753,1,0.623212
test,21754,1,0.815214
test,21755,1,0.461726
test,21756,1,0.363958
test,21757,1,0.642644
test,21758,1,0.372958
test,21759,1,0.987436
test,21760,1,0.425026
test,21761,1,0.648710
test,21762,1,0.761155
test,21763,1,0.717288
test,21764,1,0.364545
test,21765,1,0.672524
test,21766,1,0.669176
test,21767,1,0.771023
test,21768,1,0.828730
test,21769,1,0.509738
test,21770,1,0.789327
test,21771,1,0.826997
test,21772,1,0.910201
test,21773,1,0.462574
test,21774,1,0.931004
test,21775,1,0.813633
test,21776,1,0.534597
test,21777,1,0.823677
test,21778,1,0.451734
test,21779,1,0.855039
test,21780,1,0.778039
test,21781,1,0.937712
test,21782,1,0.828988
test,21783,1,0.900356
test,21784,1,0.862818
test,21785,1,0.887662
test,21786,1,0.669260
test,21787,1,0.406574
test,21788,1,0.688372
test,21789,1,0.442381
test,21790,1,0.930563
test,21791,1,0.931248
test,21792,1,0.982265
test,21793,1,0.992403
test,21794,1,0.856100
test,21795,1,0.944165
test,21796,1,0.787889
test,21797,1,0.984728
test,21798,1,0.969557
test,21799,1,0.548577
test,21800,1,0.803098
test,21801,1,0.972032
test,21802,1,0.870221
test,21803,1,0.775050
test,21804,1,0.648714
test,21805,1,0.883356
test,21806,1,0.877160
test,21807,1,0.887291
test,21808,1,0.668846
test,21809,1,0.805866
test,21810,1,0.803480
test,21811,1,0.320730
test,21812,1,0.573373
test,21813,1,0.963881
test,21814,1,0.988886
test,21815,1,0.787250
test,21816,1,0.390162
test,21817,1,0.797903
test,21818,1,0.511906
test,21819,1,0.556831
test,21820,1,0.809072
test,21821,1,0.421458
test,21822,1,0.931005
test,21823,1,0.448146
test,21824,1,0.157396
test,21825,1,0.540386
test,21826,1,0.767834
test,21827,1,0.872165
test,21828,1,0.709499
test,21829,1,0.709990
test,21830,1,0.305869
test,21831,1,0.716082
test,21832,1,0.449512
test,21833,1,0.429845
test,21834,1,0.961623
test,21835,1,0.779981
test,21836,1,0.879080
test,21837,1,0.523037
test,21838,1,0.912623
test,21839,1,0.572136
test,21840,1,0.971614
test,21841,1,0.592970
test,21842,1,0.971475
test,21843,1,0.524332
test,21844,1,0.941881
test,21845,1,0.697206
test,21846,1,0.397130
test,21847,1,0.800033
test,21848,1,0.809051
test,21849,1,0.690584
test,21850,1,0.712681
test,21851,1,0.727084
test,21852,1,0.812820
test,21853,1,0.884676
test,21854,1,0.773203
test,21855,1,0.659808
test,21856,1,0.873568
test,21857,1,0.500529
test,21858,1,0.464658
test,21859,1,0.434285
test,21860,1,0.491841
test,21861,1,0.221321
test,21862,1,0.166936
test,21863,1,0.518539
test,21864,1,0.786145
test,21865,1,0.721568
test,21866,1,0.984748
test,21867,1,0.514557
test,21868,1,0.799656
test,21869,1,0.461631
test,21870,1,0.698518
test,21871,1,0.926297
test,21872,1,0.659669
test,21873,1,0.332640
test,21874,1,0.723541
test,21875,1,0.512330
test,21876,1,0.318737
test,21877,1,0.527382
test,21878,1,0.593223
test,21879,1,0.813514
test,21880,1,0.748083
test,21881,1,0.728145
test,21882,1,0.909627
test,21883,1,0.905501
test,21884,1,0.614393
test,21885,1,0.761505
test,21886,1,0.648560
test,21887,1,0.724949
test,21888,1,0.954918
test,21889,1,0.690456
test,21890,1,0.948240
test,21891,1,0.440704
test,21892,1,0.780990
test,21893,1,0.627353
test,21894,1,0.956503
test,21895,1,0.479821
test,21896,1,0.750307
test,21897,1,0.942077
test,21898,1,0.904944
test,21899,1,0.867372
test,21900,1,0.809823
test,21901,1,0.907215
test,21902,1,0.671480
test,21903,1,0.469500
test,21904,1,0.799064
test,21905,1,0.437089
test,21906,1,0.806060
test,21907,1,0.451699
test,21908,1,0.715846
test,21909,1,0.793600
test,21910,1,0.683449
test,21911,1,0.587237
test,21912,1,0.894976
test,21913,1,0.413977
test,21914,1,0.799612
test,21915,1,0.894058
test,21916,1,0.990412
test,21917,1,0.953345
test,21918,1,0.409026
test,21919,1,0.265710
test,21920,1,0.188954
test,21921,1,0.388864
test,21922,1,0.451106
test,21923,1,0.106037
test,21924,1,0.442266
test,21925,1,0.679511
test,21926,1,0.221372
test,21927,1,0.545921
test,21928,1,0.370657
test,21929,1,0.579253
test,21930,1,0.221392
test,21931,1,0.259562
test,21932,1,0.100715
test,21933,1,0.965076
test,21934,1,0.448976
test,21935,1,0.523488
test,21936,1,0.650709
test,21937,1,0.945642
test,21938,1,0.581296
test,21939,1,0.879778
test,21940,1,0.909848
test,21941,1,0.497557
test,21942,1,0.613728
test,21943,1,0.794103
test,21944,1,0.462331
test,21945,1,0.730592
test,21946,1,0.762259
test,21947,1,0.688014
test,21948,1,0.832112
test,21949,1,0.769099
test,21950,1,0.993109
test,21951,1,0.723407
test,21952,1,0.259992
test,21953,1,0.545515
test,21954,1,0.545928
test,21955,1,0.697380
test,21956,1,0.958560
test,21957,1,0.898382
test,21958,1,0.937452
test,21959,1,0.886040
test,21960,1,0.963661
test,21961,1,0.854289
test,21962,1,0.794290
test,21963,1,0.642400
test,21964,1,0.288349
test,21965,1,0.818149
test,21966,1,0.239886
test,21967,1,0.895291
test,21968,1,0.654704
test,21969,1,0.621763
test,21970,1,0.919382
test,21971,1,0.940166
test,21972,1,0.517440
test,21973,1,0.801649
test,21974,1,0.907651
test,21975,1,0.816178
test,21976,1,0.198488
test,21977,1,0.769596
test,21978,1,0.709911
test,21979,1,0.538333
test,21980,1,0.004918
test,21981,1,0.337245
test,21982,1,0.395617
test,21983,1,0.850123
test,21984,1,0.346865
test,21985,1,0.342402
test,21986,1,0.612378
test,21987,1,0.410845
test,21988,1,0.650987
test,21989,1,0.649927
test,21990,1,0.929413
test,21991,1,0.762189
test,21992,1,0.784069
test,21993,1,0.608664
test,21994,1,0.919498
test,21995,1,0.362898
test,21996,1,0.518050
test,21997,1,0.756959
test,21998,1,0.699126
test,21999,1,0.896286
test,22000,1,0.537315
test,22001,1,0.836309
test,22002,1,0.689859
test,22003,1,0.681066
test,22004,1,0.957621
test,22005,1,0.215437
test,22006,1,0.695863
test,22007,1,0.504080
test,22008,1,0.499015
test,22009,1,0.768332
test,22010,1,0.582567
test,22011,1,0.478259
test,22012,1,0.580389
test,22013,1,0.814649
test,22014,1,0.892889
test,22015,1,0.852313
test,22016,1,0.692107
test,22017,1,0.261243
test,22018,1,0.853493
test,22019,1,0.466500
test,22020,1,0.907111
test,22021,1,0.940760
test,22022,1,0.346607
test,22023,1,0.787917
test,22024,1,0.045987
test,22025,1,0.148438
test,22026,1,0.306818
test,22027,1,0.537084
test,22028,1,0.628652
test,22029,1,0.943498
test,22030,1,0.908126
test,22031,1,0.968529
test,22032,1,0.971011
test,22033,1,0.168722
test,22034,1,0.939979
test,22035,1,0.948893
test,22036,1,0.920071
test,22037,1,0.916807
test,22038,1,0.962704
test,22039,1,0.901645
test,22040,1,0.853414
test,22041,1,0.477922
test,22042,1,0.987846
test,22043,1,0.955386
test,22044,1,0.960477
test,22045,1,0.969520
test,22046,1,0.908619
test,22047,1,0.946821
test,22048,1,0.598740
test,22049,1,0.781997
test,22050,1,0.343226
test,22051,1,0.675427
test,22052,1,0.913755
test,22053,1,0.718753
test,22054,1,0.978895
test,22055,1,0.783589
test,22056,1,0.678883
test,22057,1,0.549311
test,22058,1,0.906642
test,22059,1,0.574987
test,22060,1,0.415674
test,22061,1,0.915471
test,22062,1,0.626084
test,22063,1,0.749889
test,22064,1,0.886917
test,22065,1,0.899679
test,22066,1,0.636320
test,22067,1,0.856686
test,22068,1,0.868039
test,22069,1,0.824322
test,22070,1,0.673477
test,22071,1,0.822129
test,22072,1,0.950013
test,22073,1,0.714339
test,22074,1,0.744568
test,22075,1,0.442532
test,22076,1,0.729595
test,22077,1,0.500179
test,22078,1,0.638222
test,22079,1,0.309452
test,22080,1,0.952926
test,22081,1,0.931431
test,22082,1,0.756526
test,22083,1,0.804312
test,22084,1,0.397054
test,22085,1,0.967404
test,22086,1,0.881717
test,22087,1,0.942038
test,22088,1,0.712645
test,22089,1,0.835009
test,22090,1,0.957827
test,22091,1,0.892342
test,22092,1,0.877152
test,22093,1,0.576895
test,22094,1,0.478447
test,22095,1,0.502635
test,22096,1,0.944918
test,22097,1,0.687473
test,22098,1,0.842649
test,22099,1,0.726368
test,22100,1,0.389700
test,22101,1,0.607789
test,22102,1,0.997523
test,22103,1,0.923606
test,22104,1,0.994475
test,22105,1,0.876388
test,22106,1,0.908205
test,22107,1,0.892734
test,22108,1,0.930241
test,22109,1,0.991319
test,22110,1,0.890465
test,22111,1,0.666235
test,22112,1,0.784575
test,22113,1,0.616527
test,22114,1,0.387044
test,22115,1,0.420255
test,22116,1,0.315630
test,22117,1,0.419848
test,22118,1,0.599705
test,22119,1,0.500233
test,22120,1,0.300394
test,22121,1,0.101068
test,22122,1,0.195214
test,22123,1,0.032884
test,22124,1,0.412393
test,22125,1,0.702344
test,22126,1,0.527252
test,22127,1,0.738115
test,22128,1,0.534663
test,22129,1,0.494471
test,22130,1,0.767446
test,22131,1,0.515730
test,22132,1,0.643938
test,22133,1,0.446007
test,22134,1,0.241756
test,22135,1,0.064931
test,22136,1,0.675768
test,22137,1,0.563406
test,22138,1,0.271701
test,22139,1,0.638681
test,22140,1,0.514814
test,22141,1,0.740364
test,22142,1,0.202718
test,22143,1,0.902838
test,22144,1,0.476606
test,22145,1,0.754609
test,22146,1,0.968164
test,22147,1,0.345814
test,22148,1,0.433182
test,22149,1,0.562497
test,22150,1,0.826509
test,22151,1,0.917500
test,22152,1,0.915253
test,22153,1,0.930653
test,22154,1,0.621226
test,22155,1,0.951384
test,22156,1,0.725879
test,22157,1,0.916991
test,22158,1,0.605908
test,22159,1,0.882507
test,22160,1,0.698617
test,22161,1,0.945911
test,22162,1,0.991174
test,22163,1,0.246904
test,22164,1,0.457517
test,22165,1,0.735043
test,22166,1,0.702134
test,22167,1,0.827908
test,22168,1,0.933905
test,22169,1,0.967322
test,22170,1,0.926944
test,22171,1,0.946833
test,22172,1,0.976649
test,22173,1,0.736702
test,22174,1,0.735789
test,22175,1,0.864319
test,22176,1,0.569846
test,22177,1,0.542790
test,22178,1,0.984716
test,22179,1,0.937111
test,22180,1,0.630957
test,22181,1,0.857756
test,22182,1,0.341825
test,22183,1,0.952773
test,22184,1,0.941461
test,22185,1,0.897684
test,22186,1,0.934835
test,22187,1,0.884142
test,22188,1,0.960024
test,22189,1,0.958835
test,22190,1,0.924944
test,22191,1,0.195721
test,22192,1,0.095609
test,22193,1,0.456106
test,22194,1,0.575755
test,22195,1,0.346680
test,22196,1,0.363365
test,22197,1,0.659488
test,22198,1,0.597502
test,22199,1,0.826125
test,22200,1,0.917444
test,22201,1,0.357982
test,22202,1,0.967964
test,22203,1,0.339517
test,22204,1,0.912338
test,22205,1,0.839828
test,22206,1,0.823237
test,22207,1,0.833982
test,22208,1,0.356876
test,22209,1,0.856749
test,22210,1,0.753460
test,22211,1,0.853039
test,22212,1,0.402942
test,22213,1,0.880978
test,22214,1,0.847852
test,22215,1,0.974290
test,22216,1,0.169576
test,22217,1,0.948875
test,22218,1,0.870776
test,22219,1,0.861796
test,22220,1,0.977722
test,22221,1,0.648037
test,22222,1,0.752637
test,22223,1,0.858315
test,22224,1,0.707759
test,22225,1,0.674625
test,22226,1,0.445169
test,22227,1,0.259287
test,22228,1,0.016513
test,22229,1,0.954852
test,22230,1,0.753669
test,22231,1,0.657386
test,22232,1,0.651984
test,22233,1,0.876285
test,22234,1,0.599838
test,22235,1,0.891036
test,22236,1,0.939026
test,22237,1,0.350064
test,22238,1,0.573379
test,22239,1,0.542008
test,22240,1,0.491360
test,22241,1,0.594767
test,22242,1,0.575061
test,22243,1,0.754537
test,22244,1,0.425191
test,22245,1,0.778581
test,22246,1,0.663094
test,22247,1,0.876015
test,22248,1,0.698513
test,22249,1,0.827878
test,22250,1,0.742488
test,22251,1,0.320341
test,22252,1,0.466237
test,22253,1,0.738145
test,22254,1,0.914860
test,22255,1,0.433829
test,22256,1,0.625144
test,22257,1,0.445415
test,22258,1,0.574455
test,22259,1,0.575776
test,22260,1,0.486762
test,22261,1,0.145997
test,22262,1,0.975617
test,22263,1,0.915784
test,22264,1,0.584362
test,22265,1,0.899640
test,22266,1,0.989080
test,22267,1,0.894059
test,22268,1,0.751990
test,22269,1,0.293355
test,22270,1,0.949166
test,22271,1,0.982855
test,22272,1,0.596442
test,22273,1,0.289267
test,22274,1,0.912220
test,22275,1,0.629849
test,22276,1,0.709292
test,22277,1,0.633946
test,22278,1,0.763727
test,22279,1,0.774643
test,22280,1,0.757654
test,22281,1,0.868785
test,22282,1,0.758305
test,22283,1,0.868587
test,22284,1,0.504207
test,22285,1,0.802537
test,22286,1,0.842682
test,22287,1,0.847471
test,22288,1,0.826889
test,22289,1,0.838004
test,22290,1,0.812099
test,22291,1,0.795638
test,22292,1,0.185850
test,22293,1,0.513929
test,22294,1,0.308873
test,22295,1,0.061296
test,22296,1,0.966198
test,22297,1,0.815157
test,22298,1,0.153805
test,22299,1,0.844253
test,22300,1,0.574493
test,22301,1,0.922529
test,22302,1,0.561084
test,22303,1,0.864854
test,22304,1,0.908791
test,22305,1,0.922340
test,22306,1,0.926905
test,22307,1,0.798154
test,22308,1,0.681798
test,22309,1,0.993985
test,22310,1,0.992164
test,22311,1,0.764506
test,22312,1,0.984377
test,22313,1,0.943087
test,22314,1,0.753867
test,22315,1,0.986079
test,22316,1,0.681179
test,22317,1,0.400186
test,22318,1,0.986079
test,22319,1,0.835458
test,22320,1,0.456601
test,22321,1,0.927652
test,22322,1,0.541647
test,22323,1,0.905184
test,22324,1,0.834526
test,22325,1,0.891412
test,22326,1,0.660469
test,22327,1,0.919813
test,22328,1,0.632859
test,22329,1,0.930466
test,22330,1,0.446464
test,22331,1,0.948566
test,22332,1,0.951940
test,22333,1,0.762613
test,22334,1,0.364942
test,22335,1,0.808077
test,22336,1,0.615530
test,22337,1,0.915088
test,22338,1,0.964204
test,22339,1,0.768550
test,22340,1,0.756989
test,22341,1,0.920068
test,22342,1,0.653484
test,22343,1,0.584923
test,22344,1,0.765793
test,22345,1,0.675631
test,22346,1,0.920979
test,22347,1,0.872778
test,22348,1,0.237485
test,22349,1,0.576594
test,22350,1,0.840265
test,22351,1,0.274661
test,22352,1,0.888389
test,22353,1,0.591103
test,22354,1,0.935597
test,22355,1,0.504152
test,22356,1,0.961378
test,22357,1,0.820069
test,22358,1,0.685720
test,22359,1,0.915762
test,22360,1,0.725500
test,22361,1,0.918719
test,22362,1,0.387275
test,22363,1,0.866241
test,22364,1,0.454756
test,22365,1,0.788999
test,22366,1,0.940992
test,22367,1,0.820683
test,22368,1,0.987810
test,22369,1,0.646664
test,22370,1,0.598117
test,22371,1,0.730960
test,22372,1,0.839793
test,22373,1,0.730172
test,22374,1,0.817090
test,22375,1,0.667980
test,22376,1,0.708950
test,22377,1,0.750753
test,22378,1,0.905703
test,22379,1,0.841003
test,22380,1,0.815073
test,22381,1,0.835985
test,22382,1,0.585629
test,22383,1,0.349539
test,22384,1,0.421548
test,22385,1,0.428370
test,22386,1,0.739708
test,22387,1,0.656405
test,22388,1,0.833894
test,22389,1,0.810129
test,22390,1,0.632925
test,22391,1,0.433047
test,22392,1,0.877081
test,22393,1,0.841558
test,22394,1,0.835673
test,22395,1,0.444156
test,22396,1,0.967185
test,22397,1,0.341922
test,22398,1,0.992985
test,22399,1,0.620186
test,22400,1,0.749693
test,22401,1,0.498992
test,22402,1,0.284243
test,22403,1,0.775107
test,22404,1,0.448506
test,22405,1,0.856047
test,22406,1,0.470521
test,22407,1,0.517097
test,22408,1,0.930905
test,22409,1,0.953216
test,22410,1,0.894524
test,22411,1,0.257464
test,22412,1,0.291886
test,22413,1,0.903460
test,22414,1,0.865668
test,22415,1,0.441922
test,22416,1,0.775781
test,22417,1,0.675770
test,22418,1,0.207040
test,22419,1,0.850451
test,22420,1,0.533362
test,22421,1,0.580969
test,22422,1,0.541042
test,22423,1,0.152685
test,22424,1,0.904113
test,22425,1,0.591857
test,22426,1,0.862897
test,22427,1,0.213411
test,22428,1,0.769628
test,22429,1,0.284590
test,22430,1,0.354613
test,22431,1,0.253193
test,22432,1,0.133578
test,22433,1,0.981364
test,22434,1,0.987917
test,22435,1,0.997766
test,22436,1,0.737957
test,22437,1,0.974416
test,22438,1,0.993667
test,22439,1,0.870778
test,22440,1,0.982511
test,22441,1,0.990392
test,22442,1,0.993782
test,22443,1,0.548748
test,22444,1,0.940973
test,22445,1,0.968644
test,22446,1,0.885307
test,22447,1,0.980439
test,22448,1,0.926430
test,22449,1,0.952358
test,22450,1,0.978917
test,22451,1,0.917959
test,22452,1,0.947017
test,22453,1,0.974672
test,22454,1,0.976306
test,22455,1,0.528711
test,22456,1,0.986372
test,22457,1,0.989786
test,22458,1,0.682858
test,22459,1,0.836968
test,22460,1,0.868330
test,22461,1,0.852837
test,22462,1,0.152917
test,22463,1,0.700819
test,22464,1,0.964889
test,22465,1,0.540795
test,22466,1,0.357979
test,22467,1,0.772799
test,22468,1,0.452132
test,22469,1,0.578196
test,22470,1,0.516791
test,22471,1,0.486483
test,22472,1,0.849089
test,22473,1,0.579080
test,22474,1,0.636521
test,22475,1,0.202533
test,22476,1,0.606318
test,22477,1,0.437457
test,22478,1,0.251335
test,22479,1,0.643923
test,22480,1,0.592978
test,22481,1,0.748623
test,22482,1,0.753749
test,22483,1,0.366794
test,22484,1,0.806231
test,22485,1,0.854575
test,22486,1,0.859242
test,22487,1,0.973720
test,22488,1,0.838378
test,22489,1,0.437303
test,22490,1,0.564393
test,22491,1,0.945038
test,22492,1,0.707833
test,22493,1,0.650864
test,22494,1,0.816219
test,22495,1,0.902334
test,22496,1,0.495463
test,22497,1,0.611806
test,22498,1,0.780852
test,22499,1,0.857007
test,22500,1,0.742357
test,22501,1,0.766378
test,22502,1,0.875780
test,22503,1,0.551361
test,22504,1,0.589102
test,22505,1,0.903145
test,22506,1,0.874946
test,22507,1,0.435955
test,22508,1,0.793050
test,22509,1,0.568812
test,22510,1,0.789714
test,22511,1,0.774019
test,22512,1,0.944071
test,22513,1,0.188494
test,22514,1,0.257637
test,22515,1,0.785276
test,22516,1,0.969550
test,22517,1,0.865969
test,22518,1,0.981237
test,22519,1,0.947275
test,22520,1,0.916183
test,22521,1,0.802344
test,22522,1,0.194501
test,22523,1,0.760919
test,22524,1,0.726125
test,22525,1,0.956622
test,22526,1,0.732928
test,22527,1,0.594668
test,22528,1,0.612758
test,22529,1,0.537394
test,22530,1,0.749700
test,22531,1,0.547884
test,22532,1,0.946517
test,22533,1,0.603699
test,22534,1,0.991556
test,22535,1,0.692438
test,22536,1,0.180723
test,22537,1,0.824734
test,22538,1,0.769171
test,22539,1,0.639951
test,22540,1,0.772544
test,22541,1,0.548048
test,22542,1,0.899811
test,22543,1,0.959918
test,22544,1,0.868568
test,22545,1,0.920345
test,22546,1,0.768009
test,22547,1,0.967397
test,22548,1,0.994210
test,22549,1,0.837336
test,22550,1,0.830009
test,22551,1,0.892817
test,22552,1,0.980965
test,22553,1,0.925428
test,22554,1,0.979172
test,22555,1,0.982816
test,22556,1,0.636136
test,22557,1,0.352213
test,22558,1,0.951842
test,22559,1,0.750455
test,22560,1,0.912721
test,22561,1,0.601571
test,22562,1,0.960936
test,22563,1,0.949649
test,22564,1,0.868754
test,22565,1,0.568640
test,22566,1,0.701904
test,22567,1,0.993186
test,22568,1,0.829535
test,22569,1,0.842258
test,22570,1,0.994122
test,22571,1,0.670607
test,22572,1,0.416124
test,22573,1,0.588448
test,22574,1,0.856393
test,22575,1,0.986583
test,22576,1,0.813999
test,22577,1,0.430500
test,22578,1,0.717677
test,22579,1,0.792613
test,22580,1,0.628786
test,22581,1,0.510018
test,22582,1,0.765377
test,22583,1,0.390294
test,22584,1,0.938891
test,22585,1,0.865940
test,22586,1,0.756617
test,22587,1,0.694655
test,22588,1,0.801434
test,22589,1,0.806295
test,22590,1,0.793920
test,22591,1,0.945860
test,22592,1,0.962018
test,22593,1,0.695974
test,22594,1,0.799495
test,22595,1,0.930428
test,22596,1,0.959122
test,22597,1,0.967874
test,22598,1,0.714048
test,22599,1,0.972231
test,22600,1,0.903656
test,22601,1,0.952436
test,22602,1,0.895025
test,22603,1,0.958695
test,22604,1,0.954569
test,22605,1,0.620531
test,22606,1,0.820100
test,22607,1,0.955562
test,22608,1,0.888234
test,22609,1,0.770734
test,22610,1,0.798022
test,22611,1,0.912202
test,22612,1,0.320115
test,22613,1,0.830662
test,22614,1,0.900577
test,22615,1,0.359700
test,22616,1,0.511871
test,22617,1,0.932576
test,22618,1,0.398235
test,22619,1,0.905854
test,22620,1,0.869686
test,22621,1,0.806663
test,22622,1,0.871611
test,22623,1,0.340775
test,22624,1,0.208199
test,22625,1,0.616294
test,22626,1,0.695157
test,22627,1,0.493765
test,22628,1,0.728006
test,22629,1,0.488806
test,22630,1,0.756139
test,22631,1,0.801335
test,22632,1,0.326916
test,22633,1,0.593225
test,22634,1,0.728188
test,22635,1,0.981762
test,22636,1,0.674443
test,22637,1,0.701066
test,22638,1,0.222539
test,22639,1,0.808822
test,22640,1,0.721073
test,22641,1,0.934418
test,22642,1,0.926390
test,22643,1,0.977868
test,22644,1,0.698552
test,22645,1,0.985346
test,22646,1,0.956653
test,22647,1,0.881598
test,22648,1,0.971081
test,22649,1,0.996599
test,22650,1,0.950020
test,22651,1,0.608303
test,22652,1,0.888281
test,22653,1,0.612082
test,22654,1,0.903265
test,22655,1,0.437819
test,22656,1,0.286931
test,22657,1,0.219361
test,22658,1,0.967847
test,22659,1,0.734926
test,22660,1,0.639183
test,22661,1,0.272314
test,22662,1,0.988218
test,22663,1,0.627417
test,22664,1,0.925082
test,22665,1,0.834347
test,22666,1,0.955525
test,22667,1,0.792495
test,22668,1,0.969653
test,22669,1,0.913778
test,22670,1,0.495589
test,22671,1,0.614515
test,22672,1,0.440238
test,22673,1,0.617947
test,22674,1,0.980046
test,22675,1,0.993957
test,22676,1,0.651990
test,22677,1,0.413964
test,22678,1,0.955750
test,22679,1,0.746085
test,22680,1,0.821500
test,22681,1,0.680160
test,22682,1,0.939322
test,22683,1,0.764243
test,22684,1,0.709203
test,22685,1,0.921516
test,22686,1,0.760031
test,22687,1,0.612501
test,22688,1,0.941064
test,22689,1,0.913323
test,22690,1,0.895590
test,22691,1,0.567622
test,22692,1,0.874556
test,22693,1,0.913660
test,22694,1,0.591527
test,22695,1,0.806965
test,22696,1,0.402393
test,22697,1,0.727676
test,22698,1,0.635867
test,22699,1,0.985917
test,22700,1,0.650089
test,22701,1,0.929115
test,22702,1,0.709822
test,22703,1,0.806437
test,22704,1,0.973321
test,22705,1,0.776915
test,22706,1,0.769041
test,22707,1,0.917914
test,22708,1,0.673803
test,22709,1,0.922418
test,22710,1,0.634245
test,22711,1,0.642510
test,22712,1,0.472508
test,22713,1,0.806368
test,22714,1,0.767826
test,22715,1,0.760316
test,22716,1,0.708405
test,22717,1,0.876139
test,22718,1,0.659921
test,22719,1,0.719300
test,22720,1,0.856753
test,22721,1,0.682908
test,22722,1,0.560070
test,22723,1,0.909477
test,22724,1,0.659109
test,22725,1,0.793674
test,22726,1,0.804081
test,22727,1,0.954608
test,22728,1,0.888691
test,22729,1,0.851958
test,22730,1,0.932864
test,22731,1,0.624035
test,22732,1,0.941199
test,22733,1,0.833883
test,22734,1,0.695637
test,22735,1,0.921908
test,22736,1,0.954660
test,22737,1,0.713017
test,22738,1,0.913060
test,22739,1,0.986418
test,22740,1,0.828488
test,22741,1,0.372344
test,22742,1,0.933147
test,22743,1,0.675705
test,22744,1,0.216747
test,22745,1,0.429259
test,22746,1,0.899434
test,22747,1,0.759939
test,22748,1,0.821265
test,22749,1,0.487655
test,22750,1,0.184588
test,22751,1,0.298909
test,22752,1,0.356966
test,22753,1,0.124853
test,22754,1,0.106139
test,22755,1,0.399753
test,22756,1,0.838105
test,22757,1,0.956625
test,22758,1,0.930675
test,22759,1,0.100722
test,22760,1,0.612179
test,22761,1,0.979169
test,22762,1,0.873732
test,22763,1,0.912683
test,22764,1,0.763368
test,22765,1,0.831169
test,22766,1,0.577869
test,22767,1,0.311909
test,22768,1,0.628369
test,22769,1,0.621445
test,22770,1,0.927822
test,22771,1,0.917752
test,22772,1,0.925750
test,22773,1,0.634914
test,22774,1,0.454633
test,22775,1,0.934440
test,22776,1,0.780782
test,22777,1,0.836387
test,22778,1,0.865599
test,22779,1,0.894043
test,22780,1,0.868833
test,22781,1,0.659574
test,22782,1,0.512675
test,22783,1,0.483948
test,22784,1,0.612101
test,22785,1,0.335372
test,22786,1,0.329489
test,22787,1,0.676228
test,22788,1,0.201297
test,22789,1,0.620991
test,22790,1,0.762505
test,22791,1,0.752793
test,22792,1,0.925385
test,22793,1,0.474334
test,22794,1,0.967268
test,22795,1,0.960585
test,22796,1,0.473021
test,22797,1,0.754763
test,22798,1,0.731118
test,22799,1,0.522203
test,22800,1,0.660265
test,22801,1,0.812411
test,22802,1,0.956681
test,22803,1,0.902441
test,22804,1,0.983183
test,22805,1,0.626544
test,22806,1,0.827549
test,22807,1,0.633529
test,22808,1,0.967005
test,22809,1,0.869795
test,22810,1,0.753860
test,22811,1,0.966867
test,22812,1,0.772044
test,22813,1,0.993775
test,22814,1,0.612716
test,22815,1,0.849024
test,22816,1,0.715413
test,22817,1,0.766953
test,22818,1,0.862991
test,22819,1,0.854045
test,22820,1,0.649080
test,22821,1,0.822504
test,22822,1,0.920826
test,22823,1,0.515238
test,22824,1,0.449087
test,22825,1,0.836107
test,22826,1,0.999318
test,22827,1,0.684282
test,22828,1,0.833266
test,22829,1,0.788598
test,22830,1,0.937917
test,22831,1,0.696514
test,22832,1,0.757211
test,22833,1,0.404300
test,22834,1,0.958306
test,22835,1,0.956219
test,22836,1,0.906961
test,22837,1,0.814820
test,22838,1,0.639634
test,22839,1,0.759028
test,22840,1,0.614502
test,22841,1,0.950913
test,22842,1,0.843303
test,22843,1,0.716762
test,22844,1,0.675124
test,22845,1,0.760501
test,22846,1,0.971985
test,22847,1,0.792340
test,22848,1,0.476484
test,22849,1,0.806292
test,22850,1,0.710043
test,22851,1,0.844092
test,22852,1,0.920102
test,22853,1,0.956201
test,22854,1,0.538687
test,22855,1,0.697195
test,22856,1,0.914665
test,22857,1,0.705660
test,22858,1,0.765474
test,22859,1,0.837737
test,22860,1,0.888225
test,22861,1,0.731582
test,22862,1,0.730876
test,22863,1,0.791112
test,22864,1,0.819617
test,22865,1,0.651551
test,22866,1,0.819218
test,22867,1,0.251696
test,22868,1,0.973947
test,22869,1,0.313939
test,22870,1,0.788673
test,22871,1,0.868412
test,22872,1,0.739505
test,22873,1,0.958457
test,22874,1,0.901792
test,22875,1,0.851061
test,22876,1,0.699273
test,22877,1,0.852305
test,22878,1,0.932999
test,22879,1,0.948587
test,22880,1,0.970744
test,22881,1,0.913889
test,22882,1,0.988783
test,22883,1,0.677199
test,22884,1,0.798873
test,22885,1,0.995058
test,22886,1,0.881141
test,22887,1,0.965724
test,22888,1,0.188919
test,22889,1,0.372880
test,22890,1,0.894696
test,22891,1,0.815030
test,22892,1,0.967815
test,22893,1,0.725545
test,22894,1,0.904985
test,22895,1,0.861508
test,22896,1,0.854490
test,22897,1,0.800516
test,22898,1,0.960872
test,22899,1,0.832913
test,22900,1,0.826624
test,22901,1,0.347110
test,22902,1,0.981734
test,22903,1,0.942157
test,22904,1,0.974614
test,22905,1,0.662254
test,22906,1,0.979280
test,22907,1,0.819211
test,22908,1,0.515775
test,22909,1,0.292006
test,22910,1,0.910682
test,22911,1,0.882447
test,22912,1,0.785161
test,22913,1,0.735429
test,22914,1,0.829041
test,22915,1,0.469421
test,22916,1,0.533939
test,22917,1,0.893502
test,22918,1,0.476230
test,22919,1,0.838892
test,22920,1,0.713614
test,22921,1,0.809612
test,22922,1,0.942172
test,22923,1,0.631570
test,22924,1,0.777930
test,22925,1,0.655815
test,22926,1,0.907347
test,22927,1,0.706034
test,22928,1,0.614181
test,22929,1,0.893366
test,22930,1,0.976589
test,22931,1,0.716319
test,22932,1,0.928542
test,22933,1,0.985998
test,22934,1,0.820671
test,22935,1,0.899388
test,22936,1,0.892059
test,22937,1,0.776293
test,22938,1,0.566399
test,22939,1,0.566943
test,22940,1,0.907694
test,22941,1,0.482771
test,22942,1,0.532639
test,22943,1,0.950383
test,22944,1,0.986968
test,22945,1,0.997141
test,22946,1,0.980860
test,22947,1,0.993029
test,22948,1,0.563169
test,22949,1,0.855117
test,22950,1,0.788731
test,22951,1,0.815520
test,22952,1,0.989459
test,22953,1,0.384190
test,22954,1,0.657989
test,22955,1,0.722649
test,22956,1,0.709983
test,22957,1,0.502015
test,22958,1,0.831198
test,22959,1,0.818925
test,22960,1,0.493272
test,22961,1,0.775594
test,22962,1,0.851924
test,22963,1,0.539135
test,22964,1,0.761986
test,22965,1,0.800816
test,22966,1,0.752589
test,22967,1,0.879177
test,22968,1,0.270003
test,22969,1,0.770722
test,22970,1,0.229767
test,22971,1,0.926821
test,22972,1,0.414845
test,22973,1,0.947421
test,22974,1,0.734277
test,22975,1,0.478053
test,22976,1,0.833140
test,22977,1,0.418886
test,22978,1,0.941717
test,22979,1,0.691772
test,22980,1,0.968060
test,22981,1,0.739096
test,22982,1,0.941342
test,22983,1,0.936971
test,22984,1,0.862528
test,22985,1,0.783759
test,22986,1,0.374286
test,22987,1,0.208985
test,22988,1,0.971227
test,22989,1,0.894327
test,22990,1,0.906638
test,22991,1,0.840326
test,22992,1,0.676021
test,22993,1,0.669548
test,22994,1,0.879087
test,22995,1,0.975423
test,22996,1,0.867320
test,22997,1,0.514122
test,22998,1,0.762516
test,22999,1,0.824443
test,23000,1,0.875547
test,23001,1,0.847008
test,23002,1,0.984573
test,23003,1,0.619520
test,23004,1,0.701451
test,23005,1,0.982821
test,23006,1,0.787747
test,23007,1,0.741060
test,23008,1,0.822841
test,23009,1,0.673811
test,23010,1,0.810325
test,23011,1,0.571697
test,23012,1,0.843109
test,23013,1,0.541508
test,23014,1,0.797047
test,23015,1,0.209339
test,23016,1,0.585259
test,23017,1,0.245328
test,23018,1,0.629317
test,23019,1,0.183532
test,23020,1,0.111609
test,23021,1,0.870842
test,23022,1,0.699602
test,23023,1,0.662946
test,23024,1,0.676151
test,23025,1,0.359790
test,23026,1,0.305883
test,23027,1,0.317866
test,23028,1,0.964157
test,23029,1,0.031157
test,23030,1,0.777687
test,23031,1,0.914560
test,23032,1,0.343856
test,23033,1,0.538726
test,23034,1,0.458353
test,23035,1,0.543491
test,23036,1,0.949093
test,23037,1,0.855728
test,23038,1,0.096018
test,23039,1,0.930616
test,23040,1,0.583557
test,23041,1,0.898964
test,23042,1,0.752130
test,23043,1,0.772177
test,23044,1,0.816859
test,23045,1,0.934295
test,23046,1,0.954022
test,23047,1,0.850588
test,23048,1,0.651129
test,23049,1,0.806852
test,23050,1,0.507941
test,23051,1,0.964440
test,23052,1,0.977057
test,23053,1,0.884316
test,23054,1,0.741850
test,23055,1,0.705113
test,23056,1,0.388384
test,23057,1,0.920243
test,23058,1,0.829826
test,23059,1,0.968701
test,23060,1,0.705379
test,23061,1,0.927656
test,23062,1,0.804770
test,23063,1,0.938891
test,23064,1,0.783323
test,23065,1,0.859477
test,23066,1,0.712110
test,23067,1,0.374560
test,23068,1,0.808831
test,23069,1,0.156625
test,23070,1,0.977314
test,23071,1,0.960594
test,23072,1,0.823001
test,23073,1,0.816043
test,23074,1,0.540985
test,23075,1,0.610181
test,23076,1,0.388573
test,23077,1,0.098631
test,23078,1,0.254609
test,23079,1,0.441382
test,23080,1,0.480287
test,23081,1,0.328359
test,23082,1,0.914087
test,23083,1,0.909686
test,23084,1,0.804984
test,23085,1,0.574254
test,23086,1,0.641560
test,23087,1,0.945812
test,23088,1,0.925604
test,23089,1,0.995746
test,23090,1,0.818255
test,23091,1,0.672520
test,23092,1,0.917740
test,23093,1,0.601661
test,23094,1,0.760004
test,23095,1,0.890817
test,23096,1,0.746249
test,23097,1,0.935709
test,23098,1,0.838242
test,23099,1,0.904295
test,23100,1,0.473525
test,23101,1,0.488994
test,23102,1,0.967417
test,23103,1,0.700994
test,23104,1,0.529622
test,23105,1,0.364404
test,23106,1,0.477960
test,23107,1,0.959074
test,23108,1,0.972303
test,23109,1,0.670668
test,23110,1,0.378234
test,23111,1,0.614195
test,23112,1,0.472574
test,23113,1,0.877683
test,23114,1,0.515300
test,23115,1,0.130571
test,23116,1,0.422873
test,23117,1,0.472152
test,23118,1,0.506882
test,23119,1,0.445156
test,23120,1,0.197490
test,23121,1,0.420167
test,23122,1,0.446633
test,23123,1,0.821463
test,23124,1,0.613060
test,23125,1,0.849979
test,23126,1,0.743864
test,23127,1,0.520227
test,23128,1,0.814925
test,23129,1,0.609626
test,23130,1,0.686481
test,23131,1,0.635668
test,23132,1,0.880492
test,23133,1,0.969561
test,23134,1,0.964984
test,23135,1,0.815056
test,23136,1,0.968295
test,23137,1,0.718062
test,23138,1,0.874482
test,23139,1,0.832362
test,23140,1,0.911587
test,23141,1,0.909366
test,23142,1,0.858569
test,23143,1,0.792259
test,23144,1,0.523937
test,23145,1,0.907480
test,23146,1,0.923359
test,23147,1,0.788816
test,23148,1,0.970349
test,23149,1,0.860330
test,23150,1,0.905997
test,23151,1,0.634057
test,23152,1,0.838904
test,23153,1,0.898916
test,23154,1,0.983605
test,23155,1,0.959194
test,23156,1,0.851913
test,23157,1,0.925948
test,23158,1,0.769548
test,23159,1,0.971132
test,23160,1,0.570947
test,23161,1,0.950889
test,23162,1,0.954819
test,23163,1,0.826477
test,23164,1,0.749929
test,23165,1,0.937410
test,23166,1,0.757630
test,23167,1,0.428385
test,23168,1,0.983033
test,23169,1,0.898644
test,23170,1,0.889505
test,23171,1,0.352232
test,23172,1,0.526722
test,23173,1,0.996050
test,23174,1,0.265202
test,23175,1,0.793921
test,23176,1,0.593366
test,23177,1,0.850733
test,23178,1,0.787383
test,23179,1,0.491857
test,23180,1,0.228005
test,23181,1,0.708644
test,23182,1,0.477030
test,23183,1,0.361127
test,23184,1,0.959878
test,23185,1,0.845638
test,23186,1,0.779254
test,23187,1,0.907922
test,23188,1,0.855028
test,23189,1,0.732416
test,23190,1,0.601781
test,23191,1,0.652513
test,23192,1,0.489404
test,23193,1,0.622384
test,23194,1,0.772997
test,23195,1,0.321557
test,23196,1,0.797386
test,23197,1,0.848653
test,23198,1,0.496628
test,23199,1,0.665792
test,23200,1,0.663958
test,23201,1,0.834229
test,23202,1,0.920219
test,23203,1,0.682917
test,23204,1,0.526775
test,23205,1,0.793384
test,23206,1,0.933495
test,23207,1,0.713044
test,23208,1,0.630357
test,23209,1,0.920519
test,23210,1,0.266023
test,23211,1,0.882579
test,23212,1,0.562965
test,23213,1,0.815954
test,23214,1,0.977512
test,23215,1,0.546189
test,23216,1,0.739361
test,23217,1,0.766802
test,23218,1,0.793074
test,23219,1,0.804772
test,23220,1,0.882485
test,23221,1,0.784161
test,23222,1,0.886007
test,23223,1,0.751576
test,23224,1,0.747756
test,23225,1,0.850541
test,23226,1,0.939362
test,23227,1,0.867356
test,23228,1,0.852057
test,23229,1,0.523130
test,23230,1,0.360199
test,23231,1,0.731700
test,23232,1,0.397295
test,23233,1,0.905771
test,23234,1,0.897558
test,23235,1,0.981454
test,23236,1,0.075787
test,23237,1,0.881231
test,23238,1,0.949611
test,23239,1,0.807700
test,23240,1,0.901494
test,23241,1,0.922267
test,23242,1,0.834467
test,23243,1,0.861814
test,23244,1,0.903822
test,23245,1,0.637299
test,23246,1,0.539718
test,23247,1,0.776659
test,23248,1,0.586015
test,23249,1,0.780688
test,23250,1,0.834596
test,23251,1,0.757440
test,23252,1,0.992628
test,23253,1,0.825013
test,23254,1,0.823140
test,23255,1,0.823783
test,23256,1,0.504419
test,23257,1,0.344176
test,23258,1,0.296027
test,23259,1,0.848293
test,23260,1,0.868336
test,23261,1,0.812282
test,23262,1,0.489768
test,23263,1,0.775813
test,23264,1,0.981573
test,23265,1,0.698374
test,23266,1,0.872005
test,23267,1,0.867240
test,23268,1,0.666515
test,23269,1,0.957655
test,23270,1,0.923004
test,23271,1,0.961485
test,23272,1,0.644217
test,23273,1,0.860215
test,23274,1,0.832080
test,23275,1,0.859082
test,23276,1,0.966795
test,23277,1,0.669648
test,23278,1,0.866038
test,23279,1,0.771461
test,23280,1,0.921172
test,23281,1,0.915554
test,23282,1,0.787683
test,23283,1,0.611728
test,23284,1,0.947392
test,23285,1,0.462513
test,23286,1,0.734492
test,23287,1,0.979130
test,23288,1,0.758570
test,23289,1,0.958039
test,23290,1,0.462513
test,23291,1,0.942301
test,23292,1,0.991879
test,23293,1,0.767020
test,23294,1,0.723193
test,23295,1,0.648922
test,23296,1,0.797455
test,23297,1,0.896560
test,23298,1,0.959287
test,23299,1,0.650271
test,23300,1,0.773824
test,23301,1,0.869950
test,23302,1,0.838706
test,23303,1,0.886179
test,23304,1,0.913297
test,23305,1,0.789570
test,23306,1,0.690676
test,23307,1,0.494519
test,23308,1,0.586219
test,23309,1,0.941354
test,23310,1,0.976851
test,23311,1,0.815426
test,23312,1,0.491699
test,23313,1,0.906837
test,23314,1,0.779290
test,23315,1,0.953596
test,23316,1,0.932252
test,23317,1,0.643575
test,23318,1,0.924279
test,23319,1,0.504000
test,23320,1,0.967438
test,23321,1,0.374355
test,23322,1,0.716282
test,23323,1,0.497752
test,23324,1,0.886372
test,23325,1,0.834285
test,23326,1,0.711992
test,23327,1,0.657390
test,23328,1,0.591973
test,23329,1,0.194156
test,23330,1,0.761545
test,23331,1,0.091733
test,23332,1,0.611632
test,23333,1,0.658748
test,23334,1,0.578074
test,23335,1,0.770681
test,23336,1,0.361412
test,23337,1,0.971314
test,23338,1,0.855674
test,23339,1,0.951857
test,23340,1,0.626443
test,23341,1,0.825073
test,23342,1,0.703020
test,23343,1,0.830138
test,23344,1,0.714119
test,23345,1,0.742424
test,23346,1,0.700763
test,23347,1,0.644527
test,23348,1,0.717857
test,23349,1,0.797040
test,23350,1,0.791190
test,23351,1,0.692391
test,23352,1,0.727545
test,23353,1,0.965329
test,23354,1,0.990293
test,23355,1,0.779372
test,23356,1,0.979807
test,23357,1,0.927667
test,23358,1,0.390415
test,23359,1,0.732557
test,23360,1,0.877838
test,23361,1,0.875768
test,23362,1,0.525003
test,23363,1,0.978250
test,23364,1,0.839005
test,23365,1,0.553619
test,23366,1,0.955450
test,23367,1,0.689642
test,23368,1,0.858427
test,23369,1,0.913067
test,23370,1,0.184075
test,23371,1,0.704687
test,23372,1,0.465441
test,23373,1,0.991971
test,23374,1,0.857998
test,23375,1,0.636541
test,23376,1,0.714417
test,23377,1,0.525363
test,23378,1,0.528984
test,23379,1,0.737722
test,23380,1,0.951414
test,23381,1,0.884140
test,23382,1,0.791876
test,23383,1,0.961761
test,23384,1,0.850073
test,23385,1,0.839322
test,23386,1,0.399967
test,23387,1,0.554663
test,23388,1,0.608463
test,23389,1,0.824786
test,23390,1,0.309988
test,23391,1,0.938040
test,23392,1,0.893916
test,23393,1,0.839647
test,23394,1,0.925557
test,23395,1,0.941364
test,23396,1,0.903866
test,23397,1,0.969184
test,23398,1,0.964345
test,23399,1,0.704858
test,23400,1,0.610088
test,23401,1,0.802803
test,23402,1,0.992819
test,23403,1,0.616542
test,23404,1,0.891614
test,23405,1,0.676415
test,23406,1,0.953303
test,23407,1,0.941500
test,23408,1,0.591365
test,23409,1,0.992342
test,23410,1,0.681417
test,23411,1,0.819734
test,23412,1,0.896823
test,23413,1,0.262941
test,23414,1,0.945985
test,23415,1,0.823298
test,23416,1,0.724454
test,23417,1,0.945109
test,23418,1,0.952158
test,23419,1,0.890012
test,23420,1,0.662291
test,23421,1,0.530575
test,23422,1,0.904004
test,23423,1,0.839252
test,23424,1,0.631214
test,23425,1,0.938509
test,23426,1,0.705052
test,23427,1,0.971641
test,23428,1,0.919710
test,23429,1,0.599924
test,23430,1,0.456632
test,23431,1,0.903929
test,23432,1,0.570721
test,23433,1,0.703588
test,23434,1,0.794570
test,23435,1,0.967178
test,23436,1,0.792830
test,23437,1,0.409794
test,23438,1,0.885381
test,23439,1,0.818502
test,23440,1,0.875724
test,23441,1,0.910624
test,23442,1,0.691513
test,23443,1,0.176622
test,23444,1,0.669545
test,23445,1,0.103719
test,23446,1,0.688389
test,23447,1,0.539300
test,23448,1,0.422157
test,23449,1,0.244268
test,23450,1,0.909290
test,23451,1,0.679678
test,23452,1,0.947451
test,23453,1,0.864950
test,23454,1,0.759835
test,23455,1,0.934680
test,23456,1,0.848552
test,23457,1,0.687629
test,23458,1,0.884204
test,23459,1,0.682530
test,23460,1,0.800471
test,23461,1,0.814641
test,23462,1,0.734825
test,23463,1,0.947505
test,23464,1,0.687020
test,23465,1,0.866468
test,23466,1,0.904719
test,23467,1,0.934437
test,23468,1,0.872337
test,23469,1,0.795827
test,23470,1,0.863829
test,23471,1,0.545619
test,23472,1,0.872203
test,23473,1,0.440530
test,23474,1,0.176719
test,23475,1,0.854610
test,23476,1,0.509827
test,23477,1,0.875822
test,23478,1,0.889296
test,23479,1,0.741734
test,23480,1,0.866357
test,23481,1,0.534604
test,23482,1,0.979181
test,23483,1,0.617989
test,23484,1,0.821474
test,23485,1,0.763080
test,23486,1,0.834241
test,23487,1,0.801971
test,23488,1,0.717218
test,23489,1,0.759384
test,23490,1,0.900279
test,23491,1,0.893236
test,23492,1,0.883069
test,23493,1,0.900743
test,23494,1,0.909837
test,23495,1,0.872945
test,23496,1,0.930687
test,23497,1,0.971557
test,23498,1,0.969200
test,23499,1,0.779771
test,23500,1,0.983150
test,23501,1,0.895493
test,23502,1,0.926102
test,23503,1,0.581271
test,23504,1,0.570521
test,23505,1,0.910303
test,23506,1,0.906608
test,23507,1,0.952733
test,23508,1,0.689014
test,23509,1,0.883559
test,23510,1,0.697407
test,23511,1,0.651423
test,23512,1,0.767840
test,23513,1,0.947684
test,23514,1,0.621918
test,23515,1,0.853323
test,23516,1,0.895907
test,23517,1,0.972464
test,23518,1,0.780859
test,23519,1,0.924345
test,23520,1,0.987938
test,23521,1,0.922683
test,23522,1,0.833752
test,23523,1,0.357634
test,23524,1,0.758508
test,23525,1,0.933756
test,23526,1,0.910045
test,23527,1,0.918215
test,23528,1,0.778196
test,23529,1,0.411481
test,23530,1,0.926694
test,23531,1,0.552595
test,23532,1,0.999518
test,23533,1,0.767453
test,23534,1,0.815619
test,23535,1,0.896571
test,23536,1,0.634447
test,23537,1,0.507019
test,23538,1,0.749898
test,23539,1,0.560341
test,23540,1,0.793492
test,23541,1,0.956209
test,23542,1,0.691565
test,23543,1,0.914446
test,23544,1,0.991028
test,23545,1,0.402189
test,23546,1,0.987753
test,23547,1,0.795202
test,23548,1,0.623247
test,23549,1,0.314230
test,23550,1,0.931485
test,23551,1,0.966018
test,23552,1,0.899412
test,23553,1,0.532726
test,23554,1,0.886263
test,23555,1,0.765282
test,23556,1,0.923987
test,23557,1,0.958385
test,23558,1,0.687332
test,23559,1,0.807630
test,23560,1,0.461670
test,23561,1,0.640888
test,23562,1,0.650333
test,23563,1,0.315988
test,23564,1,0.714691
test,23565,1,0.736998
test,23566,1,0.907411
test,23567,1,0.861131
test,23568,1,0.722955
test,23569,1,0.899519
test,23570,1,0.603624
test,23571,1,0.588524
test,23572,1,0.546327
test,23573,1,0.923058
test,23574,1,0.901904
test,23575,1,0.904415
test,23576,1,0.898362
test,23577,1,0.794004
test,23578,1,0.573533
test,23579,1,0.761441
test,23580,1,0.970366
test,23581,1,0.911765
test,23582,1,0.922162
test,23583,1,0.582127
test,23584,1,0.657120
test,23585,1,0.706859
test,23586,1,0.918494
test,23587,1,0.811450
test,23588,1,0.756599
test,23589,1,0.694652
test,23590,1,0.845418
test,23591,1,0.878877
test,23592,1,0.899079
test,23593,1,0.870342
test,23594,1,0.844452
test,23595,1,0.921352
test,23596,1,0.834270
test,23597,1,0.814743
test,23598,1,0.696071
test,23599,1,0.768829
test,23600,1,0.995439
test,23601,1,0.844140
test,23602,1,0.946651
test,23603,1,0.881375
test,23604,1,0.894522
test,23605,1,0.912301
test,23606,1,0.900398
test,23607,1,0.752164
test,23608,1,0.459055
test,23609,1,0.632026
test,23610,1,0.886614
test,23611,1,0.837114
test,23612,1,0.783134
test,23613,1,0.913689
test,23614,1,0.877480
test,23615,1,0.963682
test,23616,1,0.384278
test,23617,1,0.860965
test,23618,1,0.381751
test,23619,1,0.975812
test,23620,1,0.841591
test,23621,1,0.971955
test,23622,1,0.830956
test,23623,1,0.749365
test,23624,1,0.931689
test,23625,1,0.296977
test,23626,1,0.386829
test,23627,1,0.747305
test,23628,1,0.900642
test,23629,1,0.458668
test,23630,1,0.775448
test,23631,1,0.963064
test,23632,1,0.728598
test,23633,1,0.765553
test,23634,1,0.599500
test,23635,1,0.939094
test,23636,1,0.999590
test,23637,1,0.378886
test,23638,1,0.697723
test,23639,1,0.348638
test,23640,1,0.852694
test,23641,1,0.525458
test,23642,1,0.754758
test,23643,1,0.771197
test,23644,1,0.771976
test,23645,1,0.607649
test,23646,1,0.597565
test,23647,1,0.037555
test,23648,1,0.671101
test,23649,1,0.850960
test,23650,1,0.147064
test,23651,1,0.805929
test,23652,1,0.640491
test,23653,1,0.645093
test,23654,1,0.893013
test,23655,1,0.348245
test,23656,1,0.733517
test,23657,1,0.576029
test,23658,1,0.477844
test,23659,1,0.915887
test,23660,1,0.921324
test,23661,1,0.699251
test,23662,1,0.608467
test,23663,1,0.953904
test,23664,1,0.635322
test,23665,1,0.662148
test,23666,1,0.870192
test,23667,1,0.457529
test,23668,1,0.957922
test,23669,1,0.659412
test,23670,1,0.933716
test,23671,1,0.979809
test,23672,1,0.878758
test,23673,1,0.904096
test,23674,1,0.626077
test,23675,1,0.596983
test,23676,1,0.634567
test,23677,1,0.980272
test,23678,1,0.756777
test,23679,1,0.413361
test,23680,1,0.941517
test,23681,1,0.946809
test,23682,1,0.814340
test,23683,1,0.557328
test,23684,1,0.687853
test,23685,1,0.903501
test,23686,1,0.880126
test,23687,1,0.791808
test,23688,1,0.886328
test,23689,1,0.695958
test,23690,1,0.521510
test,23691,1,0.222546
test,23692,1,0.562566
test,23693,1,0.255013
test,23694,1,0.570277
test,23695,1,0.789578
test,23696,1,0.788462
test,23697,1,0.192435
test,23698,1,0.564164
test,23699,1,0.912618
test,23700,1,0.934640
test,23701,1,0.469684
test,23702,1,0.939806
test,23703,1,0.981769
test,23704,1,0.772402
test,23705,1,0.452251
test,23706,1,0.250852
test,23707,1,0.619301
test,23708,1,0.483039
test,23709,1,0.419125
test,23710,1,0.826560
test,23711,1,0.379341
test,23712,1,0.183973
test,23713,1,0.955014
test,23714,1,0.266661
test,23715,1,0.912842
test,23716,1,0.992755
test,23717,1,0.323185
test,23718,1,0.576587
test,23719,1,0.839898
test,23720,1,0.961998
test,23721,1,0.868417
test,23722,1,0.890497
test,23723,1,0.921838
test,23724,1,0.967955
test,23725,1,0.687748
test,23726,1,0.803939
test,23727,1,0.981905
test,23728,1,0.966403
test,23729,1,0.962610
test,23730,1,0.994923
test,23731,1,0.650520
test,23732,1,0.882705
test,23733,1,0.894251
test,23734,1,0.799937
test,23735,1,0.577195
test,23736,1,0.716615
test,23737,1,0.817028
test,23738,1,0.609597
test,23739,1,0.374702
test,23740,1,0.881847
test,23741,1,0.800985
test,23742,1,0.349038
test,23743,1,0.649260
test,23744,1,0.643452
test,23745,1,0.747752
test,23746,1,0.864057
test,23747,1,0.775154
test,23748,1,0.659956
test,23749,1,0.738783
test,23750,1,0.980220
test,23751,1,0.799202
test,23752,1,0.814243
test,23753,1,0.781669
test,23754,1,0.899712
test,23755,1,0.761709
test,23756,1,0.639504
test,23757,1,0.522072
test,23758,1,0.932343
test,23759,1,0.867426
test,23760,1,0.972061
test,23761,1,0.945879
test,23762,1,0.971277
test,23763,1,0.931727
test,23764,1,0.724177
test,23765,1,0.970190
test,23766,1,0.788226
test,23767,1,0.931622
test,23768,1,0.813103
test,23769,1,0.347918
test,23770,1,0.538230
test,23771,1,0.902104
test,23772,1,0.886150
test,23773,1,0.895804
test,23774,1,0.998794
test,23775,1,0.817713
test,23776,1,0.918464
test,23777,1,0.625276
test,23778,1,0.975771
test,23779,1,0.802891
test,23780,1,0.756816
test,23781,1,0.916436
test,23782,1,0.819471
test,23783,1,0.658693
test,23784,1,0.883889
test,23785,1,0.969942
test,23786,1,0.890155
test,23787,1,0.785824
test,23788,1,0.827940
test,23789,1,0.784007
test,23790,1,0.698368
test,23791,1,0.812572
test,23792,1,0.955031
test,23793,1,0.905312
test,23794,1,0.522435
test,23795,1,0.996403
test,23796,1,0.580898
test,23797,1,0.920039
test,23798,1,0.183555
test,23799,1,0.962509
test,23800,1,0.885889
test,23801,1,0.854054
test,23802,1,0.564190
test,23803,1,0.981913
test,23804,1,0.713003
test,23805,1,0.941328
test,23806,1,0.601173
test,23807,1,0.909582
test,23808,1,0.672604
test,23809,1,0.828158
test,23810,1,0.835329
test,23811,1,0.948888
test,23812,1,0.847935
test,23813,1,0.981092
test,23814,1,0.884420
test,23815,1,0.697120
test,23816,1,0.891999
test,23817,1,0.777696
test,23818,1,0.858634
test,23819,1,0.390056
test,23820,1,0.907001
test,23821,1,0.991641
test,23822,1,0.993085
test,23823,1,0.909114
test,23824,1,0.549867
test,23825,1,0.960199
test,23826,1,0.544317
test,23827,1,0.873678
test,23828,1,0.861014
test,23829,1,0.883211
test,23830,1,0.641992
test,23831,1,0.976256
test,23832,1,0.286348
test,23833,1,0.489495
test,23834,1,0.493164
test,23835,1,0.335947
test,23836,1,0.815163
test,23837,1,0.744717
test,23838,1,0.834450
test,23839,1,0.868735
test,23840,1,0.455396
test,23841,1,0.562814
test,23842,1,0.447082
test,23843,1,0.649686
test,23844,1,0.714734
test,23845,1,0.996171
test,23846,1,0.643254
test,23847,1,0.543646
test,23848,1,0.813255
test,23849,1,0.943026
test,23850,1,0.358606
test,23851,1,0.918621
test,23852,1,0.896608
test,23853,1,0.901137
test,23854,1,0.858962
test,23855,1,0.349649
test,23856,1,0.797392
test,23857,1,0.874400
test,23858,1,0.883000
test,23859,1,0.503495
test,23860,1,0.750957
test,23861,1,0.354983
test,23862,1,0.658820
test,23863,1,0.362879
test,23864,1,0.578639
test,23865,1,0.611922
test,23866,1,0.399888
test,23867,1,0.314621
test,23868,1,0.662534
test,23869,1,0.535426
test,23870,1,0.497729
test,23871,1,0.840843
test,23872,1,0.304443
test,23873,1,0.885942
test,23874,1,0.522556
test,23875,1,0.238308
test,23876,1,0.683578
test,23877,1,0.693874
test,23878,1,0.327576
test,23879,1,0.818394
test,23880,1,0.388812
test,23881,1,0.541450
test,23882,1,0.358991
test,23883,1,0.859866
test,23884,1,0.724179
test,23885,1,0.326376
test,23886,1,0.135626
test,23887,1,0.839448
test,23888,1,0.996765
test,23889,1,0.709281
test,23890,1,0.882062
test,23891,1,0.977117
test,23892,1,0.422629
test,23893,1,0.608178
test,23894,1,0.470961
test,23895,1,0.525684
test,23896,1,0.479465
test,23897,1,0.916151
test,23898,1,0.513320
test,23899,1,0.566815
test,23900,1,0.676241
test,23901,1,0.675754
test,23902,1,0.680782
test,23903,1,0.984178
test,23904,1,0.930015
test,23905,1,0.982989
test,23906,1,0.865984
test,23907,1,0.729316
test,23908,1,0.490827
test,23909,1,0.985592
test,23910,1,0.881553
test,23911,1,0.433911
test,23912,1,0.865807
test,23913,1,0.959421
test,23914,1,0.916151
test,23915,1,0.463554
test,23916,1,0.685258
test,23917,1,0.404331
test,23918,1,0.574227
test,23919,1,0.727708
test,23920,1,0.849336
test,23921,1,0.704062
test,23922,1,0.982374
test,23923,1,0.696097
test,23924,1,0.709388
test,23925,1,0.929782
test,23926,1,0.423507
test,23927,1,0.645765
test,23928,1,0.906032
test,23929,1,0.511041
test,23930,1,0.330889
test,23931,1,0.887980
test,23932,1,0.578312
test,23933,1,0.672898
test,23934,1,0.436963
test,23935,1,0.939722
test,23936,1,0.427661
test,23937,1,0.960281
test,23938,1,0.650089
test,23939,1,0.550123
test,23940,1,0.505527
test,23941,1,0.728374
test,23942,1,0.786435
test,23943,1,0.408885
test,23944,1,0.687644
test,23945,1,0.268321
test,23946,1,0.296322
test,23947,1,0.754450
test,23948,1,0.747733
test,23949,1,0.528646
test,23950,1,0.445011
test,23951,1,0.677709
test,23952,1,0.453208
test,23953,1,0.452507
test,23954,1,0.562582
test,23955,1,0.579830
test,23956,1,0.881108
test,23957,1,0.126608
test,23958,1,0.060999
test,23959,1,0.391747
test,23960,1,0.893375
test,23961,1,0.621008
test,23962,1,0.194242
test,23963,1,0.571047
test,23964,1,0.269756
test,23965,1,0.775518
test,23966,1,0.410077
test,23967,1,0.372386
test,23968,1,0.738323
test,23969,1,0.875729
test,23970,1,0.864357
test,23971,1,0.693002
test,23972,1,0.731096
test,23973,1,0.952805
test,23974,1,0.857860
test,23975,1,0.918207
test,23976,1,0.910530
test,23977,1,0.865748
test,23978,1,0.877932
test,23979,1,0.899070
test,23980,1,0.919062
test,23981,1,0.666908
test,23982,1,0.912214
test,23983,1,0.505791
test,23984,1,0.840757
test,23985,1,0.970662
test,23986,1,0.912138
test,23987,1,0.616683
test,23988,1,0.706689
test,23989,1,0.232418
test,23990,1,0.900762
test,23991,1,0.262056
test,23992,1,0.938291
test,23993,1,0.466899
test,23994,1,0.246245
test,23995,1,0.727944
test,23996,1,0.583547
test,23997,1,0.436309
test,23998,1,0.829055
test,23999,1,0.509446
test,24000,1,0.626567
test,24001,1,0.505270
test,24002,1,0.521987
test,24003,1,0.346486
test,24004,1,0.467645
test,24005,1,0.124653
test,24006,1,0.831837
test,24007,1,0.452665
test,24008,1,0.607864
test,24009,1,0.854940
test,24010,1,0.934940
test,24011,1,0.761899
test,24012,1,0.656797
test,24013,1,0.969098
test,24014,1,0.684684
test,24015,1,0.752586
test,24016,1,0.417906
test,24017,1,0.467481
test,24018,1,0.732104
test,24019,1,0.861211
test,24020,1,0.444027
test,24021,1,0.289479
test,24022,1,0.702656
test,24023,1,0.832007
test,24024,1,0.594573
test,24025,1,0.453678
test,24026,1,0.872396
test,24027,1,0.997638
test,24028,1,0.811403
test,24029,1,0.919306
test,24030,1,0.679715
test,24031,1,0.495560
test,24032,1,0.805434
test,24033,1,0.164775
test,24034,1,0.395950
test,24035,1,0.142943
test,24036,1,0.535081
test,24037,1,0.351276
test,24038,1,0.716601
test,24039,1,0.877699
test,24040,1,0.613032
test,24041,1,0.971849
test,24042,1,0.958959
test,24043,1,0.956476
test,24044,1,0.903532
test,24045,1,0.991651
test,24046,1,0.878640
test,24047,1,0.879888
test,24048,1,0.565871
test,24049,1,0.513206
test,24050,1,0.682398
test,24051,1,0.787374
test,24052,1,0.627106
test,24053,1,0.568692
test,24054,1,0.893761
test,24055,1,0.798668
test,24056,1,0.957277
test,24057,1,0.627827
test,24058,1,0.594721
test,24059,1,0.422621
test,24060,1,0.966183
test,24061,1,0.880665
test,24062,1,0.342106
test,24063,1,0.742805
test,24064,1,0.742517
test,24065,1,0.881145
test,24066,1,0.677445
test,24067,1,0.889551
test,24068,1,0.758199
test,24069,1,0.427268
test,24070,1,0.920405
test,24071,1,0.768986
test,24072,1,0.980799
test,24073,1,0.912206
test,24074,1,0.986243
test,24075,1,0.886202
test,24076,1,0.758653
test,24077,1,0.920179
test,24078,1,0.750490
test,24079,1,0.782596
test,24080,1,0.652871
test,24081,1,0.781034
test,24082,1,0.679514
test,24083,1,0.823870
test,24084,1,0.901311
test,24085,1,0.846273
test,24086,1,0.582108
test,24087,1,0.487849
test,24088,1,0.747753
test,24089,1,0.968570
test,24090,1,0.269188
test,24091,1,0.981438
test,24092,1,0.873791
test,24093,1,0.890764
test,24094,1,0.937059
test,24095,1,0.961752
test,24096,1,0.883472
test,24097,1,0.961638
test,24098,1,0.577715
test,24099,1,0.728106
test,24100,1,0.934455
test,24101,1,0.992041
test,24102,1,0.255132
test,24103,1,0.733213
test,24104,1,0.966541
test,24105,1,0.812367
test,24106,1,0.670120
test,24107,1,0.763497
test,24108,1,0.811197
test,24109,1,0.860084
test,24110,1,0.547020
test,24111,1,0.456649
test,24112,1,0.742952
test,24113,1,0.728763
test,24114,1,0.574128
test,24115,1,0.890086
test,24116,1,0.830425
test,24117,1,0.445531
test,24118,1,0.637025
test,24119,1,0.990046
test,24120,1,0.801907
test,24121,1,0.841838
test,24122,1,0.946485
test,24123,1,0.860693
test,24124,1,0.297356
test,24125,1,0.957944
test,24126,1,0.897094
test,24127,1,0.482957
test,24128,1,0.973063
test,24129,1,0.486772
test,24130,1,0.377488
test,24131,1,0.883671
test,24132,1,0.917889
test,24133,1,0.790346
test,24134,1,0.888504
test,24135,1,0.977966
test,24136,1,0.891243
test,24137,1,0.625749
test,24138,1,0.686599
test,24139,1,0.597541
test,24140,1,0.934974
test,24141,1,0.549381
test,24142,1,0.822863
test,24143,1,0.897666
test,24144,1,0.728889
test,24145,1,0.996387
test,24146,1,0.990027
test,24147,1,0.927483
test,24148,1,0.724134
test,24149,1,0.579829
test,24150,1,0.141033
test,24151,1,0.304244
test,24152,1,0.382972
test,24153,1,0.714175
test,24154,1,0.709078
test,24155,1,0.842263
test,24156,1,0.842263
test,24157,1,0.922930
test,24158,1,0.581728
test,24159,1,0.233698
test,24160,1,0.852124
test,24161,1,0.882400
test,24162,1,0.709127
test,24163,1,0.385194
test,24164,1,0.897792
test,24165,1,0.884541
test,24166,1,0.996689
test,24167,1,0.852064
test,24168,1,0.957124
test,24169,1,0.989223
test,24170,1,0.712434
test,24171,1,0.813835
test,24172,1,0.913605
test,24173,1,0.879681
test,24174,1,0.926618
test,24175,1,0.897497
test,24176,1,0.996098
test,24177,1,0.977325
test,24178,1,0.996424
test,24179,1,0.948901
test,24180,1,0.968811
test,24181,1,0.982591
test,24182,1,0.931075
test,24183,1,0.625631
test,24184,1,0.914204
test,24185,1,0.955124
test,24186,1,0.858045
test,24187,1,0.585888
test,24188,1,0.906024
test,24189,1,0.921848
test,24190,1,0.823969
test,24191,1,0.713417
test,24192,1,0.636553
test,24193,1,0.833225
test,24194,1,0.276899
test,24195,1,0.550772
test,24196,1,0.934334
test,24197,1,0.699269
test,24198,1,0.799860
test,24199,1,0.786986
test,24200,1,0.992218
test,24201,1,0.796719
test,24202,1,0.734287
test,24203,1,0.990454
test,24204,1,0.807918
test,24205,1,0.916630
test,24206,1,0.855244
test,24207,1,0.325743
test,24208,1,0.816626
test,24209,1,0.593696
test,24210,1,0.959911
test,24211,1,0.443769
test,24212,1,0.909602
test,24213,1,0.760024
test,24214,1,0.871217
test,24215,1,0.628805
test,24216,1,0.466441
test,24217,1,0.840993
test,24218,1,0.557132
test,24219,1,0.907731
test,24220,1,0.868202
test,24221,1,0.719656
test,24222,1,0.615704
test,24223,1,0.649127
test,24224,1,0.225650
test,24225,1,0.372316
test,24226,1,0.949981
test,24227,1,0.696430
test,24228,1,0.690483
test,24229,1,0.752208
test,24230,1,0.884632
test,24231,1,0.741020
test,24232,1,0.612976
test,24233,1,0.908103
test,24234,1,0.709925
test,24235,1,0.839626
test,24236,1,0.588742
test,24237,1,0.552762
test,24238,1,0.909865
test,24239,1,0.854244
test,24240,1,0.557230
test,24241,1,0.635159
test,24242,1,0.789427
test,24243,1,0.973969
test,24244,1,0.749394
test,24245,1,0.774333
test,24246,1,0.710893
test,24247,1,0.655493
test,24248,1,0.655493
test,24249,1,0.854244
test,24250,1,0.865814
test,24251,1,0.848955
test,24252,1,0.737073
test,24253,1,0.269327
test,24254,1,0.716262
test,24255,1,0.802956
test,24256,1,0.699488
test,24257,1,0.856883
test,24258,1,0.878851
test,24259,1,0.820825
test,24260,1,0.988202
test,24261,1,0.856536
test,24262,1,0.710718
test,24263,1,0.773786
test,24264,1,0.873321
test,24265,1,0.776658
test,24266,1,0.845522
test,24267,1,0.245404
test,24268,1,0.906564
test,24269,1,0.646912
test,24270,1,0.841178
test,24271,1,0.966328
test,24272,1,0.968413
test,24273,1,0.793762
test,24274,1,0.862152
test,24275,1,0.591488
test,24276,1,0.638388
test,24277,1,0.655011
test,24278,1,0.603159
test,24279,1,0.892151
test,24280,1,0.896956
test,24281,1,0.751328
test,24282,1,0.872607
test,24283,1,0.583470
test,24284,1,0.957608
test,24285,1,0.873809
test,24286,1,0.656723
test,24287,1,0.964741
test,24288,1,0.915671
test,24289,1,0.794459
test,24290,1,0.940163
test,24291,1,0.792341
test,24292,1,0.910091
test,24293,1,0.916842
test,24294,1,0.680376
test,24295,1,0.872814
test,24296,1,0.957568
test,24297,1,0.266221
test,24298,1,0.175367
test,24299,1,0.463828
test,24300,1,0.707251
test,24301,1,0.889848
test,24302,1,0.789654
test,24303,1,0.987839
test,24304,1,0.950298
test,24305,1,0.309719
test,24306,1,0.942564
test,24307,1,0.978577
test,24308,1,0.541728
test,24309,1,0.797147
test,24310,1,0.841190
test,24311,1,0.871294
test,24312,1,0.739077
test,24313,1,0.563042
test,24314,1,0.564738
test,24315,1,0.926445
test,24316,1,0.980803
test,24317,1,0.740925
test,24318,1,0.455581
test,24319,1,0.758248
test,24320,1,0.280695
test,24321,1,0.807120
test,24322,1,0.711766
test,24323,1,0.672201
test,24324,1,0.755441
test,24325,1,0.768816
test,24326,1,0.732563
test,24327,1,0.649746
test,24328,1,0.601421
test,24329,1,0.585103
test,24330,1,0.963038
test,24331,1,0.970509
test,24332,1,0.912024
test,24333,1,0.101740
test,24334,1,0.599381
test,24335,1,0.678712
test,24336,1,0.818920
test,24337,1,0.985698
test,24338,1,0.703691
test,24339,1,0.226104
test,24340,1,0.918464
test,24341,1,0.962297
test,24342,1,0.901365
test,24343,1,0.263669
test,24344,1,0.964140
test,24345,1,0.685845
test,24346,1,0.800256
test,24347,1,0.958597
test,24348,1,0.902564
test,24349,1,0.844617
test,24350,1,0.866517
test,24351,1,0.704682
test,24352,1,0.526334
test,24353,1,0.804519
test,24354,1,0.941827
test,24355,1,0.929018
test,24356,1,0.696187
test,24357,1,0.920566
test,24358,1,0.878393
test,24359,1,0.924641
test,24360,1,0.883080
test,24361,1,0.924903
test,24362,1,0.974107
test,24363,1,0.935597
test,24364,1,0.860439
test,24365,1,0.934078
test,24366,1,0.942913
test,24367,1,0.786016
test,24368,1,0.899849
test,24369,1,0.769903
test,24370,1,0.769240
test,24371,1,0.973412
test,24372,1,0.331187
test,24373,1,0.991794
test,24374,1,0.757950
test,24375,1,0.994803
test,24376,1,0.919938
test,24377,1,0.972277
test,24378,1,0.286930
test,24379,1,0.718815
test,24380,1,0.761244
test,24381,1,0.963852
test,24382,1,0.786803
test,24383,1,0.282561
test,24384,1,0.724583
test,24385,1,0.779993
test,24386,1,0.181298
test,24387,1,0.900614
test,24388,1,0.907717
test,24389,1,0.719186
test,24390,1,0.991313
test,24391,1,0.993538
test,24392,1,0.309361
test,24393,1,0.619492
test,24394,1,0.251603
test,24395,1,0.340274
test,24396,1,0.628703
test,24397,1,0.036517
test,24398,1,0.441814
test,24399,1,0.206295
test,24400,1,0.484135
test,24401,1,0.966157
test,24402,1,0.579050
test,24403,1,0.306972
test,24404,1,0.809376
test,24405,1,0.641432
test,24406,1,0.722781
test,24407,1,0.707978
test,24408,1,0.456655
test,24409,1,0.865412
test,24410,1,0.785761
test,24411,1,0.918982
test,24412,1,0.831653
test,24413,1,0.705290
test,24414,1,0.790426
test,24415,1,0.200298
test,24416,1,0.857782
test,24417,1,0.931658
test,24418,1,0.765393
test,24419,1,0.638089
test,24420,1,0.877031
test,24421,1,0.856472
test,24422,1,0.994662
test,24423,1,0.621980
test,24424,1,0.849473
test,24425,1,0.609497
test,24426,1,0.729213
test,24427,1,0.848636
test,24428,1,0.695334
test,24429,1,0.831057
test,24430,1,0.815581
test,24431,1,0.536025
test,24432,1,0.340053
test,24433,1,0.844982
test,24434,1,0.703990
test,24435,1,0.821173
test,24436,1,0.248879
test,24437,1,0.986304
test,24438,1,0.621565
test,24439,1,0.352555
test,24440,1,0.715786
test,24441,1,0.800782
test,24442,1,0.604773
test,24443,1,0.907996
test,24444,1,0.050827
test,24445,1,0.740871
test,24446,1,0.919062
test,24447,1,0.267442
test,24448,1,0.420103
test,24449,1,0.749167
test,24450,1,0.952426
test,24451,1,0.690568
test,24452,1,0.821231
test,24453,1,0.781636
test,24454,1,0.426649
test,24455,1,0.917779
test,24456,1,0.219572
test,24457,1,0.526181
test,24458,1,0.735073
test,24459,1,0.133178
test,24460,1,0.579576
test,24461,1,0.289513
test,24462,1,0.538057
test,24463,1,0.372513
test,24464,1,0.214999
test,24465,1,0.571246
test,24466,1,0.085474
test,24467,1,0.689092
test,24468,1,0.760701
test,24469,1,0.819698
test,24470,1,0.935342
test,24471,1,0.876238
test,24472,1,0.657127
test,24473,1,0.675836
test,24474,1,0.678237
test,24475,1,0.615845
test,24476,1,0.802907
test,24477,1,0.266505
test,24478,1,0.516949
test,24479,1,0.445182
test,24480,1,0.816552
test,24481,1,0.419730
test,24482,1,0.950577
test,24483,1,0.821226
test,24484,1,0.310503
test,24485,1,0.225810
test,24486,1,0.503019
test,24487,1,0.830561
test,24488,1,0.755185
test,24489,1,0.719971
test,24490,1,0.330713
test,24491,1,0.494146
test,24492,1,0.808116
test,24493,1,0.744210
test,24494,1,0.485726
test,24495,1,0.817925
test,24496,1,0.556030
test,24497,1,0.946452
test,24498,1,0.919218
test,24499,1,0.379124
test,24500,1,0.784067
test,24501,1,0.634285
test,24502,1,0.747017
test,24503,1,0.739857
test,24504,1,0.784332
test,24505,1,0.194653
test,24506,1,0.378880
test,24507,1,0.454821
test,24508,1,0.838930
test,24509,1,0.718758
test,24510,1,0.410332
test,24511,1,0.856047
test,24512,1,0.758917
test,24513,1,0.829676
test,24514,1,0.996719
test,24515,1,0.381137
test,24516,1,0.871017
test,24517,1,0.951200
test,24518,1,0.451655
test,24519,1,0.934548
test,24520,1,0.885903
test,24521,1,0.201473
test,24522,1,0.224318
test,24523,1,0.940419
test,24524,1,0.293646
test,24525,1,0.650707
test,24526,1,0.896519
test,24527,1,0.644520
test,24528,1,0.987454
test,24529,1,0.500333
test,24530,1,0.784731
test,24531,1,0.467377
test,24532,1,0.912953
test,24533,1,0.745894
test,24534,1,0.829277
test,24535,1,0.824913
test,24536,1,0.836386
test,24537,1,0.623759
test,24538,1,0.684334
test,24539,1,0.682085
test,24540,1,0.813113
test,24541,1,0.531557
test,24542,1,0.793138
test,24543,1,0.845681
test,24544,1,0.997315
test,24545,1,0.918622
test,24546,1,0.949254
test,24547,1,0.830293
test,24548,1,0.608121
test,24549,1,0.708711
test,24550,1,0.839353
test,24551,1,0.574053
test,24552,1,0.489043
test,24553,1,0.575826
test,24554,1,0.594223
test,24555,1,0.558577
test,24556,1,0.854905
test,24557,1,0.908090
test,24558,1,0.865266
test,24559,1,0.565323
test,24560,1,0.990395
test,24561,1,0.874221
test,24562,1,0.945386
test,24563,1,0.818156
test,24564,1,0.934996
test,24565,1,0.994467
test,24566,1,0.833614
test,24567,1,0.779472
test,24568,1,0.315264
test,24569,1,0.462598
test,24570,1,0.584267
test,24571,1,0.683287
test,24572,1,0.722813
test,24573,1,0.889706
test,24574,1,0.835538
test,24575,1,0.932645
test,24576,1,0.931517
test,24577,1,0.841171
test,24578,1,0.761585
test,24579,1,0.504617
test,24580,1,0.848036
test,24581,1,0.932178
test,24582,1,0.947095
test,24583,1,0.940916
test,24584,1,0.971703
test,24585,1,0.996030
test,24586,1,0.919907
test,24587,1,0.946168
test,24588,1,0.953935
test,24589,1,0.956553
test,24590,1,0.936847
test,24591,1,0.977306
test,24592,1,0.982819
test,24593,1,0.928366
test,24594,1,0.476339
test,24595,1,0.952160
test,24596,1,0.981456
test,24597,1,0.990028
test,24598,1,0.918297
test,24599,1,0.775761
test,24600,1,0.897353
test,24601,1,0.958287
test,24602,1,0.981417
test,24603,1,0.664482
test,24604,1,0.867030
test,24605,1,0.842733
test,24606,1,0.823459
test,24607,1,0.830091
test,24608,1,0.914490
test,24609,1,0.862734
test,24610,1,0.878613
test,24611,1,0.964654
test,24612,1,0.891792
test,24613,1,0.729776
test,24614,1,0.845282
test,24615,1,0.937160
test,24616,1,0.921739
test,24617,1,0.901583
test,24618,1,0.894338
test,24619,1,0.759428
test,24620,1,0.784692
test,24621,1,0.699679
test,24622,1,0.900356
test,24623,1,0.852967
test,24624,1,0.805466
test,24625,1,0.935347
test,24626,1,0.987438
test,24627,1,0.742349
test,24628,1,0.929104
test,24629,1,0.454777
test,24630,1,0.890535
test,24631,1,0.829737
test,24632,1,0.628082
test,24633,1,0.380929
test,24634,1,0.861608
test,24635,1,0.850259
test,24636,1,0.988364
test,24637,1,0.933292
test,24638,1,0.915620
test,24639,1,0.507531
test,24640,1,0.574160
test,24641,1,0.861548
test,24642,1,0.933665
test,24643,1,0.958672
test,24644,1,0.489191
test,24645,1,0.933124
test,24646,1,0.970534
test,24647,1,0.917632
test,24648,1,0.916253
test,24649,1,0.971090
test,24650,1,0.978660
test,24651,1,0.945825
test,24652,1,0.790039
test,24653,1,0.910555
test,24654,1,0.664036
test,24655,1,0.425711
test,24656,1,0.619232
test,24657,1,0.376652
test,24658,1,0.163390
test,24659,1,0.125424
test,24660,1,0.749546
test,24661,1,0.546686
test,24662,1,0.787601
test,24663,1,0.409676
test,24664,1,0.680091
test,24665,1,0.900493
test,24666,1,0.676796
test,24667,1,0.615350
test,24668,1,0.803233
test,24669,1,0.741903
test,24670,1,0.743058
test,24671,1,0.764679
test,24672,1,0.319744
test,24673,1,0.759848
test,24674,1,0.930808
test,24675,1,0.904494
test,24676,1,0.802064
test,24677,1,0.655192
test,24678,1,0.961535
test,24679,1,0.822726
test,24680,1,0.985248
test,24681,1,0.903630
test,24682,1,0.672727
test,24683,1,0.761468
test,24684,1,0.966546
test,24685,1,0.713423
test,24686,1,0.915511
test,24687,1,0.566607
test,24688,1,0.829723
test,24689,1,0.904164
test,24690,1,0.696650
test,24691,1,0.923418
test,24692,1,0.891532
test,24693,1,0.733442
test,24694,1,0.779070
test,24695,1,0.867643
test,24696,1,0.593673
test,24697,1,0.738047
test,24698,1,0.722687
test,24699,1,0.974434
test,24700,1,0.824799
test,24701,1,0.973707
test,24702,1,0.969964
test,24703,1,0.823156
test,24704,1,0.924677
test,24705,1,0.629490
test,24706,1,0.460186
test,24707,1,0.532690
test,24708,1,0.629796
test,24709,1,0.027418
test,24710,1,0.892870
test,24711,1,0.868839
test,24712,1,0.826543
test,24713,1,0.797315
test,24714,1,0.970895
test,24715,1,0.674576
test,24716,1,0.566441
test,24717,1,0.466023
test,24718,1,0.999179
test,24719,1,0.956187
test,24720,1,0.389506
test,24721,1,0.149962
test,24722,1,0.719839
test,24723,1,0.362931
test,24724,1,0.621559
test,24725,1,0.291425
test,24726,1,0.735288
test,24727,1,0.192926
test,24728,1,0.805852
test,24729,1,0.603101
test,24730,1,0.811956
test,24731,1,0.230998
test,24732,1,0.561299
test,24733,1,0.503458
test,24734,1,0.992100
test,24735,1,0.717051
test,24736,1,0.363265
test,24737,1,0.441095
test,24738,1,0.264505
test,24739,1,0.519849
test,24740,1,0.694658
test,24741,1,0.439765
test,24742,1,0.675650
test,24743,1,0.790322
test,24744,1,0.807736
test,24745,1,0.743527
test,24746,1,0.830228
test,24747,1,0.627044
test,24748,1,0.464315
test,24749,1,0.791749
test,24750,1,0.747954
test,24751,1,0.455933
test,24752,1,0.568121
test,24753,1,0.834257
test,24754,1,0.670319
test,24755,1,0.759938
test,24756,1,0.496868
test,24757,1,0.770432
test,24758,1,0.759259
test,24759,1,0.837743
test,24760,1,0.870843
test,24761,1,0.698987
test,24762,1,0.653315
test,24763,1,0.830636
test,24764,1,0.787587
test,24765,1,0.633319
test,24766,1,0.895583
test,24767,1,0.105952
test,24768,1,0.187391
test,24769,1,0.200856
test,24770,1,0.940244
test,24771,1,0.316505
test,24772,1,0.928979
test,24773,1,0.271888
test,24774,1,0.895916
test,24775,1,0.578947
test,24776,1,0.555750
test,24777,1,0.788920
test,24778,1,0.994728
test,24779,1,0.972434
test,24780,1,0.756306
test,24781,1,0.881200
test,24782,1,0.692183
test,24783,1,0.864307
test,24784,1,0.553699
test,24785,1,0.928032
test,24786,1,0.554912
test,24787,1,0.804966
test,24788,1,0.721840
test,24789,1,0.451667
test,24790,1,0.562107
test,24791,1,0.587578
test,24792,1,0.755000
test,24793,1,0.549256
test,24794,1,0.833130
test,24795,1,0.339653
test,24796,1,0.793429
test,24797,1,0.897281
test,24798,1,0.818696
test,24799,1,0.920436
test,24800,1,0.671515
test,24801,1,0.631990
test,24802,1,0.371001
test,24803,1,0.897752
test,24804,1,0.873605
test,24805,1,0.748757
test,24806,1,0.773304
test,24807,1,0.777249
test,24808,1,0.811255
test,24809,1,0.669394
test,24810,1,0.721390
test,24811,1,0.558119
test,24812,1,0.760847
test,24813,1,0.474308
test,24814,1,0.746658
test,24815,1,0.670028
test,24816,1,0.506652
test,24817,1,0.154744
test,24818,1,0.394768
test,24819,1,0.276225
test,24820,1,0.061961
test,24821,1,0.721259
test,24822,1,0.779784
test,24823,1,0.356394
test,24824,1,0.080765
test,24825,1,0.068546
test,24826,1,0.675481
test,24827,1,0.378705
test,24828,1,0.814308
test,24829,1,0.862686
test,24830,1,0.908191
test,24831,1,0.864182
test,24832,1,0.927140
test,24833,1,0.940410
test,24834,1,0.849662
test,24835,1,0.702062
test,24836,1,0.854151
test,24837,1,0.858683
test,24838,1,0.741868
test,24839,1,0.380867
test,24840,1,0.901217
test,24841,1,0.873967
test,24842,1,0.877629
test,24843,1,0.907835
test,24844,1,0.647404
test,24845,1,0.842595
test,24846,1,0.567959
test,24847,1,0.126846
test,24848,1,0.449536
test,24849,1,0.401273
test,24850,1,0.350703
test,24851,1,0.509551
test,24852,1,0.684187
test,24853,1,0.931665
test,24854,1,0.857526
test,24855,1,0.483806
test,24856,1,0.859609
test,24857,1,0.808265
test,24858,1,0.455908
test,24859,1,0.398621
test,24860,1,0.665093
test,24861,1,0.184660
test,24862,1,0.725648
test,24863,1,0.565240
test,24864,1,0.280349
test,24865,1,0.631076
test,24866,1,0.852732
test,24867,1,0.344425
test,24868,1,0.669467
test,24869,1,0.635162
test,24870,1,0.538805
test,24871,1,0.221878
test,24872,1,0.699644
test,24873,1,0.317531
test,24874,1,0.420990
test,24875,1,0.868730
test,24876,1,0.880112
test,24877,1,0.830924
test,24878,1,0.490174
test,24879,1,0.965712
test,24880,1,0.914058
test,24881,1,0.636740
test,24882,1,0.827339
test,24883,1,0.830941
test,24884,1,0.796268
test,24885,1,0.908284
test,24886,1,0.939093
test,24887,1,0.887370
test,24888,1,0.915899
test,24889,1,0.990864
test,24890,1,0.873747
test,24891,1,0.801336
test,24892,1,0.937829
test,24893,1,0.911968
test,24894,1,0.795370
test,24895,1,0.769682
test,24896,1,0.871487
test,24897,1,0.647538
test,24898,1,0.881397
test,24899,1,0.886891
test,24900,1,0.805557
test,24901,1,0.942730
test,24902,1,0.129423
test,24903,1,0.876021
test,24904,1,0.943718
test,24905,1,0.860084
test,24906,1,0.547020
test,24907,1,0.456649
test,24908,1,0.742952
test,24909,1,0.728763
test,24910,1,0.574128
test,24911,1,0.890086
test,24912,1,0.830425
test,24913,1,0.445531
test,24914,1,0.637025
test,24915,1,0.576479
test,24916,1,0.810969
test,24917,1,0.308348
test,24918,1,0.837100
test,24919,1,0.494634
test,24920,1,0.082472
test,24921,1,0.801501
test,24922,1,0.855435
test,24923,1,0.852471
test,24924,1,0.332684
test,24925,1,0.917014
test,24926,1,0.850173
test,24927,1,0.840365
test,24928,1,0.585807
test,24929,1,0.936969
test,24930,1,0.817718
test,24931,1,0.730935
test,24932,1,0.360043
test,24933,1,0.879788
test,24934,1,0.919625
test,24935,1,0.955717
test,24936,1,0.663651
test,24937,1,0.870905
test,24938,1,0.451713
test,24939,1,0.715659
test,24940,1,0.869800
test,24941,1,0.556530
test,24942,1,0.837738
test,24943,1,0.989933
test,24944,1,0.931092
test,24945,1,0.843635
test,24946,1,0.729691
test,24947,1,0.821087
test,24948,1,0.959810
test,24949,1,0.917704
test,24950,1,0.450240
test,24951,1,0.938413
test,24952,1,0.700822
test,24953,1,0.882302
test,24954,1,0.916284
test,24955,1,0.976677
test,24956,1,0.611048
test,24957,1,0.677779
test,24958,1,0.726843
test,24959,1,0.640457
test,24960,1,0.930382
test,24961,1,0.390723
test,24962,1,0.390723
test,24963,1,0.740682
test,24964,1,0.890720
test,24965,1,0.620183
test,24966,1,0.914929
test,24967,1,0.451083
test,24968,1,0.668485
test,24969,1,0.845094
test,24970,1,0.825079
test,24971,1,0.743466
test,24972,1,0.907639
test,24973,1,0.809198
test,24974,1,0.795888
test,24975,1,0.852245
test,24976,1,0.967531
test,24977,1,0.813031
test,24978,1,0.929289
test,24979,1,0.531349
test,24980,1,0.843329
test,24981,1,0.638146
test,24982,1,0.399261
test,24983,1,0.506958
test,24984,1,0.450218
test,24985,1,0.233598
test,24986,1,0.237170
test,24987,1,0.130140
test,24988,1,0.676330
test,24989,1,0.211265
test,24990,1,0.738782
test,24991,1,0.408573
test,24992,1,0.498997
test,24993,1,0.144106
test,24994,1,0.685853
test,24995,1,0.349695
test,24996,1,0.525917
test,24997,1,0.736174
test,24998,1,0.138174
test,24999,1,0.570367
challenge,0,0,0.046542
challenge,1,0,0.221405
challenge,2,0,0.108171
challenge,3,0,0.515787
challenge,4,0,0.760919
challenge,5,0,0.847969
challenge,6,0,0.945126
challenge,7,0,0.762692
challenge,8,0,0.036527
challenge,9,0,0.187612
challenge,10,1,0.000696
challenge,11,1,0.000144
challenge,12,1,0.000384
challenge,13,1,0.014763
challenge,14,1,0.047730
challenge,15,1,0.000001
challenge,16,1,0.033302
challenge,17,1,0.001367
challenge,18,1,0.000305
challenge,19,1,0.083622
challenge,20,1,0.963151
challenge,21,1,0.018607
challenge,22,1,0.510109
challenge,23,1,0.032250
challenge,24,1,0.936665
challenge,25,0,0.009664
challenge,26,0,0.948400
challenge,27,0,0.990237
challenge,28,0,0.877321
challenge,29,0,0.064459
challenge,30,0,0.998099
challenge,31,0,0.010624
challenge,32,0,0.595511
challenge,33,0,0.930423
challenge,34,0,0.944003
challenge,35,0,0.259521
challenge,36,0,0.068750
challenge,37,0,0.418513
challenge,38,1,0.027214
challenge,39,1,0.930609
challenge,40,1,0.583723
challenge,41,1,0.964720
challenge,42,1,0.981237
challenge,43,1,0.910786
challenge,44,1,0.311717
challenge,45,0,0.000210
challenge,46,0,0.000127
challenge,47,0,0.391086
challenge,48,0,0.159407
challenge,49,0,0.191096
